registry_id,claim_family,authoritative_value,sample_size,analysis_status,authority,source_locator,rounding_rule,document_scope,verification_status
headline_0001,events,278569,278569,CONFIRMED,population_audit.json,v2 + scientific-validation-1,retain source precision in tables; prose rounds to the displayed significant digits,Retain with population label,SOURCE_REGISTERED
headline_0002,slices,626102,626102,CONFIRMED,population_audit.json,v2 + scientific-validation-1,retain source precision in tables; prose rounds to the displayed significant digits,Retain with population label,SOURCE_REGISTERED
headline_0003,weather_complete,237235,237235,CONFIRMED,population_audit.json,v2 + scientific-validation-1,retain source precision in tables; prose rounds to the displayed significant digits,Retain with population label,SOURCE_REGISTERED
headline_0004,PCA PC1,0.341495575686,10246,RETIRED,analysis/v2/morphospace_sensitivity.csv,v2 + scientific-validation-1,retain source precision in tables; prose rounds to the displayed significant digits,Retire old headline; identify both generations,HISTORICAL_NOT_CURRENT
headline_0005,PCA first five,0.894435897825,10246,RETIRED,analysis/v2/morphospace_sensitivity.csv,v2 + scientific-validation-1,retain source precision in tables; prose rounds to the displayed significant digits,Retire old headline; identify both generations,HISTORICAL_NOT_CURRENT
headline_0006,Median heterogeneous event-weather R2,not a valid aggregate headline,9212,RETIRED,weather_response_validation.csv,v2 + scientific-validation-1,retain source precision in tables; prose rounds to the displayed significant digits,Do not reuse .349 as general skill,HISTORICAL_NOT_CURRENT
headline_0007,Old adjacent-slice state R2,not comparable to exact-day AR estimand,87944,RETIRED,state_incremental_skill.csv,v2 + scientific-validation-1,retain source precision in tables; prose rounds to the displayed significant digits,Use incremental exact-day results,HISTORICAL_NOT_CURRENT
headline_0008,Observation count 1,161073,161073,SCOPE_CLARIFIED,observation_counts.csv,v2 + scientific-validation-1,retain source precision in tables; prose rounds to the displayed significant digits,Always report 1/2-slice events too,SOURCE_REGISTERED
headline_0009,Observation count 2,17253,47950,SCOPE_CLARIFIED,observation_counts.csv,v2 + scientific-validation-1,retain source precision in tables; prose rounds to the displayed significant digits,Always report 1/2-slice events too,SOURCE_REGISTERED
headline_0010,Observation count >=3,10246,69546,SCOPE_CLARIFIED,observation_counts.csv,v2 + scientific-validation-1,retain source precision in tables; prose rounds to the displayed significant digits,Always report 1/2-slice events too,SOURCE_REGISTERED
headline_0011,Observation count >=5,2887,30538,SCOPE_CLARIFIED,observation_counts.csv,v2 + scientific-validation-1,retain source precision in tables; prose rounds to the displayed significant digits,Always report 1/2-slice events too,SOURCE_REGISTERED
headline_0012,Observation count >=7,1171,15036,SCOPE_CLARIFIED,observation_counts.csv,v2 + scientific-validation-1,retain source precision in tables; prose rounds to the displayed significant digits,Always report 1/2-slice events too,SOURCE_REGISTERED
headline_0013,Landmark occupancy: invalid growth,0,278569,RULE_REPLACED,analysis/v2/neighborhood_rules.csv,v2 + scientific-validation-1,retain source precision in tables; prose rounds to the displayed significant digits,"Interpretive landmarks, not natural types",SOURCE_REGISTERED
headline_0014,Landmark occupancy: one observation,161073,278569,RULE_REPLACED,analysis/v2/neighborhood_rules.csv,v2 + scientific-validation-1,retain source precision in tables; prose rounds to the displayed significant digits,"Interpretive landmarks, not natural types",SOURCE_REGISTERED
headline_0015,Landmark occupancy: two observations,47950,278569,RULE_REPLACED,analysis/v2/neighborhood_rules.csv,v2 + scientific-validation-1,retain source precision in tables; prose rounds to the displayed significant digits,"Interpretive landmarks, not natural types",SOURCE_REGISTERED
headline_0016,Landmark occupancy: gappy or undated,59300,278569,RULE_REPLACED,analysis/v2/neighborhood_rules.csv,v2 + scientific-validation-1,retain source precision in tables; prose rounds to the displayed significant digits,"Interpretive landmarks, not natural types",SOURCE_REGISTERED
headline_0017,Landmark occupancy: multiple detected pulses,2142,278569,RULE_REPLACED,analysis/v2/neighborhood_rules.csv,v2 + scientific-validation-1,retain source precision in tables; prose rounds to the displayed significant digits,"Interpretive landmarks, not natural types",SOURCE_REGISTERED
headline_0018,Landmark occupancy: late peak,1361,278569,RULE_REPLACED,analysis/v2/neighborhood_rules.csv,v2 + scientific-validation-1,retain source precision in tables; prose rounds to the displayed significant digits,"Interpretive landmarks, not natural types",SOURCE_REGISTERED
headline_0019,Landmark occupancy: front-loaded taper,1469,278569,RULE_REPLACED,analysis/v2/neighborhood_rules.csv,v2 + scientific-validation-1,retain source precision in tables; prose rounds to the displayed significant digits,"Interpretive landmarks, not natural types",SOURCE_REGISTERED
headline_0020,Landmark occupancy: distributed growth,5274,278569,RULE_REPLACED,analysis/v2/neighborhood_rules.csv,v2 + scientific-validation-1,retain source precision in tables; prose rounds to the displayed significant digits,"Interpretive landmarks, not natural types",SOURCE_REGISTERED
headline_0021,Mean-centered legacy features: legacy_features_all_mean_centered; first five,0.949948965286,278569,COMPARISON_ONLY,analysis/v2/morphospace_sensitivity.csv,v2 + scientific-validation-1,retain source precision in tables; prose rounds to the displayed significant digits,Not the primary shape-only space,HISTORICAL_NOT_CURRENT
headline_0022,Mean-centered legacy features: legacy_features_primary_mean_centered; first five,0.882558574441,10246,COMPARISON_ONLY,analysis/v2/morphospace_sensitivity.csv,v2 + scientific-validation-1,retain source precision in tables; prose rounds to the displayed significant digits,Not the primary shape-only space,HISTORICAL_NOT_CURRENT
headline_0023,Event R2: front_loaded_fraction; mean_only; random_fire,-0.000122107263983,9212,CONFIRMED,weather_response_validation.csv,v2 + scientific-validation-1,retain source precision in tables; prose rounds to the displayed significant digits,Report individual response; local fold-PC caveat,SOURCE_REGISTERED
headline_0024,Event R2: late_growth_fraction; mean_only; random_fire,-9.40298199499e-05,9212,CONFIRMED,weather_response_validation.csv,v2 + scientific-validation-1,retain source precision in tables; prose rounds to the displayed significant digits,Report individual response; local fold-PC caveat,SOURCE_REGISTERED
headline_0025,Event R2: peak_timing; mean_only; random_fire,-0.000354286374741,9212,CONFIRMED,weather_response_validation.csv,v2 + scientific-validation-1,retain source precision in tables; prose rounds to the displayed significant digits,Report individual response; local fold-PC caveat,SOURCE_REGISTERED
headline_0026,Event R2: terminal_taper_fraction; mean_only; random_fire,-0.000139505927744,9212,CONFIRMED,weather_response_validation.csv,v2 + scientific-validation-1,retain source precision in tables; prose rounds to the displayed significant digits,Report individual response; local fold-PC caveat,SOURCE_REGISTERED
headline_0027,Event R2: normalized_entropy; mean_only; random_fire,-0.000181608281554,9212,CONFIRMED,weather_response_validation.csv,v2 + scientific-validation-1,retain source precision in tables; prose rounds to the displayed significant digits,Report individual response; local fold-PC caveat,SOURCE_REGISTERED
headline_0028,Event R2: pulse_count; mean_only; random_fire,-6.97546796544e-05,9212,CONFIRMED,weather_response_validation.csv,v2 + scientific-validation-1,retain source precision in tables; prose rounds to the displayed significant digits,Report individual response; local fold-PC caveat,SOURCE_REGISTERED
headline_0029,Event R2: reactivation_count; mean_only; random_fire,-0.000137435969118,9212,CONFIRMED,weather_response_validation.csv,v2 + scientific-validation-1,retain source precision in tables; prose rounds to the displayed significant digits,Report individual response; local fold-PC caveat,SOURCE_REGISTERED
headline_0030,Event R2: normalized_first_difference; mean_only; random_fire,-0.000106424058122,9212,CONFIRMED,weather_response_validation.csv,v2 + scientific-validation-1,retain source precision in tables; prose rounds to the displayed significant digits,Report individual response; local fold-PC caveat,SOURCE_REGISTERED
headline_0031,Event R2: normalized_second_difference; mean_only; random_fire,-0.000181976506924,9212,CONFIRMED,weather_response_validation.csv,v2 + scientific-validation-1,retain source precision in tables; prose rounds to the displayed significant digits,Report individual response; local fold-PC caveat,SOURCE_REGISTERED
headline_0032,Event R2: log_area; mean_only; random_fire,-0.000186441790784,9212,CONFIRMED,weather_response_validation.csv,v2 + scientific-validation-1,retain source precision in tables; prose rounds to the displayed significant digits,Report individual response; local fold-PC caveat,SOURCE_REGISTERED
headline_0033,Event R2: log_duration; mean_only; random_fire,-0.000367176249042,9212,CONFIRMED,weather_response_validation.csv,v2 + scientific-validation-1,retain source precision in tables; prose rounds to the displayed significant digits,Report individual response; local fold-PC caveat,SOURCE_REGISTERED
headline_0034,Event R2: shape_PC1_fold; mean_only; random_fire,-0.000256532249847,9212,CONFIRMED,weather_response_validation.csv,v2 + scientific-validation-1,retain source precision in tables; prose rounds to the displayed significant digits,Report individual response; local fold-PC caveat,SOURCE_REGISTERED
headline_0035,Event R2: shape_PC2_fold; mean_only; random_fire,-4.52324063351e-05,9212,CONFIRMED,weather_response_validation.csv,v2 + scientific-validation-1,retain source precision in tables; prose rounds to the displayed significant digits,Report individual response; local fold-PC caveat,SOURCE_REGISTERED
headline_0036,Event R2: shape_PC3_fold; mean_only; random_fire,-0.000562168863445,9212,CONFIRMED,weather_response_validation.csv,v2 + scientific-validation-1,retain source precision in tables; prose rounds to the displayed significant digits,Report individual response; local fold-PC caveat,SOURCE_REGISTERED
headline_0037,Event R2: front_loaded_fraction; core_means; random_fire,0.0249476596106,9212,CONFIRMED,weather_response_validation.csv,v2 + scientific-validation-1,retain source precision in tables; prose rounds to the displayed significant digits,Report individual response; local fold-PC caveat,SOURCE_REGISTERED
headline_0038,Event R2: late_growth_fraction; core_means; random_fire,0.0332261818749,9212,CONFIRMED,weather_response_validation.csv,v2 + scientific-validation-1,retain source precision in tables; prose rounds to the displayed significant digits,Report individual response; local fold-PC caveat,SOURCE_REGISTERED
headline_0039,Event R2: peak_timing; core_means; random_fire,0.00237260710984,9212,CONFIRMED,weather_response_validation.csv,v2 + scientific-validation-1,retain source precision in tables; prose rounds to the displayed significant digits,Report individual response; local fold-PC caveat,SOURCE_REGISTERED
headline_0040,Event R2: terminal_taper_fraction; core_means; random_fire,0.0474802519489,9212,CONFIRMED,weather_response_validation.csv,v2 + scientific-validation-1,retain source precision in tables; prose rounds to the displayed significant digits,Report individual response; local fold-PC caveat,SOURCE_REGISTERED
headline_0041,Event R2: normalized_entropy; core_means; random_fire,0.0858092250688,9212,CONFIRMED,weather_response_validation.csv,v2 + scientific-validation-1,retain source precision in tables; prose rounds to the displayed significant digits,Report individual response; local fold-PC caveat,SOURCE_REGISTERED
headline_0042,Event R2: pulse_count; core_means; random_fire,0.00220325810118,9212,CONFIRMED,weather_response_validation.csv,v2 + scientific-validation-1,retain source precision in tables; prose rounds to the displayed significant digits,Report individual response; local fold-PC caveat,SOURCE_REGISTERED
headline_0043,Event R2: reactivation_count; core_means; random_fire,-2.69413100553e-05,9212,CONFIRMED,weather_response_validation.csv,v2 + scientific-validation-1,retain source precision in tables; prose rounds to the displayed significant digits,Report individual response; local fold-PC caveat,SOURCE_REGISTERED
headline_0044,Event R2: normalized_first_difference; core_means; random_fire,0.0539905778387,9212,CONFIRMED,weather_response_validation.csv,v2 + scientific-validation-1,retain source precision in tables; prose rounds to the displayed significant digits,Report individual response; local fold-PC caveat,SOURCE_REGISTERED
headline_0045,Event R2: normalized_second_difference; core_means; random_fire,0.0494964752281,9212,CONFIRMED,weather_response_validation.csv,v2 + scientific-validation-1,retain source precision in tables; prose rounds to the displayed significant digits,Report individual response; local fold-PC caveat,SOURCE_REGISTERED
headline_0046,Event R2: log_area; core_means; random_fire,0.116878416178,9212,CONFIRMED,weather_response_validation.csv,v2 + scientific-validation-1,retain source precision in tables; prose rounds to the displayed significant digits,Report individual response; local fold-PC caveat,SOURCE_REGISTERED
headline_0047,Event R2: log_duration; core_means; random_fire,0.0243037991215,9212,CONFIRMED,weather_response_validation.csv,v2 + scientific-validation-1,retain source precision in tables; prose rounds to the displayed significant digits,Report individual response; local fold-PC caveat,SOURCE_REGISTERED
headline_0048,Event R2: shape_PC1_fold; core_means; random_fire,0.0276395666824,9212,CONFIRMED,weather_response_validation.csv,v2 + scientific-validation-1,retain source precision in tables; prose rounds to the displayed significant digits,Report individual response; local fold-PC caveat,SOURCE_REGISTERED
headline_0049,Event R2: shape_PC2_fold; core_means; random_fire,0.0116893534302,9212,CONFIRMED,weather_response_validation.csv,v2 + scientific-validation-1,retain source precision in tables; prose rounds to the displayed significant digits,Report individual response; local fold-PC caveat,SOURCE_REGISTERED
headline_0050,Event R2: shape_PC3_fold; core_means; random_fire,0.00331662014477,9212,CONFIRMED,weather_response_validation.csv,v2 + scientific-validation-1,retain source precision in tables; prose rounds to the displayed significant digits,Report individual response; local fold-PC caveat,SOURCE_REGISTERED
headline_0051,Event R2: front_loaded_fraction; max_vpd_only; random_fire,0.0304102048952,9212,CONFIRMED,weather_response_validation.csv,v2 + scientific-validation-1,retain source precision in tables; prose rounds to the displayed significant digits,Report individual response; local fold-PC caveat,SOURCE_REGISTERED
headline_0052,Event R2: late_growth_fraction; max_vpd_only; random_fire,0.0347817605088,9212,CONFIRMED,weather_response_validation.csv,v2 + scientific-validation-1,retain source precision in tables; prose rounds to the displayed significant digits,Report individual response; local fold-PC caveat,SOURCE_REGISTERED
headline_0053,Event R2: peak_timing; max_vpd_only; random_fire,0.00178767422233,9212,CONFIRMED,weather_response_validation.csv,v2 + scientific-validation-1,retain source precision in tables; prose rounds to the displayed significant digits,Report individual response; local fold-PC caveat,SOURCE_REGISTERED
headline_0054,Event R2: terminal_taper_fraction; max_vpd_only; random_fire,0.0445363373215,9212,CONFIRMED,weather_response_validation.csv,v2 + scientific-validation-1,retain source precision in tables; prose rounds to the displayed significant digits,Report individual response; local fold-PC caveat,SOURCE_REGISTERED
headline_0055,Event R2: normalized_entropy; max_vpd_only; random_fire,0.0520094118262,9212,CONFIRMED,weather_response_validation.csv,v2 + scientific-validation-1,retain source precision in tables; prose rounds to the displayed significant digits,Report individual response; local fold-PC caveat,SOURCE_REGISTERED
headline_0056,Event R2: pulse_count; max_vpd_only; random_fire,-0.00015154860313,9212,CONFIRMED,weather_response_validation.csv,v2 + scientific-validation-1,retain source precision in tables; prose rounds to the displayed significant digits,Report individual response; local fold-PC caveat,SOURCE_REGISTERED
headline_0057,Event R2: reactivation_count; max_vpd_only; random_fire,0.00273803859666,9212,CONFIRMED,weather_response_validation.csv,v2 + scientific-validation-1,retain source precision in tables; prose rounds to the displayed significant digits,Report individual response; local fold-PC caveat,SOURCE_REGISTERED
headline_0058,Event R2: normalized_first_difference; max_vpd_only; random_fire,0.073089897146,9212,CONFIRMED,weather_response_validation.csv,v2 + scientific-validation-1,retain source precision in tables; prose rounds to the displayed significant digits,Report individual response; local fold-PC caveat,SOURCE_REGISTERED
headline_0059,Event R2: normalized_second_difference; max_vpd_only; random_fire,0.065483768572,9212,CONFIRMED,weather_response_validation.csv,v2 + scientific-validation-1,retain source precision in tables; prose rounds to the displayed significant digits,Report individual response; local fold-PC caveat,SOURCE_REGISTERED
headline_0060,Event R2: log_area; max_vpd_only; random_fire,0.114299842253,9212,CONFIRMED,weather_response_validation.csv,v2 + scientific-validation-1,retain source precision in tables; prose rounds to the displayed significant digits,Report individual response; local fold-PC caveat,SOURCE_REGISTERED
headline_0061,Event R2: log_duration; max_vpd_only; random_fire,0.0555665199803,9212,CONFIRMED,weather_response_validation.csv,v2 + scientific-validation-1,retain source precision in tables; prose rounds to the displayed significant digits,Report individual response; local fold-PC caveat,SOURCE_REGISTERED
headline_0062,Event R2: shape_PC1_fold; max_vpd_only; random_fire,0.0323997766882,9212,CONFIRMED,weather_response_validation.csv,v2 + scientific-validation-1,retain source precision in tables; prose rounds to the displayed significant digits,Report individual response; local fold-PC caveat,SOURCE_REGISTERED
headline_0063,Event R2: shape_PC2_fold; max_vpd_only; random_fire,0.0108444185466,9212,CONFIRMED,weather_response_validation.csv,v2 + scientific-validation-1,retain source precision in tables; prose rounds to the displayed significant digits,Report individual response; local fold-PC caveat,SOURCE_REGISTERED
headline_0064,Event R2: shape_PC3_fold; max_vpd_only; random_fire,0.00455070694267,9212,CONFIRMED,weather_response_validation.csv,v2 + scientific-validation-1,retain source precision in tables; prose rounds to the displayed significant digits,Report individual response; local fold-PC caveat,SOURCE_REGISTERED
headline_0065,Event R2: front_loaded_fraction; core_plus_max; random_fire,0.0376474302846,9212,CONFIRMED,weather_response_validation.csv,v2 + scientific-validation-1,retain source precision in tables; prose rounds to the displayed significant digits,Report individual response; local fold-PC caveat,SOURCE_REGISTERED
headline_0066,Event R2: late_growth_fraction; core_plus_max; random_fire,0.0516004580097,9212,CONFIRMED,weather_response_validation.csv,v2 + scientific-validation-1,retain source precision in tables; prose rounds to the displayed significant digits,Report individual response; local fold-PC caveat,SOURCE_REGISTERED
headline_0067,Event R2: peak_timing; core_plus_max; random_fire,0.00237215322968,9212,CONFIRMED,weather_response_validation.csv,v2 + scientific-validation-1,retain source precision in tables; prose rounds to the displayed significant digits,Report individual response; local fold-PC caveat,SOURCE_REGISTERED
headline_0068,Event R2: terminal_taper_fraction; core_plus_max; random_fire,0.0917506265757,9212,CONFIRMED,weather_response_validation.csv,v2 + scientific-validation-1,retain source precision in tables; prose rounds to the displayed significant digits,Report individual response; local fold-PC caveat,SOURCE_REGISTERED
headline_0069,Event R2: normalized_entropy; core_plus_max; random_fire,0.10427429172,9212,CONFIRMED,weather_response_validation.csv,v2 + scientific-validation-1,retain source precision in tables; prose rounds to the displayed significant digits,Report individual response; local fold-PC caveat,SOURCE_REGISTERED
headline_0070,Event R2: pulse_count; core_plus_max; random_fire,0.0213381639266,9212,CONFIRMED,weather_response_validation.csv,v2 + scientific-validation-1,retain source precision in tables; prose rounds to the displayed significant digits,Report individual response; local fold-PC caveat,SOURCE_REGISTERED
headline_0071,Event R2: reactivation_count; core_plus_max; random_fire,0.0269686137745,9212,CONFIRMED,weather_response_validation.csv,v2 + scientific-validation-1,retain source precision in tables; prose rounds to the displayed significant digits,Report individual response; local fold-PC caveat,SOURCE_REGISTERED
headline_0072,Event R2: normalized_first_difference; core_plus_max; random_fire,0.202197201041,9212,CONFIRMED,weather_response_validation.csv,v2 + scientific-validation-1,retain source precision in tables; prose rounds to the displayed significant digits,Report individual response; local fold-PC caveat,SOURCE_REGISTERED
headline_0073,Event R2: normalized_second_difference; core_plus_max; random_fire,0.182303308404,9212,CONFIRMED,weather_response_validation.csv,v2 + scientific-validation-1,retain source precision in tables; prose rounds to the displayed significant digits,Report individual response; local fold-PC caveat,SOURCE_REGISTERED
headline_0074,Event R2: log_area; core_plus_max; random_fire,0.244172378317,9212,CONFIRMED,weather_response_validation.csv,v2 + scientific-validation-1,retain source precision in tables; prose rounds to the displayed significant digits,Report individual response; local fold-PC caveat,SOURCE_REGISTERED
headline_0075,Event R2: log_duration; core_plus_max; random_fire,0.217301276519,9212,CONFIRMED,weather_response_validation.csv,v2 + scientific-validation-1,retain source precision in tables; prose rounds to the displayed significant digits,Report individual response; local fold-PC caveat,SOURCE_REGISTERED
headline_0076,Event R2: shape_PC1_fold; core_plus_max; random_fire,0.0415040872961,9212,CONFIRMED,weather_response_validation.csv,v2 + scientific-validation-1,retain source precision in tables; prose rounds to the displayed significant digits,Report individual response; local fold-PC caveat,SOURCE_REGISTERED
headline_0077,Event R2: shape_PC2_fold; core_plus_max; random_fire,0.0238602970472,9212,CONFIRMED,weather_response_validation.csv,v2 + scientific-validation-1,retain source precision in tables; prose rounds to the displayed significant digits,Report individual response; local fold-PC caveat,SOURCE_REGISTERED
headline_0078,Event R2: shape_PC3_fold; core_plus_max; random_fire,0.00820994062894,9212,CONFIRMED,weather_response_validation.csv,v2 + scientific-validation-1,retain source precision in tables; prose rounds to the displayed significant digits,Report individual response; local fold-PC caveat,SOURCE_REGISTERED
headline_0079,Event R2: front_loaded_fraction; comprehensive_means; random_fire,0.0448568134308,9212,CONFIRMED,weather_response_validation.csv,v2 + scientific-validation-1,retain source precision in tables; prose rounds to the displayed significant digits,Report individual response; local fold-PC caveat,SOURCE_REGISTERED
headline_0080,Event R2: late_growth_fraction; comprehensive_means; random_fire,0.0516683082275,9212,CONFIRMED,weather_response_validation.csv,v2 + scientific-validation-1,retain source precision in tables; prose rounds to the displayed significant digits,Report individual response; local fold-PC caveat,SOURCE_REGISTERED
headline_0081,Event R2: peak_timing; comprehensive_means; random_fire,0.00300651996921,9212,CONFIRMED,weather_response_validation.csv,v2 + scientific-validation-1,retain source precision in tables; prose rounds to the displayed significant digits,Report individual response; local fold-PC caveat,SOURCE_REGISTERED
headline_0082,Event R2: terminal_taper_fraction; comprehensive_means; random_fire,0.0776982463734,9212,CONFIRMED,weather_response_validation.csv,v2 + scientific-validation-1,retain source precision in tables; prose rounds to the displayed significant digits,Report individual response; local fold-PC caveat,SOURCE_REGISTERED
headline_0083,Event R2: normalized_entropy; comprehensive_means; random_fire,0.132180419659,9212,CONFIRMED,weather_response_validation.csv,v2 + scientific-validation-1,retain source precision in tables; prose rounds to the displayed significant digits,Report individual response; local fold-PC caveat,SOURCE_REGISTERED
headline_0084,Event R2: pulse_count; comprehensive_means; random_fire,0.00353939781183,9212,CONFIRMED,weather_response_validation.csv,v2 + scientific-validation-1,retain source precision in tables; prose rounds to the displayed significant digits,Report individual response; local fold-PC caveat,SOURCE_REGISTERED
headline_0085,Event R2: reactivation_count; comprehensive_means; random_fire,0.00600538804354,9212,CONFIRMED,weather_response_validation.csv,v2 + scientific-validation-1,retain source precision in tables; prose rounds to the displayed significant digits,Report individual response; local fold-PC caveat,SOURCE_REGISTERED
headline_0086,Event R2: normalized_first_difference; comprehensive_means; random_fire,0.120259644765,9212,CONFIRMED,weather_response_validation.csv,v2 + scientific-validation-1,retain source precision in tables; prose rounds to the displayed significant digits,Report individual response; local fold-PC caveat,SOURCE_REGISTERED
headline_0087,Event R2: normalized_second_difference; comprehensive_means; random_fire,0.108207103402,9212,CONFIRMED,weather_response_validation.csv,v2 + scientific-validation-1,retain source precision in tables; prose rounds to the displayed significant digits,Report individual response; local fold-PC caveat,SOURCE_REGISTERED
headline_0088,Event R2: log_area; comprehensive_means; random_fire,0.216885293969,9212,CONFIRMED,weather_response_validation.csv,v2 + scientific-validation-1,retain source precision in tables; prose rounds to the displayed significant digits,Report individual response; local fold-PC caveat,SOURCE_REGISTERED
headline_0089,Event R2: log_duration; comprehensive_means; random_fire,0.0782996048465,9212,CONFIRMED,weather_response_validation.csv,v2 + scientific-validation-1,retain source precision in tables; prose rounds to the displayed significant digits,Report individual response; local fold-PC caveat,SOURCE_REGISTERED
headline_0090,Event R2: shape_PC1_fold; comprehensive_means; random_fire,0.0464933536046,9212,CONFIRMED,weather_response_validation.csv,v2 + scientific-validation-1,retain source precision in tables; prose rounds to the displayed significant digits,Report individual response; local fold-PC caveat,SOURCE_REGISTERED
headline_0091,Event R2: shape_PC2_fold; comprehensive_means; random_fire,0.0196594370338,9212,CONFIRMED,weather_response_validation.csv,v2 + scientific-validation-1,retain source precision in tables; prose rounds to the displayed significant digits,Report individual response; local fold-PC caveat,SOURCE_REGISTERED
headline_0092,Event R2: shape_PC3_fold; comprehensive_means; random_fire,0.00739210852317,9212,CONFIRMED,weather_response_validation.csv,v2 + scientific-validation-1,retain source precision in tables; prose rounds to the displayed significant digits,Report individual response; local fold-PC caveat,SOURCE_REGISTERED
headline_0093,Event R2: front_loaded_fraction; comprehensive_plus_max; random_fire,0.0532232406964,9212,CONFIRMED,weather_response_validation.csv,v2 + scientific-validation-1,retain source precision in tables; prose rounds to the displayed significant digits,Report individual response; local fold-PC caveat,SOURCE_REGISTERED
headline_0094,Event R2: late_growth_fraction; comprehensive_plus_max; random_fire,0.0676735429031,9212,CONFIRMED,weather_response_validation.csv,v2 + scientific-validation-1,retain source precision in tables; prose rounds to the displayed significant digits,Report individual response; local fold-PC caveat,SOURCE_REGISTERED
headline_0095,Event R2: peak_timing; comprehensive_plus_max; random_fire,0.00300842385664,9212,CONFIRMED,weather_response_validation.csv,v2 + scientific-validation-1,retain source precision in tables; prose rounds to the displayed significant digits,Report individual response; local fold-PC caveat,SOURCE_REGISTERED
headline_0096,Event R2: terminal_taper_fraction; comprehensive_plus_max; random_fire,0.115755114605,9212,CONFIRMED,weather_response_validation.csv,v2 + scientific-validation-1,retain source precision in tables; prose rounds to the displayed significant digits,Report individual response; local fold-PC caveat,SOURCE_REGISTERED
headline_0097,Event R2: normalized_entropy; comprehensive_plus_max; random_fire,0.14344454169,9212,CONFIRMED,weather_response_validation.csv,v2 + scientific-validation-1,retain source precision in tables; prose rounds to the displayed significant digits,Report individual response; local fold-PC caveat,SOURCE_REGISTERED
headline_0098,Event R2: pulse_count; comprehensive_plus_max; random_fire,0.0231261134551,9212,CONFIRMED,weather_response_validation.csv,v2 + scientific-validation-1,retain source precision in tables; prose rounds to the displayed significant digits,Report individual response; local fold-PC caveat,SOURCE_REGISTERED
headline_0099,Event R2: reactivation_count; comprehensive_plus_max; random_fire,0.0306862156916,9212,CONFIRMED,weather_response_validation.csv,v2 + scientific-validation-1,retain source precision in tables; prose rounds to the displayed significant digits,Report individual response; local fold-PC caveat,SOURCE_REGISTERED
headline_0100,Event R2: normalized_first_difference; comprehensive_plus_max; random_fire,0.247206587631,9212,CONFIRMED,weather_response_validation.csv,v2 + scientific-validation-1,retain source precision in tables; prose rounds to the displayed significant digits,Report individual response; local fold-PC caveat,SOURCE_REGISTERED
headline_0101,Event R2: normalized_second_difference; comprehensive_plus_max; random_fire,0.221943735373,9212,CONFIRMED,weather_response_validation.csv,v2 + scientific-validation-1,retain source precision in tables; prose rounds to the displayed significant digits,Report individual response; local fold-PC caveat,SOURCE_REGISTERED
headline_0102,Event R2: log_area; comprehensive_plus_max; random_fire,0.322984125323,9212,CONFIRMED,weather_response_validation.csv,v2 + scientific-validation-1,retain source precision in tables; prose rounds to the displayed significant digits,Report individual response; local fold-PC caveat,SOURCE_REGISTERED
headline_0103,Event R2: log_duration; comprehensive_plus_max; random_fire,0.253823763093,9212,CONFIRMED,weather_response_validation.csv,v2 + scientific-validation-1,retain source precision in tables; prose rounds to the displayed significant digits,Report individual response; local fold-PC caveat,SOURCE_REGISTERED
headline_0104,Event R2: shape_PC1_fold; comprehensive_plus_max; random_fire,0.0563194285388,9212,CONFIRMED,weather_response_validation.csv,v2 + scientific-validation-1,retain source precision in tables; prose rounds to the displayed significant digits,Report individual response; local fold-PC caveat,SOURCE_REGISTERED
headline_0105,Event R2: shape_PC2_fold; comprehensive_plus_max; random_fire,0.0332605016054,9212,CONFIRMED,weather_response_validation.csv,v2 + scientific-validation-1,retain source precision in tables; prose rounds to the displayed significant digits,Report individual response; local fold-PC caveat,SOURCE_REGISTERED
headline_0106,Event R2: shape_PC3_fold; comprehensive_plus_max; random_fire,0.0103163959573,9212,CONFIRMED,weather_response_validation.csv,v2 + scientific-validation-1,retain source precision in tables; prose rounds to the displayed significant digits,Report individual response; local fold-PC caveat,SOURCE_REGISTERED
headline_0107,Event R2: front_loaded_fraction; length_only; random_fire,0.0322599757058,9212,CONFIRMED,weather_response_validation.csv,v2 + scientific-validation-1,retain source precision in tables; prose rounds to the displayed significant digits,Report individual response; local fold-PC caveat,SOURCE_REGISTERED
headline_0108,Event R2: late_growth_fraction; length_only; random_fire,0.0708710708715,9212,CONFIRMED,weather_response_validation.csv,v2 + scientific-validation-1,retain source precision in tables; prose rounds to the displayed significant digits,Report individual response; local fold-PC caveat,SOURCE_REGISTERED
headline_0109,Event R2: peak_timing; length_only; random_fire,-0.000271767531012,9212,CONFIRMED,weather_response_validation.csv,v2 + scientific-validation-1,retain source precision in tables; prose rounds to the displayed significant digits,Report individual response; local fold-PC caveat,SOURCE_REGISTERED
headline_0110,Event R2: terminal_taper_fraction; length_only; random_fire,0.197495856451,9212,CONFIRMED,weather_response_validation.csv,v2 + scientific-validation-1,retain source precision in tables; prose rounds to the displayed significant digits,Report individual response; local fold-PC caveat,SOURCE_REGISTERED
headline_0111,Event R2: normalized_entropy; length_only; random_fire,0.0445128730684,9212,CONFIRMED,weather_response_validation.csv,v2 + scientific-validation-1,retain source precision in tables; prose rounds to the displayed significant digits,Report individual response; local fold-PC caveat,SOURCE_REGISTERED
headline_0112,Event R2: pulse_count; length_only; random_fire,0.18043329004,9212,CONFIRMED,weather_response_validation.csv,v2 + scientific-validation-1,retain source precision in tables; prose rounds to the displayed significant digits,Report individual response; local fold-PC caveat,SOURCE_REGISTERED
headline_0113,Event R2: reactivation_count; length_only; random_fire,0.165135858666,9212,CONFIRMED,weather_response_validation.csv,v2 + scientific-validation-1,retain source precision in tables; prose rounds to the displayed significant digits,Report individual response; local fold-PC caveat,SOURCE_REGISTERED
headline_0114,Event R2: normalized_first_difference; length_only; random_fire,0.633962974881,9212,CONFIRMED,weather_response_validation.csv,v2 + scientific-validation-1,retain source precision in tables; prose rounds to the displayed significant digits,Report individual response; local fold-PC caveat,SOURCE_REGISTERED
headline_0115,Event R2: normalized_second_difference; length_only; random_fire,0.566207775006,9212,CONFIRMED,weather_response_validation.csv,v2 + scientific-validation-1,retain source precision in tables; prose rounds to the displayed significant digits,Report individual response; local fold-PC caveat,SOURCE_REGISTERED
headline_0116,Event R2: log_area; length_only; random_fire,0.515739249145,9212,CONFIRMED,weather_response_validation.csv,v2 + scientific-validation-1,retain source precision in tables; prose rounds to the displayed significant digits,Report individual response; local fold-PC caveat,SOURCE_REGISTERED
headline_0117,Event R2: log_duration; length_only; random_fire,,9212,EXCLUDED_KNOWN_OUTCOME,weather_response_validation.csv,v2 + scientific-validation-1,retain source precision in tables; prose rounds to the displayed significant digits,Report individual response; local fold-PC caveat,SOURCE_REGISTERED
headline_0118,Event R2: shape_PC1_fold; length_only; random_fire,0.0383444164515,9212,CONFIRMED,weather_response_validation.csv,v2 + scientific-validation-1,retain source precision in tables; prose rounds to the displayed significant digits,Report individual response; local fold-PC caveat,SOURCE_REGISTERED
headline_0119,Event R2: shape_PC2_fold; length_only; random_fire,0.0571920654059,9212,CONFIRMED,weather_response_validation.csv,v2 + scientific-validation-1,retain source precision in tables; prose rounds to the displayed significant digits,Report individual response; local fold-PC caveat,SOURCE_REGISTERED
headline_0120,Event R2: shape_PC3_fold; length_only; random_fire,0.00666859194657,9212,CONFIRMED,weather_response_validation.csv,v2 + scientific-validation-1,retain source precision in tables; prose rounds to the displayed significant digits,Report individual response; local fold-PC caveat,SOURCE_REGISTERED
headline_0121,Event R2: front_loaded_fraction; length_plus_max; random_fire,0.0505109574537,9212,CONFIRMED,weather_response_validation.csv,v2 + scientific-validation-1,retain source precision in tables; prose rounds to the displayed significant digits,Report individual response; local fold-PC caveat,SOURCE_REGISTERED
headline_0122,Event R2: late_growth_fraction; length_plus_max; random_fire,0.0870247436268,9212,CONFIRMED,weather_response_validation.csv,v2 + scientific-validation-1,retain source precision in tables; prose rounds to the displayed significant digits,Report individual response; local fold-PC caveat,SOURCE_REGISTERED
headline_0123,Event R2: peak_timing; length_plus_max; random_fire,0.0016930002269,9212,CONFIRMED,weather_response_validation.csv,v2 + scientific-validation-1,retain source precision in tables; prose rounds to the displayed significant digits,Report individual response; local fold-PC caveat,SOURCE_REGISTERED
headline_0124,Event R2: terminal_taper_fraction; length_plus_max; random_fire,0.209330293209,9212,CONFIRMED,weather_response_validation.csv,v2 + scientific-validation-1,retain source precision in tables; prose rounds to the displayed significant digits,Report individual response; local fold-PC caveat,SOURCE_REGISTERED
headline_0125,Event R2: normalized_entropy; length_plus_max; random_fire,0.0782179866212,9212,CONFIRMED,weather_response_validation.csv,v2 + scientific-validation-1,retain source precision in tables; prose rounds to the displayed significant digits,Report individual response; local fold-PC caveat,SOURCE_REGISTERED
headline_0126,Event R2: pulse_count; length_plus_max; random_fire,0.191609177547,9212,CONFIRMED,weather_response_validation.csv,v2 + scientific-validation-1,retain source precision in tables; prose rounds to the displayed significant digits,Report individual response; local fold-PC caveat,SOURCE_REGISTERED
headline_0127,Event R2: reactivation_count; length_plus_max; random_fire,0.167030740659,9212,CONFIRMED,weather_response_validation.csv,v2 + scientific-validation-1,retain source precision in tables; prose rounds to the displayed significant digits,Report individual response; local fold-PC caveat,SOURCE_REGISTERED
headline_0128,Event R2: normalized_first_difference; length_plus_max; random_fire,0.641056585095,9212,CONFIRMED,weather_response_validation.csv,v2 + scientific-validation-1,retain source precision in tables; prose rounds to the displayed significant digits,Report individual response; local fold-PC caveat,SOURCE_REGISTERED
headline_0129,Event R2: normalized_second_difference; length_plus_max; random_fire,0.572666722975,9212,CONFIRMED,weather_response_validation.csv,v2 + scientific-validation-1,retain source precision in tables; prose rounds to the displayed significant digits,Report individual response; local fold-PC caveat,SOURCE_REGISTERED
headline_0130,Event R2: log_area; length_plus_max; random_fire,0.545757436671,9212,CONFIRMED,weather_response_validation.csv,v2 + scientific-validation-1,retain source precision in tables; prose rounds to the displayed significant digits,Report individual response; local fold-PC caveat,SOURCE_REGISTERED
headline_0131,Event R2: log_duration; length_plus_max; random_fire,,9212,EXCLUDED_KNOWN_OUTCOME,weather_response_validation.csv,v2 + scientific-validation-1,retain source precision in tables; prose rounds to the displayed significant digits,Report individual response; local fold-PC caveat,SOURCE_REGISTERED
headline_0132,Event R2: shape_PC1_fold; length_plus_max; random_fire,0.057251037696,9212,CONFIRMED,weather_response_validation.csv,v2 + scientific-validation-1,retain source precision in tables; prose rounds to the displayed significant digits,Report individual response; local fold-PC caveat,SOURCE_REGISTERED
headline_0133,Event R2: shape_PC2_fold; length_plus_max; random_fire,0.0591070957727,9212,CONFIRMED,weather_response_validation.csv,v2 + scientific-validation-1,retain source precision in tables; prose rounds to the displayed significant digits,Report individual response; local fold-PC caveat,SOURCE_REGISTERED
headline_0134,Event R2: shape_PC3_fold; length_plus_max; random_fire,0.0093347036835,9212,CONFIRMED,weather_response_validation.csv,v2 + scientific-validation-1,retain source precision in tables; prose rounds to the displayed significant digits,Report individual response; local fold-PC caveat,SOURCE_REGISTERED
headline_0135,Event R2: front_loaded_fraction; length_plus_core; random_fire,0.0501634146917,9212,CONFIRMED,weather_response_validation.csv,v2 + scientific-validation-1,retain source precision in tables; prose rounds to the displayed significant digits,Report individual response; local fold-PC caveat,SOURCE_REGISTERED
headline_0136,Event R2: late_growth_fraction; length_plus_core; random_fire,0.0931460273114,9212,CONFIRMED,weather_response_validation.csv,v2 + scientific-validation-1,retain source precision in tables; prose rounds to the displayed significant digits,Report individual response; local fold-PC caveat,SOURCE_REGISTERED
headline_0137,Event R2: peak_timing; length_plus_core; random_fire,0.0023598600516,9212,CONFIRMED,weather_response_validation.csv,v2 + scientific-validation-1,retain source precision in tables; prose rounds to the displayed significant digits,Report individual response; local fold-PC caveat,SOURCE_REGISTERED
headline_0138,Event R2: terminal_taper_fraction; length_plus_core; random_fire,0.225438891315,9212,CONFIRMED,weather_response_validation.csv,v2 + scientific-validation-1,retain source precision in tables; prose rounds to the displayed significant digits,Report individual response; local fold-PC caveat,SOURCE_REGISTERED
headline_0139,Event R2: normalized_entropy; length_plus_core; random_fire,0.117364953613,9212,CONFIRMED,weather_response_validation.csv,v2 + scientific-validation-1,retain source precision in tables; prose rounds to the displayed significant digits,Report individual response; local fold-PC caveat,SOURCE_REGISTERED
headline_0140,Event R2: pulse_count; length_plus_core; random_fire,0.1909169509,9212,CONFIRMED,weather_response_validation.csv,v2 + scientific-validation-1,retain source precision in tables; prose rounds to the displayed significant digits,Report individual response; local fold-PC caveat,SOURCE_REGISTERED
headline_0141,Event R2: reactivation_count; length_plus_core; random_fire,0.166369469553,9212,CONFIRMED,weather_response_validation.csv,v2 + scientific-validation-1,retain source precision in tables; prose rounds to the displayed significant digits,Report individual response; local fold-PC caveat,SOURCE_REGISTERED
headline_0142,Event R2: normalized_first_difference; length_plus_core; random_fire,0.649504720783,9212,CONFIRMED,weather_response_validation.csv,v2 + scientific-validation-1,retain source precision in tables; prose rounds to the displayed significant digits,Report individual response; local fold-PC caveat,SOURCE_REGISTERED
headline_0143,Event R2: normalized_second_difference; length_plus_core; random_fire,0.58157895926,9212,CONFIRMED,weather_response_validation.csv,v2 + scientific-validation-1,retain source precision in tables; prose rounds to the displayed significant digits,Report individual response; local fold-PC caveat,SOURCE_REGISTERED
headline_0144,Event R2: log_area; length_plus_core; random_fire,0.577744802073,9212,CONFIRMED,weather_response_validation.csv,v2 + scientific-validation-1,retain source precision in tables; prose rounds to the displayed significant digits,Report individual response; local fold-PC caveat,SOURCE_REGISTERED
headline_0145,Event R2: log_duration; length_plus_core; random_fire,,9212,EXCLUDED_KNOWN_OUTCOME,weather_response_validation.csv,v2 + scientific-validation-1,retain source precision in tables; prose rounds to the displayed significant digits,Report individual response; local fold-PC caveat,SOURCE_REGISTERED
headline_0146,Event R2: shape_PC1_fold; length_plus_core; random_fire,0.0581828445744,9212,CONFIRMED,weather_response_validation.csv,v2 + scientific-validation-1,retain source precision in tables; prose rounds to the displayed significant digits,Report individual response; local fold-PC caveat,SOURCE_REGISTERED
headline_0147,Event R2: shape_PC2_fold; length_plus_core; random_fire,0.0630592004087,9212,CONFIRMED,weather_response_validation.csv,v2 + scientific-validation-1,retain source precision in tables; prose rounds to the displayed significant digits,Report individual response; local fold-PC caveat,SOURCE_REGISTERED
headline_0148,Event R2: shape_PC3_fold; length_plus_core; random_fire,0.00905267152581,9212,CONFIRMED,weather_response_validation.csv,v2 + scientific-validation-1,retain source precision in tables; prose rounds to the displayed significant digits,Report individual response; local fold-PC caveat,SOURCE_REGISTERED
headline_0149,Event R2: front_loaded_fraction; length_plus_core_max; random_fire,0.0522782272504,9212,CONFIRMED,weather_response_validation.csv,v2 + scientific-validation-1,retain source precision in tables; prose rounds to the displayed significant digits,Report individual response; local fold-PC caveat,SOURCE_REGISTERED
headline_0150,Event R2: late_growth_fraction; length_plus_core_max; random_fire,0.0939631283644,9212,CONFIRMED,weather_response_validation.csv,v2 + scientific-validation-1,retain source precision in tables; prose rounds to the displayed significant digits,Report individual response; local fold-PC caveat,SOURCE_REGISTERED
headline_0151,Event R2: peak_timing; length_plus_core_max; random_fire,0.00226520530989,9212,CONFIRMED,weather_response_validation.csv,v2 + scientific-validation-1,retain source precision in tables; prose rounds to the displayed significant digits,Report individual response; local fold-PC caveat,SOURCE_REGISTERED
headline_0152,Event R2: terminal_taper_fraction; length_plus_core_max; random_fire,0.225950781891,9212,CONFIRMED,weather_response_validation.csv,v2 + scientific-validation-1,retain source precision in tables; prose rounds to the displayed significant digits,Report individual response; local fold-PC caveat,SOURCE_REGISTERED
headline_0153,Event R2: normalized_entropy; length_plus_core_max; random_fire,0.121114823476,9212,CONFIRMED,weather_response_validation.csv,v2 + scientific-validation-1,retain source precision in tables; prose rounds to the displayed significant digits,Report individual response; local fold-PC caveat,SOURCE_REGISTERED
headline_0154,Event R2: pulse_count; length_plus_core_max; random_fire,0.194510730753,9212,CONFIRMED,weather_response_validation.csv,v2 + scientific-validation-1,retain source precision in tables; prose rounds to the displayed significant digits,Report individual response; local fold-PC caveat,SOURCE_REGISTERED
headline_0155,Event R2: reactivation_count; length_plus_core_max; random_fire,0.166632568027,9212,CONFIRMED,weather_response_validation.csv,v2 + scientific-validation-1,retain source precision in tables; prose rounds to the displayed significant digits,Report individual response; local fold-PC caveat,SOURCE_REGISTERED
headline_0156,Event R2: normalized_first_difference; length_plus_core_max; random_fire,0.651610474152,9212,CONFIRMED,weather_response_validation.csv,v2 + scientific-validation-1,retain source precision in tables; prose rounds to the displayed significant digits,Report individual response; local fold-PC caveat,SOURCE_REGISTERED
headline_0157,Event R2: normalized_second_difference; length_plus_core_max; random_fire,0.583430213347,9212,CONFIRMED,weather_response_validation.csv,v2 + scientific-validation-1,retain source precision in tables; prose rounds to the displayed significant digits,Report individual response; local fold-PC caveat,SOURCE_REGISTERED
headline_0158,Event R2: log_area; length_plus_core_max; random_fire,0.581243203014,9212,CONFIRMED,weather_response_validation.csv,v2 + scientific-validation-1,retain source precision in tables; prose rounds to the displayed significant digits,Report individual response; local fold-PC caveat,SOURCE_REGISTERED
headline_0159,Event R2: log_duration; length_plus_core_max; random_fire,,9212,EXCLUDED_KNOWN_OUTCOME,weather_response_validation.csv,v2 + scientific-validation-1,retain source precision in tables; prose rounds to the displayed significant digits,Report individual response; local fold-PC caveat,SOURCE_REGISTERED
headline_0160,Event R2: shape_PC1_fold; length_plus_core_max; random_fire,0.0601021324011,9212,CONFIRMED,weather_response_validation.csv,v2 + scientific-validation-1,retain source precision in tables; prose rounds to the displayed significant digits,Report individual response; local fold-PC caveat,SOURCE_REGISTERED
headline_0161,Event R2: shape_PC2_fold; length_plus_core_max; random_fire,0.0630774788797,9212,CONFIRMED,weather_response_validation.csv,v2 + scientific-validation-1,retain source precision in tables; prose rounds to the displayed significant digits,Report individual response; local fold-PC caveat,SOURCE_REGISTERED
headline_0162,Event R2: shape_PC3_fold; length_plus_core_max; random_fire,0.0106145780118,9212,CONFIRMED,weather_response_validation.csv,v2 + scientific-validation-1,retain source precision in tables; prose rounds to the displayed significant digits,Report individual response; local fold-PC caveat,SOURCE_REGISTERED
headline_0163,Event R2: front_loaded_fraction; core_quantile_exceedance; random_fire,0.0372070343711,9212,CONFIRMED,weather_response_validation.csv,v2 + scientific-validation-1,retain source precision in tables; prose rounds to the displayed significant digits,Report individual response; local fold-PC caveat,SOURCE_REGISTERED
headline_0164,Event R2: late_growth_fraction; core_quantile_exceedance; random_fire,0.0508534698242,9212,CONFIRMED,weather_response_validation.csv,v2 + scientific-validation-1,retain source precision in tables; prose rounds to the displayed significant digits,Report individual response; local fold-PC caveat,SOURCE_REGISTERED
headline_0165,Event R2: peak_timing; core_quantile_exceedance; random_fire,0.00179930884052,9212,CONFIRMED,weather_response_validation.csv,v2 + scientific-validation-1,retain source precision in tables; prose rounds to the displayed significant digits,Report individual response; local fold-PC caveat,SOURCE_REGISTERED
headline_0166,Event R2: terminal_taper_fraction; core_quantile_exceedance; random_fire,0.0874084634584,9212,CONFIRMED,weather_response_validation.csv,v2 + scientific-validation-1,retain source precision in tables; prose rounds to the displayed significant digits,Report individual response; local fold-PC caveat,SOURCE_REGISTERED
headline_0167,Event R2: normalized_entropy; core_quantile_exceedance; random_fire,0.104330765291,9212,CONFIRMED,weather_response_validation.csv,v2 + scientific-validation-1,retain source precision in tables; prose rounds to the displayed significant digits,Report individual response; local fold-PC caveat,SOURCE_REGISTERED
headline_0168,Event R2: pulse_count; core_quantile_exceedance; random_fire,0.0151251720196,9212,CONFIRMED,weather_response_validation.csv,v2 + scientific-validation-1,retain source precision in tables; prose rounds to the displayed significant digits,Report individual response; local fold-PC caveat,SOURCE_REGISTERED
headline_0169,Event R2: reactivation_count; core_quantile_exceedance; random_fire,0.0168822684081,9212,CONFIRMED,weather_response_validation.csv,v2 + scientific-validation-1,retain source precision in tables; prose rounds to the displayed significant digits,Report individual response; local fold-PC caveat,SOURCE_REGISTERED
headline_0170,Event R2: normalized_first_difference; core_quantile_exceedance; random_fire,0.177569369799,9212,CONFIRMED,weather_response_validation.csv,v2 + scientific-validation-1,retain source precision in tables; prose rounds to the displayed significant digits,Report individual response; local fold-PC caveat,SOURCE_REGISTERED
headline_0171,Event R2: normalized_second_difference; core_quantile_exceedance; random_fire,0.163351476906,9212,CONFIRMED,weather_response_validation.csv,v2 + scientific-validation-1,retain source precision in tables; prose rounds to the displayed significant digits,Report individual response; local fold-PC caveat,SOURCE_REGISTERED
headline_0172,Event R2: log_area; core_quantile_exceedance; random_fire,0.227316840836,9212,CONFIRMED,weather_response_validation.csv,v2 + scientific-validation-1,retain source precision in tables; prose rounds to the displayed significant digits,Report individual response; local fold-PC caveat,SOURCE_REGISTERED
headline_0173,Event R2: log_duration; core_quantile_exceedance; random_fire,0.182903416997,9212,CONFIRMED,weather_response_validation.csv,v2 + scientific-validation-1,retain source precision in tables; prose rounds to the displayed significant digits,Report individual response; local fold-PC caveat,SOURCE_REGISTERED
headline_0174,Event R2: shape_PC1_fold; core_quantile_exceedance; random_fire,0.0405562987032,9212,CONFIRMED,weather_response_validation.csv,v2 + scientific-validation-1,retain source precision in tables; prose rounds to the displayed significant digits,Report individual response; local fold-PC caveat,SOURCE_REGISTERED
headline_0175,Event R2: shape_PC2_fold; core_quantile_exceedance; random_fire,0.0238372195907,9212,CONFIRMED,weather_response_validation.csv,v2 + scientific-validation-1,retain source precision in tables; prose rounds to the displayed significant digits,Report individual response; local fold-PC caveat,SOURCE_REGISTERED
headline_0176,Event R2: shape_PC3_fold; core_quantile_exceedance; random_fire,0.00845657535729,9212,CONFIRMED,weather_response_validation.csv,v2 + scientific-validation-1,retain source precision in tables; prose rounds to the displayed significant digits,Report individual response; local fold-PC caveat,SOURCE_REGISTERED
headline_0177,Event R2: front_loaded_fraction; mean_only; year_block,-0.000734631778445,9212,CONFIRMED,weather_response_validation.csv,v2 + scientific-validation-1,retain source precision in tables; prose rounds to the displayed significant digits,Report individual response; local fold-PC caveat,SOURCE_REGISTERED
headline_0178,Event R2: late_growth_fraction; mean_only; year_block,-0.000625198130032,9212,CONFIRMED,weather_response_validation.csv,v2 + scientific-validation-1,retain source precision in tables; prose rounds to the displayed significant digits,Report individual response; local fold-PC caveat,SOURCE_REGISTERED
headline_0179,Event R2: peak_timing; mean_only; year_block,-0.000214473969656,9212,CONFIRMED,weather_response_validation.csv,v2 + scientific-validation-1,retain source precision in tables; prose rounds to the displayed significant digits,Report individual response; local fold-PC caveat,SOURCE_REGISTERED
headline_0180,Event R2: terminal_taper_fraction; mean_only; year_block,-0.000979260264395,9212,CONFIRMED,weather_response_validation.csv,v2 + scientific-validation-1,retain source precision in tables; prose rounds to the displayed significant digits,Report individual response; local fold-PC caveat,SOURCE_REGISTERED
headline_0181,Event R2: normalized_entropy; mean_only; year_block,-0.00181123793105,9212,CONFIRMED,weather_response_validation.csv,v2 + scientific-validation-1,retain source precision in tables; prose rounds to the displayed significant digits,Report individual response; local fold-PC caveat,SOURCE_REGISTERED
headline_0182,Event R2: pulse_count; mean_only; year_block,-0.000224595711782,9212,CONFIRMED,weather_response_validation.csv,v2 + scientific-validation-1,retain source precision in tables; prose rounds to the displayed significant digits,Report individual response; local fold-PC caveat,SOURCE_REGISTERED
headline_0183,Event R2: reactivation_count; mean_only; year_block,-0.000192494793949,9212,CONFIRMED,weather_response_validation.csv,v2 + scientific-validation-1,retain source precision in tables; prose rounds to the displayed significant digits,Report individual response; local fold-PC caveat,SOURCE_REGISTERED
headline_0184,Event R2: normalized_first_difference; mean_only; year_block,-0.000631762928931,9212,CONFIRMED,weather_response_validation.csv,v2 + scientific-validation-1,retain source precision in tables; prose rounds to the displayed significant digits,Report individual response; local fold-PC caveat,SOURCE_REGISTERED
headline_0185,Event R2: normalized_second_difference; mean_only; year_block,-0.000800347356876,9212,CONFIRMED,weather_response_validation.csv,v2 + scientific-validation-1,retain source precision in tables; prose rounds to the displayed significant digits,Report individual response; local fold-PC caveat,SOURCE_REGISTERED
headline_0186,Event R2: log_area; mean_only; year_block,-0.0014033572773,9212,CONFIRMED,weather_response_validation.csv,v2 + scientific-validation-1,retain source precision in tables; prose rounds to the displayed significant digits,Report individual response; local fold-PC caveat,SOURCE_REGISTERED
headline_0187,Event R2: log_duration; mean_only; year_block,-0.000382541017893,9212,CONFIRMED,weather_response_validation.csv,v2 + scientific-validation-1,retain source precision in tables; prose rounds to the displayed significant digits,Report individual response; local fold-PC caveat,SOURCE_REGISTERED
headline_0188,Event R2: shape_PC1_fold; mean_only; year_block,-0.00188920769913,9212,CONFIRMED,weather_response_validation.csv,v2 + scientific-validation-1,retain source precision in tables; prose rounds to the displayed significant digits,Report individual response; local fold-PC caveat,SOURCE_REGISTERED
headline_0189,Event R2: shape_PC2_fold; mean_only; year_block,-0.000955240914536,9212,CONFIRMED,weather_response_validation.csv,v2 + scientific-validation-1,retain source precision in tables; prose rounds to the displayed significant digits,Report individual response; local fold-PC caveat,SOURCE_REGISTERED
headline_0190,Event R2: shape_PC3_fold; mean_only; year_block,-0.000576506262834,9212,CONFIRMED,weather_response_validation.csv,v2 + scientific-validation-1,retain source precision in tables; prose rounds to the displayed significant digits,Report individual response; local fold-PC caveat,SOURCE_REGISTERED
headline_0191,Event R2: front_loaded_fraction; core_means; year_block,0.0244306581254,9212,CONFIRMED,weather_response_validation.csv,v2 + scientific-validation-1,retain source precision in tables; prose rounds to the displayed significant digits,Report individual response; local fold-PC caveat,SOURCE_REGISTERED
headline_0192,Event R2: late_growth_fraction; core_means; year_block,0.0329648045623,9212,CONFIRMED,weather_response_validation.csv,v2 + scientific-validation-1,retain source precision in tables; prose rounds to the displayed significant digits,Report individual response; local fold-PC caveat,SOURCE_REGISTERED
headline_0193,Event R2: peak_timing; core_means; year_block,0.00236316066849,9212,CONFIRMED,weather_response_validation.csv,v2 + scientific-validation-1,retain source precision in tables; prose rounds to the displayed significant digits,Report individual response; local fold-PC caveat,SOURCE_REGISTERED
headline_0194,Event R2: terminal_taper_fraction; core_means; year_block,0.0469329032035,9212,CONFIRMED,weather_response_validation.csv,v2 + scientific-validation-1,retain source precision in tables; prose rounds to the displayed significant digits,Report individual response; local fold-PC caveat,SOURCE_REGISTERED
headline_0195,Event R2: normalized_entropy; core_means; year_block,0.0845398925518,9212,CONFIRMED,weather_response_validation.csv,v2 + scientific-validation-1,retain source precision in tables; prose rounds to the displayed significant digits,Report individual response; local fold-PC caveat,SOURCE_REGISTERED
headline_0196,Event R2: pulse_count; core_means; year_block,0.00229680679103,9212,CONFIRMED,weather_response_validation.csv,v2 + scientific-validation-1,retain source precision in tables; prose rounds to the displayed significant digits,Report individual response; local fold-PC caveat,SOURCE_REGISTERED
headline_0197,Event R2: reactivation_count; core_means; year_block,-0.00118485952372,9212,CONFIRMED,weather_response_validation.csv,v2 + scientific-validation-1,retain source precision in tables; prose rounds to the displayed significant digits,Report individual response; local fold-PC caveat,SOURCE_REGISTERED
headline_0198,Event R2: normalized_first_difference; core_means; year_block,0.0518641263995,9212,CONFIRMED,weather_response_validation.csv,v2 + scientific-validation-1,retain source precision in tables; prose rounds to the displayed significant digits,Report individual response; local fold-PC caveat,SOURCE_REGISTERED
headline_0199,Event R2: normalized_second_difference; core_means; year_block,0.0476639470514,9212,CONFIRMED,weather_response_validation.csv,v2 + scientific-validation-1,retain source precision in tables; prose rounds to the displayed significant digits,Report individual response; local fold-PC caveat,SOURCE_REGISTERED
headline_0200,Event R2: log_area; core_means; year_block,0.112828524412,9212,CONFIRMED,weather_response_validation.csv,v2 + scientific-validation-1,retain source precision in tables; prose rounds to the displayed significant digits,Report individual response; local fold-PC caveat,SOURCE_REGISTERED
headline_0201,Event R2: log_duration; core_means; year_block,0.0207741198909,9212,CONFIRMED,weather_response_validation.csv,v2 + scientific-validation-1,retain source precision in tables; prose rounds to the displayed significant digits,Report individual response; local fold-PC caveat,SOURCE_REGISTERED
headline_0202,Event R2: shape_PC1_fold; core_means; year_block,0.0263600939718,9212,CONFIRMED,weather_response_validation.csv,v2 + scientific-validation-1,retain source precision in tables; prose rounds to the displayed significant digits,Report individual response; local fold-PC caveat,SOURCE_REGISTERED
headline_0203,Event R2: shape_PC2_fold; core_means; year_block,0.010025778488,9212,CONFIRMED,weather_response_validation.csv,v2 + scientific-validation-1,retain source precision in tables; prose rounds to the displayed significant digits,Report individual response; local fold-PC caveat,SOURCE_REGISTERED
headline_0204,Event R2: shape_PC3_fold; core_means; year_block,0.00296146839813,9212,CONFIRMED,weather_response_validation.csv,v2 + scientific-validation-1,retain source precision in tables; prose rounds to the displayed significant digits,Report individual response; local fold-PC caveat,SOURCE_REGISTERED
headline_0205,Event R2: front_loaded_fraction; max_vpd_only; year_block,0.0297088095266,9212,CONFIRMED,weather_response_validation.csv,v2 + scientific-validation-1,retain source precision in tables; prose rounds to the displayed significant digits,Report individual response; local fold-PC caveat,SOURCE_REGISTERED
headline_0206,Event R2: late_growth_fraction; max_vpd_only; year_block,0.034643291758,9212,CONFIRMED,weather_response_validation.csv,v2 + scientific-validation-1,retain source precision in tables; prose rounds to the displayed significant digits,Report individual response; local fold-PC caveat,SOURCE_REGISTERED
headline_0207,Event R2: peak_timing; max_vpd_only; year_block,0.00191641711949,9212,CONFIRMED,weather_response_validation.csv,v2 + scientific-validation-1,retain source precision in tables; prose rounds to the displayed significant digits,Report individual response; local fold-PC caveat,SOURCE_REGISTERED
headline_0208,Event R2: terminal_taper_fraction; max_vpd_only; year_block,0.0440791068006,9212,CONFIRMED,weather_response_validation.csv,v2 + scientific-validation-1,retain source precision in tables; prose rounds to the displayed significant digits,Report individual response; local fold-PC caveat,SOURCE_REGISTERED
headline_0209,Event R2: normalized_entropy; max_vpd_only; year_block,0.0509683321969,9212,CONFIRMED,weather_response_validation.csv,v2 + scientific-validation-1,retain source precision in tables; prose rounds to the displayed significant digits,Report individual response; local fold-PC caveat,SOURCE_REGISTERED
headline_0210,Event R2: pulse_count; max_vpd_only; year_block,-0.000294634811556,9212,CONFIRMED,weather_response_validation.csv,v2 + scientific-validation-1,retain source precision in tables; prose rounds to the displayed significant digits,Report individual response; local fold-PC caveat,SOURCE_REGISTERED
headline_0211,Event R2: reactivation_count; max_vpd_only; year_block,0.00209608135608,9212,CONFIRMED,weather_response_validation.csv,v2 + scientific-validation-1,retain source precision in tables; prose rounds to the displayed significant digits,Report individual response; local fold-PC caveat,SOURCE_REGISTERED
headline_0212,Event R2: normalized_first_difference; max_vpd_only; year_block,0.0715128589186,9212,CONFIRMED,weather_response_validation.csv,v2 + scientific-validation-1,retain source precision in tables; prose rounds to the displayed significant digits,Report individual response; local fold-PC caveat,SOURCE_REGISTERED
headline_0213,Event R2: normalized_second_difference; max_vpd_only; year_block,0.0644428304706,9212,CONFIRMED,weather_response_validation.csv,v2 + scientific-validation-1,retain source precision in tables; prose rounds to the displayed significant digits,Report individual response; local fold-PC caveat,SOURCE_REGISTERED
headline_0214,Event R2: log_area; max_vpd_only; year_block,0.111268099748,9212,CONFIRMED,weather_response_validation.csv,v2 + scientific-validation-1,retain source precision in tables; prose rounds to the displayed significant digits,Report individual response; local fold-PC caveat,SOURCE_REGISTERED
headline_0215,Event R2: log_duration; max_vpd_only; year_block,0.0533244327481,9212,CONFIRMED,weather_response_validation.csv,v2 + scientific-validation-1,retain source precision in tables; prose rounds to the displayed significant digits,Report individual response; local fold-PC caveat,SOURCE_REGISTERED
headline_0216,Event R2: shape_PC1_fold; max_vpd_only; year_block,0.0308297269174,9212,CONFIRMED,weather_response_validation.csv,v2 + scientific-validation-1,retain source precision in tables; prose rounds to the displayed significant digits,Report individual response; local fold-PC caveat,SOURCE_REGISTERED
headline_0217,Event R2: shape_PC2_fold; max_vpd_only; year_block,0.0102441181832,9212,CONFIRMED,weather_response_validation.csv,v2 + scientific-validation-1,retain source precision in tables; prose rounds to the displayed significant digits,Report individual response; local fold-PC caveat,SOURCE_REGISTERED
headline_0218,Event R2: shape_PC3_fold; max_vpd_only; year_block,0.00471356883817,9212,CONFIRMED,weather_response_validation.csv,v2 + scientific-validation-1,retain source precision in tables; prose rounds to the displayed significant digits,Report individual response; local fold-PC caveat,SOURCE_REGISTERED
headline_0219,Event R2: front_loaded_fraction; core_plus_max; year_block,0.0355777602245,9212,CONFIRMED,weather_response_validation.csv,v2 + scientific-validation-1,retain source precision in tables; prose rounds to the displayed significant digits,Report individual response; local fold-PC caveat,SOURCE_REGISTERED
headline_0220,Event R2: late_growth_fraction; core_plus_max; year_block,0.0499992942901,9212,CONFIRMED,weather_response_validation.csv,v2 + scientific-validation-1,retain source precision in tables; prose rounds to the displayed significant digits,Report individual response; local fold-PC caveat,SOURCE_REGISTERED
headline_0221,Event R2: peak_timing; core_plus_max; year_block,0.00209723605418,9212,CONFIRMED,weather_response_validation.csv,v2 + scientific-validation-1,retain source precision in tables; prose rounds to the displayed significant digits,Report individual response; local fold-PC caveat,SOURCE_REGISTERED
headline_0222,Event R2: terminal_taper_fraction; core_plus_max; year_block,0.089810975546,9212,CONFIRMED,weather_response_validation.csv,v2 + scientific-validation-1,retain source precision in tables; prose rounds to the displayed significant digits,Report individual response; local fold-PC caveat,SOURCE_REGISTERED
headline_0223,Event R2: normalized_entropy; core_plus_max; year_block,0.102420244497,9212,CONFIRMED,weather_response_validation.csv,v2 + scientific-validation-1,retain source precision in tables; prose rounds to the displayed significant digits,Report individual response; local fold-PC caveat,SOURCE_REGISTERED
headline_0224,Event R2: pulse_count; core_plus_max; year_block,0.0204492901199,9212,CONFIRMED,weather_response_validation.csv,v2 + scientific-validation-1,retain source precision in tables; prose rounds to the displayed significant digits,Report individual response; local fold-PC caveat,SOURCE_REGISTERED
headline_0225,Event R2: reactivation_count; core_plus_max; year_block,0.0247125811568,9212,CONFIRMED,weather_response_validation.csv,v2 + scientific-validation-1,retain source precision in tables; prose rounds to the displayed significant digits,Report individual response; local fold-PC caveat,SOURCE_REGISTERED
headline_0226,Event R2: normalized_first_difference; core_plus_max; year_block,0.197065775095,9212,CONFIRMED,weather_response_validation.csv,v2 + scientific-validation-1,retain source precision in tables; prose rounds to the displayed significant digits,Report individual response; local fold-PC caveat,SOURCE_REGISTERED
headline_0227,Event R2: normalized_second_difference; core_plus_max; year_block,0.177994986041,9212,CONFIRMED,weather_response_validation.csv,v2 + scientific-validation-1,retain source precision in tables; prose rounds to the displayed significant digits,Report individual response; local fold-PC caveat,SOURCE_REGISTERED
headline_0228,Event R2: log_area; core_plus_max; year_block,0.237699148686,9212,CONFIRMED,weather_response_validation.csv,v2 + scientific-validation-1,retain source precision in tables; prose rounds to the displayed significant digits,Report individual response; local fold-PC caveat,SOURCE_REGISTERED
headline_0229,Event R2: log_duration; core_plus_max; year_block,0.21112129764,9212,CONFIRMED,weather_response_validation.csv,v2 + scientific-validation-1,retain source precision in tables; prose rounds to the displayed significant digits,Report individual response; local fold-PC caveat,SOURCE_REGISTERED
headline_0230,Event R2: shape_PC1_fold; core_plus_max; year_block,0.0386283403467,9212,CONFIRMED,weather_response_validation.csv,v2 + scientific-validation-1,retain source precision in tables; prose rounds to the displayed significant digits,Report individual response; local fold-PC caveat,SOURCE_REGISTERED
headline_0231,Event R2: shape_PC2_fold; core_plus_max; year_block,0.0217767929017,9212,CONFIRMED,weather_response_validation.csv,v2 + scientific-validation-1,retain source precision in tables; prose rounds to the displayed significant digits,Report individual response; local fold-PC caveat,SOURCE_REGISTERED
headline_0232,Event R2: shape_PC3_fold; core_plus_max; year_block,0.00804710189453,9212,CONFIRMED,weather_response_validation.csv,v2 + scientific-validation-1,retain source precision in tables; prose rounds to the displayed significant digits,Report individual response; local fold-PC caveat,SOURCE_REGISTERED
headline_0233,Event R2: front_loaded_fraction; comprehensive_means; year_block,0.0437159503636,9212,CONFIRMED,weather_response_validation.csv,v2 + scientific-validation-1,retain source precision in tables; prose rounds to the displayed significant digits,Report individual response; local fold-PC caveat,SOURCE_REGISTERED
headline_0234,Event R2: late_growth_fraction; comprehensive_means; year_block,0.0500484681827,9212,CONFIRMED,weather_response_validation.csv,v2 + scientific-validation-1,retain source precision in tables; prose rounds to the displayed significant digits,Report individual response; local fold-PC caveat,SOURCE_REGISTERED
headline_0235,Event R2: peak_timing; comprehensive_means; year_block,0.000754615305847,9212,CONFIRMED,weather_response_validation.csv,v2 + scientific-validation-1,retain source precision in tables; prose rounds to the displayed significant digits,Report individual response; local fold-PC caveat,SOURCE_REGISTERED
headline_0236,Event R2: terminal_taper_fraction; comprehensive_means; year_block,0.0764206208877,9212,CONFIRMED,weather_response_validation.csv,v2 + scientific-validation-1,retain source precision in tables; prose rounds to the displayed significant digits,Report individual response; local fold-PC caveat,SOURCE_REGISTERED
headline_0237,Event R2: normalized_entropy; comprehensive_means; year_block,0.129102110595,9212,CONFIRMED,weather_response_validation.csv,v2 + scientific-validation-1,retain source precision in tables; prose rounds to the displayed significant digits,Report individual response; local fold-PC caveat,SOURCE_REGISTERED
headline_0238,Event R2: pulse_count; comprehensive_means; year_block,0.00488907974919,9212,CONFIRMED,weather_response_validation.csv,v2 + scientific-validation-1,retain source precision in tables; prose rounds to the displayed significant digits,Report individual response; local fold-PC caveat,SOURCE_REGISTERED
headline_0239,Event R2: reactivation_count; comprehensive_means; year_block,0.00392566175708,9212,CONFIRMED,weather_response_validation.csv,v2 + scientific-validation-1,retain source precision in tables; prose rounds to the displayed significant digits,Report individual response; local fold-PC caveat,SOURCE_REGISTERED
headline_0240,Event R2: normalized_first_difference; comprehensive_means; year_block,0.117884000008,9212,CONFIRMED,weather_response_validation.csv,v2 + scientific-validation-1,retain source precision in tables; prose rounds to the displayed significant digits,Report individual response; local fold-PC caveat,SOURCE_REGISTERED
headline_0241,Event R2: normalized_second_difference; comprehensive_means; year_block,0.106179265027,9212,CONFIRMED,weather_response_validation.csv,v2 + scientific-validation-1,retain source precision in tables; prose rounds to the displayed significant digits,Report individual response; local fold-PC caveat,SOURCE_REGISTERED
headline_0242,Event R2: log_area; comprehensive_means; year_block,0.213153957376,9212,CONFIRMED,weather_response_validation.csv,v2 + scientific-validation-1,retain source precision in tables; prose rounds to the displayed significant digits,Report individual response; local fold-PC caveat,SOURCE_REGISTERED
headline_0243,Event R2: log_duration; comprehensive_means; year_block,0.0728781324105,9212,CONFIRMED,weather_response_validation.csv,v2 + scientific-validation-1,retain source precision in tables; prose rounds to the displayed significant digits,Report individual response; local fold-PC caveat,SOURCE_REGISTERED
headline_0244,Event R2: shape_PC1_fold; comprehensive_means; year_block,0.0441634671232,9212,CONFIRMED,weather_response_validation.csv,v2 + scientific-validation-1,retain source precision in tables; prose rounds to the displayed significant digits,Report individual response; local fold-PC caveat,SOURCE_REGISTERED
headline_0245,Event R2: shape_PC2_fold; comprehensive_means; year_block,0.0163345704609,9212,CONFIRMED,weather_response_validation.csv,v2 + scientific-validation-1,retain source precision in tables; prose rounds to the displayed significant digits,Report individual response; local fold-PC caveat,SOURCE_REGISTERED
headline_0246,Event R2: shape_PC3_fold; comprehensive_means; year_block,0.00683914143515,9212,CONFIRMED,weather_response_validation.csv,v2 + scientific-validation-1,retain source precision in tables; prose rounds to the displayed significant digits,Report individual response; local fold-PC caveat,SOURCE_REGISTERED
headline_0247,Event R2: front_loaded_fraction; comprehensive_plus_max; year_block,0.0510501057509,9212,CONFIRMED,weather_response_validation.csv,v2 + scientific-validation-1,retain source precision in tables; prose rounds to the displayed significant digits,Report individual response; local fold-PC caveat,SOURCE_REGISTERED
headline_0248,Event R2: late_growth_fraction; comprehensive_plus_max; year_block,0.0644791726415,9212,CONFIRMED,weather_response_validation.csv,v2 + scientific-validation-1,retain source precision in tables; prose rounds to the displayed significant digits,Report individual response; local fold-PC caveat,SOURCE_REGISTERED
headline_0249,Event R2: peak_timing; comprehensive_plus_max; year_block,0.000295533338265,9212,CONFIRMED,weather_response_validation.csv,v2 + scientific-validation-1,retain source precision in tables; prose rounds to the displayed significant digits,Report individual response; local fold-PC caveat,SOURCE_REGISTERED
headline_0250,Event R2: terminal_taper_fraction; comprehensive_plus_max; year_block,0.113018292038,9212,CONFIRMED,weather_response_validation.csv,v2 + scientific-validation-1,retain source precision in tables; prose rounds to the displayed significant digits,Report individual response; local fold-PC caveat,SOURCE_REGISTERED
headline_0251,Event R2: normalized_entropy; comprehensive_plus_max; year_block,0.140632213809,9212,CONFIRMED,weather_response_validation.csv,v2 + scientific-validation-1,retain source precision in tables; prose rounds to the displayed significant digits,Report individual response; local fold-PC caveat,SOURCE_REGISTERED
headline_0252,Event R2: pulse_count; comprehensive_plus_max; year_block,0.0227480522475,9212,CONFIRMED,weather_response_validation.csv,v2 + scientific-validation-1,retain source precision in tables; prose rounds to the displayed significant digits,Report individual response; local fold-PC caveat,SOURCE_REGISTERED
headline_0253,Event R2: reactivation_count; comprehensive_plus_max; year_block,0.0272318909846,9212,CONFIRMED,weather_response_validation.csv,v2 + scientific-validation-1,retain source precision in tables; prose rounds to the displayed significant digits,Report individual response; local fold-PC caveat,SOURCE_REGISTERED
headline_0254,Event R2: normalized_first_difference; comprehensive_plus_max; year_block,0.241090048855,9212,CONFIRMED,weather_response_validation.csv,v2 + scientific-validation-1,retain source precision in tables; prose rounds to the displayed significant digits,Report individual response; local fold-PC caveat,SOURCE_REGISTERED
headline_0255,Event R2: normalized_second_difference; comprehensive_plus_max; year_block,0.216683016755,9212,CONFIRMED,weather_response_validation.csv,v2 + scientific-validation-1,retain source precision in tables; prose rounds to the displayed significant digits,Report individual response; local fold-PC caveat,SOURCE_REGISTERED
headline_0256,Event R2: log_area; comprehensive_plus_max; year_block,0.316806643583,9212,CONFIRMED,weather_response_validation.csv,v2 + scientific-validation-1,retain source precision in tables; prose rounds to the displayed significant digits,Report individual response; local fold-PC caveat,SOURCE_REGISTERED
headline_0257,Event R2: log_duration; comprehensive_plus_max; year_block,0.244713129237,9212,CONFIRMED,weather_response_validation.csv,v2 + scientific-validation-1,retain source precision in tables; prose rounds to the displayed significant digits,Report individual response; local fold-PC caveat,SOURCE_REGISTERED
headline_0258,Event R2: shape_PC1_fold; comprehensive_plus_max; year_block,0.0528224234296,9212,CONFIRMED,weather_response_validation.csv,v2 + scientific-validation-1,retain source precision in tables; prose rounds to the displayed significant digits,Report individual response; local fold-PC caveat,SOURCE_REGISTERED
headline_0259,Event R2: shape_PC2_fold; comprehensive_plus_max; year_block,0.0288423555845,9212,CONFIRMED,weather_response_validation.csv,v2 + scientific-validation-1,retain source precision in tables; prose rounds to the displayed significant digits,Report individual response; local fold-PC caveat,SOURCE_REGISTERED
headline_0260,Event R2: shape_PC3_fold; comprehensive_plus_max; year_block,0.0100092971823,9212,CONFIRMED,weather_response_validation.csv,v2 + scientific-validation-1,retain source precision in tables; prose rounds to the displayed significant digits,Report individual response; local fold-PC caveat,SOURCE_REGISTERED
headline_0261,Event R2: front_loaded_fraction; length_only; year_block,0.0318395113463,9212,CONFIRMED,weather_response_validation.csv,v2 + scientific-validation-1,retain source precision in tables; prose rounds to the displayed significant digits,Report individual response; local fold-PC caveat,SOURCE_REGISTERED
headline_0262,Event R2: late_growth_fraction; length_only; year_block,0.0704908029057,9212,CONFIRMED,weather_response_validation.csv,v2 + scientific-validation-1,retain source precision in tables; prose rounds to the displayed significant digits,Report individual response; local fold-PC caveat,SOURCE_REGISTERED
headline_0263,Event R2: peak_timing; length_only; year_block,-0.000398548523296,9212,CONFIRMED,weather_response_validation.csv,v2 + scientific-validation-1,retain source precision in tables; prose rounds to the displayed significant digits,Report individual response; local fold-PC caveat,SOURCE_REGISTERED
headline_0264,Event R2: terminal_taper_fraction; length_only; year_block,0.196812716576,9212,CONFIRMED,weather_response_validation.csv,v2 + scientific-validation-1,retain source precision in tables; prose rounds to the displayed significant digits,Report individual response; local fold-PC caveat,SOURCE_REGISTERED
headline_0265,Event R2: normalized_entropy; length_only; year_block,0.0430014901153,9212,CONFIRMED,weather_response_validation.csv,v2 + scientific-validation-1,retain source precision in tables; prose rounds to the displayed significant digits,Report individual response; local fold-PC caveat,SOURCE_REGISTERED
headline_0266,Event R2: pulse_count; length_only; year_block,0.180032722807,9212,CONFIRMED,weather_response_validation.csv,v2 + scientific-validation-1,retain source precision in tables; prose rounds to the displayed significant digits,Report individual response; local fold-PC caveat,SOURCE_REGISTERED
headline_0267,Event R2: reactivation_count; length_only; year_block,0.164307172517,9212,CONFIRMED,weather_response_validation.csv,v2 + scientific-validation-1,retain source precision in tables; prose rounds to the displayed significant digits,Report individual response; local fold-PC caveat,SOURCE_REGISTERED
headline_0268,Event R2: normalized_first_difference; length_only; year_block,0.634025428007,9212,CONFIRMED,weather_response_validation.csv,v2 + scientific-validation-1,retain source precision in tables; prose rounds to the displayed significant digits,Report individual response; local fold-PC caveat,SOURCE_REGISTERED
headline_0269,Event R2: normalized_second_difference; length_only; year_block,0.566149243503,9212,CONFIRMED,weather_response_validation.csv,v2 + scientific-validation-1,retain source precision in tables; prose rounds to the displayed significant digits,Report individual response; local fold-PC caveat,SOURCE_REGISTERED
headline_0270,Event R2: log_area; length_only; year_block,0.515326711736,9212,CONFIRMED,weather_response_validation.csv,v2 + scientific-validation-1,retain source precision in tables; prose rounds to the displayed significant digits,Report individual response; local fold-PC caveat,SOURCE_REGISTERED
headline_0271,Event R2: log_duration; length_only; year_block,,9212,EXCLUDED_KNOWN_OUTCOME,weather_response_validation.csv,v2 + scientific-validation-1,retain source precision in tables; prose rounds to the displayed significant digits,Report individual response; local fold-PC caveat,SOURCE_REGISTERED
headline_0272,Event R2: shape_PC1_fold; length_only; year_block,0.0367645777476,9212,CONFIRMED,weather_response_validation.csv,v2 + scientific-validation-1,retain source precision in tables; prose rounds to the displayed significant digits,Report individual response; local fold-PC caveat,SOURCE_REGISTERED
headline_0273,Event R2: shape_PC2_fold; length_only; year_block,0.0563595156765,9212,CONFIRMED,weather_response_validation.csv,v2 + scientific-validation-1,retain source precision in tables; prose rounds to the displayed significant digits,Report individual response; local fold-PC caveat,SOURCE_REGISTERED
headline_0274,Event R2: shape_PC3_fold; length_only; year_block,0.00656320554443,9212,CONFIRMED,weather_response_validation.csv,v2 + scientific-validation-1,retain source precision in tables; prose rounds to the displayed significant digits,Report individual response; local fold-PC caveat,SOURCE_REGISTERED
headline_0275,Event R2: front_loaded_fraction; length_plus_max; year_block,0.049939351361,9212,CONFIRMED,weather_response_validation.csv,v2 + scientific-validation-1,retain source precision in tables; prose rounds to the displayed significant digits,Report individual response; local fold-PC caveat,SOURCE_REGISTERED
headline_0276,Event R2: late_growth_fraction; length_plus_max; year_block,0.0868389276071,9212,CONFIRMED,weather_response_validation.csv,v2 + scientific-validation-1,retain source precision in tables; prose rounds to the displayed significant digits,Report individual response; local fold-PC caveat,SOURCE_REGISTERED
headline_0277,Event R2: peak_timing; length_plus_max; year_block,0.00151431300602,9212,CONFIRMED,weather_response_validation.csv,v2 + scientific-validation-1,retain source precision in tables; prose rounds to the displayed significant digits,Report individual response; local fold-PC caveat,SOURCE_REGISTERED
headline_0278,Event R2: terminal_taper_fraction; length_plus_max; year_block,0.208935110755,9212,CONFIRMED,weather_response_validation.csv,v2 + scientific-validation-1,retain source precision in tables; prose rounds to the displayed significant digits,Report individual response; local fold-PC caveat,SOURCE_REGISTERED
headline_0279,Event R2: normalized_entropy; length_plus_max; year_block,0.0771682847759,9212,CONFIRMED,weather_response_validation.csv,v2 + scientific-validation-1,retain source precision in tables; prose rounds to the displayed significant digits,Report individual response; local fold-PC caveat,SOURCE_REGISTERED
headline_0280,Event R2: pulse_count; length_plus_max; year_block,0.191343078658,9212,CONFIRMED,weather_response_validation.csv,v2 + scientific-validation-1,retain source precision in tables; prose rounds to the displayed significant digits,Report individual response; local fold-PC caveat,SOURCE_REGISTERED
headline_0281,Event R2: reactivation_count; length_plus_max; year_block,0.166106510271,9212,CONFIRMED,weather_response_validation.csv,v2 + scientific-validation-1,retain source precision in tables; prose rounds to the displayed significant digits,Report individual response; local fold-PC caveat,SOURCE_REGISTERED
headline_0282,Event R2: normalized_first_difference; length_plus_max; year_block,0.641307438237,9212,CONFIRMED,weather_response_validation.csv,v2 + scientific-validation-1,retain source precision in tables; prose rounds to the displayed significant digits,Report individual response; local fold-PC caveat,SOURCE_REGISTERED
headline_0283,Event R2: normalized_second_difference; length_plus_max; year_block,0.572842506222,9212,CONFIRMED,weather_response_validation.csv,v2 + scientific-validation-1,retain source precision in tables; prose rounds to the displayed significant digits,Report individual response; local fold-PC caveat,SOURCE_REGISTERED
headline_0284,Event R2: log_area; length_plus_max; year_block,0.545024592464,9212,CONFIRMED,weather_response_validation.csv,v2 + scientific-validation-1,retain source precision in tables; prose rounds to the displayed significant digits,Report individual response; local fold-PC caveat,SOURCE_REGISTERED
headline_0285,Event R2: log_duration; length_plus_max; year_block,,9212,EXCLUDED_KNOWN_OUTCOME,weather_response_validation.csv,v2 + scientific-validation-1,retain source precision in tables; prose rounds to the displayed significant digits,Report individual response; local fold-PC caveat,SOURCE_REGISTERED
headline_0286,Event R2: shape_PC1_fold; length_plus_max; year_block,0.0555275813399,9212,CONFIRMED,weather_response_validation.csv,v2 + scientific-validation-1,retain source precision in tables; prose rounds to the displayed significant digits,Report individual response; local fold-PC caveat,SOURCE_REGISTERED
headline_0287,Event R2: shape_PC2_fold; length_plus_max; year_block,0.058900869635,9212,CONFIRMED,weather_response_validation.csv,v2 + scientific-validation-1,retain source precision in tables; prose rounds to the displayed significant digits,Report individual response; local fold-PC caveat,SOURCE_REGISTERED
headline_0288,Event R2: shape_PC3_fold; length_plus_max; year_block,0.00944476798082,9212,CONFIRMED,weather_response_validation.csv,v2 + scientific-validation-1,retain source precision in tables; prose rounds to the displayed significant digits,Report individual response; local fold-PC caveat,SOURCE_REGISTERED
headline_0289,Event R2: front_loaded_fraction; length_plus_core; year_block,0.0497647900897,9212,CONFIRMED,weather_response_validation.csv,v2 + scientific-validation-1,retain source precision in tables; prose rounds to the displayed significant digits,Report individual response; local fold-PC caveat,SOURCE_REGISTERED
headline_0290,Event R2: late_growth_fraction; length_plus_core; year_block,0.0930632741886,9212,CONFIRMED,weather_response_validation.csv,v2 + scientific-validation-1,retain source precision in tables; prose rounds to the displayed significant digits,Report individual response; local fold-PC caveat,SOURCE_REGISTERED
headline_0291,Event R2: peak_timing; length_plus_core; year_block,0.00205159945063,9212,CONFIRMED,weather_response_validation.csv,v2 + scientific-validation-1,retain source precision in tables; prose rounds to the displayed significant digits,Report individual response; local fold-PC caveat,SOURCE_REGISTERED
headline_0292,Event R2: terminal_taper_fraction; length_plus_core; year_block,0.225573362958,9212,CONFIRMED,weather_response_validation.csv,v2 + scientific-validation-1,retain source precision in tables; prose rounds to the displayed significant digits,Report individual response; local fold-PC caveat,SOURCE_REGISTERED
headline_0293,Event R2: normalized_entropy; length_plus_core; year_block,0.116207016226,9212,CONFIRMED,weather_response_validation.csv,v2 + scientific-validation-1,retain source precision in tables; prose rounds to the displayed significant digits,Report individual response; local fold-PC caveat,SOURCE_REGISTERED
headline_0294,Event R2: pulse_count; length_plus_core; year_block,0.190686868798,9212,CONFIRMED,weather_response_validation.csv,v2 + scientific-validation-1,retain source precision in tables; prose rounds to the displayed significant digits,Report individual response; local fold-PC caveat,SOURCE_REGISTERED
headline_0295,Event R2: reactivation_count; length_plus_core; year_block,0.165354355752,9212,CONFIRMED,weather_response_validation.csv,v2 + scientific-validation-1,retain source precision in tables; prose rounds to the displayed significant digits,Report individual response; local fold-PC caveat,SOURCE_REGISTERED
headline_0296,Event R2: normalized_first_difference; length_plus_core; year_block,0.649633682827,9212,CONFIRMED,weather_response_validation.csv,v2 + scientific-validation-1,retain source precision in tables; prose rounds to the displayed significant digits,Report individual response; local fold-PC caveat,SOURCE_REGISTERED
headline_0297,Event R2: normalized_second_difference; length_plus_core; year_block,0.581721873443,9212,CONFIRMED,weather_response_validation.csv,v2 + scientific-validation-1,retain source precision in tables; prose rounds to the displayed significant digits,Report individual response; local fold-PC caveat,SOURCE_REGISTERED
headline_0298,Event R2: log_area; length_plus_core; year_block,0.57627823447,9212,CONFIRMED,weather_response_validation.csv,v2 + scientific-validation-1,retain source precision in tables; prose rounds to the displayed significant digits,Report individual response; local fold-PC caveat,SOURCE_REGISTERED
headline_0299,Event R2: log_duration; length_plus_core; year_block,,9212,EXCLUDED_KNOWN_OUTCOME,weather_response_validation.csv,v2 + scientific-validation-1,retain source precision in tables; prose rounds to the displayed significant digits,Report individual response; local fold-PC caveat,SOURCE_REGISTERED
headline_0300,Event R2: shape_PC1_fold; length_plus_core; year_block,0.0569074376783,9212,CONFIRMED,weather_response_validation.csv,v2 + scientific-validation-1,retain source precision in tables; prose rounds to the displayed significant digits,Report individual response; local fold-PC caveat,SOURCE_REGISTERED
headline_0301,Event R2: shape_PC2_fold; length_plus_core; year_block,0.0617247810387,9212,CONFIRMED,weather_response_validation.csv,v2 + scientific-validation-1,retain source precision in tables; prose rounds to the displayed significant digits,Report individual response; local fold-PC caveat,SOURCE_REGISTERED
headline_0302,Event R2: shape_PC3_fold; length_plus_core; year_block,0.00865077711623,9212,CONFIRMED,weather_response_validation.csv,v2 + scientific-validation-1,retain source precision in tables; prose rounds to the displayed significant digits,Report individual response; local fold-PC caveat,SOURCE_REGISTERED
headline_0303,Event R2: front_loaded_fraction; length_plus_core_max; year_block,0.0505771660263,9212,CONFIRMED,weather_response_validation.csv,v2 + scientific-validation-1,retain source precision in tables; prose rounds to the displayed significant digits,Report individual response; local fold-PC caveat,SOURCE_REGISTERED
headline_0304,Event R2: late_growth_fraction; length_plus_core_max; year_block,0.0929650512845,9212,CONFIRMED,weather_response_validation.csv,v2 + scientific-validation-1,retain source precision in tables; prose rounds to the displayed significant digits,Report individual response; local fold-PC caveat,SOURCE_REGISTERED
headline_0305,Event R2: peak_timing; length_plus_core_max; year_block,0.0012946984728,9212,CONFIRMED,weather_response_validation.csv,v2 + scientific-validation-1,retain source precision in tables; prose rounds to the displayed significant digits,Report individual response; local fold-PC caveat,SOURCE_REGISTERED
headline_0306,Event R2: terminal_taper_fraction; length_plus_core_max; year_block,0.22558694251,9212,CONFIRMED,weather_response_validation.csv,v2 + scientific-validation-1,retain source precision in tables; prose rounds to the displayed significant digits,Report individual response; local fold-PC caveat,SOURCE_REGISTERED
headline_0307,Event R2: normalized_entropy; length_plus_core_max; year_block,0.119735248237,9212,CONFIRMED,weather_response_validation.csv,v2 + scientific-validation-1,retain source precision in tables; prose rounds to the displayed significant digits,Report individual response; local fold-PC caveat,SOURCE_REGISTERED
headline_0308,Event R2: pulse_count; length_plus_core_max; year_block,0.194389089324,9212,CONFIRMED,weather_response_validation.csv,v2 + scientific-validation-1,retain source precision in tables; prose rounds to the displayed significant digits,Report individual response; local fold-PC caveat,SOURCE_REGISTERED
headline_0309,Event R2: reactivation_count; length_plus_core_max; year_block,0.165371609688,9212,CONFIRMED,weather_response_validation.csv,v2 + scientific-validation-1,retain source precision in tables; prose rounds to the displayed significant digits,Report individual response; local fold-PC caveat,SOURCE_REGISTERED
headline_0310,Event R2: normalized_first_difference; length_plus_core_max; year_block,0.651425934065,9212,CONFIRMED,weather_response_validation.csv,v2 + scientific-validation-1,retain source precision in tables; prose rounds to the displayed significant digits,Report individual response; local fold-PC caveat,SOURCE_REGISTERED
headline_0311,Event R2: normalized_second_difference; length_plus_core_max; year_block,0.583367239059,9212,CONFIRMED,weather_response_validation.csv,v2 + scientific-validation-1,retain source precision in tables; prose rounds to the displayed significant digits,Report individual response; local fold-PC caveat,SOURCE_REGISTERED
headline_0312,Event R2: log_area; length_plus_core_max; year_block,0.57967289964,9212,CONFIRMED,weather_response_validation.csv,v2 + scientific-validation-1,retain source precision in tables; prose rounds to the displayed significant digits,Report individual response; local fold-PC caveat,SOURCE_REGISTERED
headline_0313,Event R2: log_duration; length_plus_core_max; year_block,,9212,EXCLUDED_KNOWN_OUTCOME,weather_response_validation.csv,v2 + scientific-validation-1,retain source precision in tables; prose rounds to the displayed significant digits,Report individual response; local fold-PC caveat,SOURCE_REGISTERED
headline_0314,Event R2: shape_PC1_fold; length_plus_core_max; year_block,0.0572989438341,9212,CONFIRMED,weather_response_validation.csv,v2 + scientific-validation-1,retain source precision in tables; prose rounds to the displayed significant digits,Report individual response; local fold-PC caveat,SOURCE_REGISTERED
headline_0315,Event R2: shape_PC2_fold; length_plus_core_max; year_block,0.0616158061518,9212,CONFIRMED,weather_response_validation.csv,v2 + scientific-validation-1,retain source precision in tables; prose rounds to the displayed significant digits,Report individual response; local fold-PC caveat,SOURCE_REGISTERED
headline_0316,Event R2: shape_PC3_fold; length_plus_core_max; year_block,0.0101432986183,9212,CONFIRMED,weather_response_validation.csv,v2 + scientific-validation-1,retain source precision in tables; prose rounds to the displayed significant digits,Report individual response; local fold-PC caveat,SOURCE_REGISTERED
headline_0317,Event R2: front_loaded_fraction; core_quantile_exceedance; year_block,0.0359436938499,9212,CONFIRMED,weather_response_validation.csv,v2 + scientific-validation-1,retain source precision in tables; prose rounds to the displayed significant digits,Report individual response; local fold-PC caveat,SOURCE_REGISTERED
headline_0318,Event R2: late_growth_fraction; core_quantile_exceedance; year_block,0.0486982107212,9212,CONFIRMED,weather_response_validation.csv,v2 + scientific-validation-1,retain source precision in tables; prose rounds to the displayed significant digits,Report individual response; local fold-PC caveat,SOURCE_REGISTERED
headline_0319,Event R2: peak_timing; core_quantile_exceedance; year_block,0.00219934690593,9212,CONFIRMED,weather_response_validation.csv,v2 + scientific-validation-1,retain source precision in tables; prose rounds to the displayed significant digits,Report individual response; local fold-PC caveat,SOURCE_REGISTERED
headline_0320,Event R2: terminal_taper_fraction; core_quantile_exceedance; year_block,0.0850480376282,9212,CONFIRMED,weather_response_validation.csv,v2 + scientific-validation-1,retain source precision in tables; prose rounds to the displayed significant digits,Report individual response; local fold-PC caveat,SOURCE_REGISTERED
headline_0321,Event R2: normalized_entropy; core_quantile_exceedance; year_block,0.101621148916,9212,CONFIRMED,weather_response_validation.csv,v2 + scientific-validation-1,retain source precision in tables; prose rounds to the displayed significant digits,Report individual response; local fold-PC caveat,SOURCE_REGISTERED
headline_0322,Event R2: pulse_count; core_quantile_exceedance; year_block,0.0143850431442,9212,CONFIRMED,weather_response_validation.csv,v2 + scientific-validation-1,retain source precision in tables; prose rounds to the displayed significant digits,Report individual response; local fold-PC caveat,SOURCE_REGISTERED
headline_0323,Event R2: reactivation_count; core_quantile_exceedance; year_block,0.0149834697214,9212,CONFIRMED,weather_response_validation.csv,v2 + scientific-validation-1,retain source precision in tables; prose rounds to the displayed significant digits,Report individual response; local fold-PC caveat,SOURCE_REGISTERED
headline_0324,Event R2: normalized_first_difference; core_quantile_exceedance; year_block,0.172735266106,9212,CONFIRMED,weather_response_validation.csv,v2 + scientific-validation-1,retain source precision in tables; prose rounds to the displayed significant digits,Report individual response; local fold-PC caveat,SOURCE_REGISTERED
headline_0325,Event R2: normalized_second_difference; core_quantile_exceedance; year_block,0.159275878827,9212,CONFIRMED,weather_response_validation.csv,v2 + scientific-validation-1,retain source precision in tables; prose rounds to the displayed significant digits,Report individual response; local fold-PC caveat,SOURCE_REGISTERED
headline_0326,Event R2: log_area; core_quantile_exceedance; year_block,0.220090453522,9212,CONFIRMED,weather_response_validation.csv,v2 + scientific-validation-1,retain source precision in tables; prose rounds to the displayed significant digits,Report individual response; local fold-PC caveat,SOURCE_REGISTERED
headline_0327,Event R2: log_duration; core_quantile_exceedance; year_block,0.176963091327,9212,CONFIRMED,weather_response_validation.csv,v2 + scientific-validation-1,retain source precision in tables; prose rounds to the displayed significant digits,Report individual response; local fold-PC caveat,SOURCE_REGISTERED
headline_0328,Event R2: shape_PC1_fold; core_quantile_exceedance; year_block,0.0384574352495,9212,CONFIRMED,weather_response_validation.csv,v2 + scientific-validation-1,retain source precision in tables; prose rounds to the displayed significant digits,Report individual response; local fold-PC caveat,SOURCE_REGISTERED
headline_0329,Event R2: shape_PC2_fold; core_quantile_exceedance; year_block,0.02099905232,9212,CONFIRMED,weather_response_validation.csv,v2 + scientific-validation-1,retain source precision in tables; prose rounds to the displayed significant digits,Report individual response; local fold-PC caveat,SOURCE_REGISTERED
headline_0330,Event R2: shape_PC3_fold; core_quantile_exceedance; year_block,0.00803807371962,9212,CONFIRMED,weather_response_validation.csv,v2 + scientific-validation-1,retain source precision in tables; prose rounds to the displayed significant digits,Report individual response; local fold-PC caveat,SOURCE_REGISTERED
headline_0331,Event R2: front_loaded_fraction; mean_only; region_block,-0.011496579596,9212,CONFIRMED,weather_response_validation.csv,v2 + scientific-validation-1,retain source precision in tables; prose rounds to the displayed significant digits,Report individual response; local fold-PC caveat,SOURCE_REGISTERED
headline_0332,Event R2: late_growth_fraction; mean_only; region_block,-0.0145084079195,9212,CONFIRMED,weather_response_validation.csv,v2 + scientific-validation-1,retain source precision in tables; prose rounds to the displayed significant digits,Report individual response; local fold-PC caveat,SOURCE_REGISTERED
headline_0333,Event R2: peak_timing; mean_only; region_block,-0.000875769011822,9212,CONFIRMED,weather_response_validation.csv,v2 + scientific-validation-1,retain source precision in tables; prose rounds to the displayed significant digits,Report individual response; local fold-PC caveat,SOURCE_REGISTERED
headline_0334,Event R2: terminal_taper_fraction; mean_only; region_block,-0.0213187639465,9212,CONFIRMED,weather_response_validation.csv,v2 + scientific-validation-1,retain source precision in tables; prose rounds to the displayed significant digits,Report individual response; local fold-PC caveat,SOURCE_REGISTERED
headline_0335,Event R2: normalized_entropy; mean_only; region_block,-0.0374902973376,9212,CONFIRMED,weather_response_validation.csv,v2 + scientific-validation-1,retain source precision in tables; prose rounds to the displayed significant digits,Report individual response; local fold-PC caveat,SOURCE_REGISTERED
headline_0336,Event R2: pulse_count; mean_only; region_block,-8.53290571503e-05,9212,CONFIRMED,weather_response_validation.csv,v2 + scientific-validation-1,retain source precision in tables; prose rounds to the displayed significant digits,Report individual response; local fold-PC caveat,SOURCE_REGISTERED
headline_0337,Event R2: reactivation_count; mean_only; region_block,-0.00108382448563,9212,CONFIRMED,weather_response_validation.csv,v2 + scientific-validation-1,retain source precision in tables; prose rounds to the displayed significant digits,Report individual response; local fold-PC caveat,SOURCE_REGISTERED
headline_0338,Event R2: normalized_first_difference; mean_only; region_block,-0.033464717846,9212,CONFIRMED,weather_response_validation.csv,v2 + scientific-validation-1,retain source precision in tables; prose rounds to the displayed significant digits,Report individual response; local fold-PC caveat,SOURCE_REGISTERED
headline_0339,Event R2: normalized_second_difference; mean_only; region_block,-0.0300253213768,9212,CONFIRMED,weather_response_validation.csv,v2 + scientific-validation-1,retain source precision in tables; prose rounds to the displayed significant digits,Report individual response; local fold-PC caveat,SOURCE_REGISTERED
headline_0340,Event R2: log_area; mean_only; region_block,-0.0583916413807,9212,CONFIRMED,weather_response_validation.csv,v2 + scientific-validation-1,retain source precision in tables; prose rounds to the displayed significant digits,Report individual response; local fold-PC caveat,SOURCE_REGISTERED
headline_0341,Event R2: log_duration; mean_only; region_block,-0.0166800617186,9212,CONFIRMED,weather_response_validation.csv,v2 + scientific-validation-1,retain source precision in tables; prose rounds to the displayed significant digits,Report individual response; local fold-PC caveat,SOURCE_REGISTERED
headline_0342,Event R2: shape_PC1_fold; mean_only; region_block,-0.0304911785604,9212,CONFIRMED,weather_response_validation.csv,v2 + scientific-validation-1,retain source precision in tables; prose rounds to the displayed significant digits,Report individual response; local fold-PC caveat,SOURCE_REGISTERED
headline_0343,Event R2: shape_PC2_fold; mean_only; region_block,-0.0149995622607,9212,CONFIRMED,weather_response_validation.csv,v2 + scientific-validation-1,retain source precision in tables; prose rounds to the displayed significant digits,Report individual response; local fold-PC caveat,SOURCE_REGISTERED
headline_0344,Event R2: shape_PC3_fold; mean_only; region_block,-0.00670800727796,9212,CONFIRMED,weather_response_validation.csv,v2 + scientific-validation-1,retain source precision in tables; prose rounds to the displayed significant digits,Report individual response; local fold-PC caveat,SOURCE_REGISTERED
headline_0345,Event R2: front_loaded_fraction; core_means; region_block,0.0144594394621,9212,CONFIRMED,weather_response_validation.csv,v2 + scientific-validation-1,retain source precision in tables; prose rounds to the displayed significant digits,Report individual response; local fold-PC caveat,SOURCE_REGISTERED
headline_0346,Event R2: late_growth_fraction; core_means; region_block,0.0225052929529,9212,CONFIRMED,weather_response_validation.csv,v2 + scientific-validation-1,retain source precision in tables; prose rounds to the displayed significant digits,Report individual response; local fold-PC caveat,SOURCE_REGISTERED
headline_0347,Event R2: peak_timing; core_means; region_block,0.0020971722227,9212,CONFIRMED,weather_response_validation.csv,v2 + scientific-validation-1,retain source precision in tables; prose rounds to the displayed significant digits,Report individual response; local fold-PC caveat,SOURCE_REGISTERED
headline_0348,Event R2: terminal_taper_fraction; core_means; region_block,0.0352174386027,9212,CONFIRMED,weather_response_validation.csv,v2 + scientific-validation-1,retain source precision in tables; prose rounds to the displayed significant digits,Report individual response; local fold-PC caveat,SOURCE_REGISTERED
headline_0349,Event R2: normalized_entropy; core_means; region_block,0.0542203889203,9212,CONFIRMED,weather_response_validation.csv,v2 + scientific-validation-1,retain source precision in tables; prose rounds to the displayed significant digits,Report individual response; local fold-PC caveat,SOURCE_REGISTERED
headline_0350,Event R2: pulse_count; core_means; region_block,0.000564636364658,9212,CONFIRMED,weather_response_validation.csv,v2 + scientific-validation-1,retain source precision in tables; prose rounds to the displayed significant digits,Report individual response; local fold-PC caveat,SOURCE_REGISTERED
headline_0351,Event R2: reactivation_count; core_means; region_block,-0.00118692357056,9212,CONFIRMED,weather_response_validation.csv,v2 + scientific-validation-1,retain source precision in tables; prose rounds to the displayed significant digits,Report individual response; local fold-PC caveat,SOURCE_REGISTERED
headline_0352,Event R2: normalized_first_difference; core_means; region_block,0.0324948451001,9212,CONFIRMED,weather_response_validation.csv,v2 + scientific-validation-1,retain source precision in tables; prose rounds to the displayed significant digits,Report individual response; local fold-PC caveat,SOURCE_REGISTERED
headline_0353,Event R2: normalized_second_difference; core_means; region_block,0.0294330900222,9212,CONFIRMED,weather_response_validation.csv,v2 + scientific-validation-1,retain source precision in tables; prose rounds to the displayed significant digits,Report individual response; local fold-PC caveat,SOURCE_REGISTERED
headline_0354,Event R2: log_area; core_means; region_block,0.0772956383815,9212,CONFIRMED,weather_response_validation.csv,v2 + scientific-validation-1,retain source precision in tables; prose rounds to the displayed significant digits,Report individual response; local fold-PC caveat,SOURCE_REGISTERED
headline_0355,Event R2: log_duration; core_means; region_block,0.014010737355,9212,CONFIRMED,weather_response_validation.csv,v2 + scientific-validation-1,retain source precision in tables; prose rounds to the displayed significant digits,Report individual response; local fold-PC caveat,SOURCE_REGISTERED
headline_0356,Event R2: shape_PC1_fold; core_means; region_block,-0.0014951216943,9212,CONFIRMED,weather_response_validation.csv,v2 + scientific-validation-1,retain source precision in tables; prose rounds to the displayed significant digits,Report individual response; local fold-PC caveat,SOURCE_REGISTERED
headline_0357,Event R2: shape_PC2_fold; core_means; region_block,0.00111897305007,9212,CONFIRMED,weather_response_validation.csv,v2 + scientific-validation-1,retain source precision in tables; prose rounds to the displayed significant digits,Report individual response; local fold-PC caveat,SOURCE_REGISTERED
headline_0358,Event R2: shape_PC3_fold; core_means; region_block,-0.00042298607091,9212,CONFIRMED,weather_response_validation.csv,v2 + scientific-validation-1,retain source precision in tables; prose rounds to the displayed significant digits,Report individual response; local fold-PC caveat,SOURCE_REGISTERED
headline_0359,Event R2: front_loaded_fraction; max_vpd_only; region_block,0.0197274160335,9212,CONFIRMED,weather_response_validation.csv,v2 + scientific-validation-1,retain source precision in tables; prose rounds to the displayed significant digits,Report individual response; local fold-PC caveat,SOURCE_REGISTERED
headline_0360,Event R2: late_growth_fraction; max_vpd_only; region_block,0.0225044510485,9212,CONFIRMED,weather_response_validation.csv,v2 + scientific-validation-1,retain source precision in tables; prose rounds to the displayed significant digits,Report individual response; local fold-PC caveat,SOURCE_REGISTERED
headline_0361,Event R2: peak_timing; max_vpd_only; region_block,0.00111717210216,9212,CONFIRMED,weather_response_validation.csv,v2 + scientific-validation-1,retain source precision in tables; prose rounds to the displayed significant digits,Report individual response; local fold-PC caveat,SOURCE_REGISTERED
headline_0362,Event R2: terminal_taper_fraction; max_vpd_only; region_block,0.0298081150489,9212,CONFIRMED,weather_response_validation.csv,v2 + scientific-validation-1,retain source precision in tables; prose rounds to the displayed significant digits,Report individual response; local fold-PC caveat,SOURCE_REGISTERED
headline_0363,Event R2: normalized_entropy; max_vpd_only; region_block,0.0152605712833,9212,CONFIRMED,weather_response_validation.csv,v2 + scientific-validation-1,retain source precision in tables; prose rounds to the displayed significant digits,Report individual response; local fold-PC caveat,SOURCE_REGISTERED
headline_0364,Event R2: pulse_count; max_vpd_only; region_block,-0.00100894573533,9212,CONFIRMED,weather_response_validation.csv,v2 + scientific-validation-1,retain source precision in tables; prose rounds to the displayed significant digits,Report individual response; local fold-PC caveat,SOURCE_REGISTERED
headline_0365,Event R2: reactivation_count; max_vpd_only; region_block,0.00234066213435,9212,CONFIRMED,weather_response_validation.csv,v2 + scientific-validation-1,retain source precision in tables; prose rounds to the displayed significant digits,Report individual response; local fold-PC caveat,SOURCE_REGISTERED
headline_0366,Event R2: normalized_first_difference; max_vpd_only; region_block,0.0519326818859,9212,CONFIRMED,weather_response_validation.csv,v2 + scientific-validation-1,retain source precision in tables; prose rounds to the displayed significant digits,Report individual response; local fold-PC caveat,SOURCE_REGISTERED
headline_0367,Event R2: normalized_second_difference; max_vpd_only; region_block,0.0461988983648,9212,CONFIRMED,weather_response_validation.csv,v2 + scientific-validation-1,retain source precision in tables; prose rounds to the displayed significant digits,Report individual response; local fold-PC caveat,SOURCE_REGISTERED
headline_0368,Event R2: log_area; max_vpd_only; region_block,0.0722374924035,9212,CONFIRMED,weather_response_validation.csv,v2 + scientific-validation-1,retain source precision in tables; prose rounds to the displayed significant digits,Report individual response; local fold-PC caveat,SOURCE_REGISTERED
headline_0369,Event R2: log_duration; max_vpd_only; region_block,0.0471646435414,9212,CONFIRMED,weather_response_validation.csv,v2 + scientific-validation-1,retain source precision in tables; prose rounds to the displayed significant digits,Report individual response; local fold-PC caveat,SOURCE_REGISTERED
headline_0370,Event R2: shape_PC1_fold; max_vpd_only; region_block,0.00258630796673,9212,CONFIRMED,weather_response_validation.csv,v2 + scientific-validation-1,retain source precision in tables; prose rounds to the displayed significant digits,Report individual response; local fold-PC caveat,SOURCE_REGISTERED
headline_0371,Event R2: shape_PC2_fold; max_vpd_only; region_block,-0.000108197852466,9212,CONFIRMED,weather_response_validation.csv,v2 + scientific-validation-1,retain source precision in tables; prose rounds to the displayed significant digits,Report individual response; local fold-PC caveat,SOURCE_REGISTERED
headline_0372,Event R2: shape_PC3_fold; max_vpd_only; region_block,0.00133493896469,9212,CONFIRMED,weather_response_validation.csv,v2 + scientific-validation-1,retain source precision in tables; prose rounds to the displayed significant digits,Report individual response; local fold-PC caveat,SOURCE_REGISTERED
headline_0373,Event R2: front_loaded_fraction; core_plus_max; region_block,0.0215072043869,9212,CONFIRMED,weather_response_validation.csv,v2 + scientific-validation-1,retain source precision in tables; prose rounds to the displayed significant digits,Report individual response; local fold-PC caveat,SOURCE_REGISTERED
headline_0374,Event R2: late_growth_fraction; core_plus_max; region_block,0.0383321521015,9212,CONFIRMED,weather_response_validation.csv,v2 + scientific-validation-1,retain source precision in tables; prose rounds to the displayed significant digits,Report individual response; local fold-PC caveat,SOURCE_REGISTERED
headline_0375,Event R2: peak_timing; core_plus_max; region_block,0.000519519289857,9212,CONFIRMED,weather_response_validation.csv,v2 + scientific-validation-1,retain source precision in tables; prose rounds to the displayed significant digits,Report individual response; local fold-PC caveat,SOURCE_REGISTERED
headline_0376,Event R2: terminal_taper_fraction; core_plus_max; region_block,0.0802827657843,9212,CONFIRMED,weather_response_validation.csv,v2 + scientific-validation-1,retain source precision in tables; prose rounds to the displayed significant digits,Report individual response; local fold-PC caveat,SOURCE_REGISTERED
headline_0377,Event R2: normalized_entropy; core_plus_max; region_block,0.0743717579533,9212,CONFIRMED,weather_response_validation.csv,v2 + scientific-validation-1,retain source precision in tables; prose rounds to the displayed significant digits,Report individual response; local fold-PC caveat,SOURCE_REGISTERED
headline_0378,Event R2: pulse_count; core_plus_max; region_block,0.0191230708356,9212,CONFIRMED,weather_response_validation.csv,v2 + scientific-validation-1,retain source precision in tables; prose rounds to the displayed significant digits,Report individual response; local fold-PC caveat,SOURCE_REGISTERED
headline_0379,Event R2: reactivation_count; core_plus_max; region_block,0.0219626517475,9212,CONFIRMED,weather_response_validation.csv,v2 + scientific-validation-1,retain source precision in tables; prose rounds to the displayed significant digits,Report individual response; local fold-PC caveat,SOURCE_REGISTERED
headline_0380,Event R2: normalized_first_difference; core_plus_max; region_block,0.175542982495,9212,CONFIRMED,weather_response_validation.csv,v2 + scientific-validation-1,retain source precision in tables; prose rounds to the displayed significant digits,Report individual response; local fold-PC caveat,SOURCE_REGISTERED
headline_0381,Event R2: normalized_second_difference; core_plus_max; region_block,0.160644578873,9212,CONFIRMED,weather_response_validation.csv,v2 + scientific-validation-1,retain source precision in tables; prose rounds to the displayed significant digits,Report individual response; local fold-PC caveat,SOURCE_REGISTERED
headline_0382,Event R2: log_area; core_plus_max; region_block,0.206002375061,9212,CONFIRMED,weather_response_validation.csv,v2 + scientific-validation-1,retain source precision in tables; prose rounds to the displayed significant digits,Report individual response; local fold-PC caveat,SOURCE_REGISTERED
headline_0383,Event R2: log_duration; core_plus_max; region_block,0.196175195949,9212,CONFIRMED,weather_response_validation.csv,v2 + scientific-validation-1,retain source precision in tables; prose rounds to the displayed significant digits,Report individual response; local fold-PC caveat,SOURCE_REGISTERED
headline_0384,Event R2: shape_PC1_fold; core_plus_max; region_block,0.00664112694704,9212,CONFIRMED,weather_response_validation.csv,v2 + scientific-validation-1,retain source precision in tables; prose rounds to the displayed significant digits,Report individual response; local fold-PC caveat,SOURCE_REGISTERED
headline_0385,Event R2: shape_PC2_fold; core_plus_max; region_block,0.0142496484076,9212,CONFIRMED,weather_response_validation.csv,v2 + scientific-validation-1,retain source precision in tables; prose rounds to the displayed significant digits,Report individual response; local fold-PC caveat,SOURCE_REGISTERED
headline_0386,Event R2: shape_PC3_fold; core_plus_max; region_block,0.00453667275222,9212,CONFIRMED,weather_response_validation.csv,v2 + scientific-validation-1,retain source precision in tables; prose rounds to the displayed significant digits,Report individual response; local fold-PC caveat,SOURCE_REGISTERED
headline_0387,Event R2: front_loaded_fraction; comprehensive_means; region_block,0.0313829722581,9212,CONFIRMED,weather_response_validation.csv,v2 + scientific-validation-1,retain source precision in tables; prose rounds to the displayed significant digits,Report individual response; local fold-PC caveat,SOURCE_REGISTERED
headline_0388,Event R2: late_growth_fraction; comprehensive_means; region_block,0.037297468912,9212,CONFIRMED,weather_response_validation.csv,v2 + scientific-validation-1,retain source precision in tables; prose rounds to the displayed significant digits,Report individual response; local fold-PC caveat,SOURCE_REGISTERED
headline_0389,Event R2: peak_timing; comprehensive_means; region_block,0.000696893502581,9212,CONFIRMED,weather_response_validation.csv,v2 + scientific-validation-1,retain source precision in tables; prose rounds to the displayed significant digits,Report individual response; local fold-PC caveat,SOURCE_REGISTERED
headline_0390,Event R2: terminal_taper_fraction; comprehensive_means; region_block,0.0618533536431,9212,CONFIRMED,weather_response_validation.csv,v2 + scientific-validation-1,retain source precision in tables; prose rounds to the displayed significant digits,Report individual response; local fold-PC caveat,SOURCE_REGISTERED
headline_0391,Event R2: normalized_entropy; comprehensive_means; region_block,0.0958511526125,9212,CONFIRMED,weather_response_validation.csv,v2 + scientific-validation-1,retain source precision in tables; prose rounds to the displayed significant digits,Report individual response; local fold-PC caveat,SOURCE_REGISTERED
headline_0392,Event R2: pulse_count; comprehensive_means; region_block,-0.00100748438428,9212,CONFIRMED,weather_response_validation.csv,v2 + scientific-validation-1,retain source precision in tables; prose rounds to the displayed significant digits,Report individual response; local fold-PC caveat,SOURCE_REGISTERED
headline_0393,Event R2: reactivation_count; comprehensive_means; region_block,-0.00121727190455,9212,CONFIRMED,weather_response_validation.csv,v2 + scientific-validation-1,retain source precision in tables; prose rounds to the displayed significant digits,Report individual response; local fold-PC caveat,SOURCE_REGISTERED
headline_0394,Event R2: normalized_first_difference; comprehensive_means; region_block,0.106902580847,9212,CONFIRMED,weather_response_validation.csv,v2 + scientific-validation-1,retain source precision in tables; prose rounds to the displayed significant digits,Report individual response; local fold-PC caveat,SOURCE_REGISTERED
headline_0395,Event R2: normalized_second_difference; comprehensive_means; region_block,0.09485090289,9212,CONFIRMED,weather_response_validation.csv,v2 + scientific-validation-1,retain source precision in tables; prose rounds to the displayed significant digits,Report individual response; local fold-PC caveat,SOURCE_REGISTERED
headline_0396,Event R2: log_area; comprehensive_means; region_block,0.189730428998,9212,CONFIRMED,weather_response_validation.csv,v2 + scientific-validation-1,retain source precision in tables; prose rounds to the displayed significant digits,Report individual response; local fold-PC caveat,SOURCE_REGISTERED
headline_0397,Event R2: log_duration; comprehensive_means; region_block,0.0701788150186,9212,CONFIRMED,weather_response_validation.csv,v2 + scientific-validation-1,retain source precision in tables; prose rounds to the displayed significant digits,Report individual response; local fold-PC caveat,SOURCE_REGISTERED
headline_0398,Event R2: shape_PC1_fold; comprehensive_means; region_block,0.01361550346,9212,CONFIRMED,weather_response_validation.csv,v2 + scientific-validation-1,retain source precision in tables; prose rounds to the displayed significant digits,Report individual response; local fold-PC caveat,SOURCE_REGISTERED
headline_0399,Event R2: shape_PC2_fold; comprehensive_means; region_block,0.0100958212239,9212,CONFIRMED,weather_response_validation.csv,v2 + scientific-validation-1,retain source precision in tables; prose rounds to the displayed significant digits,Report individual response; local fold-PC caveat,SOURCE_REGISTERED
headline_0400,Event R2: shape_PC3_fold; comprehensive_means; region_block,0.00607317623803,9212,CONFIRMED,weather_response_validation.csv,v2 + scientific-validation-1,retain source precision in tables; prose rounds to the displayed significant digits,Report individual response; local fold-PC caveat,SOURCE_REGISTERED
headline_0401,Event R2: front_loaded_fraction; comprehensive_plus_max; region_block,0.0379006627549,9212,CONFIRMED,weather_response_validation.csv,v2 + scientific-validation-1,retain source precision in tables; prose rounds to the displayed significant digits,Report individual response; local fold-PC caveat,SOURCE_REGISTERED
headline_0402,Event R2: late_growth_fraction; comprehensive_plus_max; region_block,0.0542434080933,9212,CONFIRMED,weather_response_validation.csv,v2 + scientific-validation-1,retain source precision in tables; prose rounds to the displayed significant digits,Report individual response; local fold-PC caveat,SOURCE_REGISTERED
headline_0403,Event R2: peak_timing; comprehensive_plus_max; region_block,-0.000237093371935,9212,CONFIRMED,weather_response_validation.csv,v2 + scientific-validation-1,retain source precision in tables; prose rounds to the displayed significant digits,Report individual response; local fold-PC caveat,SOURCE_REGISTERED
headline_0404,Event R2: terminal_taper_fraction; comprehensive_plus_max; region_block,0.103894036803,9212,CONFIRMED,weather_response_validation.csv,v2 + scientific-validation-1,retain source precision in tables; prose rounds to the displayed significant digits,Report individual response; local fold-PC caveat,SOURCE_REGISTERED
headline_0405,Event R2: normalized_entropy; comprehensive_plus_max; region_block,0.111447857771,9212,CONFIRMED,weather_response_validation.csv,v2 + scientific-validation-1,retain source precision in tables; prose rounds to the displayed significant digits,Report individual response; local fold-PC caveat,SOURCE_REGISTERED
headline_0406,Event R2: pulse_count; comprehensive_plus_max; region_block,0.0153566967971,9212,CONFIRMED,weather_response_validation.csv,v2 + scientific-validation-1,retain source precision in tables; prose rounds to the displayed significant digits,Report individual response; local fold-PC caveat,SOURCE_REGISTERED
headline_0407,Event R2: reactivation_count; comprehensive_plus_max; region_block,0.0194456886481,9212,CONFIRMED,weather_response_validation.csv,v2 + scientific-validation-1,retain source precision in tables; prose rounds to the displayed significant digits,Report individual response; local fold-PC caveat,SOURCE_REGISTERED
headline_0408,Event R2: normalized_first_difference; comprehensive_plus_max; region_block,0.230243678013,9212,CONFIRMED,weather_response_validation.csv,v2 + scientific-validation-1,retain source precision in tables; prose rounds to the displayed significant digits,Report individual response; local fold-PC caveat,SOURCE_REGISTERED
headline_0409,Event R2: normalized_second_difference; comprehensive_plus_max; region_block,0.208786994663,9212,CONFIRMED,weather_response_validation.csv,v2 + scientific-validation-1,retain source precision in tables; prose rounds to the displayed significant digits,Report individual response; local fold-PC caveat,SOURCE_REGISTERED
headline_0410,Event R2: log_area; comprehensive_plus_max; region_block,0.300490674547,9212,CONFIRMED,weather_response_validation.csv,v2 + scientific-validation-1,retain source precision in tables; prose rounds to the displayed significant digits,Report individual response; local fold-PC caveat,SOURCE_REGISTERED
headline_0411,Event R2: log_duration; comprehensive_plus_max; region_block,0.228974376047,9212,CONFIRMED,weather_response_validation.csv,v2 + scientific-validation-1,retain source precision in tables; prose rounds to the displayed significant digits,Report individual response; local fold-PC caveat,SOURCE_REGISTERED
headline_0412,Event R2: shape_PC1_fold; comprehensive_plus_max; region_block,0.0218226137769,9212,CONFIRMED,weather_response_validation.csv,v2 + scientific-validation-1,retain source precision in tables; prose rounds to the displayed significant digits,Report individual response; local fold-PC caveat,SOURCE_REGISTERED
headline_0413,Event R2: shape_PC2_fold; comprehensive_plus_max; region_block,0.0241367345783,9212,CONFIRMED,weather_response_validation.csv,v2 + scientific-validation-1,retain source precision in tables; prose rounds to the displayed significant digits,Report individual response; local fold-PC caveat,SOURCE_REGISTERED
headline_0414,Event R2: shape_PC3_fold; comprehensive_plus_max; region_block,0.00865467933284,9212,CONFIRMED,weather_response_validation.csv,v2 + scientific-validation-1,retain source precision in tables; prose rounds to the displayed significant digits,Report individual response; local fold-PC caveat,SOURCE_REGISTERED
headline_0415,Event R2: front_loaded_fraction; length_only; region_block,0.018702265932,9212,CONFIRMED,weather_response_validation.csv,v2 + scientific-validation-1,retain source precision in tables; prose rounds to the displayed significant digits,Report individual response; local fold-PC caveat,SOURCE_REGISTERED
headline_0416,Event R2: late_growth_fraction; length_only; region_block,0.0605577507259,9212,CONFIRMED,weather_response_validation.csv,v2 + scientific-validation-1,retain source precision in tables; prose rounds to the displayed significant digits,Report individual response; local fold-PC caveat,SOURCE_REGISTERED
headline_0417,Event R2: peak_timing; length_only; region_block,-0.00178782387455,9212,CONFIRMED,weather_response_validation.csv,v2 + scientific-validation-1,retain source precision in tables; prose rounds to the displayed significant digits,Report individual response; local fold-PC caveat,SOURCE_REGISTERED
headline_0418,Event R2: terminal_taper_fraction; length_only; region_block,0.187161533182,9212,CONFIRMED,weather_response_validation.csv,v2 + scientific-validation-1,retain source precision in tables; prose rounds to the displayed significant digits,Report individual response; local fold-PC caveat,SOURCE_REGISTERED
headline_0419,Event R2: normalized_entropy; length_only; region_block,0.0127862591176,9212,CONFIRMED,weather_response_validation.csv,v2 + scientific-validation-1,retain source precision in tables; prose rounds to the displayed significant digits,Report individual response; local fold-PC caveat,SOURCE_REGISTERED
headline_0420,Event R2: pulse_count; length_only; region_block,0.17217430342,9212,CONFIRMED,weather_response_validation.csv,v2 + scientific-validation-1,retain source precision in tables; prose rounds to the displayed significant digits,Report individual response; local fold-PC caveat,SOURCE_REGISTERED
headline_0421,Event R2: reactivation_count; length_only; region_block,0.165051864435,9212,CONFIRMED,weather_response_validation.csv,v2 + scientific-validation-1,retain source precision in tables; prose rounds to the displayed significant digits,Report individual response; local fold-PC caveat,SOURCE_REGISTERED
headline_0422,Event R2: normalized_first_difference; length_only; region_block,0.623562413373,9212,CONFIRMED,weather_response_validation.csv,v2 + scientific-validation-1,retain source precision in tables; prose rounds to the displayed significant digits,Report individual response; local fold-PC caveat,SOURCE_REGISTERED
headline_0423,Event R2: normalized_second_difference; length_only; region_block,0.559321220801,9212,CONFIRMED,weather_response_validation.csv,v2 + scientific-validation-1,retain source precision in tables; prose rounds to the displayed significant digits,Report individual response; local fold-PC caveat,SOURCE_REGISTERED
headline_0424,Event R2: log_area; length_only; region_block,0.477150355978,9212,CONFIRMED,weather_response_validation.csv,v2 + scientific-validation-1,retain source precision in tables; prose rounds to the displayed significant digits,Report individual response; local fold-PC caveat,SOURCE_REGISTERED
headline_0425,Event R2: log_duration; length_only; region_block,,9212,EXCLUDED_KNOWN_OUTCOME,weather_response_validation.csv,v2 + scientific-validation-1,retain source precision in tables; prose rounds to the displayed significant digits,Report individual response; local fold-PC caveat,SOURCE_REGISTERED
headline_0426,Event R2: shape_PC1_fold; length_only; region_block,0.00603214933338,9212,CONFIRMED,weather_response_validation.csv,v2 + scientific-validation-1,retain source precision in tables; prose rounds to the displayed significant digits,Report individual response; local fold-PC caveat,SOURCE_REGISTERED
headline_0427,Event R2: shape_PC2_fold; length_only; region_block,0.0468440456867,9212,CONFIRMED,weather_response_validation.csv,v2 + scientific-validation-1,retain source precision in tables; prose rounds to the displayed significant digits,Report individual response; local fold-PC caveat,SOURCE_REGISTERED
headline_0428,Event R2: shape_PC3_fold; length_only; region_block,0.00175545325565,9212,CONFIRMED,weather_response_validation.csv,v2 + scientific-validation-1,retain source precision in tables; prose rounds to the displayed significant digits,Report individual response; local fold-PC caveat,SOURCE_REGISTERED
headline_0429,Event R2: front_loaded_fraction; length_plus_max; region_block,0.0392982096382,9212,CONFIRMED,weather_response_validation.csv,v2 + scientific-validation-1,retain source precision in tables; prose rounds to the displayed significant digits,Report individual response; local fold-PC caveat,SOURCE_REGISTERED
headline_0430,Event R2: late_growth_fraction; length_plus_max; region_block,0.0777005233871,9212,CONFIRMED,weather_response_validation.csv,v2 + scientific-validation-1,retain source precision in tables; prose rounds to the displayed significant digits,Report individual response; local fold-PC caveat,SOURCE_REGISTERED
headline_0431,Event R2: peak_timing; length_plus_max; region_block,0.000405287704731,9212,CONFIRMED,weather_response_validation.csv,v2 + scientific-validation-1,retain source precision in tables; prose rounds to the displayed significant digits,Report individual response; local fold-PC caveat,SOURCE_REGISTERED
headline_0432,Event R2: terminal_taper_fraction; length_plus_max; region_block,0.199094429397,9212,CONFIRMED,weather_response_validation.csv,v2 + scientific-validation-1,retain source precision in tables; prose rounds to the displayed significant digits,Report individual response; local fold-PC caveat,SOURCE_REGISTERED
headline_0433,Event R2: normalized_entropy; length_plus_max; region_block,0.0453815491716,9212,CONFIRMED,weather_response_validation.csv,v2 + scientific-validation-1,retain source precision in tables; prose rounds to the displayed significant digits,Report individual response; local fold-PC caveat,SOURCE_REGISTERED
headline_0434,Event R2: pulse_count; length_plus_max; region_block,0.18399104611,9212,CONFIRMED,weather_response_validation.csv,v2 + scientific-validation-1,retain source precision in tables; prose rounds to the displayed significant digits,Report individual response; local fold-PC caveat,SOURCE_REGISTERED
headline_0435,Event R2: reactivation_count; length_plus_max; region_block,0.165883365467,9212,CONFIRMED,weather_response_validation.csv,v2 + scientific-validation-1,retain source precision in tables; prose rounds to the displayed significant digits,Report individual response; local fold-PC caveat,SOURCE_REGISTERED
headline_0436,Event R2: normalized_first_difference; length_plus_max; region_block,0.632083644328,9212,CONFIRMED,weather_response_validation.csv,v2 + scientific-validation-1,retain source precision in tables; prose rounds to the displayed significant digits,Report individual response; local fold-PC caveat,SOURCE_REGISTERED
headline_0437,Event R2: normalized_second_difference; length_plus_max; region_block,0.565846407698,9212,CONFIRMED,weather_response_validation.csv,v2 + scientific-validation-1,retain source precision in tables; prose rounds to the displayed significant digits,Report individual response; local fold-PC caveat,SOURCE_REGISTERED
headline_0438,Event R2: log_area; length_plus_max; region_block,0.512394629561,9212,CONFIRMED,weather_response_validation.csv,v2 + scientific-validation-1,retain source precision in tables; prose rounds to the displayed significant digits,Report individual response; local fold-PC caveat,SOURCE_REGISTERED
headline_0439,Event R2: log_duration; length_plus_max; region_block,,9212,EXCLUDED_KNOWN_OUTCOME,weather_response_validation.csv,v2 + scientific-validation-1,retain source precision in tables; prose rounds to the displayed significant digits,Report individual response; local fold-PC caveat,SOURCE_REGISTERED
headline_0440,Event R2: shape_PC1_fold; length_plus_max; region_block,0.0270519591996,9212,CONFIRMED,weather_response_validation.csv,v2 + scientific-validation-1,retain source precision in tables; prose rounds to the displayed significant digits,Report individual response; local fold-PC caveat,SOURCE_REGISTERED
headline_0441,Event R2: shape_PC2_fold; length_plus_max; region_block,0.0504049391429,9212,CONFIRMED,weather_response_validation.csv,v2 + scientific-validation-1,retain source precision in tables; prose rounds to the displayed significant digits,Report individual response; local fold-PC caveat,SOURCE_REGISTERED
headline_0442,Event R2: shape_PC3_fold; length_plus_max; region_block,0.00653208843199,9212,CONFIRMED,weather_response_validation.csv,v2 + scientific-validation-1,retain source precision in tables; prose rounds to the displayed significant digits,Report individual response; local fold-PC caveat,SOURCE_REGISTERED
headline_0443,Event R2: front_loaded_fraction; length_plus_core; region_block,0.0380061380513,9212,CONFIRMED,weather_response_validation.csv,v2 + scientific-validation-1,retain source precision in tables; prose rounds to the displayed significant digits,Report individual response; local fold-PC caveat,SOURCE_REGISTERED
headline_0444,Event R2: late_growth_fraction; length_plus_core; region_block,0.0847906548275,9212,CONFIRMED,weather_response_validation.csv,v2 + scientific-validation-1,retain source precision in tables; prose rounds to the displayed significant digits,Report individual response; local fold-PC caveat,SOURCE_REGISTERED
headline_0445,Event R2: peak_timing; length_plus_core; region_block,0.00132058251037,9212,CONFIRMED,weather_response_validation.csv,v2 + scientific-validation-1,retain source precision in tables; prose rounds to the displayed significant digits,Report individual response; local fold-PC caveat,SOURCE_REGISTERED
headline_0446,Event R2: terminal_taper_fraction; length_plus_core; region_block,0.219114230635,9212,CONFIRMED,weather_response_validation.csv,v2 + scientific-validation-1,retain source precision in tables; prose rounds to the displayed significant digits,Report individual response; local fold-PC caveat,SOURCE_REGISTERED
headline_0447,Event R2: normalized_entropy; length_plus_core; region_block,0.0890365625482,9212,CONFIRMED,weather_response_validation.csv,v2 + scientific-validation-1,retain source precision in tables; prose rounds to the displayed significant digits,Report individual response; local fold-PC caveat,SOURCE_REGISTERED
headline_0448,Event R2: pulse_count; length_plus_core; region_block,0.182677477585,9212,CONFIRMED,weather_response_validation.csv,v2 + scientific-validation-1,retain source precision in tables; prose rounds to the displayed significant digits,Report individual response; local fold-PC caveat,SOURCE_REGISTERED
headline_0449,Event R2: reactivation_count; length_plus_core; region_block,0.165065928598,9212,CONFIRMED,weather_response_validation.csv,v2 + scientific-validation-1,retain source precision in tables; prose rounds to the displayed significant digits,Report individual response; local fold-PC caveat,SOURCE_REGISTERED
headline_0450,Event R2: normalized_first_difference; length_plus_core; region_block,0.64171158708,9212,CONFIRMED,weather_response_validation.csv,v2 + scientific-validation-1,retain source precision in tables; prose rounds to the displayed significant digits,Report individual response; local fold-PC caveat,SOURCE_REGISTERED
headline_0451,Event R2: normalized_second_difference; length_plus_core; region_block,0.576119931646,9212,CONFIRMED,weather_response_validation.csv,v2 + scientific-validation-1,retain source precision in tables; prose rounds to the displayed significant digits,Report individual response; local fold-PC caveat,SOURCE_REGISTERED
headline_0452,Event R2: log_area; length_plus_core; region_block,0.545967218744,9212,CONFIRMED,weather_response_validation.csv,v2 + scientific-validation-1,retain source precision in tables; prose rounds to the displayed significant digits,Report individual response; local fold-PC caveat,SOURCE_REGISTERED
headline_0453,Event R2: log_duration; length_plus_core; region_block,,9212,EXCLUDED_KNOWN_OUTCOME,weather_response_validation.csv,v2 + scientific-validation-1,retain source precision in tables; prose rounds to the displayed significant digits,Report individual response; local fold-PC caveat,SOURCE_REGISTERED
headline_0454,Event R2: shape_PC1_fold; length_plus_core; region_block,0.0273518478933,9212,CONFIRMED,weather_response_validation.csv,v2 + scientific-validation-1,retain source precision in tables; prose rounds to the displayed significant digits,Report individual response; local fold-PC caveat,SOURCE_REGISTERED
headline_0455,Event R2: shape_PC2_fold; length_plus_core; region_block,0.054945801559,9212,CONFIRMED,weather_response_validation.csv,v2 + scientific-validation-1,retain source precision in tables; prose rounds to the displayed significant digits,Report individual response; local fold-PC caveat,SOURCE_REGISTERED
headline_0456,Event R2: shape_PC3_fold; length_plus_core; region_block,0.00619144469562,9212,CONFIRMED,weather_response_validation.csv,v2 + scientific-validation-1,retain source precision in tables; prose rounds to the displayed significant digits,Report individual response; local fold-PC caveat,SOURCE_REGISTERED
headline_0457,Event R2: front_loaded_fraction; length_plus_core_max; region_block,0.0386313650847,9212,CONFIRMED,weather_response_validation.csv,v2 + scientific-validation-1,retain source precision in tables; prose rounds to the displayed significant digits,Report individual response; local fold-PC caveat,SOURCE_REGISTERED
headline_0458,Event R2: late_growth_fraction; length_plus_core_max; region_block,0.0850253948952,9212,CONFIRMED,weather_response_validation.csv,v2 + scientific-validation-1,retain source precision in tables; prose rounds to the displayed significant digits,Report individual response; local fold-PC caveat,SOURCE_REGISTERED
headline_0459,Event R2: peak_timing; length_plus_core_max; region_block,0.000293910724542,9212,CONFIRMED,weather_response_validation.csv,v2 + scientific-validation-1,retain source precision in tables; prose rounds to the displayed significant digits,Report individual response; local fold-PC caveat,SOURCE_REGISTERED
headline_0460,Event R2: terminal_taper_fraction; length_plus_core_max; region_block,0.219430462639,9212,CONFIRMED,weather_response_validation.csv,v2 + scientific-validation-1,retain source precision in tables; prose rounds to the displayed significant digits,Report individual response; local fold-PC caveat,SOURCE_REGISTERED
headline_0461,Event R2: normalized_entropy; length_plus_core_max; region_block,0.0940669147034,9212,CONFIRMED,weather_response_validation.csv,v2 + scientific-validation-1,retain source precision in tables; prose rounds to the displayed significant digits,Report individual response; local fold-PC caveat,SOURCE_REGISTERED
headline_0462,Event R2: pulse_count; length_plus_core_max; region_block,0.186492114154,9212,CONFIRMED,weather_response_validation.csv,v2 + scientific-validation-1,retain source precision in tables; prose rounds to the displayed significant digits,Report individual response; local fold-PC caveat,SOURCE_REGISTERED
headline_0463,Event R2: reactivation_count; length_plus_core_max; region_block,0.165108106197,9212,CONFIRMED,weather_response_validation.csv,v2 + scientific-validation-1,retain source precision in tables; prose rounds to the displayed significant digits,Report individual response; local fold-PC caveat,SOURCE_REGISTERED
headline_0464,Event R2: normalized_first_difference; length_plus_core_max; region_block,0.644534244368,9212,CONFIRMED,weather_response_validation.csv,v2 + scientific-validation-1,retain source precision in tables; prose rounds to the displayed significant digits,Report individual response; local fold-PC caveat,SOURCE_REGISTERED
headline_0465,Event R2: normalized_second_difference; length_plus_core_max; region_block,0.578371084381,9212,CONFIRMED,weather_response_validation.csv,v2 + scientific-validation-1,retain source precision in tables; prose rounds to the displayed significant digits,Report individual response; local fold-PC caveat,SOURCE_REGISTERED
headline_0466,Event R2: log_area; length_plus_core_max; region_block,0.552322615048,9212,CONFIRMED,weather_response_validation.csv,v2 + scientific-validation-1,retain source precision in tables; prose rounds to the displayed significant digits,Report individual response; local fold-PC caveat,SOURCE_REGISTERED
headline_0467,Event R2: log_duration; length_plus_core_max; region_block,,9212,EXCLUDED_KNOWN_OUTCOME,weather_response_validation.csv,v2 + scientific-validation-1,retain source precision in tables; prose rounds to the displayed significant digits,Report individual response; local fold-PC caveat,SOURCE_REGISTERED
headline_0468,Event R2: shape_PC1_fold; length_plus_core_max; region_block,0.0278411537963,9212,CONFIRMED,weather_response_validation.csv,v2 + scientific-validation-1,retain source precision in tables; prose rounds to the displayed significant digits,Report individual response; local fold-PC caveat,SOURCE_REGISTERED
headline_0469,Event R2: shape_PC2_fold; length_plus_core_max; region_block,0.0548351651638,9212,CONFIRMED,weather_response_validation.csv,v2 + scientific-validation-1,retain source precision in tables; prose rounds to the displayed significant digits,Report individual response; local fold-PC caveat,SOURCE_REGISTERED
headline_0470,Event R2: shape_PC3_fold; length_plus_core_max; region_block,0.00819646298806,9212,CONFIRMED,weather_response_validation.csv,v2 + scientific-validation-1,retain source precision in tables; prose rounds to the displayed significant digits,Report individual response; local fold-PC caveat,SOURCE_REGISTERED
headline_0471,Event R2: front_loaded_fraction; core_quantile_exceedance; region_block,0.019751636203,9212,CONFIRMED,weather_response_validation.csv,v2 + scientific-validation-1,retain source precision in tables; prose rounds to the displayed significant digits,Report individual response; local fold-PC caveat,SOURCE_REGISTERED
headline_0472,Event R2: late_growth_fraction; core_quantile_exceedance; region_block,0.0358264683356,9212,CONFIRMED,weather_response_validation.csv,v2 + scientific-validation-1,retain source precision in tables; prose rounds to the displayed significant digits,Report individual response; local fold-PC caveat,SOURCE_REGISTERED
headline_0473,Event R2: peak_timing; core_quantile_exceedance; region_block,0.000750722890757,9212,CONFIRMED,weather_response_validation.csv,v2 + scientific-validation-1,retain source precision in tables; prose rounds to the displayed significant digits,Report individual response; local fold-PC caveat,SOURCE_REGISTERED
headline_0474,Event R2: terminal_taper_fraction; core_quantile_exceedance; region_block,0.0731488419922,9212,CONFIRMED,weather_response_validation.csv,v2 + scientific-validation-1,retain source precision in tables; prose rounds to the displayed significant digits,Report individual response; local fold-PC caveat,SOURCE_REGISTERED
headline_0475,Event R2: normalized_entropy; core_quantile_exceedance; region_block,0.066772774449,9212,CONFIRMED,weather_response_validation.csv,v2 + scientific-validation-1,retain source precision in tables; prose rounds to the displayed significant digits,Report individual response; local fold-PC caveat,SOURCE_REGISTERED
headline_0476,Event R2: pulse_count; core_quantile_exceedance; region_block,0.0129363958465,9212,CONFIRMED,weather_response_validation.csv,v2 + scientific-validation-1,retain source precision in tables; prose rounds to the displayed significant digits,Report individual response; local fold-PC caveat,SOURCE_REGISTERED
headline_0477,Event R2: reactivation_count; core_quantile_exceedance; region_block,0.0105127956927,9212,CONFIRMED,weather_response_validation.csv,v2 + scientific-validation-1,retain source precision in tables; prose rounds to the displayed significant digits,Report individual response; local fold-PC caveat,SOURCE_REGISTERED
headline_0478,Event R2: normalized_first_difference; core_quantile_exceedance; region_block,0.149788453528,9212,CONFIRMED,weather_response_validation.csv,v2 + scientific-validation-1,retain source precision in tables; prose rounds to the displayed significant digits,Report individual response; local fold-PC caveat,SOURCE_REGISTERED
headline_0479,Event R2: normalized_second_difference; core_quantile_exceedance; region_block,0.139986704394,9212,CONFIRMED,weather_response_validation.csv,v2 + scientific-validation-1,retain source precision in tables; prose rounds to the displayed significant digits,Report individual response; local fold-PC caveat,SOURCE_REGISTERED
headline_0480,Event R2: log_area; core_quantile_exceedance; region_block,0.181239411548,9212,CONFIRMED,weather_response_validation.csv,v2 + scientific-validation-1,retain source precision in tables; prose rounds to the displayed significant digits,Report individual response; local fold-PC caveat,SOURCE_REGISTERED
headline_0481,Event R2: log_duration; core_quantile_exceedance; region_block,0.162334414248,9212,CONFIRMED,weather_response_validation.csv,v2 + scientific-validation-1,retain source precision in tables; prose rounds to the displayed significant digits,Report individual response; local fold-PC caveat,SOURCE_REGISTERED
headline_0482,Event R2: shape_PC1_fold; core_quantile_exceedance; region_block,0.00420576634066,9212,CONFIRMED,weather_response_validation.csv,v2 + scientific-validation-1,retain source precision in tables; prose rounds to the displayed significant digits,Report individual response; local fold-PC caveat,SOURCE_REGISTERED
headline_0483,Event R2: shape_PC2_fold; core_quantile_exceedance; region_block,0.0137891394438,9212,CONFIRMED,weather_response_validation.csv,v2 + scientific-validation-1,retain source precision in tables; prose rounds to the displayed significant digits,Report individual response; local fold-PC caveat,SOURCE_REGISTERED
headline_0484,Event R2: shape_PC3_fold; core_quantile_exceedance; region_block,0.00411293225528,9212,CONFIRMED,weather_response_validation.csv,v2 + scientific-validation-1,retain source precision in tables; prose rounds to the displayed significant digits,Report individual response; local fold-PC caveat,SOURCE_REGISTERED
headline_0485,Event R2: front_loaded_fraction; mean_only; spatiotemporal,-0.0114873701972,9212,CONFIRMED,weather_response_validation.csv,v2 + scientific-validation-1,retain source precision in tables; prose rounds to the displayed significant digits,Report individual response; local fold-PC caveat,SOURCE_REGISTERED
headline_0486,Event R2: late_growth_fraction; mean_only; spatiotemporal,-0.0144380633099,9212,CONFIRMED,weather_response_validation.csv,v2 + scientific-validation-1,retain source precision in tables; prose rounds to the displayed significant digits,Report individual response; local fold-PC caveat,SOURCE_REGISTERED
headline_0487,Event R2: peak_timing; mean_only; spatiotemporal,-0.000837822133107,9212,CONFIRMED,weather_response_validation.csv,v2 + scientific-validation-1,retain source precision in tables; prose rounds to the displayed significant digits,Report individual response; local fold-PC caveat,SOURCE_REGISTERED
headline_0488,Event R2: terminal_taper_fraction; mean_only; spatiotemporal,-0.0213364443219,9212,CONFIRMED,weather_response_validation.csv,v2 + scientific-validation-1,retain source precision in tables; prose rounds to the displayed significant digits,Report individual response; local fold-PC caveat,SOURCE_REGISTERED
headline_0489,Event R2: normalized_entropy; mean_only; spatiotemporal,-0.0377842419292,9212,CONFIRMED,weather_response_validation.csv,v2 + scientific-validation-1,retain source precision in tables; prose rounds to the displayed significant digits,Report individual response; local fold-PC caveat,SOURCE_REGISTERED
headline_0490,Event R2: pulse_count; mean_only; spatiotemporal,-3.06646358357e-05,9212,CONFIRMED,weather_response_validation.csv,v2 + scientific-validation-1,retain source precision in tables; prose rounds to the displayed significant digits,Report individual response; local fold-PC caveat,SOURCE_REGISTERED
headline_0491,Event R2: reactivation_count; mean_only; spatiotemporal,-0.000924860977687,9212,CONFIRMED,weather_response_validation.csv,v2 + scientific-validation-1,retain source precision in tables; prose rounds to the displayed significant digits,Report individual response; local fold-PC caveat,SOURCE_REGISTERED
headline_0492,Event R2: normalized_first_difference; mean_only; spatiotemporal,-0.0332737310521,9212,CONFIRMED,weather_response_validation.csv,v2 + scientific-validation-1,retain source precision in tables; prose rounds to the displayed significant digits,Report individual response; local fold-PC caveat,SOURCE_REGISTERED
headline_0493,Event R2: normalized_second_difference; mean_only; spatiotemporal,-0.0299923195213,9212,CONFIRMED,weather_response_validation.csv,v2 + scientific-validation-1,retain source precision in tables; prose rounds to the displayed significant digits,Report individual response; local fold-PC caveat,SOURCE_REGISTERED
headline_0494,Event R2: log_area; mean_only; spatiotemporal,-0.0581078320333,9212,CONFIRMED,weather_response_validation.csv,v2 + scientific-validation-1,retain source precision in tables; prose rounds to the displayed significant digits,Report individual response; local fold-PC caveat,SOURCE_REGISTERED
headline_0495,Event R2: log_duration; mean_only; spatiotemporal,-0.0165671533717,9212,CONFIRMED,weather_response_validation.csv,v2 + scientific-validation-1,retain source precision in tables; prose rounds to the displayed significant digits,Report individual response; local fold-PC caveat,SOURCE_REGISTERED
headline_0496,Event R2: shape_PC1_fold; mean_only; spatiotemporal,-0.033753169987,9212,CONFIRMED,weather_response_validation.csv,v2 + scientific-validation-1,retain source precision in tables; prose rounds to the displayed significant digits,Report individual response; local fold-PC caveat,SOURCE_REGISTERED
headline_0497,Event R2: shape_PC2_fold; mean_only; spatiotemporal,-0.0181059781732,9212,CONFIRMED,weather_response_validation.csv,v2 + scientific-validation-1,retain source precision in tables; prose rounds to the displayed significant digits,Report individual response; local fold-PC caveat,SOURCE_REGISTERED
headline_0498,Event R2: shape_PC3_fold; mean_only; spatiotemporal,-0.0089721449274,9212,CONFIRMED,weather_response_validation.csv,v2 + scientific-validation-1,retain source precision in tables; prose rounds to the displayed significant digits,Report individual response; local fold-PC caveat,SOURCE_REGISTERED
headline_0499,Event R2: front_loaded_fraction; core_means; spatiotemporal,0.0150844141315,9212,CONFIRMED,weather_response_validation.csv,v2 + scientific-validation-1,retain source precision in tables; prose rounds to the displayed significant digits,Report individual response; local fold-PC caveat,SOURCE_REGISTERED
headline_0500,Event R2: late_growth_fraction; core_means; spatiotemporal,0.0223455905962,9212,CONFIRMED,weather_response_validation.csv,v2 + scientific-validation-1,retain source precision in tables; prose rounds to the displayed significant digits,Report individual response; local fold-PC caveat,SOURCE_REGISTERED
headline_0501,Event R2: peak_timing; core_means; spatiotemporal,0.00190033782187,9212,CONFIRMED,weather_response_validation.csv,v2 + scientific-validation-1,retain source precision in tables; prose rounds to the displayed significant digits,Report individual response; local fold-PC caveat,SOURCE_REGISTERED
headline_0502,Event R2: terminal_taper_fraction; core_means; spatiotemporal,0.0345994360868,9212,CONFIRMED,weather_response_validation.csv,v2 + scientific-validation-1,retain source precision in tables; prose rounds to the displayed significant digits,Report individual response; local fold-PC caveat,SOURCE_REGISTERED
headline_0503,Event R2: normalized_entropy; core_means; spatiotemporal,0.0532634864196,9212,CONFIRMED,weather_response_validation.csv,v2 + scientific-validation-1,retain source precision in tables; prose rounds to the displayed significant digits,Report individual response; local fold-PC caveat,SOURCE_REGISTERED
headline_0504,Event R2: pulse_count; core_means; spatiotemporal,0.000559533790871,9212,CONFIRMED,weather_response_validation.csv,v2 + scientific-validation-1,retain source precision in tables; prose rounds to the displayed significant digits,Report individual response; local fold-PC caveat,SOURCE_REGISTERED
headline_0505,Event R2: reactivation_count; core_means; spatiotemporal,-0.00224391158565,9212,CONFIRMED,weather_response_validation.csv,v2 + scientific-validation-1,retain source precision in tables; prose rounds to the displayed significant digits,Report individual response; local fold-PC caveat,SOURCE_REGISTERED
headline_0506,Event R2: normalized_first_difference; core_means; spatiotemporal,0.0304189417673,9212,CONFIRMED,weather_response_validation.csv,v2 + scientific-validation-1,retain source precision in tables; prose rounds to the displayed significant digits,Report individual response; local fold-PC caveat,SOURCE_REGISTERED
headline_0507,Event R2: normalized_second_difference; core_means; spatiotemporal,0.027962395227,9212,CONFIRMED,weather_response_validation.csv,v2 + scientific-validation-1,retain source precision in tables; prose rounds to the displayed significant digits,Report individual response; local fold-PC caveat,SOURCE_REGISTERED
headline_0508,Event R2: log_area; core_means; spatiotemporal,0.074919051377,9212,CONFIRMED,weather_response_validation.csv,v2 + scientific-validation-1,retain source precision in tables; prose rounds to the displayed significant digits,Report individual response; local fold-PC caveat,SOURCE_REGISTERED
headline_0509,Event R2: log_duration; core_means; spatiotemporal,0.0110620999586,9212,CONFIRMED,weather_response_validation.csv,v2 + scientific-validation-1,retain source precision in tables; prose rounds to the displayed significant digits,Report individual response; local fold-PC caveat,SOURCE_REGISTERED
headline_0510,Event R2: shape_PC1_fold; core_means; spatiotemporal,-0.00418988048522,9212,CONFIRMED,weather_response_validation.csv,v2 + scientific-validation-1,retain source precision in tables; prose rounds to the displayed significant digits,Report individual response; local fold-PC caveat,SOURCE_REGISTERED
headline_0511,Event R2: shape_PC2_fold; core_means; spatiotemporal,-0.00330054424982,9212,CONFIRMED,weather_response_validation.csv,v2 + scientific-validation-1,retain source precision in tables; prose rounds to the displayed significant digits,Report individual response; local fold-PC caveat,SOURCE_REGISTERED
headline_0512,Event R2: shape_PC3_fold; core_means; spatiotemporal,-0.00277491415392,9212,CONFIRMED,weather_response_validation.csv,v2 + scientific-validation-1,retain source precision in tables; prose rounds to the displayed significant digits,Report individual response; local fold-PC caveat,SOURCE_REGISTERED
headline_0513,Event R2: front_loaded_fraction; max_vpd_only; spatiotemporal,0.0194781103663,9212,CONFIRMED,weather_response_validation.csv,v2 + scientific-validation-1,retain source precision in tables; prose rounds to the displayed significant digits,Report individual response; local fold-PC caveat,SOURCE_REGISTERED
headline_0514,Event R2: late_growth_fraction; max_vpd_only; spatiotemporal,0.0223024919229,9212,CONFIRMED,weather_response_validation.csv,v2 + scientific-validation-1,retain source precision in tables; prose rounds to the displayed significant digits,Report individual response; local fold-PC caveat,SOURCE_REGISTERED
headline_0515,Event R2: peak_timing; max_vpd_only; spatiotemporal,0.00101527630107,9212,CONFIRMED,weather_response_validation.csv,v2 + scientific-validation-1,retain source precision in tables; prose rounds to the displayed significant digits,Report individual response; local fold-PC caveat,SOURCE_REGISTERED
headline_0516,Event R2: terminal_taper_fraction; max_vpd_only; spatiotemporal,0.0296098588991,9212,CONFIRMED,weather_response_validation.csv,v2 + scientific-validation-1,retain source precision in tables; prose rounds to the displayed significant digits,Report individual response; local fold-PC caveat,SOURCE_REGISTERED
headline_0517,Event R2: normalized_entropy; max_vpd_only; spatiotemporal,0.015417900331,9212,CONFIRMED,weather_response_validation.csv,v2 + scientific-validation-1,retain source precision in tables; prose rounds to the displayed significant digits,Report individual response; local fold-PC caveat,SOURCE_REGISTERED
headline_0518,Event R2: pulse_count; max_vpd_only; spatiotemporal,-0.000889973497689,9212,CONFIRMED,weather_response_validation.csv,v2 + scientific-validation-1,retain source precision in tables; prose rounds to the displayed significant digits,Report individual response; local fold-PC caveat,SOURCE_REGISTERED
headline_0519,Event R2: reactivation_count; max_vpd_only; spatiotemporal,0.00224654901065,9212,CONFIRMED,weather_response_validation.csv,v2 + scientific-validation-1,retain source precision in tables; prose rounds to the displayed significant digits,Report individual response; local fold-PC caveat,SOURCE_REGISTERED
headline_0520,Event R2: normalized_first_difference; max_vpd_only; spatiotemporal,0.0503881505285,9212,CONFIRMED,weather_response_validation.csv,v2 + scientific-validation-1,retain source precision in tables; prose rounds to the displayed significant digits,Report individual response; local fold-PC caveat,SOURCE_REGISTERED
headline_0521,Event R2: normalized_second_difference; max_vpd_only; spatiotemporal,0.0453166110093,9212,CONFIRMED,weather_response_validation.csv,v2 + scientific-validation-1,retain source precision in tables; prose rounds to the displayed significant digits,Report individual response; local fold-PC caveat,SOURCE_REGISTERED
headline_0522,Event R2: log_area; max_vpd_only; spatiotemporal,0.0702900134434,9212,CONFIRMED,weather_response_validation.csv,v2 + scientific-validation-1,retain source precision in tables; prose rounds to the displayed significant digits,Report individual response; local fold-PC caveat,SOURCE_REGISTERED
headline_0523,Event R2: log_duration; max_vpd_only; spatiotemporal,0.0448354063967,9212,CONFIRMED,weather_response_validation.csv,v2 + scientific-validation-1,retain source precision in tables; prose rounds to the displayed significant digits,Report individual response; local fold-PC caveat,SOURCE_REGISTERED
headline_0524,Event R2: shape_PC1_fold; max_vpd_only; spatiotemporal,-0.000927680210714,9212,CONFIRMED,weather_response_validation.csv,v2 + scientific-validation-1,retain source precision in tables; prose rounds to the displayed significant digits,Report individual response; local fold-PC caveat,SOURCE_REGISTERED
headline_0525,Event R2: shape_PC2_fold; max_vpd_only; spatiotemporal,-0.00354798289315,9212,CONFIRMED,weather_response_validation.csv,v2 + scientific-validation-1,retain source precision in tables; prose rounds to the displayed significant digits,Report individual response; local fold-PC caveat,SOURCE_REGISTERED
headline_0526,Event R2: shape_PC3_fold; max_vpd_only; spatiotemporal,-0.000481097496438,9212,CONFIRMED,weather_response_validation.csv,v2 + scientific-validation-1,retain source precision in tables; prose rounds to the displayed significant digits,Report individual response; local fold-PC caveat,SOURCE_REGISTERED
headline_0527,Event R2: front_loaded_fraction; core_plus_max; spatiotemporal,0.0210262464704,9212,CONFIRMED,weather_response_validation.csv,v2 + scientific-validation-1,retain source precision in tables; prose rounds to the displayed significant digits,Report individual response; local fold-PC caveat,SOURCE_REGISTERED
headline_0528,Event R2: late_growth_fraction; core_plus_max; spatiotemporal,0.0369800194728,9212,CONFIRMED,weather_response_validation.csv,v2 + scientific-validation-1,retain source precision in tables; prose rounds to the displayed significant digits,Report individual response; local fold-PC caveat,SOURCE_REGISTERED
headline_0529,Event R2: peak_timing; core_plus_max; spatiotemporal,0.000314405789068,9212,CONFIRMED,weather_response_validation.csv,v2 + scientific-validation-1,retain source precision in tables; prose rounds to the displayed significant digits,Report individual response; local fold-PC caveat,SOURCE_REGISTERED
headline_0530,Event R2: terminal_taper_fraction; core_plus_max; spatiotemporal,0.0783615074182,9212,CONFIRMED,weather_response_validation.csv,v2 + scientific-validation-1,retain source precision in tables; prose rounds to the displayed significant digits,Report individual response; local fold-PC caveat,SOURCE_REGISTERED
headline_0531,Event R2: normalized_entropy; core_plus_max; spatiotemporal,0.0725435825706,9212,CONFIRMED,weather_response_validation.csv,v2 + scientific-validation-1,retain source precision in tables; prose rounds to the displayed significant digits,Report individual response; local fold-PC caveat,SOURCE_REGISTERED
headline_0532,Event R2: pulse_count; core_plus_max; spatiotemporal,0.0183069663858,9212,CONFIRMED,weather_response_validation.csv,v2 + scientific-validation-1,retain source precision in tables; prose rounds to the displayed significant digits,Report individual response; local fold-PC caveat,SOURCE_REGISTERED
headline_0533,Event R2: reactivation_count; core_plus_max; spatiotemporal,0.0207556495016,9212,CONFIRMED,weather_response_validation.csv,v2 + scientific-validation-1,retain source precision in tables; prose rounds to the displayed significant digits,Report individual response; local fold-PC caveat,SOURCE_REGISTERED
headline_0534,Event R2: normalized_first_difference; core_plus_max; spatiotemporal,0.170413136792,9212,CONFIRMED,weather_response_validation.csv,v2 + scientific-validation-1,retain source precision in tables; prose rounds to the displayed significant digits,Report individual response; local fold-PC caveat,SOURCE_REGISTERED
headline_0535,Event R2: normalized_second_difference; core_plus_max; spatiotemporal,0.156525634857,9212,CONFIRMED,weather_response_validation.csv,v2 + scientific-validation-1,retain source precision in tables; prose rounds to the displayed significant digits,Report individual response; local fold-PC caveat,SOURCE_REGISTERED
headline_0536,Event R2: log_area; core_plus_max; spatiotemporal,0.200487170604,9212,CONFIRMED,weather_response_validation.csv,v2 + scientific-validation-1,retain source precision in tables; prose rounds to the displayed significant digits,Report individual response; local fold-PC caveat,SOURCE_REGISTERED
headline_0537,Event R2: log_duration; core_plus_max; spatiotemporal,0.189990955609,9212,CONFIRMED,weather_response_validation.csv,v2 + scientific-validation-1,retain source precision in tables; prose rounds to the displayed significant digits,Report individual response; local fold-PC caveat,SOURCE_REGISTERED
headline_0538,Event R2: shape_PC1_fold; core_plus_max; spatiotemporal,0.00287020906604,9212,CONFIRMED,weather_response_validation.csv,v2 + scientific-validation-1,retain source precision in tables; prose rounds to the displayed significant digits,Report individual response; local fold-PC caveat,SOURCE_REGISTERED
headline_0539,Event R2: shape_PC2_fold; core_plus_max; spatiotemporal,0.00996168406962,9212,CONFIRMED,weather_response_validation.csv,v2 + scientific-validation-1,retain source precision in tables; prose rounds to the displayed significant digits,Report individual response; local fold-PC caveat,SOURCE_REGISTERED
headline_0540,Event R2: shape_PC3_fold; core_plus_max; spatiotemporal,0.00235776183781,9212,CONFIRMED,weather_response_validation.csv,v2 + scientific-validation-1,retain source precision in tables; prose rounds to the displayed significant digits,Report individual response; local fold-PC caveat,SOURCE_REGISTERED
headline_0541,Event R2: front_loaded_fraction; comprehensive_means; spatiotemporal,0.031249943002,9212,CONFIRMED,weather_response_validation.csv,v2 + scientific-validation-1,retain source precision in tables; prose rounds to the displayed significant digits,Report individual response; local fold-PC caveat,SOURCE_REGISTERED
headline_0542,Event R2: late_growth_fraction; comprehensive_means; spatiotemporal,0.0368931921553,9212,CONFIRMED,weather_response_validation.csv,v2 + scientific-validation-1,retain source precision in tables; prose rounds to the displayed significant digits,Report individual response; local fold-PC caveat,SOURCE_REGISTERED
headline_0543,Event R2: peak_timing; comprehensive_means; spatiotemporal,-0.00244527047807,9212,CONFIRMED,weather_response_validation.csv,v2 + scientific-validation-1,retain source precision in tables; prose rounds to the displayed significant digits,Report individual response; local fold-PC caveat,SOURCE_REGISTERED
headline_0544,Event R2: terminal_taper_fraction; comprehensive_means; spatiotemporal,0.061429031082,9212,CONFIRMED,weather_response_validation.csv,v2 + scientific-validation-1,retain source precision in tables; prose rounds to the displayed significant digits,Report individual response; local fold-PC caveat,SOURCE_REGISTERED
headline_0545,Event R2: normalized_entropy; comprehensive_means; spatiotemporal,0.0938400914758,9212,CONFIRMED,weather_response_validation.csv,v2 + scientific-validation-1,retain source precision in tables; prose rounds to the displayed significant digits,Report individual response; local fold-PC caveat,SOURCE_REGISTERED
headline_0546,Event R2: pulse_count; comprehensive_means; spatiotemporal,-0.00160922699761,9212,CONFIRMED,weather_response_validation.csv,v2 + scientific-validation-1,retain source precision in tables; prose rounds to the displayed significant digits,Report individual response; local fold-PC caveat,SOURCE_REGISTERED
headline_0547,Event R2: reactivation_count; comprehensive_means; spatiotemporal,-0.0054717471694,9212,CONFIRMED,weather_response_validation.csv,v2 + scientific-validation-1,retain source precision in tables; prose rounds to the displayed significant digits,Report individual response; local fold-PC caveat,SOURCE_REGISTERED
headline_0548,Event R2: normalized_first_difference; comprehensive_means; spatiotemporal,0.105248224732,9212,CONFIRMED,weather_response_validation.csv,v2 + scientific-validation-1,retain source precision in tables; prose rounds to the displayed significant digits,Report individual response; local fold-PC caveat,SOURCE_REGISTERED
headline_0549,Event R2: normalized_second_difference; comprehensive_means; spatiotemporal,0.0934702990543,9212,CONFIRMED,weather_response_validation.csv,v2 + scientific-validation-1,retain source precision in tables; prose rounds to the displayed significant digits,Report individual response; local fold-PC caveat,SOURCE_REGISTERED
headline_0550,Event R2: log_area; comprehensive_means; spatiotemporal,0.187638934208,9212,CONFIRMED,weather_response_validation.csv,v2 + scientific-validation-1,retain source precision in tables; prose rounds to the displayed significant digits,Report individual response; local fold-PC caveat,SOURCE_REGISTERED
headline_0551,Event R2: log_duration; comprehensive_means; spatiotemporal,0.0645320816717,9212,CONFIRMED,weather_response_validation.csv,v2 + scientific-validation-1,retain source precision in tables; prose rounds to the displayed significant digits,Report individual response; local fold-PC caveat,SOURCE_REGISTERED
headline_0552,Event R2: shape_PC1_fold; comprehensive_means; spatiotemporal,0.0100909301831,9212,CONFIRMED,weather_response_validation.csv,v2 + scientific-validation-1,retain source precision in tables; prose rounds to the displayed significant digits,Report individual response; local fold-PC caveat,SOURCE_REGISTERED
headline_0553,Event R2: shape_PC2_fold; comprehensive_means; spatiotemporal,0.00463817199963,9212,CONFIRMED,weather_response_validation.csv,v2 + scientific-validation-1,retain source precision in tables; prose rounds to the displayed significant digits,Report individual response; local fold-PC caveat,SOURCE_REGISTERED
headline_0554,Event R2: shape_PC3_fold; comprehensive_means; spatiotemporal,0.00320483872949,9212,CONFIRMED,weather_response_validation.csv,v2 + scientific-validation-1,retain source precision in tables; prose rounds to the displayed significant digits,Report individual response; local fold-PC caveat,SOURCE_REGISTERED
headline_0555,Event R2: front_loaded_fraction; comprehensive_plus_max; spatiotemporal,0.0372748769508,9212,CONFIRMED,weather_response_validation.csv,v2 + scientific-validation-1,retain source precision in tables; prose rounds to the displayed significant digits,Report individual response; local fold-PC caveat,SOURCE_REGISTERED
headline_0556,Event R2: late_growth_fraction; comprehensive_plus_max; spatiotemporal,0.0525981308983,9212,CONFIRMED,weather_response_validation.csv,v2 + scientific-validation-1,retain source precision in tables; prose rounds to the displayed significant digits,Report individual response; local fold-PC caveat,SOURCE_REGISTERED
headline_0557,Event R2: peak_timing; comprehensive_plus_max; spatiotemporal,-0.0035366076513,9212,CONFIRMED,weather_response_validation.csv,v2 + scientific-validation-1,retain source precision in tables; prose rounds to the displayed significant digits,Report individual response; local fold-PC caveat,SOURCE_REGISTERED
headline_0558,Event R2: terminal_taper_fraction; comprehensive_plus_max; spatiotemporal,0.102304988143,9212,CONFIRMED,weather_response_validation.csv,v2 + scientific-validation-1,retain source precision in tables; prose rounds to the displayed significant digits,Report individual response; local fold-PC caveat,SOURCE_REGISTERED
headline_0559,Event R2: normalized_entropy; comprehensive_plus_max; spatiotemporal,0.109367190293,9212,CONFIRMED,weather_response_validation.csv,v2 + scientific-validation-1,retain source precision in tables; prose rounds to the displayed significant digits,Report individual response; local fold-PC caveat,SOURCE_REGISTERED
headline_0560,Event R2: pulse_count; comprehensive_plus_max; spatiotemporal,0.0137275076249,9212,CONFIRMED,weather_response_validation.csv,v2 + scientific-validation-1,retain source precision in tables; prose rounds to the displayed significant digits,Report individual response; local fold-PC caveat,SOURCE_REGISTERED
headline_0561,Event R2: reactivation_count; comprehensive_plus_max; spatiotemporal,0.0152380759361,9212,CONFIRMED,weather_response_validation.csv,v2 + scientific-validation-1,retain source precision in tables; prose rounds to the displayed significant digits,Report individual response; local fold-PC caveat,SOURCE_REGISTERED
headline_0562,Event R2: normalized_first_difference; comprehensive_plus_max; spatiotemporal,0.225530699679,9212,CONFIRMED,weather_response_validation.csv,v2 + scientific-validation-1,retain source precision in tables; prose rounds to the displayed significant digits,Report individual response; local fold-PC caveat,SOURCE_REGISTERED
headline_0563,Event R2: normalized_second_difference; comprehensive_plus_max; spatiotemporal,0.204463938818,9212,CONFIRMED,weather_response_validation.csv,v2 + scientific-validation-1,retain source precision in tables; prose rounds to the displayed significant digits,Report individual response; local fold-PC caveat,SOURCE_REGISTERED
headline_0564,Event R2: log_area; comprehensive_plus_max; spatiotemporal,0.296163268301,9212,CONFIRMED,weather_response_validation.csv,v2 + scientific-validation-1,retain source precision in tables; prose rounds to the displayed significant digits,Report individual response; local fold-PC caveat,SOURCE_REGISTERED
headline_0565,Event R2: log_duration; comprehensive_plus_max; spatiotemporal,0.220446304949,9212,CONFIRMED,weather_response_validation.csv,v2 + scientific-validation-1,retain source precision in tables; prose rounds to the displayed significant digits,Report individual response; local fold-PC caveat,SOURCE_REGISTERED
headline_0566,Event R2: shape_PC1_fold; comprehensive_plus_max; spatiotemporal,0.0176567615496,9212,CONFIRMED,weather_response_validation.csv,v2 + scientific-validation-1,retain source precision in tables; prose rounds to the displayed significant digits,Report individual response; local fold-PC caveat,SOURCE_REGISTERED
headline_0567,Event R2: shape_PC2_fold; comprehensive_plus_max; spatiotemporal,0.0186655757916,9212,CONFIRMED,weather_response_validation.csv,v2 + scientific-validation-1,retain source precision in tables; prose rounds to the displayed significant digits,Report individual response; local fold-PC caveat,SOURCE_REGISTERED
headline_0568,Event R2: shape_PC3_fold; comprehensive_plus_max; spatiotemporal,0.00614997240596,9212,CONFIRMED,weather_response_validation.csv,v2 + scientific-validation-1,retain source precision in tables; prose rounds to the displayed significant digits,Report individual response; local fold-PC caveat,SOURCE_REGISTERED
headline_0569,Event R2: front_loaded_fraction; length_only; spatiotemporal,0.0190819692626,9212,CONFIRMED,weather_response_validation.csv,v2 + scientific-validation-1,retain source precision in tables; prose rounds to the displayed significant digits,Report individual response; local fold-PC caveat,SOURCE_REGISTERED
headline_0570,Event R2: late_growth_fraction; length_only; spatiotemporal,0.0607163692963,9212,CONFIRMED,weather_response_validation.csv,v2 + scientific-validation-1,retain source precision in tables; prose rounds to the displayed significant digits,Report individual response; local fold-PC caveat,SOURCE_REGISTERED
headline_0571,Event R2: peak_timing; length_only; spatiotemporal,-0.00197413229259,9212,CONFIRMED,weather_response_validation.csv,v2 + scientific-validation-1,retain source precision in tables; prose rounds to the displayed significant digits,Report individual response; local fold-PC caveat,SOURCE_REGISTERED
headline_0572,Event R2: terminal_taper_fraction; length_only; spatiotemporal,0.187039072355,9212,CONFIRMED,weather_response_validation.csv,v2 + scientific-validation-1,retain source precision in tables; prose rounds to the displayed significant digits,Report individual response; local fold-PC caveat,SOURCE_REGISTERED
headline_0573,Event R2: normalized_entropy; length_only; spatiotemporal,0.0124144332162,9212,CONFIRMED,weather_response_validation.csv,v2 + scientific-validation-1,retain source precision in tables; prose rounds to the displayed significant digits,Report individual response; local fold-PC caveat,SOURCE_REGISTERED
headline_0574,Event R2: pulse_count; length_only; spatiotemporal,0.173034873699,9212,CONFIRMED,weather_response_validation.csv,v2 + scientific-validation-1,retain source precision in tables; prose rounds to the displayed significant digits,Report individual response; local fold-PC caveat,SOURCE_REGISTERED
headline_0575,Event R2: reactivation_count; length_only; spatiotemporal,0.164566279572,9212,CONFIRMED,weather_response_validation.csv,v2 + scientific-validation-1,retain source precision in tables; prose rounds to the displayed significant digits,Report individual response; local fold-PC caveat,SOURCE_REGISTERED
headline_0576,Event R2: normalized_first_difference; length_only; spatiotemporal,0.623604356519,9212,CONFIRMED,weather_response_validation.csv,v2 + scientific-validation-1,retain source precision in tables; prose rounds to the displayed significant digits,Report individual response; local fold-PC caveat,SOURCE_REGISTERED
headline_0577,Event R2: normalized_second_difference; length_only; spatiotemporal,0.559141759883,9212,CONFIRMED,weather_response_validation.csv,v2 + scientific-validation-1,retain source precision in tables; prose rounds to the displayed significant digits,Report individual response; local fold-PC caveat,SOURCE_REGISTERED
headline_0578,Event R2: log_area; length_only; spatiotemporal,0.477788054803,9212,CONFIRMED,weather_response_validation.csv,v2 + scientific-validation-1,retain source precision in tables; prose rounds to the displayed significant digits,Report individual response; local fold-PC caveat,SOURCE_REGISTERED
headline_0579,Event R2: log_duration; length_only; spatiotemporal,,9212,EXCLUDED_KNOWN_OUTCOME,weather_response_validation.csv,v2 + scientific-validation-1,retain source precision in tables; prose rounds to the displayed significant digits,Report individual response; local fold-PC caveat,SOURCE_REGISTERED
headline_0580,Event R2: shape_PC1_fold; length_only; spatiotemporal,0.00317915571181,9212,CONFIRMED,weather_response_validation.csv,v2 + scientific-validation-1,retain source precision in tables; prose rounds to the displayed significant digits,Report individual response; local fold-PC caveat,SOURCE_REGISTERED
headline_0581,Event R2: shape_PC2_fold; length_only; spatiotemporal,0.0436818466682,9212,CONFIRMED,weather_response_validation.csv,v2 + scientific-validation-1,retain source precision in tables; prose rounds to the displayed significant digits,Report individual response; local fold-PC caveat,SOURCE_REGISTERED
headline_0582,Event R2: shape_PC3_fold; length_only; spatiotemporal,-0.000499081276794,9212,CONFIRMED,weather_response_validation.csv,v2 + scientific-validation-1,retain source precision in tables; prose rounds to the displayed significant digits,Report individual response; local fold-PC caveat,SOURCE_REGISTERED
headline_0583,Event R2: front_loaded_fraction; length_plus_max; spatiotemporal,0.0393749547266,9212,CONFIRMED,weather_response_validation.csv,v2 + scientific-validation-1,retain source precision in tables; prose rounds to the displayed significant digits,Report individual response; local fold-PC caveat,SOURCE_REGISTERED
headline_0584,Event R2: late_growth_fraction; length_plus_max; spatiotemporal,0.0776299150505,9212,CONFIRMED,weather_response_validation.csv,v2 + scientific-validation-1,retain source precision in tables; prose rounds to the displayed significant digits,Report individual response; local fold-PC caveat,SOURCE_REGISTERED
headline_0585,Event R2: peak_timing; length_plus_max; spatiotemporal,4.00469909668e-05,9212,CONFIRMED,weather_response_validation.csv,v2 + scientific-validation-1,retain source precision in tables; prose rounds to the displayed significant digits,Report individual response; local fold-PC caveat,SOURCE_REGISTERED
headline_0586,Event R2: terminal_taper_fraction; length_plus_max; spatiotemporal,0.198946225467,9212,CONFIRMED,weather_response_validation.csv,v2 + scientific-validation-1,retain source precision in tables; prose rounds to the displayed significant digits,Report individual response; local fold-PC caveat,SOURCE_REGISTERED
headline_0587,Event R2: normalized_entropy; length_plus_max; spatiotemporal,0.0457318010353,9212,CONFIRMED,weather_response_validation.csv,v2 + scientific-validation-1,retain source precision in tables; prose rounds to the displayed significant digits,Report individual response; local fold-PC caveat,SOURCE_REGISTERED
headline_0588,Event R2: pulse_count; length_plus_max; spatiotemporal,0.184788105682,9212,CONFIRMED,weather_response_validation.csv,v2 + scientific-validation-1,retain source precision in tables; prose rounds to the displayed significant digits,Report individual response; local fold-PC caveat,SOURCE_REGISTERED
headline_0589,Event R2: reactivation_count; length_plus_max; spatiotemporal,0.165221729474,9212,CONFIRMED,weather_response_validation.csv,v2 + scientific-validation-1,retain source precision in tables; prose rounds to the displayed significant digits,Report individual response; local fold-PC caveat,SOURCE_REGISTERED
headline_0590,Event R2: normalized_first_difference; length_plus_max; spatiotemporal,0.632267722443,9212,CONFIRMED,weather_response_validation.csv,v2 + scientific-validation-1,retain source precision in tables; prose rounds to the displayed significant digits,Report individual response; local fold-PC caveat,SOURCE_REGISTERED
headline_0591,Event R2: normalized_second_difference; length_plus_max; spatiotemporal,0.566054873101,9212,CONFIRMED,weather_response_validation.csv,v2 + scientific-validation-1,retain source precision in tables; prose rounds to the displayed significant digits,Report individual response; local fold-PC caveat,SOURCE_REGISTERED
headline_0592,Event R2: log_area; length_plus_max; spatiotemporal,0.512723593227,9212,CONFIRMED,weather_response_validation.csv,v2 + scientific-validation-1,retain source precision in tables; prose rounds to the displayed significant digits,Report individual response; local fold-PC caveat,SOURCE_REGISTERED
headline_0593,Event R2: log_duration; length_plus_max; spatiotemporal,,9212,EXCLUDED_KNOWN_OUTCOME,weather_response_validation.csv,v2 + scientific-validation-1,retain source precision in tables; prose rounds to the displayed significant digits,Report individual response; local fold-PC caveat,SOURCE_REGISTERED
headline_0594,Event R2: shape_PC1_fold; length_plus_max; spatiotemporal,0.0238119093093,9212,CONFIRMED,weather_response_validation.csv,v2 + scientific-validation-1,retain source precision in tables; prose rounds to the displayed significant digits,Report individual response; local fold-PC caveat,SOURCE_REGISTERED
headline_0595,Event R2: shape_PC2_fold; length_plus_max; spatiotemporal,0.0471551316382,9212,CONFIRMED,weather_response_validation.csv,v2 + scientific-validation-1,retain source precision in tables; prose rounds to the displayed significant digits,Report individual response; local fold-PC caveat,SOURCE_REGISTERED
headline_0596,Event R2: shape_PC3_fold; length_plus_max; spatiotemporal,0.00484322516883,9212,CONFIRMED,weather_response_validation.csv,v2 + scientific-validation-1,retain source precision in tables; prose rounds to the displayed significant digits,Report individual response; local fold-PC caveat,SOURCE_REGISTERED
headline_0597,Event R2: front_loaded_fraction; length_plus_core; spatiotemporal,0.0388194241581,9212,CONFIRMED,weather_response_validation.csv,v2 + scientific-validation-1,retain source precision in tables; prose rounds to the displayed significant digits,Report individual response; local fold-PC caveat,SOURCE_REGISTERED
headline_0598,Event R2: late_growth_fraction; length_plus_core; spatiotemporal,0.0847906701614,9212,CONFIRMED,weather_response_validation.csv,v2 + scientific-validation-1,retain source precision in tables; prose rounds to the displayed significant digits,Report individual response; local fold-PC caveat,SOURCE_REGISTERED
headline_0599,Event R2: peak_timing; length_plus_core; spatiotemporal,0.000871675201538,9212,CONFIRMED,weather_response_validation.csv,v2 + scientific-validation-1,retain source precision in tables; prose rounds to the displayed significant digits,Report individual response; local fold-PC caveat,SOURCE_REGISTERED
headline_0600,Event R2: terminal_taper_fraction; length_plus_core; spatiotemporal,0.219050419443,9212,CONFIRMED,weather_response_validation.csv,v2 + scientific-validation-1,retain source precision in tables; prose rounds to the displayed significant digits,Report individual response; local fold-PC caveat,SOURCE_REGISTERED
headline_0601,Event R2: normalized_entropy; length_plus_core; spatiotemporal,0.088131816362,9212,CONFIRMED,weather_response_validation.csv,v2 + scientific-validation-1,retain source precision in tables; prose rounds to the displayed significant digits,Report individual response; local fold-PC caveat,SOURCE_REGISTERED
headline_0602,Event R2: pulse_count; length_plus_core; spatiotemporal,0.183401990669,9212,CONFIRMED,weather_response_validation.csv,v2 + scientific-validation-1,retain source precision in tables; prose rounds to the displayed significant digits,Report individual response; local fold-PC caveat,SOURCE_REGISTERED
headline_0603,Event R2: reactivation_count; length_plus_core; spatiotemporal,0.164100403884,9212,CONFIRMED,weather_response_validation.csv,v2 + scientific-validation-1,retain source precision in tables; prose rounds to the displayed significant digits,Report individual response; local fold-PC caveat,SOURCE_REGISTERED
headline_0604,Event R2: normalized_first_difference; length_plus_core; spatiotemporal,0.641541217227,9212,CONFIRMED,weather_response_validation.csv,v2 + scientific-validation-1,retain source precision in tables; prose rounds to the displayed significant digits,Report individual response; local fold-PC caveat,SOURCE_REGISTERED
headline_0605,Event R2: normalized_second_difference; length_plus_core; spatiotemporal,0.576021765173,9212,CONFIRMED,weather_response_validation.csv,v2 + scientific-validation-1,retain source precision in tables; prose rounds to the displayed significant digits,Report individual response; local fold-PC caveat,SOURCE_REGISTERED
headline_0606,Event R2: log_area; length_plus_core; spatiotemporal,0.545559142575,9212,CONFIRMED,weather_response_validation.csv,v2 + scientific-validation-1,retain source precision in tables; prose rounds to the displayed significant digits,Report individual response; local fold-PC caveat,SOURCE_REGISTERED
headline_0607,Event R2: log_duration; length_plus_core; spatiotemporal,,9212,EXCLUDED_KNOWN_OUTCOME,weather_response_validation.csv,v2 + scientific-validation-1,retain source precision in tables; prose rounds to the displayed significant digits,Report individual response; local fold-PC caveat,SOURCE_REGISTERED
headline_0608,Event R2: shape_PC1_fold; length_plus_core; spatiotemporal,0.0249500251207,9212,CONFIRMED,weather_response_validation.csv,v2 + scientific-validation-1,retain source precision in tables; prose rounds to the displayed significant digits,Report individual response; local fold-PC caveat,SOURCE_REGISTERED
headline_0609,Event R2: shape_PC2_fold; length_plus_core; spatiotemporal,0.0507432596358,9212,CONFIRMED,weather_response_validation.csv,v2 + scientific-validation-1,retain source precision in tables; prose rounds to the displayed significant digits,Report individual response; local fold-PC caveat,SOURCE_REGISTERED
headline_0610,Event R2: shape_PC3_fold; length_plus_core; spatiotemporal,0.0038886175736,9212,CONFIRMED,weather_response_validation.csv,v2 + scientific-validation-1,retain source precision in tables; prose rounds to the displayed significant digits,Report individual response; local fold-PC caveat,SOURCE_REGISTERED
headline_0611,Event R2: front_loaded_fraction; length_plus_core_max; spatiotemporal,0.0388313285618,9212,CONFIRMED,weather_response_validation.csv,v2 + scientific-validation-1,retain source precision in tables; prose rounds to the displayed significant digits,Report individual response; local fold-PC caveat,SOURCE_REGISTERED
headline_0612,Event R2: late_growth_fraction; length_plus_core_max; spatiotemporal,0.0843368231904,9212,CONFIRMED,weather_response_validation.csv,v2 + scientific-validation-1,retain source precision in tables; prose rounds to the displayed significant digits,Report individual response; local fold-PC caveat,SOURCE_REGISTERED
headline_0613,Event R2: peak_timing; length_plus_core_max; spatiotemporal,-0.000475000429294,9212,CONFIRMED,weather_response_validation.csv,v2 + scientific-validation-1,retain source precision in tables; prose rounds to the displayed significant digits,Report individual response; local fold-PC caveat,SOURCE_REGISTERED
headline_0614,Event R2: terminal_taper_fraction; length_plus_core_max; spatiotemporal,0.219030169748,9212,CONFIRMED,weather_response_validation.csv,v2 + scientific-validation-1,retain source precision in tables; prose rounds to the displayed significant digits,Report individual response; local fold-PC caveat,SOURCE_REGISTERED
headline_0615,Event R2: normalized_entropy; length_plus_core_max; spatiotemporal,0.0926094833478,9212,CONFIRMED,weather_response_validation.csv,v2 + scientific-validation-1,retain source precision in tables; prose rounds to the displayed significant digits,Report individual response; local fold-PC caveat,SOURCE_REGISTERED
headline_0616,Event R2: pulse_count; length_plus_core_max; spatiotemporal,0.187245652882,9212,CONFIRMED,weather_response_validation.csv,v2 + scientific-validation-1,retain source precision in tables; prose rounds to the displayed significant digits,Report individual response; local fold-PC caveat,SOURCE_REGISTERED
headline_0617,Event R2: reactivation_count; length_plus_core_max; spatiotemporal,0.164187263838,9212,CONFIRMED,weather_response_validation.csv,v2 + scientific-validation-1,retain source precision in tables; prose rounds to the displayed significant digits,Report individual response; local fold-PC caveat,SOURCE_REGISTERED
headline_0618,Event R2: normalized_first_difference; length_plus_core_max; spatiotemporal,0.644056569754,9212,CONFIRMED,weather_response_validation.csv,v2 + scientific-validation-1,retain source precision in tables; prose rounds to the displayed significant digits,Report individual response; local fold-PC caveat,SOURCE_REGISTERED
headline_0619,Event R2: normalized_second_difference; length_plus_core_max; spatiotemporal,0.577997487044,9212,CONFIRMED,weather_response_validation.csv,v2 + scientific-validation-1,retain source precision in tables; prose rounds to the displayed significant digits,Report individual response; local fold-PC caveat,SOURCE_REGISTERED
headline_0620,Event R2: log_area; length_plus_core_max; spatiotemporal,0.551707963761,9212,CONFIRMED,weather_response_validation.csv,v2 + scientific-validation-1,retain source precision in tables; prose rounds to the displayed significant digits,Report individual response; local fold-PC caveat,SOURCE_REGISTERED
headline_0621,Event R2: log_duration; length_plus_core_max; spatiotemporal,,9212,EXCLUDED_KNOWN_OUTCOME,weather_response_validation.csv,v2 + scientific-validation-1,retain source precision in tables; prose rounds to the displayed significant digits,Report individual response; local fold-PC caveat,SOURCE_REGISTERED
headline_0622,Event R2: shape_PC1_fold; length_plus_core_max; spatiotemporal,0.0245807616484,9212,CONFIRMED,weather_response_validation.csv,v2 + scientific-validation-1,retain source precision in tables; prose rounds to the displayed significant digits,Report individual response; local fold-PC caveat,SOURCE_REGISTERED
headline_0623,Event R2: shape_PC2_fold; length_plus_core_max; spatiotemporal,0.0507341452352,9212,CONFIRMED,weather_response_validation.csv,v2 + scientific-validation-1,retain source precision in tables; prose rounds to the displayed significant digits,Report individual response; local fold-PC caveat,SOURCE_REGISTERED
headline_0624,Event R2: shape_PC3_fold; length_plus_core_max; spatiotemporal,0.00596913585046,9212,CONFIRMED,weather_response_validation.csv,v2 + scientific-validation-1,retain source precision in tables; prose rounds to the displayed significant digits,Report individual response; local fold-PC caveat,SOURCE_REGISTERED
headline_0625,Event R2: front_loaded_fraction; core_quantile_exceedance; spatiotemporal,0.0199080425093,9212,CONFIRMED,weather_response_validation.csv,v2 + scientific-validation-1,retain source precision in tables; prose rounds to the displayed significant digits,Report individual response; local fold-PC caveat,SOURCE_REGISTERED
headline_0626,Event R2: late_growth_fraction; core_quantile_exceedance; spatiotemporal,0.0340870206737,9212,CONFIRMED,weather_response_validation.csv,v2 + scientific-validation-1,retain source precision in tables; prose rounds to the displayed significant digits,Report individual response; local fold-PC caveat,SOURCE_REGISTERED
headline_0627,Event R2: peak_timing; core_quantile_exceedance; spatiotemporal,0.00104765510188,9212,CONFIRMED,weather_response_validation.csv,v2 + scientific-validation-1,retain source precision in tables; prose rounds to the displayed significant digits,Report individual response; local fold-PC caveat,SOURCE_REGISTERED
headline_0628,Event R2: terminal_taper_fraction; core_quantile_exceedance; spatiotemporal,0.07058893134,9212,CONFIRMED,weather_response_validation.csv,v2 + scientific-validation-1,retain source precision in tables; prose rounds to the displayed significant digits,Report individual response; local fold-PC caveat,SOURCE_REGISTERED
headline_0629,Event R2: normalized_entropy; core_quantile_exceedance; spatiotemporal,0.0643782021287,9212,CONFIRMED,weather_response_validation.csv,v2 + scientific-validation-1,retain source precision in tables; prose rounds to the displayed significant digits,Report individual response; local fold-PC caveat,SOURCE_REGISTERED
headline_0630,Event R2: pulse_count; core_quantile_exceedance; spatiotemporal,0.0119431808657,9212,CONFIRMED,weather_response_validation.csv,v2 + scientific-validation-1,retain source precision in tables; prose rounds to the displayed significant digits,Report individual response; local fold-PC caveat,SOURCE_REGISTERED
headline_0631,Event R2: reactivation_count; core_quantile_exceedance; spatiotemporal,0.00922461259803,9212,CONFIRMED,weather_response_validation.csv,v2 + scientific-validation-1,retain source precision in tables; prose rounds to the displayed significant digits,Report individual response; local fold-PC caveat,SOURCE_REGISTERED
headline_0632,Event R2: normalized_first_difference; core_quantile_exceedance; spatiotemporal,0.144817426884,9212,CONFIRMED,weather_response_validation.csv,v2 + scientific-validation-1,retain source precision in tables; prose rounds to the displayed significant digits,Report individual response; local fold-PC caveat,SOURCE_REGISTERED
headline_0633,Event R2: normalized_second_difference; core_quantile_exceedance; spatiotemporal,0.13601936638,9212,CONFIRMED,weather_response_validation.csv,v2 + scientific-validation-1,retain source precision in tables; prose rounds to the displayed significant digits,Report individual response; local fold-PC caveat,SOURCE_REGISTERED
headline_0634,Event R2: log_area; core_quantile_exceedance; spatiotemporal,0.175403710314,9212,CONFIRMED,weather_response_validation.csv,v2 + scientific-validation-1,retain source precision in tables; prose rounds to the displayed significant digits,Report individual response; local fold-PC caveat,SOURCE_REGISTERED
headline_0635,Event R2: log_duration; core_quantile_exceedance; spatiotemporal,0.156520863854,9212,CONFIRMED,weather_response_validation.csv,v2 + scientific-validation-1,retain source precision in tables; prose rounds to the displayed significant digits,Report individual response; local fold-PC caveat,SOURCE_REGISTERED
headline_0636,Event R2: shape_PC1_fold; core_quantile_exceedance; spatiotemporal,0.000983503225243,9212,CONFIRMED,weather_response_validation.csv,v2 + scientific-validation-1,retain source precision in tables; prose rounds to the displayed significant digits,Report individual response; local fold-PC caveat,SOURCE_REGISTERED
headline_0637,Event R2: shape_PC2_fold; core_quantile_exceedance; spatiotemporal,0.00893630514324,9212,CONFIRMED,weather_response_validation.csv,v2 + scientific-validation-1,retain source precision in tables; prose rounds to the displayed significant digits,Report individual response; local fold-PC caveat,SOURCE_REGISTERED
headline_0638,Event R2: shape_PC3_fold; core_quantile_exceedance; spatiotemporal,0.00169404066381,9212,CONFIRMED,weather_response_validation.csv,v2 + scientific-validation-1,retain source precision in tables; prose rounds to the displayed significant digits,Report individual response; local fold-PC caveat,SOURCE_REGISTERED
headline_0639,State mean_only; random_fire,-0.000326997276921,87944,CONFIRMED,state_incremental_skill.csv,v2 + scientific-validation-1,retain source precision in tables; prose rounds to the displayed significant digits,Delta R2 above AR -0.458703,SOURCE_REGISTERED
headline_0640,State persistence; random_fire,0.300601283624,87944,CONFIRMED,state_incremental_skill.csv,v2 + scientific-validation-1,retain source precision in tables; prose rounds to the displayed significant digits,Delta R2 above AR -0.157774,SOURCE_REGISTERED
headline_0641,State autoregressive; random_fire,0.458375606856,87944,CONFIRMED,state_incremental_skill.csv,v2 + scientific-validation-1,retain source precision in tables; prose rounds to the displayed significant digits,Delta R2 above AR 0.000000,SOURCE_REGISTERED
headline_0642,State weather_only; random_fire,0.0831608335144,87944,CONFIRMED,state_incremental_skill.csv,v2 + scientific-validation-1,retain source precision in tables; prose rounds to the displayed significant digits,Delta R2 above AR -0.375215,SOURCE_REGISTERED
headline_0643,State state_plus_weather; random_fire,0.463763677666,87944,CONFIRMED,state_incremental_skill.csv,v2 + scientific-validation-1,retain source precision in tables; prose rounds to the displayed significant digits,Delta R2 above AR 0.005388,SOURCE_REGISTERED
headline_0644,State state_weather_interactions; random_fire,0.473593015809,87944,CONFIRMED,state_incremental_skill.csv,v2 + scientific-validation-1,retain source precision in tables; prose rounds to the displayed significant digits,Delta R2 above AR 0.015217,SOURCE_REGISTERED
headline_0645,State mean_only; year_block,-0.000683741792679,87944,CONFIRMED,state_incremental_skill.csv,v2 + scientific-validation-1,retain source precision in tables; prose rounds to the displayed significant digits,Delta R2 above AR -0.458908,SOURCE_REGISTERED
headline_0646,State persistence; year_block,0.300601283624,87944,CONFIRMED,state_incremental_skill.csv,v2 + scientific-validation-1,retain source precision in tables; prose rounds to the displayed significant digits,Delta R2 above AR -0.157623,SOURCE_REGISTERED
headline_0647,State autoregressive; year_block,0.458224061444,87944,CONFIRMED,state_incremental_skill.csv,v2 + scientific-validation-1,retain source precision in tables; prose rounds to the displayed significant digits,Delta R2 above AR 0.000000,SOURCE_REGISTERED
headline_0648,State weather_only; year_block,0.0807125452317,87944,CONFIRMED,state_incremental_skill.csv,v2 + scientific-validation-1,retain source precision in tables; prose rounds to the displayed significant digits,Delta R2 above AR -0.377512,SOURCE_REGISTERED
headline_0649,State state_plus_weather; year_block,0.463331864606,87944,CONFIRMED,state_incremental_skill.csv,v2 + scientific-validation-1,retain source precision in tables; prose rounds to the displayed significant digits,Delta R2 above AR 0.005108,SOURCE_REGISTERED
headline_0650,State state_weather_interactions; year_block,0.472876854673,87944,CONFIRMED,state_incremental_skill.csv,v2 + scientific-validation-1,retain source precision in tables; prose rounds to the displayed significant digits,Delta R2 above AR 0.014653,SOURCE_REGISTERED
headline_0651,State mean_only; region_block,-0.0609472448072,87944,CONFIRMED,state_incremental_skill.csv,v2 + scientific-validation-1,retain source precision in tables; prose rounds to the displayed significant digits,Delta R2 above AR -0.508592,SOURCE_REGISTERED
headline_0652,State persistence; region_block,0.300601283624,87944,CONFIRMED,state_incremental_skill.csv,v2 + scientific-validation-1,retain source precision in tables; prose rounds to the displayed significant digits,Delta R2 above AR -0.147043,SOURCE_REGISTERED
headline_0653,State autoregressive; region_block,0.447644435914,87944,CONFIRMED,state_incremental_skill.csv,v2 + scientific-validation-1,retain source precision in tables; prose rounds to the displayed significant digits,Delta R2 above AR 0.000000,SOURCE_REGISTERED
headline_0654,State weather_only; region_block,0.0479531169801,87944,CONFIRMED,state_incremental_skill.csv,v2 + scientific-validation-1,retain source precision in tables; prose rounds to the displayed significant digits,Delta R2 above AR -0.399691,SOURCE_REGISTERED
headline_0655,State state_plus_weather; region_block,0.452653940544,87944,CONFIRMED,state_incremental_skill.csv,v2 + scientific-validation-1,retain source precision in tables; prose rounds to the displayed significant digits,Delta R2 above AR 0.005010,SOURCE_REGISTERED
headline_0656,State state_weather_interactions; region_block,0.465790452811,87944,CONFIRMED,state_incremental_skill.csv,v2 + scientific-validation-1,retain source precision in tables; prose rounds to the displayed significant digits,Delta R2 above AR 0.018146,SOURCE_REGISTERED
headline_0657,State mean_only; spatiotemporal,-0.0609923193191,87944,CONFIRMED,state_incremental_skill.csv,v2 + scientific-validation-1,retain source precision in tables; prose rounds to the displayed significant digits,Delta R2 above AR -0.508523,SOURCE_REGISTERED
headline_0658,State persistence; spatiotemporal,0.300601283624,87944,CONFIRMED,state_incremental_skill.csv,v2 + scientific-validation-1,retain source precision in tables; prose rounds to the displayed significant digits,Delta R2 above AR -0.146929,SOURCE_REGISTERED
headline_0659,State autoregressive; spatiotemporal,0.447530551996,87944,CONFIRMED,state_incremental_skill.csv,v2 + scientific-validation-1,retain source precision in tables; prose rounds to the displayed significant digits,Delta R2 above AR 0.000000,SOURCE_REGISTERED
headline_0660,State weather_only; spatiotemporal,0.0472218925721,87944,CONFIRMED,state_incremental_skill.csv,v2 + scientific-validation-1,retain source precision in tables; prose rounds to the displayed significant digits,Delta R2 above AR -0.400309,SOURCE_REGISTERED
headline_0661,State state_plus_weather; spatiotemporal,0.452456522009,87944,CONFIRMED,state_incremental_skill.csv,v2 + scientific-validation-1,retain source precision in tables; prose rounds to the displayed significant digits,Delta R2 above AR 0.004926,SOURCE_REGISTERED
headline_0662,State state_weather_interactions; spatiotemporal,0.465532792271,87944,CONFIRMED,state_incremental_skill.csv,v2 + scientific-validation-1,retain source precision in tables; prose rounds to the displayed significant digits,Delta R2 above AR 0.018002,SOURCE_REGISTERED
headline_0663,Mismatch morphology; median_mismatch,0.86718508833,3145,CONFIRMED,mismatch_null_comparison.csv,v2 + scientific-validation-1,retain source precision in tables; prose rounds to the displayed significant digits,Null mean 0.869781; no excess,SOURCE_REGISTERED
headline_0664,Mismatch morphology; mismatch_gt1_fraction,0.394912559618,3145,CONFIRMED,mismatch_null_comparison.csv,v2 + scientific-validation-1,retain source precision in tables; prose rounds to the displayed significant digits,Null mean 0.402267; no excess,SOURCE_REGISTERED
headline_0665,Mismatch weather; median_mismatch,0.997495460261,3710,CONFIRMED,mismatch_null_comparison.csv,v2 + scientific-validation-1,retain source precision in tables; prose rounds to the displayed significant digits,Null mean 1.009068; no excess,SOURCE_REGISTERED
headline_0666,Mismatch weather; mismatch_gt1_fraction,0.49730458221,3710,CONFIRMED,mismatch_null_comparison.csv,v2 + scientific-validation-1,retain source precision in tables; prose rounds to the displayed significant digits,Null mean 0.504013; no excess,SOURCE_REGISTERED
headline_0667,Expanded null dirichlet_1; pc1,0.337765170034,4000,VALIDATED,null_history_comparison.csv,v2 + scientific-validation-1,retain source precision in tables; prose rounds to the displayed significant digits,Reference mean 0.352678,SOURCE_REGISTERED
headline_0668,Expanded null dirichlet_1; first_five,0.895817355467,4000,VALIDATED,null_history_comparison.csv,v2 + scientific-validation-1,retain source precision in tables; prose rounds to the displayed significant digits,Reference mean 0.901577,SOURCE_REGISTERED
headline_0669,Expanded null dirichlet_1; effective_dimension,4.43117781374,4000,VALIDATED,null_history_comparison.csv,v2 + scientific-validation-1,retain source precision in tables; prose rounds to the displayed significant digits,Reference mean 4.159921,SOURCE_REGISTERED
headline_0670,Expanded null dirichlet_1; hull_fill,0.89613416477,4000,VALIDATED,null_history_comparison.csv,v2 + scientific-validation-1,retain source precision in tables; prose rounds to the displayed significant digits,Reference mean 0.763280,SOURCE_REGISTERED
headline_0671,Expanded null dirichlet_1; occupied_fraction,0.8125,4000,VALIDATED,null_history_comparison.csv,v2 + scientific-validation-1,retain source precision in tables; prose rounds to the displayed significant digits,Reference mean 0.760425,SOURCE_REGISTERED
headline_0672,Expanded null dirichlet_1; profile_distance_q10,0.553737495727,4000,VALIDATED,null_history_comparison.csv,v2 + scientific-validation-1,retain source precision in tables; prose rounds to the displayed significant digits,Reference mean 0.754876,SOURCE_REGISTERED
headline_0673,Expanded null dirichlet_1; profile_distance_q50,1.2167842414,4000,VALIDATED,null_history_comparison.csv,v2 + scientific-validation-1,retain source precision in tables; prose rounds to the displayed significant digits,Reference mean 1.437816,SOURCE_REGISTERED
headline_0674,Expanded null dirichlet_1; profile_distance_q90,2.08162513674,4000,VALIDATED,null_history_comparison.csv,v2 + scientific-validation-1,retain source precision in tables; prose rounds to the displayed significant digits,Reference mean 2.234906,SOURCE_REGISTERED
headline_0675,Expanded null dirichlet_1; front_loaded_fraction_mean,0.540626642016,4000,VALIDATED,null_history_comparison.csv,v2 + scientific-validation-1,retain source precision in tables; prose rounds to the displayed significant digits,Reference mean 0.499740,SOURCE_REGISTERED
headline_0676,Expanded null dirichlet_1; front_loaded_fraction_q10,0.3125,4000,VALIDATED,null_history_comparison.csv,v2 + scientific-validation-1,retain source precision in tables; prose rounds to the displayed significant digits,Reference mean 0.230447,SOURCE_REGISTERED
headline_0677,Expanded null dirichlet_1; front_loaded_fraction_q50,0.5,4000,VALIDATED,null_history_comparison.csv,v2 + scientific-validation-1,retain source precision in tables; prose rounds to the displayed significant digits,Reference mean 0.499693,SOURCE_REGISTERED
headline_0678,Expanded null dirichlet_1; front_loaded_fraction_q90,0.789473684211,4000,VALIDATED,null_history_comparison.csv,v2 + scientific-validation-1,retain source precision in tables; prose rounds to the displayed significant digits,Reference mean 0.769135,SOURCE_REGISTERED
headline_0679,Expanded null dirichlet_1; normalized_entropy_mean,0.83856607729,4000,VALIDATED,null_history_comparison.csv,v2 + scientific-validation-1,retain source precision in tables; prose rounds to the displayed significant digits,Reference mean 0.779529,SOURCE_REGISTERED
headline_0680,Expanded null dirichlet_1; normalized_entropy_q10,0.640993395869,4000,VALIDATED,null_history_comparison.csv,v2 + scientific-validation-1,retain source precision in tables; prose rounds to the displayed significant digits,Reference mean 0.575713,SOURCE_REGISTERED
headline_0681,Expanded null dirichlet_1; normalized_entropy_q50,0.875801646969,4000,VALIDATED,null_history_comparison.csv,v2 + scientific-validation-1,retain source precision in tables; prose rounds to the displayed significant digits,Reference mean 0.811004,SOURCE_REGISTERED
headline_0682,Expanded null dirichlet_1; normalized_entropy_q90,0.982141032835,4000,VALIDATED,null_history_comparison.csv,v2 + scientific-validation-1,retain source precision in tables; prose rounds to the displayed significant digits,Reference mean 0.945157,SOURCE_REGISTERED
headline_0683,Expanded null dirichlet_1; pulse_count_mean,1.249,4000,VALIDATED,null_history_comparison.csv,v2 + scientific-validation-1,retain source precision in tables; prose rounds to the displayed significant digits,Reference mean 1.518040,SOURCE_REGISTERED
headline_0684,Expanded null dirichlet_1; pulse_count_q10,1.0,4000,VALIDATED,null_history_comparison.csv,v2 + scientific-validation-1,retain source precision in tables; prose rounds to the displayed significant digits,Reference mean 1.000000,SOURCE_REGISTERED
headline_0685,Expanded null dirichlet_1; pulse_count_q50,1.0,4000,VALIDATED,null_history_comparison.csv,v2 + scientific-validation-1,retain source precision in tables; prose rounds to the displayed significant digits,Reference mean 1.000000,SOURCE_REGISTERED
headline_0686,Expanded null dirichlet_1; pulse_count_q90,2.0,4000,VALIDATED,null_history_comparison.csv,v2 + scientific-validation-1,retain source precision in tables; prose rounds to the displayed significant digits,Reference mean 2.000000,SOURCE_REGISTERED
headline_0687,Expanded null dirichlet_1; reactivation_count_mean,0.038,4000,VALIDATED,null_history_comparison.csv,v2 + scientific-validation-1,retain source precision in tables; prose rounds to the displayed significant digits,Reference mean 0.130855,SOURCE_REGISTERED
headline_0688,Expanded null dirichlet_1; reactivation_count_q10,0.0,4000,VALIDATED,null_history_comparison.csv,v2 + scientific-validation-1,retain source precision in tables; prose rounds to the displayed significant digits,Reference mean 0.000000,SOURCE_REGISTERED
headline_0689,Expanded null dirichlet_1; reactivation_count_q50,0.0,4000,VALIDATED,null_history_comparison.csv,v2 + scientific-validation-1,retain source precision in tables; prose rounds to the displayed significant digits,Reference mean 0.000000,SOURCE_REGISTERED
headline_0690,Expanded null dirichlet_1; reactivation_count_q90,0.0,4000,VALIDATED,null_history_comparison.csv,v2 + scientific-validation-1,retain source precision in tables; prose rounds to the displayed significant digits,Reference mean 0.894000,SOURCE_REGISTERED
headline_0691,Expanded null dirichlet_1; peak_timing_mean,0.415510959719,4000,VALIDATED,null_history_comparison.csv,v2 + scientific-validation-1,retain source precision in tables; prose rounds to the displayed significant digits,Reference mean 0.500089,SOURCE_REGISTERED
headline_0692,Expanded null dirichlet_1; peak_timing_q10,0.15,4000,VALIDATED,null_history_comparison.csv,v2 + scientific-validation-1,retain source precision in tables; prose rounds to the displayed significant digits,Reference mean 0.132753,SOURCE_REGISTERED
headline_0693,Expanded null dirichlet_1; peak_timing_q50,0.375,4000,VALIDATED,null_history_comparison.csv,v2 + scientific-validation-1,retain source precision in tables; prose rounds to the displayed significant digits,Reference mean 0.500000,SOURCE_REGISTERED
headline_0694,Expanded null dirichlet_1; peak_timing_q90,0.833333333333,4000,VALIDATED,null_history_comparison.csv,v2 + scientific-validation-1,retain source precision in tables; prose rounds to the displayed significant digits,Reference mean 0.866394,SOURCE_REGISTERED
headline_0695,Expanded null dirichlet_1; landmark_multiple_detected_pulses,0.21725,4000,VALIDATED,null_history_comparison.csv,v2 + scientific-validation-1,retain source precision in tables; prose rounds to the displayed significant digits,Reference mean 0.402938,SOURCE_REGISTERED
headline_0696,Expanded null dirichlet_1; landmark_late_peak,0.13,4000,VALIDATED,null_history_comparison.csv,v2 + scientific-validation-1,retain source precision in tables; prose rounds to the displayed significant digits,Reference mean 0.166240,SOURCE_REGISTERED
headline_0697,Expanded null dirichlet_1; landmark_front-loaded_taper,0.13575,4000,VALIDATED,null_history_comparison.csv,v2 + scientific-validation-1,retain source precision in tables; prose rounds to the displayed significant digits,Reference mean 0.102405,SOURCE_REGISTERED
headline_0698,Expanded null dirichlet_1; landmark_distributed_growth,0.517,4000,VALIDATED,null_history_comparison.csv,v2 + scientific-validation-1,retain source precision in tables; prose rounds to the displayed significant digits,Reference mean 0.328417,SOURCE_REGISTERED
headline_0699,Expanded null dirichlet_10; pc1,0.337765170034,4000,VALIDATED,null_history_comparison.csv,v2 + scientific-validation-1,retain source precision in tables; prose rounds to the displayed significant digits,Reference mean 0.360049,SOURCE_REGISTERED
headline_0700,Expanded null dirichlet_10; first_five,0.895817355467,4000,VALIDATED,null_history_comparison.csv,v2 + scientific-validation-1,retain source precision in tables; prose rounds to the displayed significant digits,Reference mean 0.908529,SOURCE_REGISTERED
headline_0701,Expanded null dirichlet_10; effective_dimension,4.43117781374,4000,VALIDATED,null_history_comparison.csv,v2 + scientific-validation-1,retain source precision in tables; prose rounds to the displayed significant digits,Reference mean 4.023264,SOURCE_REGISTERED
headline_0702,Expanded null dirichlet_10; hull_fill,0.89613416477,4000,VALIDATED,null_history_comparison.csv,v2 + scientific-validation-1,retain source precision in tables; prose rounds to the displayed significant digits,Reference mean 0.971585,SOURCE_REGISTERED
headline_0703,Expanded null dirichlet_10; occupied_fraction,0.8125,4000,VALIDATED,null_history_comparison.csv,v2 + scientific-validation-1,retain source precision in tables; prose rounds to the displayed significant digits,Reference mean 0.929800,SOURCE_REGISTERED
headline_0704,Expanded null dirichlet_10; profile_distance_q10,0.553737495727,4000,VALIDATED,null_history_comparison.csv,v2 + scientific-validation-1,retain source precision in tables; prose rounds to the displayed significant digits,Reference mean 0.259486,SOURCE_REGISTERED
headline_0705,Expanded null dirichlet_10; profile_distance_q50,1.2167842414,4000,VALIDATED,null_history_comparison.csv,v2 + scientific-validation-1,retain source precision in tables; prose rounds to the displayed significant digits,Reference mean 0.493579,SOURCE_REGISTERED
headline_0706,Expanded null dirichlet_10; profile_distance_q90,2.08162513674,4000,VALIDATED,null_history_comparison.csv,v2 + scientific-validation-1,retain source precision in tables; prose rounds to the displayed significant digits,Reference mean 0.782081,SOURCE_REGISTERED
headline_0707,Expanded null dirichlet_10; front_loaded_fraction_mean,0.540626642016,4000,VALIDATED,null_history_comparison.csv,v2 + scientific-validation-1,retain source precision in tables; prose rounds to the displayed significant digits,Reference mean 0.499985,SOURCE_REGISTERED
headline_0708,Expanded null dirichlet_10; front_loaded_fraction_q10,0.3125,4000,VALIDATED,null_history_comparison.csv,v2 + scientific-validation-1,retain source precision in tables; prose rounds to the displayed significant digits,Reference mean 0.410131,SOURCE_REGISTERED
headline_0709,Expanded null dirichlet_10; front_loaded_fraction_q50,0.5,4000,VALIDATED,null_history_comparison.csv,v2 + scientific-validation-1,retain source precision in tables; prose rounds to the displayed significant digits,Reference mean 0.500050,SOURCE_REGISTERED
headline_0710,Expanded null dirichlet_10; front_loaded_fraction_q90,0.789473684211,4000,VALIDATED,null_history_comparison.csv,v2 + scientific-validation-1,retain source precision in tables; prose rounds to the displayed significant digits,Reference mean 0.589788,SOURCE_REGISTERED
headline_0711,Expanded null dirichlet_10; normalized_entropy_mean,0.83856607729,4000,VALIDATED,null_history_comparison.csv,v2 + scientific-validation-1,retain source precision in tables; prose rounds to the displayed significant digits,Reference mean 0.973235,SOURCE_REGISTERED
headline_0712,Expanded null dirichlet_10; normalized_entropy_q10,0.640993395869,4000,VALIDATED,null_history_comparison.csv,v2 + scientific-validation-1,retain source precision in tables; prose rounds to the displayed significant digits,Reference mean 0.943313,SOURCE_REGISTERED
headline_0713,Expanded null dirichlet_10; normalized_entropy_q50,0.875801646969,4000,VALIDATED,null_history_comparison.csv,v2 + scientific-validation-1,retain source precision in tables; prose rounds to the displayed significant digits,Reference mean 0.979756,SOURCE_REGISTERED
headline_0714,Expanded null dirichlet_10; normalized_entropy_q90,0.982141032835,4000,VALIDATED,null_history_comparison.csv,v2 + scientific-validation-1,retain source precision in tables; prose rounds to the displayed significant digits,Reference mean 0.995240,SOURCE_REGISTERED
headline_0715,Expanded null dirichlet_10; pulse_count_mean,1.249,4000,VALIDATED,null_history_comparison.csv,v2 + scientific-validation-1,retain source precision in tables; prose rounds to the displayed significant digits,Reference mean 1.420835,SOURCE_REGISTERED
headline_0716,Expanded null dirichlet_10; pulse_count_q10,1.0,4000,VALIDATED,null_history_comparison.csv,v2 + scientific-validation-1,retain source precision in tables; prose rounds to the displayed significant digits,Reference mean 1.000000,SOURCE_REGISTERED
headline_0717,Expanded null dirichlet_10; pulse_count_q50,1.0,4000,VALIDATED,null_history_comparison.csv,v2 + scientific-validation-1,retain source precision in tables; prose rounds to the displayed significant digits,Reference mean 1.000000,SOURCE_REGISTERED
headline_0718,Expanded null dirichlet_10; pulse_count_q90,2.0,4000,VALIDATED,null_history_comparison.csv,v2 + scientific-validation-1,retain source precision in tables; prose rounds to the displayed significant digits,Reference mean 2.000000,SOURCE_REGISTERED
headline_0719,Expanded null dirichlet_10; reactivation_count_mean,0.038,4000,VALIDATED,null_history_comparison.csv,v2 + scientific-validation-1,retain source precision in tables; prose rounds to the displayed significant digits,Reference mean 0.000278,SOURCE_REGISTERED
headline_0720,Expanded null dirichlet_10; reactivation_count_q10,0.0,4000,VALIDATED,null_history_comparison.csv,v2 + scientific-validation-1,retain source precision in tables; prose rounds to the displayed significant digits,Reference mean 0.000000,SOURCE_REGISTERED
headline_0721,Expanded null dirichlet_10; reactivation_count_q50,0.0,4000,VALIDATED,null_history_comparison.csv,v2 + scientific-validation-1,retain source precision in tables; prose rounds to the displayed significant digits,Reference mean 0.000000,SOURCE_REGISTERED
headline_0722,Expanded null dirichlet_10; reactivation_count_q90,0.0,4000,VALIDATED,null_history_comparison.csv,v2 + scientific-validation-1,retain source precision in tables; prose rounds to the displayed significant digits,Reference mean 0.000000,SOURCE_REGISTERED
headline_0723,Expanded null dirichlet_10; peak_timing_mean,0.415510959719,4000,VALIDATED,null_history_comparison.csv,v2 + scientific-validation-1,retain source precision in tables; prose rounds to the displayed significant digits,Reference mean 0.500481,SOURCE_REGISTERED
headline_0724,Expanded null dirichlet_10; peak_timing_q10,0.15,4000,VALIDATED,null_history_comparison.csv,v2 + scientific-validation-1,retain source precision in tables; prose rounds to the displayed significant digits,Reference mean 0.136198,SOURCE_REGISTERED
headline_0725,Expanded null dirichlet_10; peak_timing_q50,0.375,4000,VALIDATED,null_history_comparison.csv,v2 + scientific-validation-1,retain source precision in tables; prose rounds to the displayed significant digits,Reference mean 0.500000,SOURCE_REGISTERED
headline_0726,Expanded null dirichlet_10; peak_timing_q90,0.833333333333,4000,VALIDATED,null_history_comparison.csv,v2 + scientific-validation-1,retain source precision in tables; prose rounds to the displayed significant digits,Reference mean 0.863286,SOURCE_REGISTERED
headline_0727,Expanded null dirichlet_10; landmark_multiple_detected_pulses,0.21725,4000,VALIDATED,null_history_comparison.csv,v2 + scientific-validation-1,retain source precision in tables; prose rounds to the displayed significant digits,Reference mean 0.330500,SOURCE_REGISTERED
headline_0728,Expanded null dirichlet_10; landmark_late_peak,0.13,4000,VALIDATED,null_history_comparison.csv,v2 + scientific-validation-1,retain source precision in tables; prose rounds to the displayed significant digits,Reference mean 0.194493,SOURCE_REGISTERED
headline_0729,Expanded null dirichlet_10; landmark_front-loaded_taper,0.13575,4000,VALIDATED,null_history_comparison.csv,v2 + scientific-validation-1,retain source precision in tables; prose rounds to the displayed significant digits,Reference mean 0.000178,SOURCE_REGISTERED
headline_0730,Expanded null dirichlet_10; landmark_distributed_growth,0.517,4000,VALIDATED,null_history_comparison.csv,v2 + scientific-validation-1,retain source precision in tables; prose rounds to the displayed significant digits,Reference mean 0.474830,SOURCE_REGISTERED
headline_0731,Expanded null temporal_shuffle; pc1,0.337765170034,4000,VALIDATED,null_history_comparison.csv,v2 + scientific-validation-1,retain source precision in tables; prose rounds to the displayed significant digits,Reference mean 0.301320,SOURCE_REGISTERED
headline_0732,Expanded null temporal_shuffle; first_five,0.895817355467,4000,VALIDATED,null_history_comparison.csv,v2 + scientific-validation-1,retain source precision in tables; prose rounds to the displayed significant digits,Reference mean 0.855452,SOURCE_REGISTERED
headline_0733,Expanded null temporal_shuffle; effective_dimension,4.43117781374,4000,VALIDATED,null_history_comparison.csv,v2 + scientific-validation-1,retain source precision in tables; prose rounds to the displayed significant digits,Reference mean 5.151927,SOURCE_REGISTERED
headline_0734,Expanded null temporal_shuffle; hull_fill,0.89613416477,4000,VALIDATED,null_history_comparison.csv,v2 + scientific-validation-1,retain source precision in tables; prose rounds to the displayed significant digits,Reference mean 0.850237,SOURCE_REGISTERED
headline_0735,Expanded null temporal_shuffle; occupied_fraction,0.8125,4000,VALIDATED,null_history_comparison.csv,v2 + scientific-validation-1,retain source precision in tables; prose rounds to the displayed significant digits,Reference mean 0.811300,SOURCE_REGISTERED
headline_0736,Expanded null temporal_shuffle; profile_distance_q10,0.553737495727,4000,VALIDATED,null_history_comparison.csv,v2 + scientific-validation-1,retain source precision in tables; prose rounds to the displayed significant digits,Reference mean 0.553741,SOURCE_REGISTERED
headline_0737,Expanded null temporal_shuffle; profile_distance_q50,1.2167842414,4000,VALIDATED,null_history_comparison.csv,v2 + scientific-validation-1,retain source precision in tables; prose rounds to the displayed significant digits,Reference mean 1.261869,SOURCE_REGISTERED
headline_0738,Expanded null temporal_shuffle; profile_distance_q90,2.08162513674,4000,VALIDATED,null_history_comparison.csv,v2 + scientific-validation-1,retain source precision in tables; prose rounds to the displayed significant digits,Reference mean 2.192647,SOURCE_REGISTERED
headline_0739,Expanded null temporal_shuffle; front_loaded_fraction_mean,0.540626642016,4000,VALIDATED,null_history_comparison.csv,v2 + scientific-validation-1,retain source precision in tables; prose rounds to the displayed significant digits,Reference mean 0.499578,SOURCE_REGISTERED
headline_0740,Expanded null temporal_shuffle; front_loaded_fraction_q10,0.3125,4000,VALIDATED,null_history_comparison.csv,v2 + scientific-validation-1,retain source precision in tables; prose rounds to the displayed significant digits,Reference mean 0.263058,SOURCE_REGISTERED
headline_0741,Expanded null temporal_shuffle; front_loaded_fraction_q50,0.5,4000,VALIDATED,null_history_comparison.csv,v2 + scientific-validation-1,retain source precision in tables; prose rounds to the displayed significant digits,Reference mean 0.500000,SOURCE_REGISTERED
headline_0742,Expanded null temporal_shuffle; front_loaded_fraction_q90,0.789473684211,4000,VALIDATED,null_history_comparison.csv,v2 + scientific-validation-1,retain source precision in tables; prose rounds to the displayed significant digits,Reference mean 0.733802,SOURCE_REGISTERED
headline_0743,Expanded null temporal_shuffle; normalized_entropy_mean,0.83856607729,4000,VALIDATED,null_history_comparison.csv,v2 + scientific-validation-1,retain source precision in tables; prose rounds to the displayed significant digits,Reference mean 0.838566,SOURCE_REGISTERED
headline_0744,Expanded null temporal_shuffle; normalized_entropy_q10,0.640993395869,4000,VALIDATED,null_history_comparison.csv,v2 + scientific-validation-1,retain source precision in tables; prose rounds to the displayed significant digits,Reference mean 0.640993,SOURCE_REGISTERED
headline_0745,Expanded null temporal_shuffle; normalized_entropy_q50,0.875801646969,4000,VALIDATED,null_history_comparison.csv,v2 + scientific-validation-1,retain source precision in tables; prose rounds to the displayed significant digits,Reference mean 0.875802,SOURCE_REGISTERED
headline_0746,Expanded null temporal_shuffle; normalized_entropy_q90,0.982141032835,4000,VALIDATED,null_history_comparison.csv,v2 + scientific-validation-1,retain source precision in tables; prose rounds to the displayed significant digits,Reference mean 0.982141,SOURCE_REGISTERED
headline_0747,Expanded null temporal_shuffle; pulse_count_mean,1.249,4000,VALIDATED,null_history_comparison.csv,v2 + scientific-validation-1,retain source precision in tables; prose rounds to the displayed significant digits,Reference mean 1.412797,SOURCE_REGISTERED
headline_0748,Expanded null temporal_shuffle; pulse_count_q10,1.0,4000,VALIDATED,null_history_comparison.csv,v2 + scientific-validation-1,retain source precision in tables; prose rounds to the displayed significant digits,Reference mean 1.000000,SOURCE_REGISTERED
headline_0749,Expanded null temporal_shuffle; pulse_count_q50,1.0,4000,VALIDATED,null_history_comparison.csv,v2 + scientific-validation-1,retain source precision in tables; prose rounds to the displayed significant digits,Reference mean 1.000000,SOURCE_REGISTERED
headline_0750,Expanded null temporal_shuffle; pulse_count_q90,2.0,4000,VALIDATED,null_history_comparison.csv,v2 + scientific-validation-1,retain source precision in tables; prose rounds to the displayed significant digits,Reference mean 2.000000,SOURCE_REGISTERED
headline_0751,Expanded null temporal_shuffle; reactivation_count_mean,0.038,4000,VALIDATED,null_history_comparison.csv,v2 + scientific-validation-1,retain source precision in tables; prose rounds to the displayed significant digits,Reference mean 0.120307,SOURCE_REGISTERED
headline_0752,Expanded null temporal_shuffle; reactivation_count_q10,0.0,4000,VALIDATED,null_history_comparison.csv,v2 + scientific-validation-1,retain source precision in tables; prose rounds to the displayed significant digits,Reference mean 0.000000,SOURCE_REGISTERED
headline_0753,Expanded null temporal_shuffle; reactivation_count_q50,0.0,4000,VALIDATED,null_history_comparison.csv,v2 + scientific-validation-1,retain source precision in tables; prose rounds to the displayed significant digits,Reference mean 0.000000,SOURCE_REGISTERED
headline_0754,Expanded null temporal_shuffle; reactivation_count_q90,0.0,4000,VALIDATED,null_history_comparison.csv,v2 + scientific-validation-1,retain source precision in tables; prose rounds to the displayed significant digits,Reference mean 0.124000,SOURCE_REGISTERED
headline_0755,Expanded null temporal_shuffle; peak_timing_mean,0.415510959719,4000,VALIDATED,null_history_comparison.csv,v2 + scientific-validation-1,retain source precision in tables; prose rounds to the displayed significant digits,Reference mean 0.450720,SOURCE_REGISTERED
headline_0756,Expanded null temporal_shuffle; peak_timing_q10,0.15,4000,VALIDATED,null_history_comparison.csv,v2 + scientific-validation-1,retain source precision in tables; prose rounds to the displayed significant digits,Reference mean 0.125000,SOURCE_REGISTERED
headline_0757,Expanded null temporal_shuffle; peak_timing_q50,0.375,4000,VALIDATED,null_history_comparison.csv,v2 + scientific-validation-1,retain source precision in tables; prose rounds to the displayed significant digits,Reference mean 0.497896,SOURCE_REGISTERED
headline_0758,Expanded null temporal_shuffle; peak_timing_q90,0.833333333333,4000,VALIDATED,null_history_comparison.csv,v2 + scientific-validation-1,retain source precision in tables; prose rounds to the displayed significant digits,Reference mean 0.833994,SOURCE_REGISTERED
headline_0759,Expanded null temporal_shuffle; landmark_multiple_detected_pulses,0.21725,4000,VALIDATED,null_history_comparison.csv,v2 + scientific-validation-1,retain source precision in tables; prose rounds to the displayed significant digits,Reference mean 0.317032,SOURCE_REGISTERED
headline_0760,Expanded null temporal_shuffle; landmark_late_peak,0.13,4000,VALIDATED,null_history_comparison.csv,v2 + scientific-validation-1,retain source precision in tables; prose rounds to the displayed significant digits,Reference mean 0.165170,SOURCE_REGISTERED
headline_0761,Expanded null temporal_shuffle; landmark_front-loaded_taper,0.13575,4000,VALIDATED,null_history_comparison.csv,v2 + scientific-validation-1,retain source precision in tables; prose rounds to the displayed significant digits,Reference mean 0.083405,SOURCE_REGISTERED
headline_0762,Expanded null temporal_shuffle; landmark_distributed_growth,0.517,4000,VALIDATED,null_history_comparison.csv,v2 + scientific-validation-1,retain source precision in tables; prose rounds to the displayed significant digits,Reference mean 0.434393,SOURCE_REGISTERED
headline_0763,Association mean_precipitation_mm; front_loaded_fraction,-0.011434690209,9212,ADJUSTED,adjusted_weather_associations.csv,v2 + scientific-validation-1,retain source precision in tables; prose rounds to the displayed significant digits,Small associations; not causal,SOURCE_REGISTERED
headline_0764,Association mean_precipitation_mm; late_growth_fraction,0.0407190360419,9212,ADJUSTED,adjusted_weather_associations.csv,v2 + scientific-validation-1,retain source precision in tables; prose rounds to the displayed significant digits,Small associations; not causal,SOURCE_REGISTERED
headline_0765,Association mean_precipitation_mm; peak_timing,0.0105625166326,9212,ADJUSTED,adjusted_weather_associations.csv,v2 + scientific-validation-1,retain source precision in tables; prose rounds to the displayed significant digits,Small associations; not causal,SOURCE_REGISTERED
headline_0766,Association mean_precipitation_mm; terminal_taper_fraction,0.0235435392693,9212,ADJUSTED,adjusted_weather_associations.csv,v2 + scientific-validation-1,retain source precision in tables; prose rounds to the displayed significant digits,Small associations; not causal,SOURCE_REGISTERED
headline_0767,Association mean_precipitation_mm; normalized_entropy,0.00332052160053,9212,ADJUSTED,adjusted_weather_associations.csv,v2 + scientific-validation-1,retain source precision in tables; prose rounds to the displayed significant digits,Small associations; not causal,SOURCE_REGISTERED
headline_0768,Association mean_precipitation_mm; pulse_count,0.0249210706602,9212,ADJUSTED,adjusted_weather_associations.csv,v2 + scientific-validation-1,retain source precision in tables; prose rounds to the displayed significant digits,Small associations; not causal,SOURCE_REGISTERED
headline_0769,Association mean_precipitation_mm; reactivation_count,0.0344354786139,9212,ADJUSTED,adjusted_weather_associations.csv,v2 + scientific-validation-1,retain source precision in tables; prose rounds to the displayed significant digits,Small associations; not causal,SOURCE_REGISTERED
headline_0770,Association mean_precipitation_mm; normalized_first_difference,0.00294977459804,9212,ADJUSTED,adjusted_weather_associations.csv,v2 + scientific-validation-1,retain source precision in tables; prose rounds to the displayed significant digits,Small associations; not causal,SOURCE_REGISTERED
headline_0771,Association mean_precipitation_mm; normalized_second_difference,-0.0113263920488,9212,ADJUSTED,adjusted_weather_associations.csv,v2 + scientific-validation-1,retain source precision in tables; prose rounds to the displayed significant digits,Small associations; not causal,SOURCE_REGISTERED
headline_0772,Association wet_fraction; front_loaded_fraction,-0.0176732730739,9212,ADJUSTED,adjusted_weather_associations.csv,v2 + scientific-validation-1,retain source precision in tables; prose rounds to the displayed significant digits,Small associations; not causal,SOURCE_REGISTERED
headline_0773,Association wet_fraction; late_growth_fraction,0.044694987221,9212,ADJUSTED,adjusted_weather_associations.csv,v2 + scientific-validation-1,retain source precision in tables; prose rounds to the displayed significant digits,Small associations; not causal,SOURCE_REGISTERED
headline_0774,Association wet_fraction; peak_timing,0.0135995373314,9212,ADJUSTED,adjusted_weather_associations.csv,v2 + scientific-validation-1,retain source precision in tables; prose rounds to the displayed significant digits,Small associations; not causal,SOURCE_REGISTERED
headline_0775,Association wet_fraction; terminal_taper_fraction,0.0278445715765,9212,ADJUSTED,adjusted_weather_associations.csv,v2 + scientific-validation-1,retain source precision in tables; prose rounds to the displayed significant digits,Small associations; not causal,SOURCE_REGISTERED
headline_0776,Association wet_fraction; normalized_entropy,3.44869567733e-05,9212,ADJUSTED,adjusted_weather_associations.csv,v2 + scientific-validation-1,retain source precision in tables; prose rounds to the displayed significant digits,Small associations; not causal,SOURCE_REGISTERED
headline_0777,Association wet_fraction; pulse_count,0.0227620876536,9212,ADJUSTED,adjusted_weather_associations.csv,v2 + scientific-validation-1,retain source precision in tables; prose rounds to the displayed significant digits,Small associations; not causal,SOURCE_REGISTERED
headline_0778,Association wet_fraction; reactivation_count,0.0255735728844,9212,ADJUSTED,adjusted_weather_associations.csv,v2 + scientific-validation-1,retain source precision in tables; prose rounds to the displayed significant digits,Small associations; not causal,SOURCE_REGISTERED
headline_0779,Association wet_fraction; normalized_first_difference,0.00414644272614,9212,ADJUSTED,adjusted_weather_associations.csv,v2 + scientific-validation-1,retain source precision in tables; prose rounds to the displayed significant digits,Small associations; not causal,SOURCE_REGISTERED
headline_0780,Association wet_fraction; normalized_second_difference,-0.00812339003656,9212,ADJUSTED,adjusted_weather_associations.csv,v2 + scientific-validation-1,retain source precision in tables; prose rounds to the displayed significant digits,Small associations; not causal,SOURCE_REGISTERED
headline_0781,Association mean_vpd_kpa; front_loaded_fraction,0.0498868791805,9212,ADJUSTED,adjusted_weather_associations.csv,v2 + scientific-validation-1,retain source precision in tables; prose rounds to the displayed significant digits,Small associations; not causal,SOURCE_REGISTERED
headline_0782,Association mean_vpd_kpa; late_growth_fraction,-0.0693575768892,9212,ADJUSTED,adjusted_weather_associations.csv,v2 + scientific-validation-1,retain source precision in tables; prose rounds to the displayed significant digits,Small associations; not causal,SOURCE_REGISTERED
headline_0783,Association mean_vpd_kpa; peak_timing,-0.0378799901912,9212,ADJUSTED,adjusted_weather_associations.csv,v2 + scientific-validation-1,retain source precision in tables; prose rounds to the displayed significant digits,Small associations; not causal,SOURCE_REGISTERED
headline_0784,Association mean_vpd_kpa; terminal_taper_fraction,-0.0521561365032,9212,ADJUSTED,adjusted_weather_associations.csv,v2 + scientific-validation-1,retain source precision in tables; prose rounds to the displayed significant digits,Small associations; not causal,SOURCE_REGISTERED
headline_0785,Association mean_vpd_kpa; normalized_entropy,-0.0257418628412,9212,ADJUSTED,adjusted_weather_associations.csv,v2 + scientific-validation-1,retain source precision in tables; prose rounds to the displayed significant digits,Small associations; not causal,SOURCE_REGISTERED
headline_0786,Association mean_vpd_kpa; pulse_count,-0.0553884647843,9212,ADJUSTED,adjusted_weather_associations.csv,v2 + scientific-validation-1,retain source precision in tables; prose rounds to the displayed significant digits,Small associations; not causal,SOURCE_REGISTERED
headline_0787,Association mean_vpd_kpa; reactivation_count,-0.0262865310951,9212,ADJUSTED,adjusted_weather_associations.csv,v2 + scientific-validation-1,retain source precision in tables; prose rounds to the displayed significant digits,Small associations; not causal,SOURCE_REGISTERED
headline_0788,Association mean_vpd_kpa; normalized_first_difference,-0.00986726233547,9212,ADJUSTED,adjusted_weather_associations.csv,v2 + scientific-validation-1,retain source precision in tables; prose rounds to the displayed significant digits,Small associations; not causal,SOURCE_REGISTERED
headline_0789,Association mean_vpd_kpa; normalized_second_difference,-0.0121668665078,9212,ADJUSTED,adjusted_weather_associations.csv,v2 + scientific-validation-1,retain source precision in tables; prose rounds to the displayed significant digits,Small associations; not causal,SOURCE_REGISTERED
headline_0790,Association max_vpd; front_loaded_fraction,0.0499782403812,9212,ADJUSTED,adjusted_weather_associations.csv,v2 + scientific-validation-1,retain source precision in tables; prose rounds to the displayed significant digits,Small associations; not causal,SOURCE_REGISTERED
headline_0791,Association max_vpd; late_growth_fraction,-0.0624467456543,9212,ADJUSTED,adjusted_weather_associations.csv,v2 + scientific-validation-1,retain source precision in tables; prose rounds to the displayed significant digits,Small associations; not causal,SOURCE_REGISTERED
headline_0792,Association max_vpd; peak_timing,-0.033952376536,9212,ADJUSTED,adjusted_weather_associations.csv,v2 + scientific-validation-1,retain source precision in tables; prose rounds to the displayed significant digits,Small associations; not causal,SOURCE_REGISTERED
headline_0793,Association max_vpd; terminal_taper_fraction,-0.0545882906703,9212,ADJUSTED,adjusted_weather_associations.csv,v2 + scientific-validation-1,retain source precision in tables; prose rounds to the displayed significant digits,Small associations; not causal,SOURCE_REGISTERED
headline_0794,Association max_vpd; normalized_entropy,-0.0297064813566,9212,ADJUSTED,adjusted_weather_associations.csv,v2 + scientific-validation-1,retain source precision in tables; prose rounds to the displayed significant digits,Small associations; not causal,SOURCE_REGISTERED
headline_0795,Association max_vpd; pulse_count,-0.0528335222448,9212,ADJUSTED,adjusted_weather_associations.csv,v2 + scientific-validation-1,retain source precision in tables; prose rounds to the displayed significant digits,Small associations; not causal,SOURCE_REGISTERED
headline_0796,Association max_vpd; reactivation_count,0.00108286015348,9212,ADJUSTED,adjusted_weather_associations.csv,v2 + scientific-validation-1,retain source precision in tables; prose rounds to the displayed significant digits,Small associations; not causal,SOURCE_REGISTERED
headline_0797,Association max_vpd; normalized_first_difference,-0.0049270372199,9212,ADJUSTED,adjusted_weather_associations.csv,v2 + scientific-validation-1,retain source precision in tables; prose rounds to the displayed significant digits,Small associations; not causal,SOURCE_REGISTERED
headline_0798,Association max_vpd; normalized_second_difference,-0.0155646932685,9212,ADJUSTED,adjusted_weather_associations.csv,v2 + scientific-validation-1,retain source precision in tables; prose rounds to the displayed significant digits,Small associations; not causal,SOURCE_REGISTERED
composition_001,cohort: sample_size: baseline,10246.0,10246,CONFIRMED_SENSITIVITY,analysis/scientific_validation/compositional_sensitivity/summary.csv,section=cohort; metric=sample_size; column=baseline,three decimals in prose; five decimals in SI table,identical frozen events,SOURCE_REGISTERED
composition_002,cohort: sample_size: hellinger,10246.0,10246,CONFIRMED_SENSITIVITY,analysis/scientific_validation/compositional_sensitivity/summary.csv,section=cohort; metric=sample_size; column=hellinger,three decimals in prose; five decimals in SI table,identical frozen events,SOURCE_REGISTERED
composition_003,cohort: feature_count: baseline,20.0,10246,CONFIRMED_SENSITIVITY,analysis/scientific_validation/compositional_sensitivity/summary.csv,section=cohort; metric=feature_count; column=baseline,three decimals in prose; five decimals in SI table,allocation_00 through allocation_19,SOURCE_REGISTERED
composition_004,cohort: feature_count: hellinger,20.0,10246,CONFIRMED_SENSITIVITY,analysis/scientific_validation/compositional_sensitivity/summary.csv,section=cohort; metric=feature_count; column=hellinger,three decimals in prose; five decimals in SI table,allocation_00 through allocation_19,SOURCE_REGISTERED
composition_005,variance: PC1_explained: baseline,0.341495575686,10246,CONFIRMED_SENSITIVITY,analysis/scientific_validation/compositional_sensitivity/summary.csv,section=variance; metric=PC1_explained; column=baseline,three decimals in prose; five decimals in SI table,representation-specific variance,SOURCE_REGISTERED
composition_006,variance: PC1_explained: hellinger,0.337907569598,10246,CONFIRMED_SENSITIVITY,analysis/scientific_validation/compositional_sensitivity/summary.csv,section=variance; metric=PC1_explained; column=hellinger,three decimals in prose; five decimals in SI table,representation-specific variance,SOURCE_REGISTERED
composition_007,variance: PC1_explained: comparison,-0.00358800608818,10246,CONFIRMED_SENSITIVITY,analysis/scientific_validation/compositional_sensitivity/summary.csv,section=variance; metric=PC1_explained; column=comparison,three decimals in prose; five decimals in SI table,representation-specific variance,SOURCE_REGISTERED
composition_008,variance: PC1_to_PC5_cumulative: baseline,0.894435897825,10246,CONFIRMED_SENSITIVITY,analysis/scientific_validation/compositional_sensitivity/summary.csv,section=variance; metric=PC1_to_PC5_cumulative; column=baseline,three decimals in prose; five decimals in SI table,representation-specific variance,SOURCE_REGISTERED
composition_009,variance: PC1_to_PC5_cumulative: hellinger,0.882819004277,10246,CONFIRMED_SENSITIVITY,analysis/scientific_validation/compositional_sensitivity/summary.csv,section=variance; metric=PC1_to_PC5_cumulative; column=hellinger,three decimals in prose; five decimals in SI table,representation-specific variance,SOURCE_REGISTERED
composition_010,variance: PC1_to_PC5_cumulative: comparison,-0.0116168935485,10246,CONFIRMED_SENSITIVITY,analysis/scientific_validation/compositional_sensitivity/summary.csv,section=variance; metric=PC1_to_PC5_cumulative; column=comparison,three decimals in prose; five decimals in SI table,representation-specific variance,SOURCE_REGISTERED
composition_011,axis_alignment: PC1_score_correlation: comparison,0.941970306469,10246,CONFIRMED_SENSITIVITY,analysis/scientific_validation/compositional_sensitivity/summary.csv,section=axis_alignment; metric=PC1_score_correlation; column=comparison,three decimals in prose; five decimals in SI table,"Hellinger PC1, sign aligned",SOURCE_REGISTERED
composition_012,axis_alignment: PC2_score_correlation: comparison,0.938326053409,10246,CONFIRMED_SENSITIVITY,analysis/scientific_validation/compositional_sensitivity/summary.csv,section=axis_alignment; metric=PC2_score_correlation; column=comparison,three decimals in prose; five decimals in SI table,"Hellinger PC2, sign aligned",SOURCE_REGISTERED
composition_013,axis_alignment: PC3_score_correlation: comparison,0.973742115459,10246,CONFIRMED_SENSITIVITY,analysis/scientific_validation/compositional_sensitivity/summary.csv,section=axis_alignment; metric=PC3_score_correlation; column=comparison,three decimals in prose; five decimals in SI table,"Hellinger PC3, sign aligned",SOURCE_REGISTERED
composition_014,axis_alignment: PC4_score_correlation: comparison,0.953125970045,10246,CONFIRMED_SENSITIVITY,analysis/scientific_validation/compositional_sensitivity/summary.csv,section=axis_alignment; metric=PC4_score_correlation; column=comparison,three decimals in prose; five decimals in SI table,"Hellinger PC4, sign aligned",SOURCE_REGISTERED
composition_015,axis_alignment: PC5_score_correlation: comparison,0.949785300574,10246,CONFIRMED_SENSITIVITY,analysis/scientific_validation/compositional_sensitivity/summary.csv,section=axis_alignment; metric=PC5_score_correlation; column=comparison,three decimals in prose; five decimals in SI table,"Hellinger PC5, sign aligned",SOURCE_REGISTERED
composition_016,correspondence: procrustes_similarity_5d: comparison,0.984787646348,10246,CONFIRMED_SENSITIVITY,analysis/scientific_validation/compositional_sensitivity/summary.csv,section=correspondence; metric=procrustes_similarity_5d; column=comparison,three decimals in prose; five decimals in SI table,global configuration after rotation and one global scale,SOURCE_REGISTERED
composition_017,correspondence: score_subspace_similarity_5d: comparison,0.960091571547,10246,CONFIRMED_SENSITIVITY,analysis/scientific_validation/compositional_sensitivity/summary.csv,section=correspondence; metric=score_subspace_similarity_5d; column=comparison,three decimals in prose; five decimals in SI table,principal-angle similarity in event score space,SOURCE_REGISTERED
composition_018,correspondence: anchor_pair_distance_spearman_5d: comparison,0.976291299063,10246,CONFIRMED_SENSITIVITY,analysis/scientific_validation/compositional_sensitivity/summary.csv,section=correspondence; metric=anchor_pair_distance_spearman_5d; column=comparison,three decimals in prose; five decimals in SI table,"all pairwise distances among 1,000 frozen anchors",SOURCE_REGISTERED
composition_019,correspondence: anchor_15_neighbor_overlap_5d: comparison,0.7014,10246,CONFIRMED_SENSITIVITY,analysis/scientific_validation/compositional_sensitivity/summary.csv,section=correspondence; metric=anchor_15_neighbor_overlap_5d; column=comparison,three decimals in prose; five decimals in SI table,mean shared neighbors among frozen anchors,SOURCE_REGISTERED
composition_020,correspondence: pc1_tail_jaccard_mean: comparison,0.57331912248,10246,CONFIRMED_SENSITIVITY,analysis/scientific_validation/compositional_sensitivity/summary.csv,section=correspondence; metric=pc1_tail_jaccard_mean; column=comparison,three decimals in prose; five decimals in SI table,mean top/bottom 2% Jaccard,SOURCE_REGISTERED
composition_021,correspondence: pc2_tail_jaccard_mean: comparison,0.287218045113,10246,CONFIRMED_SENSITIVITY,analysis/scientific_validation/compositional_sensitivity/summary.csv,section=correspondence; metric=pc2_tail_jaccard_mean; column=comparison,three decimals in prose; five decimals in SI table,mean top/bottom 2% Jaccard,SOURCE_REGISTERED
composition_022,correspondence: pc1_pc2_tail_jaccard_mean: comparison,0.430268583796,10246,CONFIRMED_SENSITIVITY,analysis/scientific_validation/compositional_sensitivity/summary.csv,section=correspondence; metric=pc1_pc2_tail_jaccard_mean; column=comparison,three decimals in prose; five decimals in SI table,mean across PC1/PC2 top/bottom tails,SOURCE_REGISTERED
composition_023,extreme_exemplars: PC1_bottom_2pct_jaccard: comparison,0.679012345679,10246,CONFIRMED_SENSITIVITY,analysis/scientific_validation/compositional_sensitivity/summary.csv,section=extreme_exemplars; metric=PC1_bottom_2pct_jaccard; column=comparison,three decimals in prose; five decimals in SI table,204 fires per tail,SOURCE_REGISTERED
composition_024,extreme_exemplars: PC1_top_2pct_jaccard: comparison,0.467625899281,10246,CONFIRMED_SENSITIVITY,analysis/scientific_validation/compositional_sensitivity/summary.csv,section=extreme_exemplars; metric=PC1_top_2pct_jaccard; column=comparison,three decimals in prose; five decimals in SI table,204 fires per tail,SOURCE_REGISTERED
composition_025,extreme_exemplars: PC2_bottom_2pct_jaccard: comparison,0.142857142857,10246,CONFIRMED_SENSITIVITY,analysis/scientific_validation/compositional_sensitivity/summary.csv,section=extreme_exemplars; metric=PC2_bottom_2pct_jaccard; column=comparison,three decimals in prose; five decimals in SI table,204 fires per tail,SOURCE_REGISTERED
composition_026,extreme_exemplars: PC2_top_2pct_jaccard: comparison,0.431578947368,10246,CONFIRMED_SENSITIVITY,analysis/scientific_validation/compositional_sensitivity/summary.csv,section=extreme_exemplars; metric=PC2_top_2pct_jaccard; column=comparison,three decimals in prose; five decimals in SI table,204 fires per tail,SOURCE_REGISTERED
composition_027,gradient: PC1_front_loaded_fraction_spearman: baseline,-0.968336980606,10246,CONFIRMED_SENSITIVITY,analysis/scientific_validation/compositional_sensitivity/summary.csv,section=gradient; metric=PC1_front_loaded_fraction_spearman; column=baseline,three decimals in prose; five decimals in SI table,same external descriptive trait,SOURCE_REGISTERED
composition_028,gradient: PC1_front_loaded_fraction_spearman: hellinger,-0.945016482301,10246,CONFIRMED_SENSITIVITY,analysis/scientific_validation/compositional_sensitivity/summary.csv,section=gradient; metric=PC1_front_loaded_fraction_spearman; column=hellinger,three decimals in prose; five decimals in SI table,same external descriptive trait,SOURCE_REGISTERED
composition_029,gradient: PC1_front_loaded_fraction_spearman: comparison,0.0233204983057,10246,CONFIRMED_SENSITIVITY,analysis/scientific_validation/compositional_sensitivity/summary.csv,section=gradient; metric=PC1_front_loaded_fraction_spearman; column=comparison,three decimals in prose; five decimals in SI table,same external descriptive trait,SOURCE_REGISTERED
composition_030,gradient: PC1_late_growth_fraction_spearman: baseline,0.834465945843,10246,CONFIRMED_SENSITIVITY,analysis/scientific_validation/compositional_sensitivity/summary.csv,section=gradient; metric=PC1_late_growth_fraction_spearman; column=baseline,three decimals in prose; five decimals in SI table,same external descriptive trait,SOURCE_REGISTERED
composition_031,gradient: PC1_late_growth_fraction_spearman: hellinger,0.656364062204,10246,CONFIRMED_SENSITIVITY,analysis/scientific_validation/compositional_sensitivity/summary.csv,section=gradient; metric=PC1_late_growth_fraction_spearman; column=hellinger,three decimals in prose; five decimals in SI table,same external descriptive trait,SOURCE_REGISTERED
composition_032,gradient: PC1_late_growth_fraction_spearman: comparison,-0.178101883639,10246,CONFIRMED_SENSITIVITY,analysis/scientific_validation/compositional_sensitivity/summary.csv,section=gradient; metric=PC1_late_growth_fraction_spearman; column=comparison,three decimals in prose; five decimals in SI table,same external descriptive trait,SOURCE_REGISTERED
composition_033,gradient: PC1_normalized_entropy_spearman: baseline,0.324461823557,10246,CONFIRMED_SENSITIVITY,analysis/scientific_validation/compositional_sensitivity/summary.csv,section=gradient; metric=PC1_normalized_entropy_spearman; column=baseline,three decimals in prose; five decimals in SI table,same external descriptive trait,SOURCE_REGISTERED
composition_034,gradient: PC1_normalized_entropy_spearman: hellinger,0.14831086361,10246,CONFIRMED_SENSITIVITY,analysis/scientific_validation/compositional_sensitivity/summary.csv,section=gradient; metric=PC1_normalized_entropy_spearman; column=hellinger,three decimals in prose; five decimals in SI table,same external descriptive trait,SOURCE_REGISTERED
composition_035,gradient: PC1_normalized_entropy_spearman: comparison,-0.176150959947,10246,CONFIRMED_SENSITIVITY,analysis/scientific_validation/compositional_sensitivity/summary.csv,section=gradient; metric=PC1_normalized_entropy_spearman; column=comparison,three decimals in prose; five decimals in SI table,same external descriptive trait,SOURCE_REGISTERED
composition_036,gradient: PC1_pulse_count_spearman: baseline,0.0693916418097,10246,CONFIRMED_SENSITIVITY,analysis/scientific_validation/compositional_sensitivity/summary.csv,section=gradient; metric=PC1_pulse_count_spearman; column=baseline,three decimals in prose; five decimals in SI table,same external descriptive trait,SOURCE_REGISTERED
composition_037,gradient: PC1_pulse_count_spearman: hellinger,-0.0504805795095,10246,CONFIRMED_SENSITIVITY,analysis/scientific_validation/compositional_sensitivity/summary.csv,section=gradient; metric=PC1_pulse_count_spearman; column=hellinger,three decimals in prose; five decimals in SI table,same external descriptive trait,SOURCE_REGISTERED
composition_038,gradient: PC1_pulse_count_spearman: comparison,-0.119872221319,10246,CONFIRMED_SENSITIVITY,analysis/scientific_validation/compositional_sensitivity/summary.csv,section=gradient; metric=PC1_pulse_count_spearman; column=comparison,three decimals in prose; five decimals in SI table,same external descriptive trait,SOURCE_REGISTERED
composition_039,gradient: PC2_front_loaded_fraction_spearman: baseline,-0.0834434186206,10246,CONFIRMED_SENSITIVITY,analysis/scientific_validation/compositional_sensitivity/summary.csv,section=gradient; metric=PC2_front_loaded_fraction_spearman; column=baseline,three decimals in prose; five decimals in SI table,same external descriptive trait,SOURCE_REGISTERED
composition_040,gradient: PC2_front_loaded_fraction_spearman: hellinger,0.196585658022,10246,CONFIRMED_SENSITIVITY,analysis/scientific_validation/compositional_sensitivity/summary.csv,section=gradient; metric=PC2_front_loaded_fraction_spearman; column=hellinger,three decimals in prose; five decimals in SI table,same external descriptive trait,SOURCE_REGISTERED
composition_041,gradient: PC2_front_loaded_fraction_spearman: comparison,0.280029076642,10246,CONFIRMED_SENSITIVITY,analysis/scientific_validation/compositional_sensitivity/summary.csv,section=gradient; metric=PC2_front_loaded_fraction_spearman; column=comparison,three decimals in prose; five decimals in SI table,same external descriptive trait,SOURCE_REGISTERED
composition_042,gradient: PC2_late_growth_fraction_spearman: baseline,-0.390432049466,10246,CONFIRMED_SENSITIVITY,analysis/scientific_validation/compositional_sensitivity/summary.csv,section=gradient; metric=PC2_late_growth_fraction_spearman; column=baseline,three decimals in prose; five decimals in SI table,same external descriptive trait,SOURCE_REGISTERED
composition_043,gradient: PC2_late_growth_fraction_spearman: hellinger,-0.599271151206,10246,CONFIRMED_SENSITIVITY,analysis/scientific_validation/compositional_sensitivity/summary.csv,section=gradient; metric=PC2_late_growth_fraction_spearman; column=hellinger,three decimals in prose; five decimals in SI table,same external descriptive trait,SOURCE_REGISTERED
composition_044,gradient: PC2_late_growth_fraction_spearman: comparison,-0.20883910174,10246,CONFIRMED_SENSITIVITY,analysis/scientific_validation/compositional_sensitivity/summary.csv,section=gradient; metric=PC2_late_growth_fraction_spearman; column=comparison,three decimals in prose; five decimals in SI table,same external descriptive trait,SOURCE_REGISTERED
composition_045,gradient: PC2_normalized_entropy_spearman: baseline,-0.17035664864,10246,CONFIRMED_SENSITIVITY,analysis/scientific_validation/compositional_sensitivity/summary.csv,section=gradient; metric=PC2_normalized_entropy_spearman; column=baseline,three decimals in prose; five decimals in SI table,same external descriptive trait,SOURCE_REGISTERED
composition_046,gradient: PC2_normalized_entropy_spearman: hellinger,-0.262772701863,10246,CONFIRMED_SENSITIVITY,analysis/scientific_validation/compositional_sensitivity/summary.csv,section=gradient; metric=PC2_normalized_entropy_spearman; column=hellinger,three decimals in prose; five decimals in SI table,same external descriptive trait,SOURCE_REGISTERED
composition_047,gradient: PC2_normalized_entropy_spearman: comparison,-0.092416053223,10246,CONFIRMED_SENSITIVITY,analysis/scientific_validation/compositional_sensitivity/summary.csv,section=gradient; metric=PC2_normalized_entropy_spearman; column=comparison,three decimals in prose; five decimals in SI table,same external descriptive trait,SOURCE_REGISTERED
composition_048,gradient: PC2_pulse_count_spearman: baseline,-0.173061787918,10246,CONFIRMED_SENSITIVITY,analysis/scientific_validation/compositional_sensitivity/summary.csv,section=gradient; metric=PC2_pulse_count_spearman; column=baseline,three decimals in prose; five decimals in SI table,same external descriptive trait,SOURCE_REGISTERED
composition_049,gradient: PC2_pulse_count_spearman: hellinger,-0.18793356749,10246,CONFIRMED_SENSITIVITY,analysis/scientific_validation/compositional_sensitivity/summary.csv,section=gradient; metric=PC2_pulse_count_spearman; column=hellinger,three decimals in prose; five decimals in SI table,same external descriptive trait,SOURCE_REGISTERED
composition_050,gradient: PC2_pulse_count_spearman: comparison,-0.0148717795717,10246,CONFIRMED_SENSITIVITY,analysis/scientific_validation/compositional_sensitivity/summary.csv,section=gradient; metric=PC2_pulse_count_spearman; column=comparison,three decimals in prose; five decimals in SI table,same external descriptive trait,SOURCE_REGISTERED
composition_051,displayed_exemplars: mean_15_neighbor_overlap: comparison,0.766666666667,10246,CONFIRMED_SENSITIVITY,analysis/scientific_validation/compositional_sensitivity/summary.csv,section=displayed_exemplars; metric=mean_15_neighbor_overlap; column=comparison,three decimals in prose; five decimals in SI table,8 manuscript-displayed fires,SOURCE_REGISTERED
composition_052,displayed_exemplars: maximum_absolute_PC1_PC2_percentile_movement: comparison,0.278059730627,10246,CONFIRMED_SENSITIVITY,analysis/scientific_validation/compositional_sensitivity/summary.csv,section=displayed_exemplars; metric=maximum_absolute_PC1_PC2_percentile_movement; column=comparison,three decimals in prose; five decimals in SI table,movement in aligned marginal rank,SOURCE_REGISTERED
adversarial_053,depth_ordering: >= 3: front_loaded_fraction: observed_mean,0.541804958706,10246,CONFIRMED_ADVERSARIAL,analysis/scientific_validation/final_adversarial_pass/depth_stratified_ordering.csv,minimum_observations=3; trait=front_loaded_fraction,three decimals in handoff; full precision in CSV,post-draft adversarial handoff; not silently inserted into manuscript,SOURCE_REGISTERED
adversarial_054,depth_ordering: >= 3: front_loaded_fraction: shuffle_mean,0.499996820987,10246,CONFIRMED_ADVERSARIAL,analysis/scientific_validation/final_adversarial_pass/depth_stratified_ordering.csv,minimum_observations=3; trait=front_loaded_fraction,three decimals in handoff; full precision in CSV,post-draft adversarial handoff; not silently inserted into manuscript,SOURCE_REGISTERED
adversarial_055,depth_ordering: >= 3: front_loaded_fraction: observed_minus_shuffle,0.0418081377186,10246,CONFIRMED_ADVERSARIAL,analysis/scientific_validation/final_adversarial_pass/depth_stratified_ordering.csv,minimum_observations=3; trait=front_loaded_fraction,three decimals in handoff; full precision in CSV,post-draft adversarial handoff; not silently inserted into manuscript,SOURCE_REGISTERED
adversarial_056,depth_ordering: >= 3: front_loaded_fraction: two_sided_p,0.00990099009901,10246,CONFIRMED_ADVERSARIAL,analysis/scientific_validation/final_adversarial_pass/depth_stratified_ordering.csv,minimum_observations=3; trait=front_loaded_fraction,three decimals in handoff; full precision in CSV,post-draft adversarial handoff; not silently inserted into manuscript,SOURCE_REGISTERED
adversarial_057,depth_ordering: >= 3: late_growth_fraction: observed_mean,0.202110757225,10246,CONFIRMED_ADVERSARIAL,analysis/scientific_validation/final_adversarial_pass/depth_stratified_ordering.csv,minimum_observations=3; trait=late_growth_fraction,three decimals in handoff; full precision in CSV,post-draft adversarial handoff; not silently inserted into manuscript,SOURCE_REGISTERED
adversarial_058,depth_ordering: >= 3: late_growth_fraction: shuffle_mean,0.249876263804,10246,CONFIRMED_ADVERSARIAL,analysis/scientific_validation/final_adversarial_pass/depth_stratified_ordering.csv,minimum_observations=3; trait=late_growth_fraction,three decimals in handoff; full precision in CSV,post-draft adversarial handoff; not silently inserted into manuscript,SOURCE_REGISTERED
adversarial_059,depth_ordering: >= 3: late_growth_fraction: observed_minus_shuffle,-0.0477655065789,10246,CONFIRMED_ADVERSARIAL,analysis/scientific_validation/final_adversarial_pass/depth_stratified_ordering.csv,minimum_observations=3; trait=late_growth_fraction,three decimals in handoff; full precision in CSV,post-draft adversarial handoff; not silently inserted into manuscript,SOURCE_REGISTERED
adversarial_060,depth_ordering: >= 3: late_growth_fraction: two_sided_p,0.00990099009901,10246,CONFIRMED_ADVERSARIAL,analysis/scientific_validation/final_adversarial_pass/depth_stratified_ordering.csv,minimum_observations=3; trait=late_growth_fraction,three decimals in handoff; full precision in CSV,post-draft adversarial handoff; not silently inserted into manuscript,SOURCE_REGISTERED
adversarial_061,depth_ordering: >= 3: peak_timing: observed_mean,0.414583042449,10246,CONFIRMED_ADVERSARIAL,analysis/scientific_validation/final_adversarial_pass/depth_stratified_ordering.csv,minimum_observations=3; trait=peak_timing,three decimals in handoff; full precision in CSV,post-draft adversarial handoff; not silently inserted into manuscript,SOURCE_REGISTERED
adversarial_062,depth_ordering: >= 3: peak_timing: shuffle_mean,0.449169859205,10246,CONFIRMED_ADVERSARIAL,analysis/scientific_validation/final_adversarial_pass/depth_stratified_ordering.csv,minimum_observations=3; trait=peak_timing,three decimals in handoff; full precision in CSV,post-draft adversarial handoff; not silently inserted into manuscript,SOURCE_REGISTERED
adversarial_063,depth_ordering: >= 3: peak_timing: observed_minus_shuffle,-0.0345868167556,10246,CONFIRMED_ADVERSARIAL,analysis/scientific_validation/final_adversarial_pass/depth_stratified_ordering.csv,minimum_observations=3; trait=peak_timing,three decimals in handoff; full precision in CSV,post-draft adversarial handoff; not silently inserted into manuscript,SOURCE_REGISTERED
adversarial_064,depth_ordering: >= 3: peak_timing: two_sided_p,0.00990099009901,10246,CONFIRMED_ADVERSARIAL,analysis/scientific_validation/final_adversarial_pass/depth_stratified_ordering.csv,minimum_observations=3; trait=peak_timing,three decimals in handoff; full precision in CSV,post-draft adversarial handoff; not silently inserted into manuscript,SOURCE_REGISTERED
adversarial_065,depth_ordering: >= 3: terminal_taper_fraction: observed_mean,0.486403246362,10246,CONFIRMED_ADVERSARIAL,analysis/scientific_validation/final_adversarial_pass/depth_stratified_ordering.csv,minimum_observations=3; trait=terminal_taper_fraction,three decimals in handoff; full precision in CSV,post-draft adversarial handoff; not silently inserted into manuscript,SOURCE_REGISTERED
adversarial_066,depth_ordering: >= 3: terminal_taper_fraction: shuffle_mean,0.570447586748,10246,CONFIRMED_ADVERSARIAL,analysis/scientific_validation/final_adversarial_pass/depth_stratified_ordering.csv,minimum_observations=3; trait=terminal_taper_fraction,three decimals in handoff; full precision in CSV,post-draft adversarial handoff; not silently inserted into manuscript,SOURCE_REGISTERED
adversarial_067,depth_ordering: >= 3: terminal_taper_fraction: observed_minus_shuffle,-0.0840443403862,10246,CONFIRMED_ADVERSARIAL,analysis/scientific_validation/final_adversarial_pass/depth_stratified_ordering.csv,minimum_observations=3; trait=terminal_taper_fraction,three decimals in handoff; full precision in CSV,post-draft adversarial handoff; not silently inserted into manuscript,SOURCE_REGISTERED
adversarial_068,depth_ordering: >= 3: terminal_taper_fraction: two_sided_p,0.00990099009901,10246,CONFIRMED_ADVERSARIAL,analysis/scientific_validation/final_adversarial_pass/depth_stratified_ordering.csv,minimum_observations=3; trait=terminal_taper_fraction,three decimals in handoff; full precision in CSV,post-draft adversarial handoff; not silently inserted into manuscript,SOURCE_REGISTERED
adversarial_069,depth_ordering: >= 3: normalized_entropy: observed_mean,0.838064990723,10246,CONFIRMED_ADVERSARIAL,analysis/scientific_validation/final_adversarial_pass/depth_stratified_ordering.csv,minimum_observations=3; trait=normalized_entropy,three decimals in handoff; full precision in CSV,post-draft adversarial handoff; not silently inserted into manuscript,SOURCE_REGISTERED
adversarial_070,depth_ordering: >= 3: normalized_entropy: shuffle_mean,0.838064990723,10246,CONFIRMED_ADVERSARIAL,analysis/scientific_validation/final_adversarial_pass/depth_stratified_ordering.csv,minimum_observations=3; trait=normalized_entropy,three decimals in handoff; full precision in CSV,post-draft adversarial handoff; not silently inserted into manuscript,SOURCE_REGISTERED
adversarial_071,depth_ordering: >= 3: normalized_entropy: observed_minus_shuffle,-1.11022302463e-16,10246,CONFIRMED_ADVERSARIAL,analysis/scientific_validation/final_adversarial_pass/depth_stratified_ordering.csv,minimum_observations=3; trait=normalized_entropy,three decimals in handoff; full precision in CSV,post-draft adversarial handoff; not silently inserted into manuscript,SOURCE_REGISTERED
adversarial_072,depth_ordering: >= 3: normalized_entropy: two_sided_p,1.0,10246,CONFIRMED_ADVERSARIAL,analysis/scientific_validation/final_adversarial_pass/depth_stratified_ordering.csv,minimum_observations=3; trait=normalized_entropy,three decimals in handoff; full precision in CSV,post-draft adversarial handoff; not silently inserted into manuscript,SOURCE_REGISTERED
adversarial_073,depth_ordering: >= 3: pulse_count: observed_mean,1.23765371852,10246,CONFIRMED_ADVERSARIAL,analysis/scientific_validation/final_adversarial_pass/depth_stratified_ordering.csv,minimum_observations=3; trait=pulse_count,three decimals in handoff; full precision in CSV,post-draft adversarial handoff; not silently inserted into manuscript,SOURCE_REGISTERED
adversarial_074,depth_ordering: >= 3: pulse_count: shuffle_mean,1.39621803631,10246,CONFIRMED_ADVERSARIAL,analysis/scientific_validation/final_adversarial_pass/depth_stratified_ordering.csv,minimum_observations=3; trait=pulse_count,three decimals in handoff; full precision in CSV,post-draft adversarial handoff; not silently inserted into manuscript,SOURCE_REGISTERED
adversarial_075,depth_ordering: >= 3: pulse_count: observed_minus_shuffle,-0.158564317783,10246,CONFIRMED_ADVERSARIAL,analysis/scientific_validation/final_adversarial_pass/depth_stratified_ordering.csv,minimum_observations=3; trait=pulse_count,three decimals in handoff; full precision in CSV,post-draft adversarial handoff; not silently inserted into manuscript,SOURCE_REGISTERED
adversarial_076,depth_ordering: >= 3: pulse_count: two_sided_p,0.00990099009901,10246,CONFIRMED_ADVERSARIAL,analysis/scientific_validation/final_adversarial_pass/depth_stratified_ordering.csv,minimum_observations=3; trait=pulse_count,three decimals in handoff; full precision in CSV,post-draft adversarial handoff; not silently inserted into manuscript,SOURCE_REGISTERED
adversarial_077,depth_ordering: >= 3: reactivation_count: observed_mean,0.0364044505173,10246,CONFIRMED_ADVERSARIAL,analysis/scientific_validation/final_adversarial_pass/depth_stratified_ordering.csv,minimum_observations=3; trait=reactivation_count,three decimals in handoff; full precision in CSV,post-draft adversarial handoff; not silently inserted into manuscript,SOURCE_REGISTERED
adversarial_078,depth_ordering: >= 3: reactivation_count: shuffle_mean,0.114305094671,10246,CONFIRMED_ADVERSARIAL,analysis/scientific_validation/final_adversarial_pass/depth_stratified_ordering.csv,minimum_observations=3; trait=reactivation_count,three decimals in handoff; full precision in CSV,post-draft adversarial handoff; not silently inserted into manuscript,SOURCE_REGISTERED
adversarial_079,depth_ordering: >= 3: reactivation_count: observed_minus_shuffle,-0.0779006441538,10246,CONFIRMED_ADVERSARIAL,analysis/scientific_validation/final_adversarial_pass/depth_stratified_ordering.csv,minimum_observations=3; trait=reactivation_count,three decimals in handoff; full precision in CSV,post-draft adversarial handoff; not silently inserted into manuscript,SOURCE_REGISTERED
adversarial_080,depth_ordering: >= 3: reactivation_count: two_sided_p,0.00990099009901,10246,CONFIRMED_ADVERSARIAL,analysis/scientific_validation/final_adversarial_pass/depth_stratified_ordering.csv,minimum_observations=3; trait=reactivation_count,three decimals in handoff; full precision in CSV,post-draft adversarial handoff; not silently inserted into manuscript,SOURCE_REGISTERED
adversarial_081,depth_ordering: >= 5: front_loaded_fraction: observed_mean,0.586324188624,2887,CONFIRMED_ADVERSARIAL,analysis/scientific_validation/final_adversarial_pass/depth_stratified_ordering.csv,minimum_observations=5; trait=front_loaded_fraction,three decimals in handoff; full precision in CSV,post-draft adversarial handoff; not silently inserted into manuscript,SOURCE_REGISTERED
adversarial_082,depth_ordering: >= 5: front_loaded_fraction: shuffle_mean,0.500144920629,2887,CONFIRMED_ADVERSARIAL,analysis/scientific_validation/final_adversarial_pass/depth_stratified_ordering.csv,minimum_observations=5; trait=front_loaded_fraction,three decimals in handoff; full precision in CSV,post-draft adversarial handoff; not silently inserted into manuscript,SOURCE_REGISTERED
adversarial_083,depth_ordering: >= 5: front_loaded_fraction: observed_minus_shuffle,0.0861792679943,2887,CONFIRMED_ADVERSARIAL,analysis/scientific_validation/final_adversarial_pass/depth_stratified_ordering.csv,minimum_observations=5; trait=front_loaded_fraction,three decimals in handoff; full precision in CSV,post-draft adversarial handoff; not silently inserted into manuscript,SOURCE_REGISTERED
adversarial_084,depth_ordering: >= 5: front_loaded_fraction: two_sided_p,0.00990099009901,2887,CONFIRMED_ADVERSARIAL,analysis/scientific_validation/final_adversarial_pass/depth_stratified_ordering.csv,minimum_observations=5; trait=front_loaded_fraction,three decimals in handoff; full precision in CSV,post-draft adversarial handoff; not silently inserted into manuscript,SOURCE_REGISTERED
adversarial_085,depth_ordering: >= 5: late_growth_fraction: observed_mean,0.15197023872,2887,CONFIRMED_ADVERSARIAL,analysis/scientific_validation/final_adversarial_pass/depth_stratified_ordering.csv,minimum_observations=5; trait=late_growth_fraction,three decimals in handoff; full precision in CSV,post-draft adversarial handoff; not silently inserted into manuscript,SOURCE_REGISTERED
adversarial_086,depth_ordering: >= 5: late_growth_fraction: shuffle_mean,0.25021395457,2887,CONFIRMED_ADVERSARIAL,analysis/scientific_validation/final_adversarial_pass/depth_stratified_ordering.csv,minimum_observations=5; trait=late_growth_fraction,three decimals in handoff; full precision in CSV,post-draft adversarial handoff; not silently inserted into manuscript,SOURCE_REGISTERED
adversarial_087,depth_ordering: >= 5: late_growth_fraction: observed_minus_shuffle,-0.0982437158495,2887,CONFIRMED_ADVERSARIAL,analysis/scientific_validation/final_adversarial_pass/depth_stratified_ordering.csv,minimum_observations=5; trait=late_growth_fraction,three decimals in handoff; full precision in CSV,post-draft adversarial handoff; not silently inserted into manuscript,SOURCE_REGISTERED
adversarial_088,depth_ordering: >= 5: late_growth_fraction: two_sided_p,0.00990099009901,2887,CONFIRMED_ADVERSARIAL,analysis/scientific_validation/final_adversarial_pass/depth_stratified_ordering.csv,minimum_observations=5; trait=late_growth_fraction,three decimals in handoff; full precision in CSV,post-draft adversarial handoff; not silently inserted into manuscript,SOURCE_REGISTERED
adversarial_089,depth_ordering: >= 5: peak_timing: observed_mean,0.417469525321,2887,CONFIRMED_ADVERSARIAL,analysis/scientific_validation/final_adversarial_pass/depth_stratified_ordering.csv,minimum_observations=5; trait=peak_timing,three decimals in handoff; full precision in CSV,post-draft adversarial handoff; not silently inserted into manuscript,SOURCE_REGISTERED
adversarial_090,depth_ordering: >= 5: peak_timing: shuffle_mean,0.480068023171,2887,CONFIRMED_ADVERSARIAL,analysis/scientific_validation/final_adversarial_pass/depth_stratified_ordering.csv,minimum_observations=5; trait=peak_timing,three decimals in handoff; full precision in CSV,post-draft adversarial handoff; not silently inserted into manuscript,SOURCE_REGISTERED
adversarial_091,depth_ordering: >= 5: peak_timing: observed_minus_shuffle,-0.0625984978499,2887,CONFIRMED_ADVERSARIAL,analysis/scientific_validation/final_adversarial_pass/depth_stratified_ordering.csv,minimum_observations=5; trait=peak_timing,three decimals in handoff; full precision in CSV,post-draft adversarial handoff; not silently inserted into manuscript,SOURCE_REGISTERED
adversarial_092,depth_ordering: >= 5: peak_timing: two_sided_p,0.00990099009901,2887,CONFIRMED_ADVERSARIAL,analysis/scientific_validation/final_adversarial_pass/depth_stratified_ordering.csv,minimum_observations=5; trait=peak_timing,three decimals in handoff; full precision in CSV,post-draft adversarial handoff; not silently inserted into manuscript,SOURCE_REGISTERED
adversarial_093,depth_ordering: >= 5: terminal_taper_fraction: observed_mean,0.24026119112,2887,CONFIRMED_ADVERSARIAL,analysis/scientific_validation/final_adversarial_pass/depth_stratified_ordering.csv,minimum_observations=5; trait=terminal_taper_fraction,three decimals in handoff; full precision in CSV,post-draft adversarial handoff; not silently inserted into manuscript,SOURCE_REGISTERED
adversarial_094,depth_ordering: >= 5: terminal_taper_fraction: shuffle_mean,0.40206066858,2887,CONFIRMED_ADVERSARIAL,analysis/scientific_validation/final_adversarial_pass/depth_stratified_ordering.csv,minimum_observations=5; trait=terminal_taper_fraction,three decimals in handoff; full precision in CSV,post-draft adversarial handoff; not silently inserted into manuscript,SOURCE_REGISTERED
adversarial_095,depth_ordering: >= 5: terminal_taper_fraction: observed_minus_shuffle,-0.16179947746,2887,CONFIRMED_ADVERSARIAL,analysis/scientific_validation/final_adversarial_pass/depth_stratified_ordering.csv,minimum_observations=5; trait=terminal_taper_fraction,three decimals in handoff; full precision in CSV,post-draft adversarial handoff; not silently inserted into manuscript,SOURCE_REGISTERED
adversarial_096,depth_ordering: >= 5: terminal_taper_fraction: two_sided_p,0.00990099009901,2887,CONFIRMED_ADVERSARIAL,analysis/scientific_validation/final_adversarial_pass/depth_stratified_ordering.csv,minimum_observations=5; trait=terminal_taper_fraction,three decimals in handoff; full precision in CSV,post-draft adversarial handoff; not silently inserted into manuscript,SOURCE_REGISTERED
adversarial_097,depth_ordering: >= 5: normalized_entropy: observed_mean,0.789192042401,2887,CONFIRMED_ADVERSARIAL,analysis/scientific_validation/final_adversarial_pass/depth_stratified_ordering.csv,minimum_observations=5; trait=normalized_entropy,three decimals in handoff; full precision in CSV,post-draft adversarial handoff; not silently inserted into manuscript,SOURCE_REGISTERED
adversarial_098,depth_ordering: >= 5: normalized_entropy: shuffle_mean,0.789192042401,2887,CONFIRMED_ADVERSARIAL,analysis/scientific_validation/final_adversarial_pass/depth_stratified_ordering.csv,minimum_observations=5; trait=normalized_entropy,three decimals in handoff; full precision in CSV,post-draft adversarial handoff; not silently inserted into manuscript,SOURCE_REGISTERED
adversarial_099,depth_ordering: >= 5: normalized_entropy: observed_minus_shuffle,-2.22044604925e-16,2887,CONFIRMED_ADVERSARIAL,analysis/scientific_validation/final_adversarial_pass/depth_stratified_ordering.csv,minimum_observations=5; trait=normalized_entropy,three decimals in handoff; full precision in CSV,post-draft adversarial handoff; not silently inserted into manuscript,SOURCE_REGISTERED
adversarial_100,depth_ordering: >= 5: normalized_entropy: two_sided_p,1.0,2887,CONFIRMED_ADVERSARIAL,analysis/scientific_validation/final_adversarial_pass/depth_stratified_ordering.csv,minimum_observations=5; trait=normalized_entropy,three decimals in handoff; full precision in CSV,post-draft adversarial handoff; not silently inserted into manuscript,SOURCE_REGISTERED
adversarial_101,depth_ordering: >= 5: pulse_count: observed_mean,1.51922410807,2887,CONFIRMED_ADVERSARIAL,analysis/scientific_validation/final_adversarial_pass/depth_stratified_ordering.csv,minimum_observations=5; trait=pulse_count,three decimals in handoff; full precision in CSV,post-draft adversarial handoff; not silently inserted into manuscript,SOURCE_REGISTERED
adversarial_102,depth_ordering: >= 5: pulse_count: shuffle_mean,1.96850017319,2887,CONFIRMED_ADVERSARIAL,analysis/scientific_validation/final_adversarial_pass/depth_stratified_ordering.csv,minimum_observations=5; trait=pulse_count,three decimals in handoff; full precision in CSV,post-draft adversarial handoff; not silently inserted into manuscript,SOURCE_REGISTERED
adversarial_103,depth_ordering: >= 5: pulse_count: observed_minus_shuffle,-0.44927606512,2887,CONFIRMED_ADVERSARIAL,analysis/scientific_validation/final_adversarial_pass/depth_stratified_ordering.csv,minimum_observations=5; trait=pulse_count,three decimals in handoff; full precision in CSV,post-draft adversarial handoff; not silently inserted into manuscript,SOURCE_REGISTERED
adversarial_104,depth_ordering: >= 5: pulse_count: two_sided_p,0.00990099009901,2887,CONFIRMED_ADVERSARIAL,analysis/scientific_validation/final_adversarial_pass/depth_stratified_ordering.csv,minimum_observations=5; trait=pulse_count,three decimals in handoff; full precision in CSV,post-draft adversarial handoff; not silently inserted into manuscript,SOURCE_REGISTERED
adversarial_105,depth_ordering: >= 5: reactivation_count: observed_mean,0.122618635262,2887,CONFIRMED_ADVERSARIAL,analysis/scientific_validation/final_adversarial_pass/depth_stratified_ordering.csv,minimum_observations=5; trait=reactivation_count,three decimals in handoff; full precision in CSV,post-draft adversarial handoff; not silently inserted into manuscript,SOURCE_REGISTERED
adversarial_106,depth_ordering: >= 5: reactivation_count: shuffle_mean,0.37642535504,2887,CONFIRMED_ADVERSARIAL,analysis/scientific_validation/final_adversarial_pass/depth_stratified_ordering.csv,minimum_observations=5; trait=reactivation_count,three decimals in handoff; full precision in CSV,post-draft adversarial handoff; not silently inserted into manuscript,SOURCE_REGISTERED
adversarial_107,depth_ordering: >= 5: reactivation_count: observed_minus_shuffle,-0.253806719778,2887,CONFIRMED_ADVERSARIAL,analysis/scientific_validation/final_adversarial_pass/depth_stratified_ordering.csv,minimum_observations=5; trait=reactivation_count,three decimals in handoff; full precision in CSV,post-draft adversarial handoff; not silently inserted into manuscript,SOURCE_REGISTERED
adversarial_108,depth_ordering: >= 5: reactivation_count: two_sided_p,0.00990099009901,2887,CONFIRMED_ADVERSARIAL,analysis/scientific_validation/final_adversarial_pass/depth_stratified_ordering.csv,minimum_observations=5; trait=reactivation_count,three decimals in handoff; full precision in CSV,post-draft adversarial handoff; not silently inserted into manuscript,SOURCE_REGISTERED
adversarial_109,depth_ordering: >= 7: front_loaded_fraction: observed_mean,0.611061993295,1171,CONFIRMED_ADVERSARIAL,analysis/scientific_validation/final_adversarial_pass/depth_stratified_ordering.csv,minimum_observations=7; trait=front_loaded_fraction,three decimals in handoff; full precision in CSV,post-draft adversarial handoff; not silently inserted into manuscript,SOURCE_REGISTERED
adversarial_110,depth_ordering: >= 7: front_loaded_fraction: shuffle_mean,0.499813613518,1171,CONFIRMED_ADVERSARIAL,analysis/scientific_validation/final_adversarial_pass/depth_stratified_ordering.csv,minimum_observations=7; trait=front_loaded_fraction,three decimals in handoff; full precision in CSV,post-draft adversarial handoff; not silently inserted into manuscript,SOURCE_REGISTERED
adversarial_111,depth_ordering: >= 7: front_loaded_fraction: observed_minus_shuffle,0.111248379777,1171,CONFIRMED_ADVERSARIAL,analysis/scientific_validation/final_adversarial_pass/depth_stratified_ordering.csv,minimum_observations=7; trait=front_loaded_fraction,three decimals in handoff; full precision in CSV,post-draft adversarial handoff; not silently inserted into manuscript,SOURCE_REGISTERED
adversarial_112,depth_ordering: >= 7: front_loaded_fraction: two_sided_p,0.00990099009901,1171,CONFIRMED_ADVERSARIAL,analysis/scientific_validation/final_adversarial_pass/depth_stratified_ordering.csv,minimum_observations=7; trait=front_loaded_fraction,three decimals in handoff; full precision in CSV,post-draft adversarial handoff; not silently inserted into manuscript,SOURCE_REGISTERED
adversarial_113,depth_ordering: >= 7: late_growth_fraction: observed_mean,0.122257575586,1171,CONFIRMED_ADVERSARIAL,analysis/scientific_validation/final_adversarial_pass/depth_stratified_ordering.csv,minimum_observations=7; trait=late_growth_fraction,three decimals in handoff; full precision in CSV,post-draft adversarial handoff; not silently inserted into manuscript,SOURCE_REGISTERED
adversarial_114,depth_ordering: >= 7: late_growth_fraction: shuffle_mean,0.24944749028,1171,CONFIRMED_ADVERSARIAL,analysis/scientific_validation/final_adversarial_pass/depth_stratified_ordering.csv,minimum_observations=7; trait=late_growth_fraction,three decimals in handoff; full precision in CSV,post-draft adversarial handoff; not silently inserted into manuscript,SOURCE_REGISTERED
adversarial_115,depth_ordering: >= 7: late_growth_fraction: observed_minus_shuffle,-0.127189914694,1171,CONFIRMED_ADVERSARIAL,analysis/scientific_validation/final_adversarial_pass/depth_stratified_ordering.csv,minimum_observations=7; trait=late_growth_fraction,three decimals in handoff; full precision in CSV,post-draft adversarial handoff; not silently inserted into manuscript,SOURCE_REGISTERED
adversarial_116,depth_ordering: >= 7: late_growth_fraction: two_sided_p,0.00990099009901,1171,CONFIRMED_ADVERSARIAL,analysis/scientific_validation/final_adversarial_pass/depth_stratified_ordering.csv,minimum_observations=7; trait=late_growth_fraction,three decimals in handoff; full precision in CSV,post-draft adversarial handoff; not silently inserted into manuscript,SOURCE_REGISTERED
adversarial_117,depth_ordering: >= 7: peak_timing: observed_mean,0.406491192372,1171,CONFIRMED_ADVERSARIAL,analysis/scientific_validation/final_adversarial_pass/depth_stratified_ordering.csv,minimum_observations=7; trait=peak_timing,three decimals in handoff; full precision in CSV,post-draft adversarial handoff; not silently inserted into manuscript,SOURCE_REGISTERED
adversarial_118,depth_ordering: >= 7: peak_timing: shuffle_mean,0.487049978077,1171,CONFIRMED_ADVERSARIAL,analysis/scientific_validation/final_adversarial_pass/depth_stratified_ordering.csv,minimum_observations=7; trait=peak_timing,three decimals in handoff; full precision in CSV,post-draft adversarial handoff; not silently inserted into manuscript,SOURCE_REGISTERED
adversarial_119,depth_ordering: >= 7: peak_timing: observed_minus_shuffle,-0.0805587857051,1171,CONFIRMED_ADVERSARIAL,analysis/scientific_validation/final_adversarial_pass/depth_stratified_ordering.csv,minimum_observations=7; trait=peak_timing,three decimals in handoff; full precision in CSV,post-draft adversarial handoff; not silently inserted into manuscript,SOURCE_REGISTERED
adversarial_120,depth_ordering: >= 7: peak_timing: two_sided_p,0.00990099009901,1171,CONFIRMED_ADVERSARIAL,analysis/scientific_validation/final_adversarial_pass/depth_stratified_ordering.csv,minimum_observations=7; trait=peak_timing,three decimals in handoff; full precision in CSV,post-draft adversarial handoff; not silently inserted into manuscript,SOURCE_REGISTERED
adversarial_121,depth_ordering: >= 7: terminal_taper_fraction: observed_mean,0.142347050854,1171,CONFIRMED_ADVERSARIAL,analysis/scientific_validation/final_adversarial_pass/depth_stratified_ordering.csv,minimum_observations=7; trait=terminal_taper_fraction,three decimals in handoff; full precision in CSV,post-draft adversarial handoff; not silently inserted into manuscript,SOURCE_REGISTERED
adversarial_122,depth_ordering: >= 7: terminal_taper_fraction: shuffle_mean,0.330911872162,1171,CONFIRMED_ADVERSARIAL,analysis/scientific_validation/final_adversarial_pass/depth_stratified_ordering.csv,minimum_observations=7; trait=terminal_taper_fraction,three decimals in handoff; full precision in CSV,post-draft adversarial handoff; not silently inserted into manuscript,SOURCE_REGISTERED
adversarial_123,depth_ordering: >= 7: terminal_taper_fraction: observed_minus_shuffle,-0.188564821308,1171,CONFIRMED_ADVERSARIAL,analysis/scientific_validation/final_adversarial_pass/depth_stratified_ordering.csv,minimum_observations=7; trait=terminal_taper_fraction,three decimals in handoff; full precision in CSV,post-draft adversarial handoff; not silently inserted into manuscript,SOURCE_REGISTERED
adversarial_124,depth_ordering: >= 7: terminal_taper_fraction: two_sided_p,0.00990099009901,1171,CONFIRMED_ADVERSARIAL,analysis/scientific_validation/final_adversarial_pass/depth_stratified_ordering.csv,minimum_observations=7; trait=terminal_taper_fraction,three decimals in handoff; full precision in CSV,post-draft adversarial handoff; not silently inserted into manuscript,SOURCE_REGISTERED
adversarial_125,depth_ordering: >= 7: normalized_entropy: observed_mean,0.775187081579,1171,CONFIRMED_ADVERSARIAL,analysis/scientific_validation/final_adversarial_pass/depth_stratified_ordering.csv,minimum_observations=7; trait=normalized_entropy,three decimals in handoff; full precision in CSV,post-draft adversarial handoff; not silently inserted into manuscript,SOURCE_REGISTERED
adversarial_126,depth_ordering: >= 7: normalized_entropy: shuffle_mean,0.775187081579,1171,CONFIRMED_ADVERSARIAL,analysis/scientific_validation/final_adversarial_pass/depth_stratified_ordering.csv,minimum_observations=7; trait=normalized_entropy,three decimals in handoff; full precision in CSV,post-draft adversarial handoff; not silently inserted into manuscript,SOURCE_REGISTERED
adversarial_127,depth_ordering: >= 7: normalized_entropy: observed_minus_shuffle,0.0,1171,CONFIRMED_ADVERSARIAL,analysis/scientific_validation/final_adversarial_pass/depth_stratified_ordering.csv,minimum_observations=7; trait=normalized_entropy,three decimals in handoff; full precision in CSV,post-draft adversarial handoff; not silently inserted into manuscript,SOURCE_REGISTERED
adversarial_128,depth_ordering: >= 7: normalized_entropy: two_sided_p,1.0,1171,CONFIRMED_ADVERSARIAL,analysis/scientific_validation/final_adversarial_pass/depth_stratified_ordering.csv,minimum_observations=7; trait=normalized_entropy,three decimals in handoff; full precision in CSV,post-draft adversarial handoff; not silently inserted into manuscript,SOURCE_REGISTERED
adversarial_129,depth_ordering: >= 7: pulse_count: observed_mean,1.73356105892,1171,CONFIRMED_ADVERSARIAL,analysis/scientific_validation/final_adversarial_pass/depth_stratified_ordering.csv,minimum_observations=7; trait=pulse_count,three decimals in handoff; full precision in CSV,post-draft adversarial handoff; not silently inserted into manuscript,SOURCE_REGISTERED
adversarial_130,depth_ordering: >= 7: pulse_count: shuffle_mean,2.51913748933,1171,CONFIRMED_ADVERSARIAL,analysis/scientific_validation/final_adversarial_pass/depth_stratified_ordering.csv,minimum_observations=7; trait=pulse_count,three decimals in handoff; full precision in CSV,post-draft adversarial handoff; not silently inserted into manuscript,SOURCE_REGISTERED
adversarial_131,depth_ordering: >= 7: pulse_count: observed_minus_shuffle,-0.785576430401,1171,CONFIRMED_ADVERSARIAL,analysis/scientific_validation/final_adversarial_pass/depth_stratified_ordering.csv,minimum_observations=7; trait=pulse_count,three decimals in handoff; full precision in CSV,post-draft adversarial handoff; not silently inserted into manuscript,SOURCE_REGISTERED
adversarial_132,depth_ordering: >= 7: pulse_count: two_sided_p,0.00990099009901,1171,CONFIRMED_ADVERSARIAL,analysis/scientific_validation/final_adversarial_pass/depth_stratified_ordering.csv,minimum_observations=7; trait=pulse_count,three decimals in handoff; full precision in CSV,post-draft adversarial handoff; not silently inserted into manuscript,SOURCE_REGISTERED
adversarial_133,depth_ordering: >= 7: reactivation_count: observed_mean,0.237403928266,1171,CONFIRMED_ADVERSARIAL,analysis/scientific_validation/final_adversarial_pass/depth_stratified_ordering.csv,minimum_observations=7; trait=reactivation_count,three decimals in handoff; full precision in CSV,post-draft adversarial handoff; not silently inserted into manuscript,SOURCE_REGISTERED
adversarial_134,depth_ordering: >= 7: reactivation_count: shuffle_mean,0.718001707942,1171,CONFIRMED_ADVERSARIAL,analysis/scientific_validation/final_adversarial_pass/depth_stratified_ordering.csv,minimum_observations=7; trait=reactivation_count,three decimals in handoff; full precision in CSV,post-draft adversarial handoff; not silently inserted into manuscript,SOURCE_REGISTERED
adversarial_135,depth_ordering: >= 7: reactivation_count: observed_minus_shuffle,-0.480597779675,1171,CONFIRMED_ADVERSARIAL,analysis/scientific_validation/final_adversarial_pass/depth_stratified_ordering.csv,minimum_observations=7; trait=reactivation_count,three decimals in handoff; full precision in CSV,post-draft adversarial handoff; not silently inserted into manuscript,SOURCE_REGISTERED
adversarial_136,depth_ordering: >= 7: reactivation_count: two_sided_p,0.00990099009901,1171,CONFIRMED_ADVERSARIAL,analysis/scientific_validation/final_adversarial_pass/depth_stratified_ordering.csv,minimum_observations=7; trait=reactivation_count,three decimals in handoff; full precision in CSV,post-draft adversarial handoff; not silently inserted into manuscript,SOURCE_REGISTERED
adversarial_137,boundary_sensitivity: >= 5: front_loaded_fraction: observed_mean,0.581855528066,2887,CONFIRMED_ADVERSARIAL,analysis/scientific_validation/final_adversarial_pass/boundary_sensitivity.csv,minimum_observations=5; trait=front_loaded_fraction,three decimals in handoff; full precision in CSV,post-draft adversarial handoff; not silently inserted into manuscript,SOURCE_REGISTERED
adversarial_138,boundary_sensitivity: >= 5: front_loaded_fraction: shuffle_mean,0.500112253614,2887,CONFIRMED_ADVERSARIAL,analysis/scientific_validation/final_adversarial_pass/boundary_sensitivity.csv,minimum_observations=5; trait=front_loaded_fraction,three decimals in handoff; full precision in CSV,post-draft adversarial handoff; not silently inserted into manuscript,SOURCE_REGISTERED
adversarial_139,boundary_sensitivity: >= 5: front_loaded_fraction: observed_minus_shuffle,0.0817432744514,2887,CONFIRMED_ADVERSARIAL,analysis/scientific_validation/final_adversarial_pass/boundary_sensitivity.csv,minimum_observations=5; trait=front_loaded_fraction,three decimals in handoff; full precision in CSV,post-draft adversarial handoff; not silently inserted into manuscript,SOURCE_REGISTERED
adversarial_140,boundary_sensitivity: >= 5: front_loaded_fraction: two_sided_p,0.00990099009901,2887,CONFIRMED_ADVERSARIAL,analysis/scientific_validation/final_adversarial_pass/boundary_sensitivity.csv,minimum_observations=5; trait=front_loaded_fraction,three decimals in handoff; full precision in CSV,post-draft adversarial handoff; not silently inserted into manuscript,SOURCE_REGISTERED
adversarial_141,boundary_sensitivity: >= 5: late_growth_fraction: observed_mean,0.175968068471,2887,CONFIRMED_ADVERSARIAL,analysis/scientific_validation/final_adversarial_pass/boundary_sensitivity.csv,minimum_observations=5; trait=late_growth_fraction,three decimals in handoff; full precision in CSV,post-draft adversarial handoff; not silently inserted into manuscript,SOURCE_REGISTERED
adversarial_142,boundary_sensitivity: >= 5: late_growth_fraction: shuffle_mean,0.249705918607,2887,CONFIRMED_ADVERSARIAL,analysis/scientific_validation/final_adversarial_pass/boundary_sensitivity.csv,minimum_observations=5; trait=late_growth_fraction,three decimals in handoff; full precision in CSV,post-draft adversarial handoff; not silently inserted into manuscript,SOURCE_REGISTERED
adversarial_143,boundary_sensitivity: >= 5: late_growth_fraction: observed_minus_shuffle,-0.0737378501364,2887,CONFIRMED_ADVERSARIAL,analysis/scientific_validation/final_adversarial_pass/boundary_sensitivity.csv,minimum_observations=5; trait=late_growth_fraction,three decimals in handoff; full precision in CSV,post-draft adversarial handoff; not silently inserted into manuscript,SOURCE_REGISTERED
adversarial_144,boundary_sensitivity: >= 5: late_growth_fraction: two_sided_p,0.00990099009901,2887,CONFIRMED_ADVERSARIAL,analysis/scientific_validation/final_adversarial_pass/boundary_sensitivity.csv,minimum_observations=5; trait=late_growth_fraction,three decimals in handoff; full precision in CSV,post-draft adversarial handoff; not silently inserted into manuscript,SOURCE_REGISTERED
adversarial_145,boundary_sensitivity: >= 5: peak_timing: observed_mean,0.408836271654,2887,CONFIRMED_ADVERSARIAL,analysis/scientific_validation/final_adversarial_pass/boundary_sensitivity.csv,minimum_observations=5; trait=peak_timing,three decimals in handoff; full precision in CSV,post-draft adversarial handoff; not silently inserted into manuscript,SOURCE_REGISTERED
adversarial_146,boundary_sensitivity: >= 5: peak_timing: shuffle_mean,0.481034745716,2887,CONFIRMED_ADVERSARIAL,analysis/scientific_validation/final_adversarial_pass/boundary_sensitivity.csv,minimum_observations=5; trait=peak_timing,three decimals in handoff; full precision in CSV,post-draft adversarial handoff; not silently inserted into manuscript,SOURCE_REGISTERED
adversarial_147,boundary_sensitivity: >= 5: peak_timing: observed_minus_shuffle,-0.0721984740617,2887,CONFIRMED_ADVERSARIAL,analysis/scientific_validation/final_adversarial_pass/boundary_sensitivity.csv,minimum_observations=5; trait=peak_timing,three decimals in handoff; full precision in CSV,post-draft adversarial handoff; not silently inserted into manuscript,SOURCE_REGISTERED
adversarial_148,boundary_sensitivity: >= 5: peak_timing: two_sided_p,0.00990099009901,2887,CONFIRMED_ADVERSARIAL,analysis/scientific_validation/final_adversarial_pass/boundary_sensitivity.csv,minimum_observations=5; trait=peak_timing,three decimals in handoff; full precision in CSV,post-draft adversarial handoff; not silently inserted into manuscript,SOURCE_REGISTERED
adversarial_149,boundary_sensitivity: >= 5: terminal_taper_fraction: observed_mean,0.364777600477,2887,CONFIRMED_ADVERSARIAL,analysis/scientific_validation/final_adversarial_pass/boundary_sensitivity.csv,minimum_observations=5; trait=terminal_taper_fraction,three decimals in handoff; full precision in CSV,post-draft adversarial handoff; not silently inserted into manuscript,SOURCE_REGISTERED
adversarial_150,boundary_sensitivity: >= 5: terminal_taper_fraction: shuffle_mean,0.492750859977,2887,CONFIRMED_ADVERSARIAL,analysis/scientific_validation/final_adversarial_pass/boundary_sensitivity.csv,minimum_observations=5; trait=terminal_taper_fraction,three decimals in handoff; full precision in CSV,post-draft adversarial handoff; not silently inserted into manuscript,SOURCE_REGISTERED
adversarial_151,boundary_sensitivity: >= 5: terminal_taper_fraction: observed_minus_shuffle,-0.1279732595,2887,CONFIRMED_ADVERSARIAL,analysis/scientific_validation/final_adversarial_pass/boundary_sensitivity.csv,minimum_observations=5; trait=terminal_taper_fraction,three decimals in handoff; full precision in CSV,post-draft adversarial handoff; not silently inserted into manuscript,SOURCE_REGISTERED
adversarial_152,boundary_sensitivity: >= 5: terminal_taper_fraction: two_sided_p,0.00990099009901,2887,CONFIRMED_ADVERSARIAL,analysis/scientific_validation/final_adversarial_pass/boundary_sensitivity.csv,minimum_observations=5; trait=terminal_taper_fraction,three decimals in handoff; full precision in CSV,post-draft adversarial handoff; not silently inserted into manuscript,SOURCE_REGISTERED
adversarial_153,boundary_sensitivity: >= 5: normalized_entropy: observed_mean,0.792582436171,2887,CONFIRMED_ADVERSARIAL,analysis/scientific_validation/final_adversarial_pass/boundary_sensitivity.csv,minimum_observations=5; trait=normalized_entropy,three decimals in handoff; full precision in CSV,post-draft adversarial handoff; not silently inserted into manuscript,SOURCE_REGISTERED
adversarial_154,boundary_sensitivity: >= 5: normalized_entropy: shuffle_mean,0.792582436171,2887,CONFIRMED_ADVERSARIAL,analysis/scientific_validation/final_adversarial_pass/boundary_sensitivity.csv,minimum_observations=5; trait=normalized_entropy,three decimals in handoff; full precision in CSV,post-draft adversarial handoff; not silently inserted into manuscript,SOURCE_REGISTERED
adversarial_155,boundary_sensitivity: >= 5: normalized_entropy: observed_minus_shuffle,-2.22044604925e-16,2887,CONFIRMED_ADVERSARIAL,analysis/scientific_validation/final_adversarial_pass/boundary_sensitivity.csv,minimum_observations=5; trait=normalized_entropy,three decimals in handoff; full precision in CSV,post-draft adversarial handoff; not silently inserted into manuscript,SOURCE_REGISTERED
adversarial_156,boundary_sensitivity: >= 5: normalized_entropy: two_sided_p,1.0,2887,CONFIRMED_ADVERSARIAL,analysis/scientific_validation/final_adversarial_pass/boundary_sensitivity.csv,minimum_observations=5; trait=normalized_entropy,three decimals in handoff; full precision in CSV,post-draft adversarial handoff; not silently inserted into manuscript,SOURCE_REGISTERED
adversarial_157,boundary_sensitivity: >= 5: pulse_count: observed_mean,1.35157603048,2887,CONFIRMED_ADVERSARIAL,analysis/scientific_validation/final_adversarial_pass/boundary_sensitivity.csv,minimum_observations=5; trait=pulse_count,three decimals in handoff; full precision in CSV,post-draft adversarial handoff; not silently inserted into manuscript,SOURCE_REGISTERED
adversarial_158,boundary_sensitivity: >= 5: pulse_count: shuffle_mean,1.61671285071,2887,CONFIRMED_ADVERSARIAL,analysis/scientific_validation/final_adversarial_pass/boundary_sensitivity.csv,minimum_observations=5; trait=pulse_count,three decimals in handoff; full precision in CSV,post-draft adversarial handoff; not silently inserted into manuscript,SOURCE_REGISTERED
adversarial_159,boundary_sensitivity: >= 5: pulse_count: observed_minus_shuffle,-0.265136820229,2887,CONFIRMED_ADVERSARIAL,analysis/scientific_validation/final_adversarial_pass/boundary_sensitivity.csv,minimum_observations=5; trait=pulse_count,three decimals in handoff; full precision in CSV,post-draft adversarial handoff; not silently inserted into manuscript,SOURCE_REGISTERED
adversarial_160,boundary_sensitivity: >= 5: pulse_count: two_sided_p,0.00990099009901,2887,CONFIRMED_ADVERSARIAL,analysis/scientific_validation/final_adversarial_pass/boundary_sensitivity.csv,minimum_observations=5; trait=pulse_count,three decimals in handoff; full precision in CSV,post-draft adversarial handoff; not silently inserted into manuscript,SOURCE_REGISTERED
adversarial_161,boundary_sensitivity: >= 5: reactivation_count: observed_mean,0.081745756841,2887,CONFIRMED_ADVERSARIAL,analysis/scientific_validation/final_adversarial_pass/boundary_sensitivity.csv,minimum_observations=5; trait=reactivation_count,three decimals in handoff; full precision in CSV,post-draft adversarial handoff; not silently inserted into manuscript,SOURCE_REGISTERED
adversarial_162,boundary_sensitivity: >= 5: reactivation_count: shuffle_mean,0.206941461725,2887,CONFIRMED_ADVERSARIAL,analysis/scientific_validation/final_adversarial_pass/boundary_sensitivity.csv,minimum_observations=5; trait=reactivation_count,three decimals in handoff; full precision in CSV,post-draft adversarial handoff; not silently inserted into manuscript,SOURCE_REGISTERED
adversarial_163,boundary_sensitivity: >= 5: reactivation_count: observed_minus_shuffle,-0.125195704884,2887,CONFIRMED_ADVERSARIAL,analysis/scientific_validation/final_adversarial_pass/boundary_sensitivity.csv,minimum_observations=5; trait=reactivation_count,three decimals in handoff; full precision in CSV,post-draft adversarial handoff; not silently inserted into manuscript,SOURCE_REGISTERED
adversarial_164,boundary_sensitivity: >= 5: reactivation_count: two_sided_p,0.00990099009901,2887,CONFIRMED_ADVERSARIAL,analysis/scientific_validation/final_adversarial_pass/boundary_sensitivity.csv,minimum_observations=5; trait=reactivation_count,three decimals in handoff; full precision in CSV,post-draft adversarial handoff; not silently inserted into manuscript,SOURCE_REGISTERED
adversarial_165,boundary_sensitivity: >= 7: front_loaded_fraction: observed_mean,0.610209018916,1171,CONFIRMED_ADVERSARIAL,analysis/scientific_validation/final_adversarial_pass/boundary_sensitivity.csv,minimum_observations=7; trait=front_loaded_fraction,three decimals in handoff; full precision in CSV,post-draft adversarial handoff; not silently inserted into manuscript,SOURCE_REGISTERED
adversarial_166,boundary_sensitivity: >= 7: front_loaded_fraction: shuffle_mean,0.500416279587,1171,CONFIRMED_ADVERSARIAL,analysis/scientific_validation/final_adversarial_pass/boundary_sensitivity.csv,minimum_observations=7; trait=front_loaded_fraction,three decimals in handoff; full precision in CSV,post-draft adversarial handoff; not silently inserted into manuscript,SOURCE_REGISTERED
adversarial_167,boundary_sensitivity: >= 7: front_loaded_fraction: observed_minus_shuffle,0.109792739329,1171,CONFIRMED_ADVERSARIAL,analysis/scientific_validation/final_adversarial_pass/boundary_sensitivity.csv,minimum_observations=7; trait=front_loaded_fraction,three decimals in handoff; full precision in CSV,post-draft adversarial handoff; not silently inserted into manuscript,SOURCE_REGISTERED
adversarial_168,boundary_sensitivity: >= 7: front_loaded_fraction: two_sided_p,0.00990099009901,1171,CONFIRMED_ADVERSARIAL,analysis/scientific_validation/final_adversarial_pass/boundary_sensitivity.csv,minimum_observations=7; trait=front_loaded_fraction,three decimals in handoff; full precision in CSV,post-draft adversarial handoff; not silently inserted into manuscript,SOURCE_REGISTERED
adversarial_169,boundary_sensitivity: >= 7: late_growth_fraction: observed_mean,0.144216060877,1171,CONFIRMED_ADVERSARIAL,analysis/scientific_validation/final_adversarial_pass/boundary_sensitivity.csv,minimum_observations=7; trait=late_growth_fraction,three decimals in handoff; full precision in CSV,post-draft adversarial handoff; not silently inserted into manuscript,SOURCE_REGISTERED
adversarial_170,boundary_sensitivity: >= 7: late_growth_fraction: shuffle_mean,0.249076012946,1171,CONFIRMED_ADVERSARIAL,analysis/scientific_validation/final_adversarial_pass/boundary_sensitivity.csv,minimum_observations=7; trait=late_growth_fraction,three decimals in handoff; full precision in CSV,post-draft adversarial handoff; not silently inserted into manuscript,SOURCE_REGISTERED
adversarial_171,boundary_sensitivity: >= 7: late_growth_fraction: observed_minus_shuffle,-0.104859952069,1171,CONFIRMED_ADVERSARIAL,analysis/scientific_validation/final_adversarial_pass/boundary_sensitivity.csv,minimum_observations=7; trait=late_growth_fraction,three decimals in handoff; full precision in CSV,post-draft adversarial handoff; not silently inserted into manuscript,SOURCE_REGISTERED
adversarial_172,boundary_sensitivity: >= 7: late_growth_fraction: two_sided_p,0.00990099009901,1171,CONFIRMED_ADVERSARIAL,analysis/scientific_validation/final_adversarial_pass/boundary_sensitivity.csv,minimum_observations=7; trait=late_growth_fraction,three decimals in handoff; full precision in CSV,post-draft adversarial handoff; not silently inserted into manuscript,SOURCE_REGISTERED
adversarial_173,boundary_sensitivity: >= 7: peak_timing: observed_mean,0.395938214857,1171,CONFIRMED_ADVERSARIAL,analysis/scientific_validation/final_adversarial_pass/boundary_sensitivity.csv,minimum_observations=7; trait=peak_timing,three decimals in handoff; full precision in CSV,post-draft adversarial handoff; not silently inserted into manuscript,SOURCE_REGISTERED
adversarial_174,boundary_sensitivity: >= 7: peak_timing: shuffle_mean,0.490210981305,1171,CONFIRMED_ADVERSARIAL,analysis/scientific_validation/final_adversarial_pass/boundary_sensitivity.csv,minimum_observations=7; trait=peak_timing,three decimals in handoff; full precision in CSV,post-draft adversarial handoff; not silently inserted into manuscript,SOURCE_REGISTERED
adversarial_175,boundary_sensitivity: >= 7: peak_timing: observed_minus_shuffle,-0.0942727664474,1171,CONFIRMED_ADVERSARIAL,analysis/scientific_validation/final_adversarial_pass/boundary_sensitivity.csv,minimum_observations=7; trait=peak_timing,three decimals in handoff; full precision in CSV,post-draft adversarial handoff; not silently inserted into manuscript,SOURCE_REGISTERED
adversarial_176,boundary_sensitivity: >= 7: peak_timing: two_sided_p,0.00990099009901,1171,CONFIRMED_ADVERSARIAL,analysis/scientific_validation/final_adversarial_pass/boundary_sensitivity.csv,minimum_observations=7; trait=peak_timing,three decimals in handoff; full precision in CSV,post-draft adversarial handoff; not silently inserted into manuscript,SOURCE_REGISTERED
adversarial_177,boundary_sensitivity: >= 7: terminal_taper_fraction: observed_mean,0.210640639222,1171,CONFIRMED_ADVERSARIAL,analysis/scientific_validation/final_adversarial_pass/boundary_sensitivity.csv,minimum_observations=7; trait=terminal_taper_fraction,three decimals in handoff; full precision in CSV,post-draft adversarial handoff; not silently inserted into manuscript,SOURCE_REGISTERED
adversarial_178,boundary_sensitivity: >= 7: terminal_taper_fraction: shuffle_mean,0.385377560605,1171,CONFIRMED_ADVERSARIAL,analysis/scientific_validation/final_adversarial_pass/boundary_sensitivity.csv,minimum_observations=7; trait=terminal_taper_fraction,three decimals in handoff; full precision in CSV,post-draft adversarial handoff; not silently inserted into manuscript,SOURCE_REGISTERED
adversarial_179,boundary_sensitivity: >= 7: terminal_taper_fraction: observed_minus_shuffle,-0.174736921383,1171,CONFIRMED_ADVERSARIAL,analysis/scientific_validation/final_adversarial_pass/boundary_sensitivity.csv,minimum_observations=7; trait=terminal_taper_fraction,three decimals in handoff; full precision in CSV,post-draft adversarial handoff; not silently inserted into manuscript,SOURCE_REGISTERED
adversarial_180,boundary_sensitivity: >= 7: terminal_taper_fraction: two_sided_p,0.00990099009901,1171,CONFIRMED_ADVERSARIAL,analysis/scientific_validation/final_adversarial_pass/boundary_sensitivity.csv,minimum_observations=7; trait=terminal_taper_fraction,three decimals in handoff; full precision in CSV,post-draft adversarial handoff; not silently inserted into manuscript,SOURCE_REGISTERED
adversarial_181,boundary_sensitivity: >= 7: normalized_entropy: observed_mean,0.788406487325,1171,CONFIRMED_ADVERSARIAL,analysis/scientific_validation/final_adversarial_pass/boundary_sensitivity.csv,minimum_observations=7; trait=normalized_entropy,three decimals in handoff; full precision in CSV,post-draft adversarial handoff; not silently inserted into manuscript,SOURCE_REGISTERED
adversarial_182,boundary_sensitivity: >= 7: normalized_entropy: shuffle_mean,0.788406487325,1171,CONFIRMED_ADVERSARIAL,analysis/scientific_validation/final_adversarial_pass/boundary_sensitivity.csv,minimum_observations=7; trait=normalized_entropy,three decimals in handoff; full precision in CSV,post-draft adversarial handoff; not silently inserted into manuscript,SOURCE_REGISTERED
adversarial_183,boundary_sensitivity: >= 7: normalized_entropy: observed_minus_shuffle,1.11022302463e-16,1171,CONFIRMED_ADVERSARIAL,analysis/scientific_validation/final_adversarial_pass/boundary_sensitivity.csv,minimum_observations=7; trait=normalized_entropy,three decimals in handoff; full precision in CSV,post-draft adversarial handoff; not silently inserted into manuscript,SOURCE_REGISTERED
adversarial_184,boundary_sensitivity: >= 7: normalized_entropy: two_sided_p,1.0,1171,CONFIRMED_ADVERSARIAL,analysis/scientific_validation/final_adversarial_pass/boundary_sensitivity.csv,minimum_observations=7; trait=normalized_entropy,three decimals in handoff; full precision in CSV,post-draft adversarial handoff; not silently inserted into manuscript,SOURCE_REGISTERED
adversarial_185,boundary_sensitivity: >= 7: pulse_count: observed_mean,1.62510674637,1171,CONFIRMED_ADVERSARIAL,analysis/scientific_validation/final_adversarial_pass/boundary_sensitivity.csv,minimum_observations=7; trait=pulse_count,three decimals in handoff; full precision in CSV,post-draft adversarial handoff; not silently inserted into manuscript,SOURCE_REGISTERED
adversarial_186,boundary_sensitivity: >= 7: pulse_count: shuffle_mean,2.19063193851,1171,CONFIRMED_ADVERSARIAL,analysis/scientific_validation/final_adversarial_pass/boundary_sensitivity.csv,minimum_observations=7; trait=pulse_count,three decimals in handoff; full precision in CSV,post-draft adversarial handoff; not silently inserted into manuscript,SOURCE_REGISTERED
adversarial_187,boundary_sensitivity: >= 7: pulse_count: observed_minus_shuffle,-0.565525192143,1171,CONFIRMED_ADVERSARIAL,analysis/scientific_validation/final_adversarial_pass/boundary_sensitivity.csv,minimum_observations=7; trait=pulse_count,three decimals in handoff; full precision in CSV,post-draft adversarial handoff; not silently inserted into manuscript,SOURCE_REGISTERED
adversarial_188,boundary_sensitivity: >= 7: pulse_count: two_sided_p,0.00990099009901,1171,CONFIRMED_ADVERSARIAL,analysis/scientific_validation/final_adversarial_pass/boundary_sensitivity.csv,minimum_observations=7; trait=pulse_count,three decimals in handoff; full precision in CSV,post-draft adversarial handoff; not silently inserted into manuscript,SOURCE_REGISTERED
adversarial_189,boundary_sensitivity: >= 7: reactivation_count: observed_mean,0.188727583262,1171,CONFIRMED_ADVERSARIAL,analysis/scientific_validation/final_adversarial_pass/boundary_sensitivity.csv,minimum_observations=7; trait=reactivation_count,three decimals in handoff; full precision in CSV,post-draft adversarial handoff; not silently inserted into manuscript,SOURCE_REGISTERED
adversarial_190,boundary_sensitivity: >= 7: reactivation_count: shuffle_mean,0.481050384287,1171,CONFIRMED_ADVERSARIAL,analysis/scientific_validation/final_adversarial_pass/boundary_sensitivity.csv,minimum_observations=7; trait=reactivation_count,three decimals in handoff; full precision in CSV,post-draft adversarial handoff; not silently inserted into manuscript,SOURCE_REGISTERED
adversarial_191,boundary_sensitivity: >= 7: reactivation_count: observed_minus_shuffle,-0.292322801025,1171,CONFIRMED_ADVERSARIAL,analysis/scientific_validation/final_adversarial_pass/boundary_sensitivity.csv,minimum_observations=7; trait=reactivation_count,three decimals in handoff; full precision in CSV,post-draft adversarial handoff; not silently inserted into manuscript,SOURCE_REGISTERED
adversarial_192,boundary_sensitivity: >= 7: reactivation_count: two_sided_p,0.00990099009901,1171,CONFIRMED_ADVERSARIAL,analysis/scientific_validation/final_adversarial_pass/boundary_sensitivity.csv,minimum_observations=7; trait=reactivation_count,three decimals in handoff; full precision in CSV,post-draft adversarial handoff; not silently inserted into manuscript,SOURCE_REGISTERED
adversarial_193,depth_space: >= 3: pair_distance_spearman,1.0,1000,CONFIRMED_ADVERSARIAL,analysis/scientific_validation/final_adversarial_pass/depth_space_stability.csv,minimum_observations=3; population=frozen_anchors; metric=pair_distance_spearman,three decimals in handoff; full precision in CSV,post-draft adversarial handoff,SOURCE_REGISTERED
adversarial_194,depth_space: >= 3: neighbor_overlap,1.0,1000,CONFIRMED_ADVERSARIAL,analysis/scientific_validation/final_adversarial_pass/depth_space_stability.csv,minimum_observations=3; population=frozen_anchors; metric=neighbor_overlap,three decimals in handoff; full precision in CSV,post-draft adversarial handoff,SOURCE_REGISTERED
adversarial_195,depth_space: >= 3: tail_jaccard,1.0,1000,CONFIRMED_ADVERSARIAL,analysis/scientific_validation/final_adversarial_pass/depth_space_stability.csv,minimum_observations=3; population=frozen_anchors; metric=tail_jaccard,three decimals in handoff; full precision in CSV,post-draft adversarial handoff,SOURCE_REGISTERED
adversarial_196,depth_space: >= 3: axis_1_correlation,1.0,1000,CONFIRMED_ADVERSARIAL,analysis/scientific_validation/final_adversarial_pass/depth_space_stability.csv,minimum_observations=3; population=frozen_anchors; metric=axis_1_correlation,three decimals in handoff; full precision in CSV,post-draft adversarial handoff,SOURCE_REGISTERED
adversarial_197,depth_space: >= 3: axis_2_correlation,1.0,1000,CONFIRMED_ADVERSARIAL,analysis/scientific_validation/final_adversarial_pass/depth_space_stability.csv,minimum_observations=3; population=frozen_anchors; metric=axis_2_correlation,three decimals in handoff; full precision in CSV,post-draft adversarial handoff,SOURCE_REGISTERED
adversarial_198,depth_space: >= 5: pair_distance_spearman,0.987396471028,1000,CONFIRMED_ADVERSARIAL,analysis/scientific_validation/final_adversarial_pass/depth_space_stability.csv,minimum_observations=5; population=frozen_anchors; metric=pair_distance_spearman,three decimals in handoff; full precision in CSV,post-draft adversarial handoff,SOURCE_REGISTERED
adversarial_199,depth_space: >= 5: neighbor_overlap,0.7738,1000,CONFIRMED_ADVERSARIAL,analysis/scientific_validation/final_adversarial_pass/depth_space_stability.csv,minimum_observations=5; population=frozen_anchors; metric=neighbor_overlap,three decimals in handoff; full precision in CSV,post-draft adversarial handoff,SOURCE_REGISTERED
adversarial_200,depth_space: >= 5: tail_jaccard,0.795588469502,1000,CONFIRMED_ADVERSARIAL,analysis/scientific_validation/final_adversarial_pass/depth_space_stability.csv,minimum_observations=5; population=frozen_anchors; metric=tail_jaccard,three decimals in handoff; full precision in CSV,post-draft adversarial handoff,SOURCE_REGISTERED
adversarial_201,depth_space: >= 5: axis_1_correlation,0.987093512823,1000,CONFIRMED_ADVERSARIAL,analysis/scientific_validation/final_adversarial_pass/depth_space_stability.csv,minimum_observations=5; population=frozen_anchors; metric=axis_1_correlation,three decimals in handoff; full precision in CSV,post-draft adversarial handoff,SOURCE_REGISTERED
adversarial_202,depth_space: >= 5: axis_2_correlation,0.993138809562,1000,CONFIRMED_ADVERSARIAL,analysis/scientific_validation/final_adversarial_pass/depth_space_stability.csv,minimum_observations=5; population=frozen_anchors; metric=axis_2_correlation,three decimals in handoff; full precision in CSV,post-draft adversarial handoff,SOURCE_REGISTERED
adversarial_203,depth_space: >= 7: pair_distance_spearman,0.969241738741,1000,CONFIRMED_ADVERSARIAL,analysis/scientific_validation/final_adversarial_pass/depth_space_stability.csv,minimum_observations=7; population=frozen_anchors; metric=pair_distance_spearman,three decimals in handoff; full precision in CSV,post-draft adversarial handoff,SOURCE_REGISTERED
adversarial_204,depth_space: >= 7: neighbor_overlap,0.724666666667,1000,CONFIRMED_ADVERSARIAL,analysis/scientific_validation/final_adversarial_pass/depth_space_stability.csv,minimum_observations=7; population=frozen_anchors; metric=neighbor_overlap,three decimals in handoff; full precision in CSV,post-draft adversarial handoff,SOURCE_REGISTERED
adversarial_205,depth_space: >= 7: tail_jaccard,0.801106301106,1000,CONFIRMED_ADVERSARIAL,analysis/scientific_validation/final_adversarial_pass/depth_space_stability.csv,minimum_observations=7; population=frozen_anchors; metric=tail_jaccard,three decimals in handoff; full precision in CSV,post-draft adversarial handoff,SOURCE_REGISTERED
adversarial_206,depth_space: >= 7: axis_1_correlation,0.984865727938,1000,CONFIRMED_ADVERSARIAL,analysis/scientific_validation/final_adversarial_pass/depth_space_stability.csv,minimum_observations=7; population=frozen_anchors; metric=axis_1_correlation,three decimals in handoff; full precision in CSV,post-draft adversarial handoff,SOURCE_REGISTERED
adversarial_207,depth_space: >= 7: axis_2_correlation,0.99663828033,1000,CONFIRMED_ADVERSARIAL,analysis/scientific_validation/final_adversarial_pass/depth_space_stability.csv,minimum_observations=7; population=frozen_anchors; metric=axis_2_correlation,three decimals in handoff; full precision in CSV,post-draft adversarial handoff,SOURCE_REGISTERED
