kind,alpha,predictor_set,response,n,cohort_n,cohort_hash,r2,reference,delta_r2,status,stratum_variable,stratum_value
region_block,1,mean_only,front_loaded_fraction,4603,4603,b1f59bb1e4b6ba1cdf9b1439cf6d7e6c6752a60e4b769c2571e0c42aaacd7055,-0.00205115181972,mean_only,0,evaluated,duration_days,3
region_block,1,mean_only,late_growth_fraction,4603,4603,b1f59bb1e4b6ba1cdf9b1439cf6d7e6c6752a60e4b769c2571e0c42aaacd7055,-0.00356503103871,mean_only,0,evaluated,duration_days,3
region_block,1,mean_only,peak_timing,4603,4603,b1f59bb1e4b6ba1cdf9b1439cf6d7e6c6752a60e4b769c2571e0c42aaacd7055,-0.00157590725382,mean_only,0,evaluated,duration_days,3
region_block,1,mean_only,terminal_taper_fraction,4603,4603,b1f59bb1e4b6ba1cdf9b1439cf6d7e6c6752a60e4b769c2571e0c42aaacd7055,-0.0109847159393,mean_only,0,evaluated,duration_days,3
region_block,1,mean_only,normalized_entropy,4603,4603,b1f59bb1e4b6ba1cdf9b1439cf6d7e6c6752a60e4b769c2571e0c42aaacd7055,-0.0131034057277,mean_only,0,evaluated,duration_days,3
region_block,1,mean_only,pulse_count,4603,4603,b1f59bb1e4b6ba1cdf9b1439cf6d7e6c6752a60e4b769c2571e0c42aaacd7055,-0.000958731654346,mean_only,0,evaluated,duration_days,3
region_block,1,mean_only,reactivation_count,4603,4603,b1f59bb1e4b6ba1cdf9b1439cf6d7e6c6752a60e4b769c2571e0c42aaacd7055,,mean_only,,evaluated,duration_days,3
region_block,1,mean_only,normalized_first_difference,4603,4603,b1f59bb1e4b6ba1cdf9b1439cf6d7e6c6752a60e4b769c2571e0c42aaacd7055,-0.0149528930086,mean_only,0,evaluated,duration_days,3
region_block,1,mean_only,normalized_second_difference,4603,4603,b1f59bb1e4b6ba1cdf9b1439cf6d7e6c6752a60e4b769c2571e0c42aaacd7055,-0.0149528930086,mean_only,0,evaluated,duration_days,3
region_block,1,core_means,front_loaded_fraction,4603,4603,b1f59bb1e4b6ba1cdf9b1439cf6d7e6c6752a60e4b769c2571e0c42aaacd7055,0.00227893985235,mean_only,0.00433009167207,evaluated,duration_days,3
region_block,1,core_means,late_growth_fraction,4603,4603,b1f59bb1e4b6ba1cdf9b1439cf6d7e6c6752a60e4b769c2571e0c42aaacd7055,0.00328533199142,mean_only,0.00685036303012,evaluated,duration_days,3
region_block,1,core_means,peak_timing,4603,4603,b1f59bb1e4b6ba1cdf9b1439cf6d7e6c6752a60e4b769c2571e0c42aaacd7055,-0.00182688438808,mean_only,-0.000250977134254,evaluated,duration_days,3
region_block,1,core_means,terminal_taper_fraction,4603,4603,b1f59bb1e4b6ba1cdf9b1439cf6d7e6c6752a60e4b769c2571e0c42aaacd7055,0.0175674993364,mean_only,0.0285522152757,evaluated,duration_days,3
region_block,1,core_means,normalized_entropy,4603,4603,b1f59bb1e4b6ba1cdf9b1439cf6d7e6c6752a60e4b769c2571e0c42aaacd7055,0.0344442692112,mean_only,0.0475476749389,evaluated,duration_days,3
region_block,1,core_means,pulse_count,4603,4603,b1f59bb1e4b6ba1cdf9b1439cf6d7e6c6752a60e4b769c2571e0c42aaacd7055,0.000713499277251,mean_only,0.0016722309316,evaluated,duration_days,3
region_block,1,core_means,reactivation_count,4603,4603,b1f59bb1e4b6ba1cdf9b1439cf6d7e6c6752a60e4b769c2571e0c42aaacd7055,,mean_only,,evaluated,duration_days,3
region_block,1,core_means,normalized_first_difference,4603,4603,b1f59bb1e4b6ba1cdf9b1439cf6d7e6c6752a60e4b769c2571e0c42aaacd7055,0.024886759482,mean_only,0.0398396524906,evaluated,duration_days,3
region_block,1,core_means,normalized_second_difference,4603,4603,b1f59bb1e4b6ba1cdf9b1439cf6d7e6c6752a60e4b769c2571e0c42aaacd7055,0.024886759482,mean_only,0.0398396524906,evaluated,duration_days,3
region_block,1,max_vpd_only,front_loaded_fraction,4603,4603,b1f59bb1e4b6ba1cdf9b1439cf6d7e6c6752a60e4b769c2571e0c42aaacd7055,-0.00245760481311,mean_only,-0.00040645299339,evaluated,duration_days,3
region_block,1,max_vpd_only,late_growth_fraction,4603,4603,b1f59bb1e4b6ba1cdf9b1439cf6d7e6c6752a60e4b769c2571e0c42aaacd7055,-0.00319144388797,mean_only,0.000373587150739,evaluated,duration_days,3
region_block,1,max_vpd_only,peak_timing,4603,4603,b1f59bb1e4b6ba1cdf9b1439cf6d7e6c6752a60e4b769c2571e0c42aaacd7055,-0.0026628315171,mean_only,-0.00108692426328,evaluated,duration_days,3
region_block,1,max_vpd_only,terminal_taper_fraction,4603,4603,b1f59bb1e4b6ba1cdf9b1439cf6d7e6c6752a60e4b769c2571e0c42aaacd7055,-0.00638152297901,mean_only,0.00460319296031,evaluated,duration_days,3
region_block,1,max_vpd_only,normalized_entropy,4603,4603,b1f59bb1e4b6ba1cdf9b1439cf6d7e6c6752a60e4b769c2571e0c42aaacd7055,-0.0114892207835,mean_only,0.00161418494423,evaluated,duration_days,3
region_block,1,max_vpd_only,pulse_count,4603,4603,b1f59bb1e4b6ba1cdf9b1439cf6d7e6c6752a60e4b769c2571e0c42aaacd7055,0.00108675625011,mean_only,0.00204548790445,evaluated,duration_days,3
region_block,1,max_vpd_only,reactivation_count,4603,4603,b1f59bb1e4b6ba1cdf9b1439cf6d7e6c6752a60e4b769c2571e0c42aaacd7055,,mean_only,,evaluated,duration_days,3
region_block,1,max_vpd_only,normalized_first_difference,4603,4603,b1f59bb1e4b6ba1cdf9b1439cf6d7e6c6752a60e4b769c2571e0c42aaacd7055,-0.013574923197,mean_only,0.00137796981155,evaluated,duration_days,3
region_block,1,max_vpd_only,normalized_second_difference,4603,4603,b1f59bb1e4b6ba1cdf9b1439cf6d7e6c6752a60e4b769c2571e0c42aaacd7055,-0.013574923197,mean_only,0.00137796981155,evaluated,duration_days,3
region_block,1,core_plus_max,front_loaded_fraction,4603,4603,b1f59bb1e4b6ba1cdf9b1439cf6d7e6c6752a60e4b769c2571e0c42aaacd7055,0.00129511060197,mean_only,0.00334626242169,evaluated,duration_days,3
region_block,1,core_plus_max,late_growth_fraction,4603,4603,b1f59bb1e4b6ba1cdf9b1439cf6d7e6c6752a60e4b769c2571e0c42aaacd7055,0.00279402357952,mean_only,0.00635905461823,evaluated,duration_days,3
region_block,1,core_plus_max,peak_timing,4603,4603,b1f59bb1e4b6ba1cdf9b1439cf6d7e6c6752a60e4b769c2571e0c42aaacd7055,-0.00315769479932,mean_only,-0.0015817875455,evaluated,duration_days,3
region_block,1,core_plus_max,terminal_taper_fraction,4603,4603,b1f59bb1e4b6ba1cdf9b1439cf6d7e6c6752a60e4b769c2571e0c42aaacd7055,0.0179562233295,mean_only,0.0289409392688,evaluated,duration_days,3
region_block,1,core_plus_max,normalized_entropy,4603,4603,b1f59bb1e4b6ba1cdf9b1439cf6d7e6c6752a60e4b769c2571e0c42aaacd7055,0.0346729918327,mean_only,0.0477763975605,evaluated,duration_days,3
region_block,1,core_plus_max,pulse_count,4603,4603,b1f59bb1e4b6ba1cdf9b1439cf6d7e6c6752a60e4b769c2571e0c42aaacd7055,0.0011512743919,mean_only,0.00211000604625,evaluated,duration_days,3
region_block,1,core_plus_max,reactivation_count,4603,4603,b1f59bb1e4b6ba1cdf9b1439cf6d7e6c6752a60e4b769c2571e0c42aaacd7055,,mean_only,,evaluated,duration_days,3
region_block,1,core_plus_max,normalized_first_difference,4603,4603,b1f59bb1e4b6ba1cdf9b1439cf6d7e6c6752a60e4b769c2571e0c42aaacd7055,0.0249194446418,mean_only,0.0398723376503,evaluated,duration_days,3
region_block,1,core_plus_max,normalized_second_difference,4603,4603,b1f59bb1e4b6ba1cdf9b1439cf6d7e6c6752a60e4b769c2571e0c42aaacd7055,0.0249194446418,mean_only,0.0398723376503,evaluated,duration_days,3
region_block,1,comprehensive_means,front_loaded_fraction,4603,4603,b1f59bb1e4b6ba1cdf9b1439cf6d7e6c6752a60e4b769c2571e0c42aaacd7055,-0.00573422020131,mean_only,-0.0036830683816,evaluated,duration_days,3
region_block,1,comprehensive_means,late_growth_fraction,4603,4603,b1f59bb1e4b6ba1cdf9b1439cf6d7e6c6752a60e4b769c2571e0c42aaacd7055,-0.00902749961601,mean_only,-0.0054624685773,evaluated,duration_days,3
region_block,1,comprehensive_means,peak_timing,4603,4603,b1f59bb1e4b6ba1cdf9b1439cf6d7e6c6752a60e4b769c2571e0c42aaacd7055,-0.00351509499704,mean_only,-0.00193918774321,evaluated,duration_days,3
region_block,1,comprehensive_means,terminal_taper_fraction,4603,4603,b1f59bb1e4b6ba1cdf9b1439cf6d7e6c6752a60e4b769c2571e0c42aaacd7055,0.00834106325356,mean_only,0.0193257791929,evaluated,duration_days,3
region_block,1,comprehensive_means,normalized_entropy,4603,4603,b1f59bb1e4b6ba1cdf9b1439cf6d7e6c6752a60e4b769c2571e0c42aaacd7055,0.0392231474834,mean_only,0.0523265532111,evaluated,duration_days,3
region_block,1,comprehensive_means,pulse_count,4603,4603,b1f59bb1e4b6ba1cdf9b1439cf6d7e6c6752a60e4b769c2571e0c42aaacd7055,-0.00229787552692,mean_only,-0.00133914387257,evaluated,duration_days,3
region_block,1,comprehensive_means,reactivation_count,4603,4603,b1f59bb1e4b6ba1cdf9b1439cf6d7e6c6752a60e4b769c2571e0c42aaacd7055,,mean_only,,evaluated,duration_days,3
region_block,1,comprehensive_means,normalized_first_difference,4603,4603,b1f59bb1e4b6ba1cdf9b1439cf6d7e6c6752a60e4b769c2571e0c42aaacd7055,0.0274520800296,mean_only,0.0424049730382,evaluated,duration_days,3
region_block,1,comprehensive_means,normalized_second_difference,4603,4603,b1f59bb1e4b6ba1cdf9b1439cf6d7e6c6752a60e4b769c2571e0c42aaacd7055,0.0274520800296,mean_only,0.0424049730382,evaluated,duration_days,3
region_block,1,comprehensive_plus_max,front_loaded_fraction,4603,4603,b1f59bb1e4b6ba1cdf9b1439cf6d7e6c6752a60e4b769c2571e0c42aaacd7055,-0.00624873783649,mean_only,-0.00419758601678,evaluated,duration_days,3
region_block,1,comprehensive_plus_max,late_growth_fraction,4603,4603,b1f59bb1e4b6ba1cdf9b1439cf6d7e6c6752a60e4b769c2571e0c42aaacd7055,-0.00850529845118,mean_only,-0.00494026741247,evaluated,duration_days,3
region_block,1,comprehensive_plus_max,peak_timing,4603,4603,b1f59bb1e4b6ba1cdf9b1439cf6d7e6c6752a60e4b769c2571e0c42aaacd7055,-0.00460030956162,mean_only,-0.0030244023078,evaluated,duration_days,3
region_block,1,comprehensive_plus_max,terminal_taper_fraction,4603,4603,b1f59bb1e4b6ba1cdf9b1439cf6d7e6c6752a60e4b769c2571e0c42aaacd7055,0.00994643202847,mean_only,0.0209311479678,evaluated,duration_days,3
region_block,1,comprehensive_plus_max,normalized_entropy,4603,4603,b1f59bb1e4b6ba1cdf9b1439cf6d7e6c6752a60e4b769c2571e0c42aaacd7055,0.0400145135302,mean_only,0.053117919258,evaluated,duration_days,3
region_block,1,comprehensive_plus_max,pulse_count,4603,4603,b1f59bb1e4b6ba1cdf9b1439cf6d7e6c6752a60e4b769c2571e0c42aaacd7055,-0.00165598521186,mean_only,-0.000697253557516,evaluated,duration_days,3
region_block,1,comprehensive_plus_max,reactivation_count,4603,4603,b1f59bb1e4b6ba1cdf9b1439cf6d7e6c6752a60e4b769c2571e0c42aaacd7055,,mean_only,,evaluated,duration_days,3
region_block,1,comprehensive_plus_max,normalized_first_difference,4603,4603,b1f59bb1e4b6ba1cdf9b1439cf6d7e6c6752a60e4b769c2571e0c42aaacd7055,0.0281777990213,mean_only,0.0431306920298,evaluated,duration_days,3
region_block,1,comprehensive_plus_max,normalized_second_difference,4603,4603,b1f59bb1e4b6ba1cdf9b1439cf6d7e6c6752a60e4b769c2571e0c42aaacd7055,0.0281777990213,mean_only,0.0431306920298,evaluated,duration_days,3
region_block,1,length_only,front_loaded_fraction,4603,4603,b1f59bb1e4b6ba1cdf9b1439cf6d7e6c6752a60e4b769c2571e0c42aaacd7055,-0.00205115181972,mean_only,0,evaluated,duration_days,3
region_block,1,length_only,late_growth_fraction,4603,4603,b1f59bb1e4b6ba1cdf9b1439cf6d7e6c6752a60e4b769c2571e0c42aaacd7055,-0.00356503103871,mean_only,0,evaluated,duration_days,3
region_block,1,length_only,peak_timing,4603,4603,b1f59bb1e4b6ba1cdf9b1439cf6d7e6c6752a60e4b769c2571e0c42aaacd7055,-0.00157590725382,mean_only,0,evaluated,duration_days,3
region_block,1,length_only,terminal_taper_fraction,4603,4603,b1f59bb1e4b6ba1cdf9b1439cf6d7e6c6752a60e4b769c2571e0c42aaacd7055,-0.0109847159393,mean_only,0,evaluated,duration_days,3
region_block,1,length_only,normalized_entropy,4603,4603,b1f59bb1e4b6ba1cdf9b1439cf6d7e6c6752a60e4b769c2571e0c42aaacd7055,-0.0131034057277,mean_only,0,evaluated,duration_days,3
region_block,1,length_only,pulse_count,4603,4603,b1f59bb1e4b6ba1cdf9b1439cf6d7e6c6752a60e4b769c2571e0c42aaacd7055,-0.000958731654346,mean_only,0,evaluated,duration_days,3
region_block,1,length_only,reactivation_count,4603,4603,b1f59bb1e4b6ba1cdf9b1439cf6d7e6c6752a60e4b769c2571e0c42aaacd7055,,mean_only,,evaluated,duration_days,3
region_block,1,length_only,normalized_first_difference,4603,4603,b1f59bb1e4b6ba1cdf9b1439cf6d7e6c6752a60e4b769c2571e0c42aaacd7055,-0.0149528930086,mean_only,0,evaluated,duration_days,3
region_block,1,length_only,normalized_second_difference,4603,4603,b1f59bb1e4b6ba1cdf9b1439cf6d7e6c6752a60e4b769c2571e0c42aaacd7055,-0.0149528930086,mean_only,0,evaluated,duration_days,3
region_block,1,length_plus_max,front_loaded_fraction,4603,4603,b1f59bb1e4b6ba1cdf9b1439cf6d7e6c6752a60e4b769c2571e0c42aaacd7055,-0.00245760481311,mean_only,-0.00040645299339,evaluated,duration_days,3
region_block,1,length_plus_max,late_growth_fraction,4603,4603,b1f59bb1e4b6ba1cdf9b1439cf6d7e6c6752a60e4b769c2571e0c42aaacd7055,-0.00319144388797,mean_only,0.000373587150739,evaluated,duration_days,3
region_block,1,length_plus_max,peak_timing,4603,4603,b1f59bb1e4b6ba1cdf9b1439cf6d7e6c6752a60e4b769c2571e0c42aaacd7055,-0.0026628315171,mean_only,-0.00108692426328,evaluated,duration_days,3
region_block,1,length_plus_max,terminal_taper_fraction,4603,4603,b1f59bb1e4b6ba1cdf9b1439cf6d7e6c6752a60e4b769c2571e0c42aaacd7055,-0.00638152297901,mean_only,0.00460319296031,evaluated,duration_days,3
region_block,1,length_plus_max,normalized_entropy,4603,4603,b1f59bb1e4b6ba1cdf9b1439cf6d7e6c6752a60e4b769c2571e0c42aaacd7055,-0.0114892207835,mean_only,0.00161418494423,evaluated,duration_days,3
region_block,1,length_plus_max,pulse_count,4603,4603,b1f59bb1e4b6ba1cdf9b1439cf6d7e6c6752a60e4b769c2571e0c42aaacd7055,0.00108675625011,mean_only,0.00204548790445,evaluated,duration_days,3
region_block,1,length_plus_max,reactivation_count,4603,4603,b1f59bb1e4b6ba1cdf9b1439cf6d7e6c6752a60e4b769c2571e0c42aaacd7055,,mean_only,,evaluated,duration_days,3
region_block,1,length_plus_max,normalized_first_difference,4603,4603,b1f59bb1e4b6ba1cdf9b1439cf6d7e6c6752a60e4b769c2571e0c42aaacd7055,-0.013574923197,mean_only,0.00137796981155,evaluated,duration_days,3
region_block,1,length_plus_max,normalized_second_difference,4603,4603,b1f59bb1e4b6ba1cdf9b1439cf6d7e6c6752a60e4b769c2571e0c42aaacd7055,-0.013574923197,mean_only,0.00137796981155,evaluated,duration_days,3
region_block,1,length_plus_core,front_loaded_fraction,4603,4603,b1f59bb1e4b6ba1cdf9b1439cf6d7e6c6752a60e4b769c2571e0c42aaacd7055,0.00227893985235,mean_only,0.00433009167207,evaluated,duration_days,3
region_block,1,length_plus_core,late_growth_fraction,4603,4603,b1f59bb1e4b6ba1cdf9b1439cf6d7e6c6752a60e4b769c2571e0c42aaacd7055,0.00328533199142,mean_only,0.00685036303012,evaluated,duration_days,3
region_block,1,length_plus_core,peak_timing,4603,4603,b1f59bb1e4b6ba1cdf9b1439cf6d7e6c6752a60e4b769c2571e0c42aaacd7055,-0.00182688438808,mean_only,-0.000250977134254,evaluated,duration_days,3
region_block,1,length_plus_core,terminal_taper_fraction,4603,4603,b1f59bb1e4b6ba1cdf9b1439cf6d7e6c6752a60e4b769c2571e0c42aaacd7055,0.0175674993364,mean_only,0.0285522152757,evaluated,duration_days,3
region_block,1,length_plus_core,normalized_entropy,4603,4603,b1f59bb1e4b6ba1cdf9b1439cf6d7e6c6752a60e4b769c2571e0c42aaacd7055,0.0344442692112,mean_only,0.0475476749389,evaluated,duration_days,3
region_block,1,length_plus_core,pulse_count,4603,4603,b1f59bb1e4b6ba1cdf9b1439cf6d7e6c6752a60e4b769c2571e0c42aaacd7055,0.000713499277251,mean_only,0.0016722309316,evaluated,duration_days,3
region_block,1,length_plus_core,reactivation_count,4603,4603,b1f59bb1e4b6ba1cdf9b1439cf6d7e6c6752a60e4b769c2571e0c42aaacd7055,,mean_only,,evaluated,duration_days,3
region_block,1,length_plus_core,normalized_first_difference,4603,4603,b1f59bb1e4b6ba1cdf9b1439cf6d7e6c6752a60e4b769c2571e0c42aaacd7055,0.024886759482,mean_only,0.0398396524906,evaluated,duration_days,3
region_block,1,length_plus_core,normalized_second_difference,4603,4603,b1f59bb1e4b6ba1cdf9b1439cf6d7e6c6752a60e4b769c2571e0c42aaacd7055,0.024886759482,mean_only,0.0398396524906,evaluated,duration_days,3
region_block,1,length_plus_core_max,front_loaded_fraction,4603,4603,b1f59bb1e4b6ba1cdf9b1439cf6d7e6c6752a60e4b769c2571e0c42aaacd7055,0.00129511060197,mean_only,0.00334626242169,evaluated,duration_days,3
region_block,1,length_plus_core_max,late_growth_fraction,4603,4603,b1f59bb1e4b6ba1cdf9b1439cf6d7e6c6752a60e4b769c2571e0c42aaacd7055,0.00279402357952,mean_only,0.00635905461823,evaluated,duration_days,3
region_block,1,length_plus_core_max,peak_timing,4603,4603,b1f59bb1e4b6ba1cdf9b1439cf6d7e6c6752a60e4b769c2571e0c42aaacd7055,-0.00315769479932,mean_only,-0.0015817875455,evaluated,duration_days,3
region_block,1,length_plus_core_max,terminal_taper_fraction,4603,4603,b1f59bb1e4b6ba1cdf9b1439cf6d7e6c6752a60e4b769c2571e0c42aaacd7055,0.0179562233295,mean_only,0.0289409392688,evaluated,duration_days,3
region_block,1,length_plus_core_max,normalized_entropy,4603,4603,b1f59bb1e4b6ba1cdf9b1439cf6d7e6c6752a60e4b769c2571e0c42aaacd7055,0.0346729918327,mean_only,0.0477763975605,evaluated,duration_days,3
region_block,1,length_plus_core_max,pulse_count,4603,4603,b1f59bb1e4b6ba1cdf9b1439cf6d7e6c6752a60e4b769c2571e0c42aaacd7055,0.0011512743919,mean_only,0.00211000604625,evaluated,duration_days,3
region_block,1,length_plus_core_max,reactivation_count,4603,4603,b1f59bb1e4b6ba1cdf9b1439cf6d7e6c6752a60e4b769c2571e0c42aaacd7055,,mean_only,,evaluated,duration_days,3
region_block,1,length_plus_core_max,normalized_first_difference,4603,4603,b1f59bb1e4b6ba1cdf9b1439cf6d7e6c6752a60e4b769c2571e0c42aaacd7055,0.0249194446418,mean_only,0.0398723376503,evaluated,duration_days,3
region_block,1,length_plus_core_max,normalized_second_difference,4603,4603,b1f59bb1e4b6ba1cdf9b1439cf6d7e6c6752a60e4b769c2571e0c42aaacd7055,0.0249194446418,mean_only,0.0398723376503,evaluated,duration_days,3
region_block,1,core_quantile_exceedance,front_loaded_fraction,4603,4603,b1f59bb1e4b6ba1cdf9b1439cf6d7e6c6752a60e4b769c2571e0c42aaacd7055,-0.00243606614877,mean_only,-0.000384914329053,evaluated,duration_days,3
region_block,1,core_quantile_exceedance,late_growth_fraction,4603,4603,b1f59bb1e4b6ba1cdf9b1439cf6d7e6c6752a60e4b769c2571e0c42aaacd7055,3.48071955899e-05,mean_only,0.0035998382343,evaluated,duration_days,3
region_block,1,core_quantile_exceedance,peak_timing,4603,4603,b1f59bb1e4b6ba1cdf9b1439cf6d7e6c6752a60e4b769c2571e0c42aaacd7055,-0.003232565028,mean_only,-0.00165665777417,evaluated,duration_days,3
region_block,1,core_quantile_exceedance,terminal_taper_fraction,4603,4603,b1f59bb1e4b6ba1cdf9b1439cf6d7e6c6752a60e4b769c2571e0c42aaacd7055,0.0145763459242,mean_only,0.0255610618635,evaluated,duration_days,3
region_block,1,core_quantile_exceedance,normalized_entropy,4603,4603,b1f59bb1e4b6ba1cdf9b1439cf6d7e6c6752a60e4b769c2571e0c42aaacd7055,0.0290583428507,mean_only,0.0421617485785,evaluated,duration_days,3
region_block,1,core_quantile_exceedance,pulse_count,4603,4603,b1f59bb1e4b6ba1cdf9b1439cf6d7e6c6752a60e4b769c2571e0c42aaacd7055,0.00131239693708,mean_only,0.00227112859143,evaluated,duration_days,3
region_block,1,core_quantile_exceedance,reactivation_count,4603,4603,b1f59bb1e4b6ba1cdf9b1439cf6d7e6c6752a60e4b769c2571e0c42aaacd7055,,mean_only,,evaluated,duration_days,3
region_block,1,core_quantile_exceedance,normalized_first_difference,4603,4603,b1f59bb1e4b6ba1cdf9b1439cf6d7e6c6752a60e4b769c2571e0c42aaacd7055,0.0223283935439,mean_only,0.0372812865525,evaluated,duration_days,3
region_block,1,core_quantile_exceedance,normalized_second_difference,4603,4603,b1f59bb1e4b6ba1cdf9b1439cf6d7e6c6752a60e4b769c2571e0c42aaacd7055,0.0223283935439,mean_only,0.0372812865525,evaluated,duration_days,3
region_block,1,mean_only,front_loaded_fraction,7376,7376,4ae36c4ec3de2fb41a2b26cc656c9819b1f21c8e3f6838870ab1bf59b6698708,-0.0032061766275,mean_only,0,evaluated,duration_days,4
region_block,1,mean_only,late_growth_fraction,7376,7376,4ae36c4ec3de2fb41a2b26cc656c9819b1f21c8e3f6838870ab1bf59b6698708,-0.00504806177504,mean_only,0,evaluated,duration_days,4
region_block,1,mean_only,peak_timing,7376,7376,4ae36c4ec3de2fb41a2b26cc656c9819b1f21c8e3f6838870ab1bf59b6698708,-0.000368125075547,mean_only,0,evaluated,duration_days,4
region_block,1,mean_only,terminal_taper_fraction,7376,7376,4ae36c4ec3de2fb41a2b26cc656c9819b1f21c8e3f6838870ab1bf59b6698708,-0.0101904101823,mean_only,0,evaluated,duration_days,4
region_block,1,mean_only,normalized_entropy,7376,7376,4ae36c4ec3de2fb41a2b26cc656c9819b1f21c8e3f6838870ab1bf59b6698708,-0.0189395935592,mean_only,0,evaluated,duration_days,4
region_block,1,mean_only,pulse_count,7376,7376,4ae36c4ec3de2fb41a2b26cc656c9819b1f21c8e3f6838870ab1bf59b6698708,-0.000115989383602,mean_only,0,evaluated,duration_days,4
region_block,1,mean_only,reactivation_count,7376,7376,4ae36c4ec3de2fb41a2b26cc656c9819b1f21c8e3f6838870ab1bf59b6698708,-0.000151191399896,mean_only,0,evaluated,duration_days,4
region_block,1,mean_only,normalized_first_difference,7376,7376,4ae36c4ec3de2fb41a2b26cc656c9819b1f21c8e3f6838870ab1bf59b6698708,-0.0177675492243,mean_only,0,evaluated,duration_days,4
region_block,1,mean_only,normalized_second_difference,7376,7376,4ae36c4ec3de2fb41a2b26cc656c9819b1f21c8e3f6838870ab1bf59b6698708,-0.0178517192829,mean_only,0,evaluated,duration_days,4
region_block,1,core_means,front_loaded_fraction,7376,7376,4ae36c4ec3de2fb41a2b26cc656c9819b1f21c8e3f6838870ab1bf59b6698708,0.0085115505949,mean_only,0.0117177272224,evaluated,duration_days,4
region_block,1,core_means,late_growth_fraction,7376,7376,4ae36c4ec3de2fb41a2b26cc656c9819b1f21c8e3f6838870ab1bf59b6698708,0.0152039154474,mean_only,0.0202519772224,evaluated,duration_days,4
region_block,1,core_means,peak_timing,7376,7376,4ae36c4ec3de2fb41a2b26cc656c9819b1f21c8e3f6838870ab1bf59b6698708,0.00265834059715,mean_only,0.00302646567269,evaluated,duration_days,4
region_block,1,core_means,terminal_taper_fraction,7376,7376,4ae36c4ec3de2fb41a2b26cc656c9819b1f21c8e3f6838870ab1bf59b6698708,0.02727352496,mean_only,0.0374639351423,evaluated,duration_days,4
region_block,1,core_means,normalized_entropy,7376,7376,4ae36c4ec3de2fb41a2b26cc656c9819b1f21c8e3f6838870ab1bf59b6698708,0.0449650450066,mean_only,0.0639046385658,evaluated,duration_days,4
region_block,1,core_means,pulse_count,7376,7376,4ae36c4ec3de2fb41a2b26cc656c9819b1f21c8e3f6838870ab1bf59b6698708,0.0002544127958,mean_only,0.000370402179402,evaluated,duration_days,4
region_block,1,core_means,reactivation_count,7376,7376,4ae36c4ec3de2fb41a2b26cc656c9819b1f21c8e3f6838870ab1bf59b6698708,-0.00153408335345,mean_only,-0.00138289195356,evaluated,duration_days,4
region_block,1,core_means,normalized_first_difference,7376,7376,4ae36c4ec3de2fb41a2b26cc656c9819b1f21c8e3f6838870ab1bf59b6698708,0.0411421732447,mean_only,0.0589097224691,evaluated,duration_days,4
region_block,1,core_means,normalized_second_difference,7376,7376,4ae36c4ec3de2fb41a2b26cc656c9819b1f21c8e3f6838870ab1bf59b6698708,0.0436445488696,mean_only,0.0614962681525,evaluated,duration_days,4
region_block,1,max_vpd_only,front_loaded_fraction,7376,7376,4ae36c4ec3de2fb41a2b26cc656c9819b1f21c8e3f6838870ab1bf59b6698708,0.00608763479336,mean_only,0.00929381142086,evaluated,duration_days,4
region_block,1,max_vpd_only,late_growth_fraction,7376,7376,4ae36c4ec3de2fb41a2b26cc656c9819b1f21c8e3f6838870ab1bf59b6698708,0.00582573957547,mean_only,0.0108738013505,evaluated,duration_days,4
region_block,1,max_vpd_only,peak_timing,7376,7376,4ae36c4ec3de2fb41a2b26cc656c9819b1f21c8e3f6838870ab1bf59b6698708,0.000520266929162,mean_only,0.000888392004709,evaluated,duration_days,4
region_block,1,max_vpd_only,terminal_taper_fraction,7376,7376,4ae36c4ec3de2fb41a2b26cc656c9819b1f21c8e3f6838870ab1bf59b6698708,0.00150435846501,mean_only,0.0116947686473,evaluated,duration_days,4
region_block,1,max_vpd_only,normalized_entropy,7376,7376,4ae36c4ec3de2fb41a2b26cc656c9819b1f21c8e3f6838870ab1bf59b6698708,-0.00870167843007,mean_only,0.0102379151291,evaluated,duration_days,4
region_block,1,max_vpd_only,pulse_count,7376,7376,4ae36c4ec3de2fb41a2b26cc656c9819b1f21c8e3f6838870ab1bf59b6698708,-3.5297886656e-05,mean_only,8.0691496946e-05,evaluated,duration_days,4
region_block,1,max_vpd_only,reactivation_count,7376,7376,4ae36c4ec3de2fb41a2b26cc656c9819b1f21c8e3f6838870ab1bf59b6698708,-0.000330535095983,mean_only,-0.000179343696088,evaluated,duration_days,4
region_block,1,max_vpd_only,normalized_first_difference,7376,7376,4ae36c4ec3de2fb41a2b26cc656c9819b1f21c8e3f6838870ab1bf59b6698708,0.000469737864695,mean_only,0.018237287089,evaluated,duration_days,4
region_block,1,max_vpd_only,normalized_second_difference,7376,7376,4ae36c4ec3de2fb41a2b26cc656c9819b1f21c8e3f6838870ab1bf59b6698708,0.00924606623477,mean_only,0.0270977855177,evaluated,duration_days,4
region_block,1,core_plus_max,front_loaded_fraction,7376,7376,4ae36c4ec3de2fb41a2b26cc656c9819b1f21c8e3f6838870ab1bf59b6698708,0.00789622303967,mean_only,0.0111023996672,evaluated,duration_days,4
region_block,1,core_plus_max,late_growth_fraction,7376,7376,4ae36c4ec3de2fb41a2b26cc656c9819b1f21c8e3f6838870ab1bf59b6698708,0.0148175282365,mean_only,0.0198655900116,evaluated,duration_days,4
region_block,1,core_plus_max,peak_timing,7376,7376,4ae36c4ec3de2fb41a2b26cc656c9819b1f21c8e3f6838870ab1bf59b6698708,0.00271933355663,mean_only,0.00308745863218,evaluated,duration_days,4
region_block,1,core_plus_max,terminal_taper_fraction,7376,7376,4ae36c4ec3de2fb41a2b26cc656c9819b1f21c8e3f6838870ab1bf59b6698708,0.0261344597426,mean_only,0.0363248699249,evaluated,duration_days,4
region_block,1,core_plus_max,normalized_entropy,7376,7376,4ae36c4ec3de2fb41a2b26cc656c9819b1f21c8e3f6838870ab1bf59b6698708,0.0463968196093,mean_only,0.0653364131685,evaluated,duration_days,4
region_block,1,core_plus_max,pulse_count,7376,7376,4ae36c4ec3de2fb41a2b26cc656c9819b1f21c8e3f6838870ab1bf59b6698708,5.15067719319e-05,mean_only,0.000167496155534,evaluated,duration_days,4
region_block,1,core_plus_max,reactivation_count,7376,7376,4ae36c4ec3de2fb41a2b26cc656c9819b1f21c8e3f6838870ab1bf59b6698708,-0.00208302667396,mean_only,-0.00193183527407,evaluated,duration_days,4
region_block,1,core_plus_max,normalized_first_difference,7376,7376,4ae36c4ec3de2fb41a2b26cc656c9819b1f21c8e3f6838870ab1bf59b6698708,0.0418802592783,mean_only,0.0596478085026,evaluated,duration_days,4
region_block,1,core_plus_max,normalized_second_difference,7376,7376,4ae36c4ec3de2fb41a2b26cc656c9819b1f21c8e3f6838870ab1bf59b6698708,0.0448366502531,mean_only,0.062688369536,evaluated,duration_days,4
region_block,1,comprehensive_means,front_loaded_fraction,7376,7376,4ae36c4ec3de2fb41a2b26cc656c9819b1f21c8e3f6838870ab1bf59b6698708,0.00905264818871,mean_only,0.0122588248162,evaluated,duration_days,4
region_block,1,comprehensive_means,late_growth_fraction,7376,7376,4ae36c4ec3de2fb41a2b26cc656c9819b1f21c8e3f6838870ab1bf59b6698708,0.0193985278102,mean_only,0.0244465895852,evaluated,duration_days,4
region_block,1,comprehensive_means,peak_timing,7376,7376,4ae36c4ec3de2fb41a2b26cc656c9819b1f21c8e3f6838870ab1bf59b6698708,-0.00150750169278,mean_only,-0.00113937661723,evaluated,duration_days,4
region_block,1,comprehensive_means,terminal_taper_fraction,7376,7376,4ae36c4ec3de2fb41a2b26cc656c9819b1f21c8e3f6838870ab1bf59b6698708,0.0344739728511,mean_only,0.0446643830335,evaluated,duration_days,4
region_block,1,comprehensive_means,normalized_entropy,7376,7376,4ae36c4ec3de2fb41a2b26cc656c9819b1f21c8e3f6838870ab1bf59b6698708,0.0665689559152,mean_only,0.0855085494745,evaluated,duration_days,4
region_block,1,comprehensive_means,pulse_count,7376,7376,4ae36c4ec3de2fb41a2b26cc656c9819b1f21c8e3f6838870ab1bf59b6698708,-0.00270171052251,mean_only,-0.00258572113891,evaluated,duration_days,4
region_block,1,comprehensive_means,reactivation_count,7376,7376,4ae36c4ec3de2fb41a2b26cc656c9819b1f21c8e3f6838870ab1bf59b6698708,-0.003057040543,mean_only,-0.0029058491431,evaluated,duration_days,4
region_block,1,comprehensive_means,normalized_first_difference,7376,7376,4ae36c4ec3de2fb41a2b26cc656c9819b1f21c8e3f6838870ab1bf59b6698708,0.0657761569952,mean_only,0.0835437062196,evaluated,duration_days,4
region_block,1,comprehensive_means,normalized_second_difference,7376,7376,4ae36c4ec3de2fb41a2b26cc656c9819b1f21c8e3f6838870ab1bf59b6698708,0.0720975267165,mean_only,0.0899492459994,evaluated,duration_days,4
region_block,1,comprehensive_plus_max,front_loaded_fraction,7376,7376,4ae36c4ec3de2fb41a2b26cc656c9819b1f21c8e3f6838870ab1bf59b6698708,0.00836836555034,mean_only,0.0115745421778,evaluated,duration_days,4
region_block,1,comprehensive_plus_max,late_growth_fraction,7376,7376,4ae36c4ec3de2fb41a2b26cc656c9819b1f21c8e3f6838870ab1bf59b6698708,0.0184104046688,mean_only,0.0234584664438,evaluated,duration_days,4
region_block,1,comprehensive_plus_max,peak_timing,7376,7376,4ae36c4ec3de2fb41a2b26cc656c9819b1f21c8e3f6838870ab1bf59b6698708,-0.00141816830701,mean_only,-0.00105004323147,evaluated,duration_days,4
region_block,1,comprehensive_plus_max,terminal_taper_fraction,7376,7376,4ae36c4ec3de2fb41a2b26cc656c9819b1f21c8e3f6838870ab1bf59b6698708,0.0334959430499,mean_only,0.0436863532322,evaluated,duration_days,4
region_block,1,comprehensive_plus_max,normalized_entropy,7376,7376,4ae36c4ec3de2fb41a2b26cc656c9819b1f21c8e3f6838870ab1bf59b6698708,0.068799969064,mean_only,0.0877395626232,evaluated,duration_days,4
region_block,1,comprehensive_plus_max,pulse_count,7376,7376,4ae36c4ec3de2fb41a2b26cc656c9819b1f21c8e3f6838870ab1bf59b6698708,-0.00296823437946,mean_only,-0.00285224499586,evaluated,duration_days,4
region_block,1,comprehensive_plus_max,reactivation_count,7376,7376,4ae36c4ec3de2fb41a2b26cc656c9819b1f21c8e3f6838870ab1bf59b6698708,-0.00351612001233,mean_only,-0.00336492861243,evaluated,duration_days,4
region_block,1,comprehensive_plus_max,normalized_first_difference,7376,7376,4ae36c4ec3de2fb41a2b26cc656c9819b1f21c8e3f6838870ab1bf59b6698708,0.0673674099887,mean_only,0.0851349592131,evaluated,duration_days,4
region_block,1,comprehensive_plus_max,normalized_second_difference,7376,7376,4ae36c4ec3de2fb41a2b26cc656c9819b1f21c8e3f6838870ab1bf59b6698708,0.0741878674997,mean_only,0.0920395867826,evaluated,duration_days,4
region_block,1,length_only,front_loaded_fraction,7376,7376,4ae36c4ec3de2fb41a2b26cc656c9819b1f21c8e3f6838870ab1bf59b6698708,0.0018995990125,mean_only,0.00510577564001,evaluated,duration_days,4
region_block,1,length_only,late_growth_fraction,7376,7376,4ae36c4ec3de2fb41a2b26cc656c9819b1f21c8e3f6838870ab1bf59b6698708,0.00570373827962,mean_only,0.0107518000547,evaluated,duration_days,4
region_block,1,length_only,peak_timing,7376,7376,4ae36c4ec3de2fb41a2b26cc656c9819b1f21c8e3f6838870ab1bf59b6698708,-0.000345825386132,mean_only,2.2299689415e-05,evaluated,duration_days,4
region_block,1,length_only,terminal_taper_fraction,7376,7376,4ae36c4ec3de2fb41a2b26cc656c9819b1f21c8e3f6838870ab1bf59b6698708,0.0396096263325,mean_only,0.0498000365148,evaluated,duration_days,4
region_block,1,length_only,normalized_entropy,7376,7376,4ae36c4ec3de2fb41a2b26cc656c9819b1f21c8e3f6838870ab1bf59b6698708,0.000765282419455,mean_only,0.0197048759787,evaluated,duration_days,4
region_block,1,length_only,pulse_count,7376,7376,4ae36c4ec3de2fb41a2b26cc656c9819b1f21c8e3f6838870ab1bf59b6698708,0.0303714816854,mean_only,0.030487471069,evaluated,duration_days,4
region_block,1,length_only,reactivation_count,7376,7376,4ae36c4ec3de2fb41a2b26cc656c9819b1f21c8e3f6838870ab1bf59b6698708,0.00528782520977,mean_only,0.00543901660966,evaluated,duration_days,4
region_block,1,length_only,normalized_first_difference,7376,7376,4ae36c4ec3de2fb41a2b26cc656c9819b1f21c8e3f6838870ab1bf59b6698708,0.158043154893,mean_only,0.175810704117,evaluated,duration_days,4
region_block,1,length_only,normalized_second_difference,7376,7376,4ae36c4ec3de2fb41a2b26cc656c9819b1f21c8e3f6838870ab1bf59b6698708,0.349032817136,mean_only,0.366884536419,evaluated,duration_days,4
region_block,1,length_plus_max,front_loaded_fraction,7376,7376,4ae36c4ec3de2fb41a2b26cc656c9819b1f21c8e3f6838870ab1bf59b6698708,0.0094992940261,mean_only,0.0127054706536,evaluated,duration_days,4
region_block,1,length_plus_max,late_growth_fraction,7376,7376,4ae36c4ec3de2fb41a2b26cc656c9819b1f21c8e3f6838870ab1bf59b6698708,0.0137454369828,mean_only,0.0187934987579,evaluated,duration_days,4
region_block,1,length_plus_max,peak_timing,7376,7376,4ae36c4ec3de2fb41a2b26cc656c9819b1f21c8e3f6838870ab1bf59b6698708,0.000993005100886,mean_only,0.00136113017643,evaluated,duration_days,4
region_block,1,length_plus_max,terminal_taper_fraction,7376,7376,4ae36c4ec3de2fb41a2b26cc656c9819b1f21c8e3f6838870ab1bf59b6698708,0.0446867412875,mean_only,0.0548771514698,evaluated,duration_days,4
region_block,1,length_plus_max,normalized_entropy,7376,7376,4ae36c4ec3de2fb41a2b26cc656c9819b1f21c8e3f6838870ab1bf59b6698708,0.00684612990673,mean_only,0.0257857234659,evaluated,duration_days,4
region_block,1,length_plus_max,pulse_count,7376,7376,4ae36c4ec3de2fb41a2b26cc656c9819b1f21c8e3f6838870ab1bf59b6698708,0.032083883891,mean_only,0.0321998732747,evaluated,duration_days,4
region_block,1,length_plus_max,reactivation_count,7376,7376,4ae36c4ec3de2fb41a2b26cc656c9819b1f21c8e3f6838870ab1bf59b6698708,0.00520973190617,mean_only,0.00536092330607,evaluated,duration_days,4
region_block,1,length_plus_max,normalized_first_difference,7376,7376,4ae36c4ec3de2fb41a2b26cc656c9819b1f21c8e3f6838870ab1bf59b6698708,0.161617547975,mean_only,0.179385097199,evaluated,duration_days,4
region_block,1,length_plus_max,normalized_second_difference,7376,7376,4ae36c4ec3de2fb41a2b26cc656c9819b1f21c8e3f6838870ab1bf59b6698708,0.352607010337,mean_only,0.37045872962,evaluated,duration_days,4
region_block,1,length_plus_core,front_loaded_fraction,7376,7376,4ae36c4ec3de2fb41a2b26cc656c9819b1f21c8e3f6838870ab1bf59b6698708,0.011458115675,mean_only,0.0146642923025,evaluated,duration_days,4
region_block,1,length_plus_core,late_growth_fraction,7376,7376,4ae36c4ec3de2fb41a2b26cc656c9819b1f21c8e3f6838870ab1bf59b6698708,0.021769410644,mean_only,0.026817472419,evaluated,duration_days,4
region_block,1,length_plus_core,peak_timing,7376,7376,4ae36c4ec3de2fb41a2b26cc656c9819b1f21c8e3f6838870ab1bf59b6698708,0.00305584495445,mean_only,0.00342397003,evaluated,duration_days,4
region_block,1,length_plus_core,terminal_taper_fraction,7376,7376,4ae36c4ec3de2fb41a2b26cc656c9819b1f21c8e3f6838870ab1bf59b6698708,0.0656396419737,mean_only,0.075830052156,evaluated,duration_days,4
region_block,1,length_plus_core,normalized_entropy,7376,7376,4ae36c4ec3de2fb41a2b26cc656c9819b1f21c8e3f6838870ab1bf59b6698708,0.0559405102048,mean_only,0.074880103764,evaluated,duration_days,4
region_block,1,length_plus_core,pulse_count,7376,7376,4ae36c4ec3de2fb41a2b26cc656c9819b1f21c8e3f6838870ab1bf59b6698708,0.0333053999486,mean_only,0.0334213893322,evaluated,duration_days,4
region_block,1,length_plus_core,reactivation_count,7376,7376,4ae36c4ec3de2fb41a2b26cc656c9819b1f21c8e3f6838870ab1bf59b6698708,0.00421337718704,mean_only,0.00436456858694,evaluated,duration_days,4
region_block,1,length_plus_core,normalized_first_difference,7376,7376,4ae36c4ec3de2fb41a2b26cc656c9819b1f21c8e3f6838870ab1bf59b6698708,0.191614076431,mean_only,0.209381625655,evaluated,duration_days,4
region_block,1,length_plus_core,normalized_second_difference,7376,7376,4ae36c4ec3de2fb41a2b26cc656c9819b1f21c8e3f6838870ab1bf59b6698708,0.373453003543,mean_only,0.391304722826,evaluated,duration_days,4
region_block,1,length_plus_core_max,front_loaded_fraction,7376,7376,4ae36c4ec3de2fb41a2b26cc656c9819b1f21c8e3f6838870ab1bf59b6698708,0.0109352421308,mean_only,0.0141414187583,evaluated,duration_days,4
region_block,1,length_plus_core_max,late_growth_fraction,7376,7376,4ae36c4ec3de2fb41a2b26cc656c9819b1f21c8e3f6838870ab1bf59b6698708,0.0216254461707,mean_only,0.0266735079458,evaluated,duration_days,4
region_block,1,length_plus_core_max,peak_timing,7376,7376,4ae36c4ec3de2fb41a2b26cc656c9819b1f21c8e3f6838870ab1bf59b6698708,0.00304263286678,mean_only,0.00341075794233,evaluated,duration_days,4
region_block,1,length_plus_core_max,terminal_taper_fraction,7376,7376,4ae36c4ec3de2fb41a2b26cc656c9819b1f21c8e3f6838870ab1bf59b6698708,0.0646801346518,mean_only,0.0748705448341,evaluated,duration_days,4
region_block,1,length_plus_core_max,normalized_entropy,7376,7376,4ae36c4ec3de2fb41a2b26cc656c9819b1f21c8e3f6838870ab1bf59b6698708,0.0569218969951,mean_only,0.0758614905543,evaluated,duration_days,4
region_block,1,length_plus_core_max,pulse_count,7376,7376,4ae36c4ec3de2fb41a2b26cc656c9819b1f21c8e3f6838870ab1bf59b6698708,0.0331076961212,mean_only,0.0332236855048,evaluated,duration_days,4
region_block,1,length_plus_core_max,reactivation_count,7376,7376,4ae36c4ec3de2fb41a2b26cc656c9819b1f21c8e3f6838870ab1bf59b6698708,0.00362404483692,mean_only,0.00377523623682,evaluated,duration_days,4
region_block,1,length_plus_core_max,normalized_first_difference,7376,7376,4ae36c4ec3de2fb41a2b26cc656c9819b1f21c8e3f6838870ab1bf59b6698708,0.191479519044,mean_only,0.209247068268,evaluated,duration_days,4
region_block,1,length_plus_core_max,normalized_second_difference,7376,7376,4ae36c4ec3de2fb41a2b26cc656c9819b1f21c8e3f6838870ab1bf59b6698708,0.373348972038,mean_only,0.391200691321,evaluated,duration_days,4
region_block,1,core_quantile_exceedance,front_loaded_fraction,7376,7376,4ae36c4ec3de2fb41a2b26cc656c9819b1f21c8e3f6838870ab1bf59b6698708,0.00779740800523,mean_only,0.0110035846327,evaluated,duration_days,4
region_block,1,core_quantile_exceedance,late_growth_fraction,7376,7376,4ae36c4ec3de2fb41a2b26cc656c9819b1f21c8e3f6838870ab1bf59b6698708,0.0153580717782,mean_only,0.0204061335533,evaluated,duration_days,4
region_block,1,core_quantile_exceedance,peak_timing,7376,7376,4ae36c4ec3de2fb41a2b26cc656c9819b1f21c8e3f6838870ab1bf59b6698708,0.00250199476364,mean_only,0.00287011983918,evaluated,duration_days,4
region_block,1,core_quantile_exceedance,terminal_taper_fraction,7376,7376,4ae36c4ec3de2fb41a2b26cc656c9819b1f21c8e3f6838870ab1bf59b6698708,0.025903129268,mean_only,0.0360935394503,evaluated,duration_days,4
region_block,1,core_quantile_exceedance,normalized_entropy,7376,7376,4ae36c4ec3de2fb41a2b26cc656c9819b1f21c8e3f6838870ab1bf59b6698708,0.0423465540416,mean_only,0.0612861476008,evaluated,duration_days,4
region_block,1,core_quantile_exceedance,pulse_count,7376,7376,4ae36c4ec3de2fb41a2b26cc656c9819b1f21c8e3f6838870ab1bf59b6698708,-0.000638606753444,mean_only,-0.000522617369842,evaluated,duration_days,4
region_block,1,core_quantile_exceedance,reactivation_count,7376,7376,4ae36c4ec3de2fb41a2b26cc656c9819b1f21c8e3f6838870ab1bf59b6698708,-0.00228550715021,mean_only,-0.00213431575032,evaluated,duration_days,4
region_block,1,core_quantile_exceedance,normalized_first_difference,7376,7376,4ae36c4ec3de2fb41a2b26cc656c9819b1f21c8e3f6838870ab1bf59b6698708,0.0401454198142,mean_only,0.0579129690385,evaluated,duration_days,4
region_block,1,core_quantile_exceedance,normalized_second_difference,7376,7376,4ae36c4ec3de2fb41a2b26cc656c9819b1f21c8e3f6838870ab1bf59b6698708,0.0426050575676,mean_only,0.0604567768505,evaluated,duration_days,4
region_block,1,mean_only,front_loaded_fraction,7962,7962,3868d78b55f32694f8a5cef8efd73993ca1ddce0aaa336dbb69bda4225884424,-0.00486241253655,mean_only,0,evaluated,duration_days,5
region_block,1,mean_only,late_growth_fraction,7962,7962,3868d78b55f32694f8a5cef8efd73993ca1ddce0aaa336dbb69bda4225884424,-0.00803849833097,mean_only,0,evaluated,duration_days,5
region_block,1,mean_only,peak_timing,7962,7962,3868d78b55f32694f8a5cef8efd73993ca1ddce0aaa336dbb69bda4225884424,-0.000179086927665,mean_only,0,evaluated,duration_days,5
region_block,1,mean_only,terminal_taper_fraction,7962,7962,3868d78b55f32694f8a5cef8efd73993ca1ddce0aaa336dbb69bda4225884424,-0.0134510085263,mean_only,0,evaluated,duration_days,5
region_block,1,mean_only,normalized_entropy,7962,7962,3868d78b55f32694f8a5cef8efd73993ca1ddce0aaa336dbb69bda4225884424,-0.0190813239129,mean_only,0,evaluated,duration_days,5
region_block,1,mean_only,pulse_count,7962,7962,3868d78b55f32694f8a5cef8efd73993ca1ddce0aaa336dbb69bda4225884424,-0.000271796527577,mean_only,0,evaluated,duration_days,5
region_block,1,mean_only,reactivation_count,7962,7962,3868d78b55f32694f8a5cef8efd73993ca1ddce0aaa336dbb69bda4225884424,-0.000449532414519,mean_only,0,evaluated,duration_days,5
region_block,1,mean_only,normalized_first_difference,7962,7962,3868d78b55f32694f8a5cef8efd73993ca1ddce0aaa336dbb69bda4225884424,-0.0212121752494,mean_only,0,evaluated,duration_days,5
region_block,1,mean_only,normalized_second_difference,7962,7962,3868d78b55f32694f8a5cef8efd73993ca1ddce0aaa336dbb69bda4225884424,-0.0226822813338,mean_only,0,evaluated,duration_days,5
region_block,1,core_means,front_loaded_fraction,7962,7962,3868d78b55f32694f8a5cef8efd73993ca1ddce0aaa336dbb69bda4225884424,0.0121920688875,mean_only,0.017054481424,evaluated,duration_days,5
region_block,1,core_means,late_growth_fraction,7962,7962,3868d78b55f32694f8a5cef8efd73993ca1ddce0aaa336dbb69bda4225884424,0.0124215561012,mean_only,0.0204600544322,evaluated,duration_days,5
region_block,1,core_means,peak_timing,7962,7962,3868d78b55f32694f8a5cef8efd73993ca1ddce0aaa336dbb69bda4225884424,0.00248544374275,mean_only,0.00266453067041,evaluated,duration_days,5
region_block,1,core_means,terminal_taper_fraction,7962,7962,3868d78b55f32694f8a5cef8efd73993ca1ddce0aaa336dbb69bda4225884424,0.0220311715783,mean_only,0.0354821801047,evaluated,duration_days,5
region_block,1,core_means,normalized_entropy,7962,7962,3868d78b55f32694f8a5cef8efd73993ca1ddce0aaa336dbb69bda4225884424,0.0443754287669,mean_only,0.0634567526798,evaluated,duration_days,5
region_block,1,core_means,pulse_count,7962,7962,3868d78b55f32694f8a5cef8efd73993ca1ddce0aaa336dbb69bda4225884424,-0.000790500975749,mean_only,-0.000518704448172,evaluated,duration_days,5
region_block,1,core_means,reactivation_count,7962,7962,3868d78b55f32694f8a5cef8efd73993ca1ddce0aaa336dbb69bda4225884424,-0.000823627709017,mean_only,-0.000374095294498,evaluated,duration_days,5
region_block,1,core_means,normalized_first_difference,7962,7962,3868d78b55f32694f8a5cef8efd73993ca1ddce0aaa336dbb69bda4225884424,0.0415195234694,mean_only,0.0627316987189,evaluated,duration_days,5
region_block,1,core_means,normalized_second_difference,7962,7962,3868d78b55f32694f8a5cef8efd73993ca1ddce0aaa336dbb69bda4225884424,0.0429604022749,mean_only,0.0656426836087,evaluated,duration_days,5
region_block,1,max_vpd_only,front_loaded_fraction,7962,7962,3868d78b55f32694f8a5cef8efd73993ca1ddce0aaa336dbb69bda4225884424,0.00588637576452,mean_only,0.0107487883011,evaluated,duration_days,5
region_block,1,max_vpd_only,late_growth_fraction,7962,7962,3868d78b55f32694f8a5cef8efd73993ca1ddce0aaa336dbb69bda4225884424,0.00438807795484,mean_only,0.0124265762858,evaluated,duration_days,5
region_block,1,max_vpd_only,peak_timing,7962,7962,3868d78b55f32694f8a5cef8efd73993ca1ddce0aaa336dbb69bda4225884424,0.00066485124335,mean_only,0.000843938171014,evaluated,duration_days,5
region_block,1,max_vpd_only,terminal_taper_fraction,7962,7962,3868d78b55f32694f8a5cef8efd73993ca1ddce0aaa336dbb69bda4225884424,-0.00127515953561,mean_only,0.0121758489907,evaluated,duration_days,5
region_block,1,max_vpd_only,normalized_entropy,7962,7962,3868d78b55f32694f8a5cef8efd73993ca1ddce0aaa336dbb69bda4225884424,-0.0135307451988,mean_only,0.00555057871408,evaluated,duration_days,5
region_block,1,max_vpd_only,pulse_count,7962,7962,3868d78b55f32694f8a5cef8efd73993ca1ddce0aaa336dbb69bda4225884424,-0.000441383520142,mean_only,-0.000169586992565,evaluated,duration_days,5
region_block,1,max_vpd_only,reactivation_count,7962,7962,3868d78b55f32694f8a5cef8efd73993ca1ddce0aaa336dbb69bda4225884424,-0.000174936380364,mean_only,0.000274596034156,evaluated,duration_days,5
region_block,1,max_vpd_only,normalized_first_difference,7962,7962,3868d78b55f32694f8a5cef8efd73993ca1ddce0aaa336dbb69bda4225884424,0.0019459008808,mean_only,0.0231580761302,evaluated,duration_days,5
region_block,1,max_vpd_only,normalized_second_difference,7962,7962,3868d78b55f32694f8a5cef8efd73993ca1ddce0aaa336dbb69bda4225884424,0.0103748993106,mean_only,0.0330571806444,evaluated,duration_days,5
region_block,1,core_plus_max,front_loaded_fraction,7962,7962,3868d78b55f32694f8a5cef8efd73993ca1ddce0aaa336dbb69bda4225884424,0.0118104540596,mean_only,0.0166728665962,evaluated,duration_days,5
region_block,1,core_plus_max,late_growth_fraction,7962,7962,3868d78b55f32694f8a5cef8efd73993ca1ddce0aaa336dbb69bda4225884424,0.0121097728813,mean_only,0.0201482712123,evaluated,duration_days,5
region_block,1,core_plus_max,peak_timing,7962,7962,3868d78b55f32694f8a5cef8efd73993ca1ddce0aaa336dbb69bda4225884424,0.00253319355206,mean_only,0.00271228047972,evaluated,duration_days,5
region_block,1,core_plus_max,terminal_taper_fraction,7962,7962,3868d78b55f32694f8a5cef8efd73993ca1ddce0aaa336dbb69bda4225884424,0.0226957474975,mean_only,0.0361467560238,evaluated,duration_days,5
region_block,1,core_plus_max,normalized_entropy,7962,7962,3868d78b55f32694f8a5cef8efd73993ca1ddce0aaa336dbb69bda4225884424,0.0451995455082,mean_only,0.0642808694211,evaluated,duration_days,5
region_block,1,core_plus_max,pulse_count,7962,7962,3868d78b55f32694f8a5cef8efd73993ca1ddce0aaa336dbb69bda4225884424,0.000455767849339,mean_only,0.000727564376916,evaluated,duration_days,5
region_block,1,core_plus_max,reactivation_count,7962,7962,3868d78b55f32694f8a5cef8efd73993ca1ddce0aaa336dbb69bda4225884424,-0.000549522655946,mean_only,-9.99902414263e-05,evaluated,duration_days,5
region_block,1,core_plus_max,normalized_first_difference,7962,7962,3868d78b55f32694f8a5cef8efd73993ca1ddce0aaa336dbb69bda4225884424,0.0459581521988,mean_only,0.0671703274483,evaluated,duration_days,5
region_block,1,core_plus_max,normalized_second_difference,7962,7962,3868d78b55f32694f8a5cef8efd73993ca1ddce0aaa336dbb69bda4225884424,0.0486401385852,mean_only,0.071322419919,evaluated,duration_days,5
region_block,1,comprehensive_means,front_loaded_fraction,7962,7962,3868d78b55f32694f8a5cef8efd73993ca1ddce0aaa336dbb69bda4225884424,0.00807969104607,mean_only,0.0129421035826,evaluated,duration_days,5
region_block,1,comprehensive_means,late_growth_fraction,7962,7962,3868d78b55f32694f8a5cef8efd73993ca1ddce0aaa336dbb69bda4225884424,0.0135374985745,mean_only,0.0215759969055,evaluated,duration_days,5
region_block,1,comprehensive_means,peak_timing,7962,7962,3868d78b55f32694f8a5cef8efd73993ca1ddce0aaa336dbb69bda4225884424,0.000248276660479,mean_only,0.000427363588143,evaluated,duration_days,5
region_block,1,comprehensive_means,terminal_taper_fraction,7962,7962,3868d78b55f32694f8a5cef8efd73993ca1ddce0aaa336dbb69bda4225884424,0.0253831486659,mean_only,0.0388341571922,evaluated,duration_days,5
region_block,1,comprehensive_means,normalized_entropy,7962,7962,3868d78b55f32694f8a5cef8efd73993ca1ddce0aaa336dbb69bda4225884424,0.0602736347416,mean_only,0.0793549586544,evaluated,duration_days,5
region_block,1,comprehensive_means,pulse_count,7962,7962,3868d78b55f32694f8a5cef8efd73993ca1ddce0aaa336dbb69bda4225884424,-0.0021549997847,mean_only,-0.00188320325712,evaluated,duration_days,5
region_block,1,comprehensive_means,reactivation_count,7962,7962,3868d78b55f32694f8a5cef8efd73993ca1ddce0aaa336dbb69bda4225884424,-0.00268743817622,mean_only,-0.0022379057617,evaluated,duration_days,5
region_block,1,comprehensive_means,normalized_first_difference,7962,7962,3868d78b55f32694f8a5cef8efd73993ca1ddce0aaa336dbb69bda4225884424,0.0576222285651,mean_only,0.0788344038146,evaluated,duration_days,5
region_block,1,comprehensive_means,normalized_second_difference,7962,7962,3868d78b55f32694f8a5cef8efd73993ca1ddce0aaa336dbb69bda4225884424,0.0595202996208,mean_only,0.0822025809546,evaluated,duration_days,5
region_block,1,comprehensive_plus_max,front_loaded_fraction,7962,7962,3868d78b55f32694f8a5cef8efd73993ca1ddce0aaa336dbb69bda4225884424,0.00765934433561,mean_only,0.0125217568722,evaluated,duration_days,5
region_block,1,comprehensive_plus_max,late_growth_fraction,7962,7962,3868d78b55f32694f8a5cef8efd73993ca1ddce0aaa336dbb69bda4225884424,0.0132398649163,mean_only,0.0212783632473,evaluated,duration_days,5
region_block,1,comprehensive_plus_max,peak_timing,7962,7962,3868d78b55f32694f8a5cef8efd73993ca1ddce0aaa336dbb69bda4225884424,0.000486265682861,mean_only,0.000665352610525,evaluated,duration_days,5
region_block,1,comprehensive_plus_max,terminal_taper_fraction,7962,7962,3868d78b55f32694f8a5cef8efd73993ca1ddce0aaa336dbb69bda4225884424,0.0267428993253,mean_only,0.0401939078516,evaluated,duration_days,5
region_block,1,comprehensive_plus_max,normalized_entropy,7962,7962,3868d78b55f32694f8a5cef8efd73993ca1ddce0aaa336dbb69bda4225884424,0.0612572879852,mean_only,0.0803386118981,evaluated,duration_days,5
region_block,1,comprehensive_plus_max,pulse_count,7962,7962,3868d78b55f32694f8a5cef8efd73993ca1ddce0aaa336dbb69bda4225884424,-0.000831662565904,mean_only,-0.000559866038327,evaluated,duration_days,5
region_block,1,comprehensive_plus_max,reactivation_count,7962,7962,3868d78b55f32694f8a5cef8efd73993ca1ddce0aaa336dbb69bda4225884424,-0.00256964178775,mean_only,-0.00212010937323,evaluated,duration_days,5
region_block,1,comprehensive_plus_max,normalized_first_difference,7962,7962,3868d78b55f32694f8a5cef8efd73993ca1ddce0aaa336dbb69bda4225884424,0.0640447780659,mean_only,0.0852569533153,evaluated,duration_days,5
region_block,1,comprehensive_plus_max,normalized_second_difference,7962,7962,3868d78b55f32694f8a5cef8efd73993ca1ddce0aaa336dbb69bda4225884424,0.0679594947769,mean_only,0.0906417761107,evaluated,duration_days,5
region_block,1,length_only,front_loaded_fraction,7962,7962,3868d78b55f32694f8a5cef8efd73993ca1ddce0aaa336dbb69bda4225884424,0.00334228328379,mean_only,0.00820469582033,evaluated,duration_days,5
region_block,1,length_only,late_growth_fraction,7962,7962,3868d78b55f32694f8a5cef8efd73993ca1ddce0aaa336dbb69bda4225884424,0.0155917104265,mean_only,0.0236302087574,evaluated,duration_days,5
region_block,1,length_only,peak_timing,7962,7962,3868d78b55f32694f8a5cef8efd73993ca1ddce0aaa336dbb69bda4225884424,0.000314839423127,mean_only,0.000493926350792,evaluated,duration_days,5
region_block,1,length_only,terminal_taper_fraction,7962,7962,3868d78b55f32694f8a5cef8efd73993ca1ddce0aaa336dbb69bda4225884424,0.0875857053719,mean_only,0.101036713898,evaluated,duration_days,5
region_block,1,length_only,normalized_entropy,7962,7962,3868d78b55f32694f8a5cef8efd73993ca1ddce0aaa336dbb69bda4225884424,0.0126955758367,mean_only,0.0317768997495,evaluated,duration_days,5
region_block,1,length_only,pulse_count,7962,7962,3868d78b55f32694f8a5cef8efd73993ca1ddce0aaa336dbb69bda4225884424,0.0709754315823,mean_only,0.0712472281099,evaluated,duration_days,5
region_block,1,length_only,reactivation_count,7962,7962,3868d78b55f32694f8a5cef8efd73993ca1ddce0aaa336dbb69bda4225884424,0.0120423602845,mean_only,0.012491892699,evaluated,duration_days,5
region_block,1,length_only,normalized_first_difference,7962,7962,3868d78b55f32694f8a5cef8efd73993ca1ddce0aaa336dbb69bda4225884424,0.272784362201,mean_only,0.293996537451,evaluated,duration_days,5
region_block,1,length_only,normalized_second_difference,7962,7962,3868d78b55f32694f8a5cef8efd73993ca1ddce0aaa336dbb69bda4225884424,0.420077341326,mean_only,0.44275962266,evaluated,duration_days,5
region_block,1,length_plus_max,front_loaded_fraction,7962,7962,3868d78b55f32694f8a5cef8efd73993ca1ddce0aaa336dbb69bda4225884424,0.0110922938443,mean_only,0.0159547063809,evaluated,duration_days,5
region_block,1,length_plus_max,late_growth_fraction,7962,7962,3868d78b55f32694f8a5cef8efd73993ca1ddce0aaa336dbb69bda4225884424,0.0221066579642,mean_only,0.0301451562952,evaluated,duration_days,5
region_block,1,length_plus_max,peak_timing,7962,7962,3868d78b55f32694f8a5cef8efd73993ca1ddce0aaa336dbb69bda4225884424,0.00160271982978,mean_only,0.00178180675745,evaluated,duration_days,5
region_block,1,length_plus_max,terminal_taper_fraction,7962,7962,3868d78b55f32694f8a5cef8efd73993ca1ddce0aaa336dbb69bda4225884424,0.0879128408194,mean_only,0.101363849346,evaluated,duration_days,5
region_block,1,length_plus_max,normalized_entropy,7962,7962,3868d78b55f32694f8a5cef8efd73993ca1ddce0aaa336dbb69bda4225884424,0.0122846596374,mean_only,0.0313659835503,evaluated,duration_days,5
region_block,1,length_plus_max,pulse_count,7962,7962,3868d78b55f32694f8a5cef8efd73993ca1ddce0aaa336dbb69bda4225884424,0.0736957190297,mean_only,0.0739675155573,evaluated,duration_days,5
region_block,1,length_plus_max,reactivation_count,7962,7962,3868d78b55f32694f8a5cef8efd73993ca1ddce0aaa336dbb69bda4225884424,0.01194283895,mean_only,0.0123923713645,evaluated,duration_days,5
region_block,1,length_plus_max,normalized_first_difference,7962,7962,3868d78b55f32694f8a5cef8efd73993ca1ddce0aaa336dbb69bda4225884424,0.272311407015,mean_only,0.293523582264,evaluated,duration_days,5
region_block,1,length_plus_max,normalized_second_difference,7962,7962,3868d78b55f32694f8a5cef8efd73993ca1ddce0aaa336dbb69bda4225884424,0.4208395806,mean_only,0.443521861933,evaluated,duration_days,5
region_block,1,length_plus_core,front_loaded_fraction,7962,7962,3868d78b55f32694f8a5cef8efd73993ca1ddce0aaa336dbb69bda4225884424,0.0167710587447,mean_only,0.0216334712812,evaluated,duration_days,5
region_block,1,length_plus_core,late_growth_fraction,7962,7962,3868d78b55f32694f8a5cef8efd73993ca1ddce0aaa336dbb69bda4225884424,0.0287513678089,mean_only,0.0367898661398,evaluated,duration_days,5
region_block,1,length_plus_core,peak_timing,7962,7962,3868d78b55f32694f8a5cef8efd73993ca1ddce0aaa336dbb69bda4225884424,0.00335871178628,mean_only,0.00353779871394,evaluated,duration_days,5
region_block,1,length_plus_core,terminal_taper_fraction,7962,7962,3868d78b55f32694f8a5cef8efd73993ca1ddce0aaa336dbb69bda4225884424,0.105830248998,mean_only,0.119281257525,evaluated,duration_days,5
region_block,1,length_plus_core,normalized_entropy,7962,7962,3868d78b55f32694f8a5cef8efd73993ca1ddce0aaa336dbb69bda4225884424,0.0655539139388,mean_only,0.0846352378516,evaluated,duration_days,5
region_block,1,length_plus_core,pulse_count,7962,7962,3868d78b55f32694f8a5cef8efd73993ca1ddce0aaa336dbb69bda4225884424,0.0729394757073,mean_only,0.0732112722349,evaluated,duration_days,5
region_block,1,length_plus_core,reactivation_count,7962,7962,3868d78b55f32694f8a5cef8efd73993ca1ddce0aaa336dbb69bda4225884424,0.0112376891926,mean_only,0.0116872216071,evaluated,duration_days,5
region_block,1,length_plus_core,normalized_first_difference,7962,7962,3868d78b55f32694f8a5cef8efd73993ca1ddce0aaa336dbb69bda4225884424,0.300975682705,mean_only,0.322187857954,evaluated,duration_days,5
region_block,1,length_plus_core,normalized_second_difference,7962,7962,3868d78b55f32694f8a5cef8efd73993ca1ddce0aaa336dbb69bda4225884424,0.44227079967,mean_only,0.464953081003,evaluated,duration_days,5
region_block,1,length_plus_core_max,front_loaded_fraction,7962,7962,3868d78b55f32694f8a5cef8efd73993ca1ddce0aaa336dbb69bda4225884424,0.0165692405002,mean_only,0.0214316530368,evaluated,duration_days,5
region_block,1,length_plus_core_max,late_growth_fraction,7962,7962,3868d78b55f32694f8a5cef8efd73993ca1ddce0aaa336dbb69bda4225884424,0.0285463714423,mean_only,0.0365848697732,evaluated,duration_days,5
region_block,1,length_plus_core_max,peak_timing,7962,7962,3868d78b55f32694f8a5cef8efd73993ca1ddce0aaa336dbb69bda4225884424,0.00324155705699,mean_only,0.00342064398465,evaluated,duration_days,5
region_block,1,length_plus_core_max,terminal_taper_fraction,7962,7962,3868d78b55f32694f8a5cef8efd73993ca1ddce0aaa336dbb69bda4225884424,0.105827893733,mean_only,0.119278902259,evaluated,duration_days,5
region_block,1,length_plus_core_max,normalized_entropy,7962,7962,3868d78b55f32694f8a5cef8efd73993ca1ddce0aaa336dbb69bda4225884424,0.0656793080135,mean_only,0.0847606319264,evaluated,duration_days,5
region_block,1,length_plus_core_max,pulse_count,7962,7962,3868d78b55f32694f8a5cef8efd73993ca1ddce0aaa336dbb69bda4225884424,0.0730522816039,mean_only,0.0733240781315,evaluated,duration_days,5
region_block,1,length_plus_core_max,reactivation_count,7962,7962,3868d78b55f32694f8a5cef8efd73993ca1ddce0aaa336dbb69bda4225884424,0.0111473845509,mean_only,0.0115969169654,evaluated,duration_days,5
region_block,1,length_plus_core_max,normalized_first_difference,7962,7962,3868d78b55f32694f8a5cef8efd73993ca1ddce0aaa336dbb69bda4225884424,0.301497190112,mean_only,0.322709365362,evaluated,duration_days,5
region_block,1,length_plus_core_max,normalized_second_difference,7962,7962,3868d78b55f32694f8a5cef8efd73993ca1ddce0aaa336dbb69bda4225884424,0.442746633584,mean_only,0.465428914918,evaluated,duration_days,5
region_block,1,core_quantile_exceedance,front_loaded_fraction,7962,7962,3868d78b55f32694f8a5cef8efd73993ca1ddce0aaa336dbb69bda4225884424,0.0106010777075,mean_only,0.0154634902441,evaluated,duration_days,5
region_block,1,core_quantile_exceedance,late_growth_fraction,7962,7962,3868d78b55f32694f8a5cef8efd73993ca1ddce0aaa336dbb69bda4225884424,0.0125980057537,mean_only,0.0206365040847,evaluated,duration_days,5
region_block,1,core_quantile_exceedance,peak_timing,7962,7962,3868d78b55f32694f8a5cef8efd73993ca1ddce0aaa336dbb69bda4225884424,0.00202577270183,mean_only,0.00220485962949,evaluated,duration_days,5
region_block,1,core_quantile_exceedance,terminal_taper_fraction,7962,7962,3868d78b55f32694f8a5cef8efd73993ca1ddce0aaa336dbb69bda4225884424,0.022835637092,mean_only,0.0362866456183,evaluated,duration_days,5
region_block,1,core_quantile_exceedance,normalized_entropy,7962,7962,3868d78b55f32694f8a5cef8efd73993ca1ddce0aaa336dbb69bda4225884424,0.0425751194141,mean_only,0.061656443327,evaluated,duration_days,5
region_block,1,core_quantile_exceedance,pulse_count,7962,7962,3868d78b55f32694f8a5cef8efd73993ca1ddce0aaa336dbb69bda4225884424,-0.000905776004594,mean_only,-0.000633979477016,evaluated,duration_days,5
region_block,1,core_quantile_exceedance,reactivation_count,7962,7962,3868d78b55f32694f8a5cef8efd73993ca1ddce0aaa336dbb69bda4225884424,-0.00105516079677,mean_only,-0.000605628382248,evaluated,duration_days,5
region_block,1,core_quantile_exceedance,normalized_first_difference,7962,7962,3868d78b55f32694f8a5cef8efd73993ca1ddce0aaa336dbb69bda4225884424,0.042914997748,mean_only,0.0641271729974,evaluated,duration_days,5
region_block,1,core_quantile_exceedance,normalized_second_difference,7962,7962,3868d78b55f32694f8a5cef8efd73993ca1ddce0aaa336dbb69bda4225884424,0.0450348013087,mean_only,0.0677170826424,evaluated,duration_days,5
region_block,1,mean_only,front_loaded_fraction,8079,8079,a3d1c625cbd1044f5201085c78146508975d79b82e21d72d5477c546e9fcba7a,-0.00542353926961,mean_only,0,evaluated,duration_days,6
region_block,1,mean_only,late_growth_fraction,8079,8079,a3d1c625cbd1044f5201085c78146508975d79b82e21d72d5477c546e9fcba7a,-0.00635641467249,mean_only,0,evaluated,duration_days,6
region_block,1,mean_only,peak_timing,8079,8079,a3d1c625cbd1044f5201085c78146508975d79b82e21d72d5477c546e9fcba7a,-0.00143221408933,mean_only,0,evaluated,duration_days,6
region_block,1,mean_only,terminal_taper_fraction,8079,8079,a3d1c625cbd1044f5201085c78146508975d79b82e21d72d5477c546e9fcba7a,-0.0131084252168,mean_only,0,evaluated,duration_days,6
region_block,1,mean_only,normalized_entropy,8079,8079,a3d1c625cbd1044f5201085c78146508975d79b82e21d72d5477c546e9fcba7a,-0.0262912015597,mean_only,0,evaluated,duration_days,6
region_block,1,mean_only,pulse_count,8079,8079,a3d1c625cbd1044f5201085c78146508975d79b82e21d72d5477c546e9fcba7a,-0.000820745181183,mean_only,0,evaluated,duration_days,6
region_block,1,mean_only,reactivation_count,8079,8079,a3d1c625cbd1044f5201085c78146508975d79b82e21d72d5477c546e9fcba7a,-0.000213915377795,mean_only,0,evaluated,duration_days,6
region_block,1,mean_only,normalized_first_difference,8079,8079,a3d1c625cbd1044f5201085c78146508975d79b82e21d72d5477c546e9fcba7a,-0.0244231647443,mean_only,0,evaluated,duration_days,6
region_block,1,mean_only,normalized_second_difference,8079,8079,a3d1c625cbd1044f5201085c78146508975d79b82e21d72d5477c546e9fcba7a,-0.0215849726782,mean_only,0,evaluated,duration_days,6
region_block,1,core_means,front_loaded_fraction,8079,8079,a3d1c625cbd1044f5201085c78146508975d79b82e21d72d5477c546e9fcba7a,0.0113143585499,mean_only,0.0167378978195,evaluated,duration_days,6
region_block,1,core_means,late_growth_fraction,8079,8079,a3d1c625cbd1044f5201085c78146508975d79b82e21d72d5477c546e9fcba7a,0.0199679267343,mean_only,0.0263243414068,evaluated,duration_days,6
region_block,1,core_means,peak_timing,8079,8079,a3d1c625cbd1044f5201085c78146508975d79b82e21d72d5477c546e9fcba7a,-0.00106194628328,mean_only,0.000370267806052,evaluated,duration_days,6
region_block,1,core_means,terminal_taper_fraction,8079,8079,a3d1c625cbd1044f5201085c78146508975d79b82e21d72d5477c546e9fcba7a,0.0334952244562,mean_only,0.0466036496731,evaluated,duration_days,6
region_block,1,core_means,normalized_entropy,8079,8079,a3d1c625cbd1044f5201085c78146508975d79b82e21d72d5477c546e9fcba7a,0.0513824638261,mean_only,0.0776736653858,evaluated,duration_days,6
region_block,1,core_means,pulse_count,8079,8079,a3d1c625cbd1044f5201085c78146508975d79b82e21d72d5477c546e9fcba7a,-0.0036979942638,mean_only,-0.00287724908261,evaluated,duration_days,6
region_block,1,core_means,reactivation_count,8079,8079,a3d1c625cbd1044f5201085c78146508975d79b82e21d72d5477c546e9fcba7a,-0.00070654103504,mean_only,-0.000492625657245,evaluated,duration_days,6
region_block,1,core_means,normalized_first_difference,8079,8079,a3d1c625cbd1044f5201085c78146508975d79b82e21d72d5477c546e9fcba7a,0.0547033223379,mean_only,0.0791264870822,evaluated,duration_days,6
region_block,1,core_means,normalized_second_difference,8079,8079,a3d1c625cbd1044f5201085c78146508975d79b82e21d72d5477c546e9fcba7a,0.0498110488309,mean_only,0.0713960215091,evaluated,duration_days,6
region_block,1,max_vpd_only,front_loaded_fraction,8079,8079,a3d1c625cbd1044f5201085c78146508975d79b82e21d72d5477c546e9fcba7a,0.00149224976502,mean_only,0.00691578903463,evaluated,duration_days,6
region_block,1,max_vpd_only,late_growth_fraction,8079,8079,a3d1c625cbd1044f5201085c78146508975d79b82e21d72d5477c546e9fcba7a,0.000975879910302,mean_only,0.00733229458279,evaluated,duration_days,6
region_block,1,max_vpd_only,peak_timing,8079,8079,a3d1c625cbd1044f5201085c78146508975d79b82e21d72d5477c546e9fcba7a,-0.00130479525325,mean_only,0.000127418836077,evaluated,duration_days,6
region_block,1,max_vpd_only,terminal_taper_fraction,8079,8079,a3d1c625cbd1044f5201085c78146508975d79b82e21d72d5477c546e9fcba7a,-0.000983053262192,mean_only,0.0121253719546,evaluated,duration_days,6
region_block,1,max_vpd_only,normalized_entropy,8079,8079,a3d1c625cbd1044f5201085c78146508975d79b82e21d72d5477c546e9fcba7a,-0.0132421300185,mean_only,0.0130490715412,evaluated,duration_days,6
region_block,1,max_vpd_only,pulse_count,8079,8079,a3d1c625cbd1044f5201085c78146508975d79b82e21d72d5477c546e9fcba7a,-0.00131495232013,mean_only,-0.000494207138951,evaluated,duration_days,6
region_block,1,max_vpd_only,reactivation_count,8079,8079,a3d1c625cbd1044f5201085c78146508975d79b82e21d72d5477c546e9fcba7a,-0.000194786515465,mean_only,1.91288623306e-05,evaluated,duration_days,6
region_block,1,max_vpd_only,normalized_first_difference,8079,8079,a3d1c625cbd1044f5201085c78146508975d79b82e21d72d5477c546e9fcba7a,0.0103366821457,mean_only,0.03475984689,evaluated,duration_days,6
region_block,1,max_vpd_only,normalized_second_difference,8079,8079,a3d1c625cbd1044f5201085c78146508975d79b82e21d72d5477c546e9fcba7a,0.0122333503072,mean_only,0.0338183229854,evaluated,duration_days,6
region_block,1,core_plus_max,front_loaded_fraction,8079,8079,a3d1c625cbd1044f5201085c78146508975d79b82e21d72d5477c546e9fcba7a,0.0108741970906,mean_only,0.0162977363602,evaluated,duration_days,6
region_block,1,core_plus_max,late_growth_fraction,8079,8079,a3d1c625cbd1044f5201085c78146508975d79b82e21d72d5477c546e9fcba7a,0.0197486352091,mean_only,0.0261050498816,evaluated,duration_days,6
region_block,1,core_plus_max,peak_timing,8079,8079,a3d1c625cbd1044f5201085c78146508975d79b82e21d72d5477c546e9fcba7a,4.39610922509e-05,mean_only,0.00147617518158,evaluated,duration_days,6
region_block,1,core_plus_max,terminal_taper_fraction,8079,8079,a3d1c625cbd1044f5201085c78146508975d79b82e21d72d5477c546e9fcba7a,0.0335287975921,mean_only,0.046637222809,evaluated,duration_days,6
region_block,1,core_plus_max,normalized_entropy,8079,8079,a3d1c625cbd1044f5201085c78146508975d79b82e21d72d5477c546e9fcba7a,0.0530874277809,mean_only,0.0793786293406,evaluated,duration_days,6
region_block,1,core_plus_max,pulse_count,8079,8079,a3d1c625cbd1044f5201085c78146508975d79b82e21d72d5477c546e9fcba7a,-0.00409780879791,mean_only,-0.00327706361672,evaluated,duration_days,6
region_block,1,core_plus_max,reactivation_count,8079,8079,a3d1c625cbd1044f5201085c78146508975d79b82e21d72d5477c546e9fcba7a,-0.000259680541236,mean_only,-4.57651634405e-05,evaluated,duration_days,6
region_block,1,core_plus_max,normalized_first_difference,8079,8079,a3d1c625cbd1044f5201085c78146508975d79b82e21d72d5477c546e9fcba7a,0.0593956585073,mean_only,0.0838188232516,evaluated,duration_days,6
region_block,1,core_plus_max,normalized_second_difference,8079,8079,a3d1c625cbd1044f5201085c78146508975d79b82e21d72d5477c546e9fcba7a,0.0555412001518,mean_only,0.07712617283,evaluated,duration_days,6
region_block,1,comprehensive_means,front_loaded_fraction,8079,8079,a3d1c625cbd1044f5201085c78146508975d79b82e21d72d5477c546e9fcba7a,0.0172352344211,mean_only,0.0226587736907,evaluated,duration_days,6
region_block,1,comprehensive_means,late_growth_fraction,8079,8079,a3d1c625cbd1044f5201085c78146508975d79b82e21d72d5477c546e9fcba7a,0.024714546225,mean_only,0.0310709608975,evaluated,duration_days,6
region_block,1,comprehensive_means,peak_timing,8079,8079,a3d1c625cbd1044f5201085c78146508975d79b82e21d72d5477c546e9fcba7a,-0.0018528785744,mean_only,-0.000420664485068,evaluated,duration_days,6
region_block,1,comprehensive_means,terminal_taper_fraction,8079,8079,a3d1c625cbd1044f5201085c78146508975d79b82e21d72d5477c546e9fcba7a,0.040255696279,mean_only,0.0533641214958,evaluated,duration_days,6
region_block,1,comprehensive_means,normalized_entropy,8079,8079,a3d1c625cbd1044f5201085c78146508975d79b82e21d72d5477c546e9fcba7a,0.0702518384062,mean_only,0.0965430399659,evaluated,duration_days,6
region_block,1,comprehensive_means,pulse_count,8079,8079,a3d1c625cbd1044f5201085c78146508975d79b82e21d72d5477c546e9fcba7a,-0.00267023108336,mean_only,-0.00184948590218,evaluated,duration_days,6
region_block,1,comprehensive_means,reactivation_count,8079,8079,a3d1c625cbd1044f5201085c78146508975d79b82e21d72d5477c546e9fcba7a,-0.00304629087095,mean_only,-0.00283237549315,evaluated,duration_days,6
region_block,1,comprehensive_means,normalized_first_difference,8079,8079,a3d1c625cbd1044f5201085c78146508975d79b82e21d72d5477c546e9fcba7a,0.0741781090791,mean_only,0.0986012738234,evaluated,duration_days,6
region_block,1,comprehensive_means,normalized_second_difference,8079,8079,a3d1c625cbd1044f5201085c78146508975d79b82e21d72d5477c546e9fcba7a,0.0664973581695,mean_only,0.0880823308477,evaluated,duration_days,6
region_block,1,comprehensive_plus_max,front_loaded_fraction,8079,8079,a3d1c625cbd1044f5201085c78146508975d79b82e21d72d5477c546e9fcba7a,0.0166294161659,mean_only,0.0220529554355,evaluated,duration_days,6
region_block,1,comprehensive_plus_max,late_growth_fraction,8079,8079,a3d1c625cbd1044f5201085c78146508975d79b82e21d72d5477c546e9fcba7a,0.0243040831052,mean_only,0.0306604977777,evaluated,duration_days,6
region_block,1,comprehensive_plus_max,peak_timing,8079,8079,a3d1c625cbd1044f5201085c78146508975d79b82e21d72d5477c546e9fcba7a,-0.00109563561615,mean_only,0.000336578473178,evaluated,duration_days,6
region_block,1,comprehensive_plus_max,terminal_taper_fraction,8079,8079,a3d1c625cbd1044f5201085c78146508975d79b82e21d72d5477c546e9fcba7a,0.0415658784309,mean_only,0.0546743036478,evaluated,duration_days,6
region_block,1,comprehensive_plus_max,normalized_entropy,8079,8079,a3d1c625cbd1044f5201085c78146508975d79b82e21d72d5477c546e9fcba7a,0.0730414301691,mean_only,0.0993326317288,evaluated,duration_days,6
region_block,1,comprehensive_plus_max,pulse_count,8079,8079,a3d1c625cbd1044f5201085c78146508975d79b82e21d72d5477c546e9fcba7a,-0.00165290229767,mean_only,-0.000832157116489,evaluated,duration_days,6
region_block,1,comprehensive_plus_max,reactivation_count,8079,8079,a3d1c625cbd1044f5201085c78146508975d79b82e21d72d5477c546e9fcba7a,-0.00263190803265,mean_only,-0.00241799265485,evaluated,duration_days,6
region_block,1,comprehensive_plus_max,normalized_first_difference,8079,8079,a3d1c625cbd1044f5201085c78146508975d79b82e21d72d5477c546e9fcba7a,0.0842953724385,mean_only,0.108718537183,evaluated,duration_days,6
region_block,1,comprehensive_plus_max,normalized_second_difference,8079,8079,a3d1c625cbd1044f5201085c78146508975d79b82e21d72d5477c546e9fcba7a,0.078099634979,mean_only,0.0996846076573,evaluated,duration_days,6
region_block,1,length_only,front_loaded_fraction,8079,8079,a3d1c625cbd1044f5201085c78146508975d79b82e21d72d5477c546e9fcba7a,0.00970707437485,mean_only,0.0151306136445,evaluated,duration_days,6
region_block,1,length_only,late_growth_fraction,8079,8079,a3d1c625cbd1044f5201085c78146508975d79b82e21d72d5477c546e9fcba7a,0.0215996881408,mean_only,0.0279561028133,evaluated,duration_days,6
region_block,1,length_only,peak_timing,8079,8079,a3d1c625cbd1044f5201085c78146508975d79b82e21d72d5477c546e9fcba7a,-0.00128340447453,mean_only,0.000148809614798,evaluated,duration_days,6
region_block,1,length_only,terminal_taper_fraction,8079,8079,a3d1c625cbd1044f5201085c78146508975d79b82e21d72d5477c546e9fcba7a,0.120315731138,mean_only,0.133424156355,evaluated,duration_days,6
region_block,1,length_only,normalized_entropy,8079,8079,a3d1c625cbd1044f5201085c78146508975d79b82e21d72d5477c546e9fcba7a,0.0157551259879,mean_only,0.0420463275476,evaluated,duration_days,6
region_block,1,length_only,pulse_count,8079,8079,a3d1c625cbd1044f5201085c78146508975d79b82e21d72d5477c546e9fcba7a,0.104243647117,mean_only,0.105064392298,evaluated,duration_days,6
region_block,1,length_only,reactivation_count,8079,8079,a3d1c625cbd1044f5201085c78146508975d79b82e21d72d5477c546e9fcba7a,0.0176140129606,mean_only,0.0178279283384,evaluated,duration_days,6
region_block,1,length_only,normalized_first_difference,8079,8079,a3d1c625cbd1044f5201085c78146508975d79b82e21d72d5477c546e9fcba7a,0.350933149469,mean_only,0.375356314213,evaluated,duration_days,6
region_block,1,length_only,normalized_second_difference,8079,8079,a3d1c625cbd1044f5201085c78146508975d79b82e21d72d5477c546e9fcba7a,0.408311135952,mean_only,0.429896108631,evaluated,duration_days,6
region_block,1,length_plus_max,front_loaded_fraction,8079,8079,a3d1c625cbd1044f5201085c78146508975d79b82e21d72d5477c546e9fcba7a,0.0135586551307,mean_only,0.0189821944004,evaluated,duration_days,6
region_block,1,length_plus_max,late_growth_fraction,8079,8079,a3d1c625cbd1044f5201085c78146508975d79b82e21d72d5477c546e9fcba7a,0.0235736911535,mean_only,0.029930105826,evaluated,duration_days,6
region_block,1,length_plus_max,peak_timing,8079,8079,a3d1c625cbd1044f5201085c78146508975d79b82e21d72d5477c546e9fcba7a,-0.000811229506643,mean_only,0.000620984582687,evaluated,duration_days,6
region_block,1,length_plus_max,terminal_taper_fraction,8079,8079,a3d1c625cbd1044f5201085c78146508975d79b82e21d72d5477c546e9fcba7a,0.118661242497,mean_only,0.131769667714,evaluated,duration_days,6
region_block,1,length_plus_max,normalized_entropy,8079,8079,a3d1c625cbd1044f5201085c78146508975d79b82e21d72d5477c546e9fcba7a,0.0200213625977,mean_only,0.0463125641574,evaluated,duration_days,6
region_block,1,length_plus_max,pulse_count,8079,8079,a3d1c625cbd1044f5201085c78146508975d79b82e21d72d5477c546e9fcba7a,0.111238013548,mean_only,0.112058758729,evaluated,duration_days,6
region_block,1,length_plus_max,reactivation_count,8079,8079,a3d1c625cbd1044f5201085c78146508975d79b82e21d72d5477c546e9fcba7a,0.0177345334246,mean_only,0.0179484488024,evaluated,duration_days,6
region_block,1,length_plus_max,normalized_first_difference,8079,8079,a3d1c625cbd1044f5201085c78146508975d79b82e21d72d5477c546e9fcba7a,0.351778524737,mean_only,0.376201689481,evaluated,duration_days,6
region_block,1,length_plus_max,normalized_second_difference,8079,8079,a3d1c625cbd1044f5201085c78146508975d79b82e21d72d5477c546e9fcba7a,0.407050023491,mean_only,0.428634996169,evaluated,duration_days,6
region_block,1,length_plus_core,front_loaded_fraction,8079,8079,a3d1c625cbd1044f5201085c78146508975d79b82e21d72d5477c546e9fcba7a,0.0218246577143,mean_only,0.0272481969839,evaluated,duration_days,6
region_block,1,length_plus_core,late_growth_fraction,8079,8079,a3d1c625cbd1044f5201085c78146508975d79b82e21d72d5477c546e9fcba7a,0.0395470109365,mean_only,0.045903425609,evaluated,duration_days,6
region_block,1,length_plus_core,peak_timing,8079,8079,a3d1c625cbd1044f5201085c78146508975d79b82e21d72d5477c546e9fcba7a,-0.000501711669023,mean_only,0.000930502420307,evaluated,duration_days,6
region_block,1,length_plus_core,terminal_taper_fraction,8079,8079,a3d1c625cbd1044f5201085c78146508975d79b82e21d72d5477c546e9fcba7a,0.144808767647,mean_only,0.157917192864,evaluated,duration_days,6
region_block,1,length_plus_core,normalized_entropy,8079,8079,a3d1c625cbd1044f5201085c78146508975d79b82e21d72d5477c546e9fcba7a,0.0796255972437,mean_only,0.105916798803,evaluated,duration_days,6
region_block,1,length_plus_core,pulse_count,8079,8079,a3d1c625cbd1044f5201085c78146508975d79b82e21d72d5477c546e9fcba7a,0.111514497108,mean_only,0.11233524229,evaluated,duration_days,6
region_block,1,length_plus_core,reactivation_count,8079,8079,a3d1c625cbd1044f5201085c78146508975d79b82e21d72d5477c546e9fcba7a,0.0175665047733,mean_only,0.0177804201511,evaluated,duration_days,6
region_block,1,length_plus_core,normalized_first_difference,8079,8079,a3d1c625cbd1044f5201085c78146508975d79b82e21d72d5477c546e9fcba7a,0.385575718385,mean_only,0.409998883129,evaluated,duration_days,6
region_block,1,length_plus_core,normalized_second_difference,8079,8079,a3d1c625cbd1044f5201085c78146508975d79b82e21d72d5477c546e9fcba7a,0.435007177665,mean_only,0.456592150343,evaluated,duration_days,6
region_block,1,length_plus_core_max,front_loaded_fraction,8079,8079,a3d1c625cbd1044f5201085c78146508975d79b82e21d72d5477c546e9fcba7a,0.0218373319756,mean_only,0.0272608712452,evaluated,duration_days,6
region_block,1,length_plus_core_max,late_growth_fraction,8079,8079,a3d1c625cbd1044f5201085c78146508975d79b82e21d72d5477c546e9fcba7a,0.0398502137345,mean_only,0.046206628407,evaluated,duration_days,6
region_block,1,length_plus_core_max,peak_timing,8079,8079,a3d1c625cbd1044f5201085c78146508975d79b82e21d72d5477c546e9fcba7a,0.00047073106949,mean_only,0.00190294515882,evaluated,duration_days,6
region_block,1,length_plus_core_max,terminal_taper_fraction,8079,8079,a3d1c625cbd1044f5201085c78146508975d79b82e21d72d5477c546e9fcba7a,0.144453960446,mean_only,0.157562385663,evaluated,duration_days,6
region_block,1,length_plus_core_max,normalized_entropy,8079,8079,a3d1c625cbd1044f5201085c78146508975d79b82e21d72d5477c546e9fcba7a,0.0796733769419,mean_only,0.105964578502,evaluated,duration_days,6
region_block,1,length_plus_core_max,pulse_count,8079,8079,a3d1c625cbd1044f5201085c78146508975d79b82e21d72d5477c546e9fcba7a,0.111183273438,mean_only,0.112004018619,evaluated,duration_days,6
region_block,1,length_plus_core_max,reactivation_count,8079,8079,a3d1c625cbd1044f5201085c78146508975d79b82e21d72d5477c546e9fcba7a,0.0174749841025,mean_only,0.0176888994803,evaluated,duration_days,6
region_block,1,length_plus_core_max,normalized_first_difference,8079,8079,a3d1c625cbd1044f5201085c78146508975d79b82e21d72d5477c546e9fcba7a,0.385375097876,mean_only,0.40979826262,evaluated,duration_days,6
region_block,1,length_plus_core_max,normalized_second_difference,8079,8079,a3d1c625cbd1044f5201085c78146508975d79b82e21d72d5477c546e9fcba7a,0.435037148414,mean_only,0.456622121093,evaluated,duration_days,6
region_block,1,core_quantile_exceedance,front_loaded_fraction,8079,8079,a3d1c625cbd1044f5201085c78146508975d79b82e21d72d5477c546e9fcba7a,0.0112073638091,mean_only,0.0166309030788,evaluated,duration_days,6
region_block,1,core_quantile_exceedance,late_growth_fraction,8079,8079,a3d1c625cbd1044f5201085c78146508975d79b82e21d72d5477c546e9fcba7a,0.0192084821837,mean_only,0.0255648968562,evaluated,duration_days,6
region_block,1,core_quantile_exceedance,peak_timing,8079,8079,a3d1c625cbd1044f5201085c78146508975d79b82e21d72d5477c546e9fcba7a,1.56874290784e-05,mean_only,0.00144790151841,evaluated,duration_days,6
region_block,1,core_quantile_exceedance,terminal_taper_fraction,8079,8079,a3d1c625cbd1044f5201085c78146508975d79b82e21d72d5477c546e9fcba7a,0.0320691770055,mean_only,0.0451776022224,evaluated,duration_days,6
region_block,1,core_quantile_exceedance,normalized_entropy,8079,8079,a3d1c625cbd1044f5201085c78146508975d79b82e21d72d5477c546e9fcba7a,0.0466862502616,mean_only,0.0729774518213,evaluated,duration_days,6
region_block,1,core_quantile_exceedance,pulse_count,8079,8079,a3d1c625cbd1044f5201085c78146508975d79b82e21d72d5477c546e9fcba7a,-0.00445151651757,mean_only,-0.00363077133639,evaluated,duration_days,6
region_block,1,core_quantile_exceedance,reactivation_count,8079,8079,a3d1c625cbd1044f5201085c78146508975d79b82e21d72d5477c546e9fcba7a,-0.000735497287676,mean_only,-0.00052158190988,evaluated,duration_days,6
region_block,1,core_quantile_exceedance,normalized_first_difference,8079,8079,a3d1c625cbd1044f5201085c78146508975d79b82e21d72d5477c546e9fcba7a,0.0534205337068,mean_only,0.0778436984511,evaluated,duration_days,6
region_block,1,core_quantile_exceedance,normalized_second_difference,8079,8079,a3d1c625cbd1044f5201085c78146508975d79b82e21d72d5477c546e9fcba7a,0.0505213725488,mean_only,0.072106345227,evaluated,duration_days,6
region_block,1,mean_only,front_loaded_fraction,22207,22207,2ada23822ea4fc1a827ab4aa3524b985e01df4abeebbaea61ca86610ec6faf4e,-0.00160381941016,mean_only,0,evaluated,observation_count,3
region_block,1,mean_only,late_growth_fraction,22207,22207,2ada23822ea4fc1a827ab4aa3524b985e01df4abeebbaea61ca86610ec6faf4e,-0.00238352234798,mean_only,0,evaluated,observation_count,3
region_block,1,mean_only,peak_timing,22207,22207,2ada23822ea4fc1a827ab4aa3524b985e01df4abeebbaea61ca86610ec6faf4e,-0.00080983167673,mean_only,0,evaluated,observation_count,3
region_block,1,mean_only,terminal_taper_fraction,22207,22207,2ada23822ea4fc1a827ab4aa3524b985e01df4abeebbaea61ca86610ec6faf4e,-0.00771122000135,mean_only,0,evaluated,observation_count,3
region_block,1,mean_only,normalized_entropy,22207,22207,2ada23822ea4fc1a827ab4aa3524b985e01df4abeebbaea61ca86610ec6faf4e,-0.0126904297628,mean_only,0,evaluated,observation_count,3
region_block,1,mean_only,pulse_count,22207,22207,2ada23822ea4fc1a827ab4aa3524b985e01df4abeebbaea61ca86610ec6faf4e,-0.000407483627682,mean_only,0,evaluated,observation_count,3
region_block,1,mean_only,reactivation_count,22207,22207,2ada23822ea4fc1a827ab4aa3524b985e01df4abeebbaea61ca86610ec6faf4e,,mean_only,,evaluated,observation_count,3
region_block,1,mean_only,normalized_first_difference,22207,22207,2ada23822ea4fc1a827ab4aa3524b985e01df4abeebbaea61ca86610ec6faf4e,-0.0110859056948,mean_only,0,evaluated,observation_count,3
region_block,1,mean_only,normalized_second_difference,22207,22207,2ada23822ea4fc1a827ab4aa3524b985e01df4abeebbaea61ca86610ec6faf4e,-0.0110859056948,mean_only,0,evaluated,observation_count,3
region_block,1,core_means,front_loaded_fraction,22207,22207,2ada23822ea4fc1a827ab4aa3524b985e01df4abeebbaea61ca86610ec6faf4e,0.00313956967454,mean_only,0.00474338908469,evaluated,observation_count,3
region_block,1,core_means,late_growth_fraction,22207,22207,2ada23822ea4fc1a827ab4aa3524b985e01df4abeebbaea61ca86610ec6faf4e,0.00357716952868,mean_only,0.00596069187666,evaluated,observation_count,3
region_block,1,core_means,peak_timing,22207,22207,2ada23822ea4fc1a827ab4aa3524b985e01df4abeebbaea61ca86610ec6faf4e,0.000778476251942,mean_only,0.00158830792867,evaluated,observation_count,3
region_block,1,core_means,terminal_taper_fraction,22207,22207,2ada23822ea4fc1a827ab4aa3524b985e01df4abeebbaea61ca86610ec6faf4e,0.0121312124746,mean_only,0.019842432476,evaluated,observation_count,3
region_block,1,core_means,normalized_entropy,22207,22207,2ada23822ea4fc1a827ab4aa3524b985e01df4abeebbaea61ca86610ec6faf4e,0.0300319786974,mean_only,0.0427224084602,evaluated,observation_count,3
region_block,1,core_means,pulse_count,22207,22207,2ada23822ea4fc1a827ab4aa3524b985e01df4abeebbaea61ca86610ec6faf4e,0.00024951155464,mean_only,0.000656995182322,evaluated,observation_count,3
region_block,1,core_means,reactivation_count,22207,22207,2ada23822ea4fc1a827ab4aa3524b985e01df4abeebbaea61ca86610ec6faf4e,,mean_only,,evaluated,observation_count,3
region_block,1,core_means,normalized_first_difference,22207,22207,2ada23822ea4fc1a827ab4aa3524b985e01df4abeebbaea61ca86610ec6faf4e,0.0200466799238,mean_only,0.0311325856186,evaluated,observation_count,3
region_block,1,core_means,normalized_second_difference,22207,22207,2ada23822ea4fc1a827ab4aa3524b985e01df4abeebbaea61ca86610ec6faf4e,0.0200466799238,mean_only,0.0311325856186,evaluated,observation_count,3
region_block,1,max_vpd_only,front_loaded_fraction,22207,22207,2ada23822ea4fc1a827ab4aa3524b985e01df4abeebbaea61ca86610ec6faf4e,-0.00113495480932,mean_only,0.000468864600838,evaluated,observation_count,3
region_block,1,max_vpd_only,late_growth_fraction,22207,22207,2ada23822ea4fc1a827ab4aa3524b985e01df4abeebbaea61ca86610ec6faf4e,-0.00189938943725,mean_only,0.000484132910736,evaluated,observation_count,3
region_block,1,max_vpd_only,peak_timing,22207,22207,2ada23822ea4fc1a827ab4aa3524b985e01df4abeebbaea61ca86610ec6faf4e,-0.000799609746587,mean_only,1.0221930143e-05,evaluated,observation_count,3
region_block,1,max_vpd_only,terminal_taper_fraction,22207,22207,2ada23822ea4fc1a827ab4aa3524b985e01df4abeebbaea61ca86610ec6faf4e,-0.00910702421142,mean_only,-0.00139580421008,evaluated,observation_count,3
region_block,1,max_vpd_only,normalized_entropy,22207,22207,2ada23822ea4fc1a827ab4aa3524b985e01df4abeebbaea61ca86610ec6faf4e,-0.0175985587725,mean_only,-0.00490812900969,evaluated,observation_count,3
region_block,1,max_vpd_only,pulse_count,22207,22207,2ada23822ea4fc1a827ab4aa3524b985e01df4abeebbaea61ca86610ec6faf4e,-0.000252495841574,mean_only,0.000154987786108,evaluated,observation_count,3
region_block,1,max_vpd_only,reactivation_count,22207,22207,2ada23822ea4fc1a827ab4aa3524b985e01df4abeebbaea61ca86610ec6faf4e,,mean_only,,evaluated,observation_count,3
region_block,1,max_vpd_only,normalized_first_difference,22207,22207,2ada23822ea4fc1a827ab4aa3524b985e01df4abeebbaea61ca86610ec6faf4e,-0.0145937919387,mean_only,-0.00350788624392,evaluated,observation_count,3
region_block,1,max_vpd_only,normalized_second_difference,22207,22207,2ada23822ea4fc1a827ab4aa3524b985e01df4abeebbaea61ca86610ec6faf4e,-0.0145937919387,mean_only,-0.00350788624392,evaluated,observation_count,3
region_block,1,core_plus_max,front_loaded_fraction,22207,22207,2ada23822ea4fc1a827ab4aa3524b985e01df4abeebbaea61ca86610ec6faf4e,0.00295984702017,mean_only,0.00456366643032,evaluated,observation_count,3
region_block,1,core_plus_max,late_growth_fraction,22207,22207,2ada23822ea4fc1a827ab4aa3524b985e01df4abeebbaea61ca86610ec6faf4e,0.00324339953406,mean_only,0.00562692188205,evaluated,observation_count,3
region_block,1,core_plus_max,peak_timing,22207,22207,2ada23822ea4fc1a827ab4aa3524b985e01df4abeebbaea61ca86610ec6faf4e,0.00108361093033,mean_only,0.00189344260706,evaluated,observation_count,3
region_block,1,core_plus_max,terminal_taper_fraction,22207,22207,2ada23822ea4fc1a827ab4aa3524b985e01df4abeebbaea61ca86610ec6faf4e,0.0114860799986,mean_only,0.0191972999999,evaluated,observation_count,3
region_block,1,core_plus_max,normalized_entropy,22207,22207,2ada23822ea4fc1a827ab4aa3524b985e01df4abeebbaea61ca86610ec6faf4e,0.0292810098633,mean_only,0.041971439626,evaluated,observation_count,3
region_block,1,core_plus_max,pulse_count,22207,22207,2ada23822ea4fc1a827ab4aa3524b985e01df4abeebbaea61ca86610ec6faf4e,0.00025305551257,mean_only,0.000660539140252,evaluated,observation_count,3
region_block,1,core_plus_max,reactivation_count,22207,22207,2ada23822ea4fc1a827ab4aa3524b985e01df4abeebbaea61ca86610ec6faf4e,,mean_only,,evaluated,observation_count,3
region_block,1,core_plus_max,normalized_first_difference,22207,22207,2ada23822ea4fc1a827ab4aa3524b985e01df4abeebbaea61ca86610ec6faf4e,0.0196563817222,mean_only,0.030742287417,evaluated,observation_count,3
region_block,1,core_plus_max,normalized_second_difference,22207,22207,2ada23822ea4fc1a827ab4aa3524b985e01df4abeebbaea61ca86610ec6faf4e,0.0196563817222,mean_only,0.030742287417,evaluated,observation_count,3
region_block,1,comprehensive_means,front_loaded_fraction,22207,22207,2ada23822ea4fc1a827ab4aa3524b985e01df4abeebbaea61ca86610ec6faf4e,0.00400573842501,mean_only,0.00560955783516,evaluated,observation_count,3
region_block,1,comprehensive_means,late_growth_fraction,22207,22207,2ada23822ea4fc1a827ab4aa3524b985e01df4abeebbaea61ca86610ec6faf4e,0.00508494687733,mean_only,0.00746846922532,evaluated,observation_count,3
region_block,1,comprehensive_means,peak_timing,22207,22207,2ada23822ea4fc1a827ab4aa3524b985e01df4abeebbaea61ca86610ec6faf4e,0.000907266551327,mean_only,0.00171709822806,evaluated,observation_count,3
region_block,1,comprehensive_means,terminal_taper_fraction,22207,22207,2ada23822ea4fc1a827ab4aa3524b985e01df4abeebbaea61ca86610ec6faf4e,0.0152175662479,mean_only,0.0229287862492,evaluated,observation_count,3
region_block,1,comprehensive_means,normalized_entropy,22207,22207,2ada23822ea4fc1a827ab4aa3524b985e01df4abeebbaea61ca86610ec6faf4e,0.0359874554481,mean_only,0.0486778852109,evaluated,observation_count,3
region_block,1,comprehensive_means,pulse_count,22207,22207,2ada23822ea4fc1a827ab4aa3524b985e01df4abeebbaea61ca86610ec6faf4e,-0.000464141842003,mean_only,-5.66582143215e-05,evaluated,observation_count,3
region_block,1,comprehensive_means,reactivation_count,22207,22207,2ada23822ea4fc1a827ab4aa3524b985e01df4abeebbaea61ca86610ec6faf4e,,mean_only,,evaluated,observation_count,3
region_block,1,comprehensive_means,normalized_first_difference,22207,22207,2ada23822ea4fc1a827ab4aa3524b985e01df4abeebbaea61ca86610ec6faf4e,0.0244410273929,mean_only,0.0355269330877,evaluated,observation_count,3
region_block,1,comprehensive_means,normalized_second_difference,22207,22207,2ada23822ea4fc1a827ab4aa3524b985e01df4abeebbaea61ca86610ec6faf4e,0.0244410273929,mean_only,0.0355269330877,evaluated,observation_count,3
region_block,1,comprehensive_plus_max,front_loaded_fraction,22207,22207,2ada23822ea4fc1a827ab4aa3524b985e01df4abeebbaea61ca86610ec6faf4e,0.00375011769376,mean_only,0.00535393710392,evaluated,observation_count,3
region_block,1,comprehensive_plus_max,late_growth_fraction,22207,22207,2ada23822ea4fc1a827ab4aa3524b985e01df4abeebbaea61ca86610ec6faf4e,0.00479251602804,mean_only,0.00717603837602,evaluated,observation_count,3
region_block,1,comprehensive_plus_max,peak_timing,22207,22207,2ada23822ea4fc1a827ab4aa3524b985e01df4abeebbaea61ca86610ec6faf4e,0.00108757487876,mean_only,0.00189740655549,evaluated,observation_count,3
region_block,1,comprehensive_plus_max,terminal_taper_fraction,22207,22207,2ada23822ea4fc1a827ab4aa3524b985e01df4abeebbaea61ca86610ec6faf4e,0.0148784175812,mean_only,0.0225896375826,evaluated,observation_count,3
region_block,1,comprehensive_plus_max,normalized_entropy,22207,22207,2ada23822ea4fc1a827ab4aa3524b985e01df4abeebbaea61ca86610ec6faf4e,0.0354223610822,mean_only,0.048112790845,evaluated,observation_count,3
region_block,1,comprehensive_plus_max,pulse_count,22207,22207,2ada23822ea4fc1a827ab4aa3524b985e01df4abeebbaea61ca86610ec6faf4e,-0.000532356524116,mean_only,-0.000124872896434,evaluated,observation_count,3
region_block,1,comprehensive_plus_max,reactivation_count,22207,22207,2ada23822ea4fc1a827ab4aa3524b985e01df4abeebbaea61ca86610ec6faf4e,,mean_only,,evaluated,observation_count,3
region_block,1,comprehensive_plus_max,normalized_first_difference,22207,22207,2ada23822ea4fc1a827ab4aa3524b985e01df4abeebbaea61ca86610ec6faf4e,0.0243065198645,mean_only,0.0353924255593,evaluated,observation_count,3
region_block,1,comprehensive_plus_max,normalized_second_difference,22207,22207,2ada23822ea4fc1a827ab4aa3524b985e01df4abeebbaea61ca86610ec6faf4e,0.0243065198645,mean_only,0.0353924255593,evaluated,observation_count,3
region_block,1,length_only,front_loaded_fraction,22207,22207,2ada23822ea4fc1a827ab4aa3524b985e01df4abeebbaea61ca86610ec6faf4e,-0.000627086389001,mean_only,0.000976733021157,evaluated,observation_count,3
region_block,1,length_only,late_growth_fraction,22207,22207,2ada23822ea4fc1a827ab4aa3524b985e01df4abeebbaea61ca86610ec6faf4e,-0.00297362382284,mean_only,-0.000590101474861,evaluated,observation_count,3
region_block,1,length_only,peak_timing,22207,22207,2ada23822ea4fc1a827ab4aa3524b985e01df4abeebbaea61ca86610ec6faf4e,-0.0001679895773,mean_only,0.00064184209943,evaluated,observation_count,3
region_block,1,length_only,terminal_taper_fraction,22207,22207,2ada23822ea4fc1a827ab4aa3524b985e01df4abeebbaea61ca86610ec6faf4e,-0.00653734225554,mean_only,0.00117387774581,evaluated,observation_count,3
region_block,1,length_only,normalized_entropy,22207,22207,2ada23822ea4fc1a827ab4aa3524b985e01df4abeebbaea61ca86610ec6faf4e,-0.00455191361765,mean_only,0.00813851614513,evaluated,observation_count,3
region_block,1,length_only,pulse_count,22207,22207,2ada23822ea4fc1a827ab4aa3524b985e01df4abeebbaea61ca86610ec6faf4e,0.00462128829975,mean_only,0.00502877192743,evaluated,observation_count,3
region_block,1,length_only,reactivation_count,22207,22207,2ada23822ea4fc1a827ab4aa3524b985e01df4abeebbaea61ca86610ec6faf4e,,mean_only,,evaluated,observation_count,3
region_block,1,length_only,normalized_first_difference,22207,22207,2ada23822ea4fc1a827ab4aa3524b985e01df4abeebbaea61ca86610ec6faf4e,-0.00727484135075,mean_only,0.00381106434408,evaluated,observation_count,3
region_block,1,length_only,normalized_second_difference,22207,22207,2ada23822ea4fc1a827ab4aa3524b985e01df4abeebbaea61ca86610ec6faf4e,-0.00727484135075,mean_only,0.00381106434408,evaluated,observation_count,3
region_block,1,length_plus_max,front_loaded_fraction,22207,22207,2ada23822ea4fc1a827ab4aa3524b985e01df4abeebbaea61ca86610ec6faf4e,-0.000588296422398,mean_only,0.00101552298776,evaluated,observation_count,3
region_block,1,length_plus_max,late_growth_fraction,22207,22207,2ada23822ea4fc1a827ab4aa3524b985e01df4abeebbaea61ca86610ec6faf4e,-0.00271104517405,mean_only,-0.000327522826073,evaluated,observation_count,3
region_block,1,length_plus_max,peak_timing,22207,22207,2ada23822ea4fc1a827ab4aa3524b985e01df4abeebbaea61ca86610ec6faf4e,-7.29642519131e-05,mean_only,0.000736867424817,evaluated,observation_count,3
region_block,1,length_plus_max,terminal_taper_fraction,22207,22207,2ada23822ea4fc1a827ab4aa3524b985e01df4abeebbaea61ca86610ec6faf4e,-0.00871196030739,mean_only,-0.00100074030605,evaluated,observation_count,3
region_block,1,length_plus_max,normalized_entropy,22207,22207,2ada23822ea4fc1a827ab4aa3524b985e01df4abeebbaea61ca86610ec6faf4e,-0.010318089187,mean_only,0.00237234057575,evaluated,observation_count,3
region_block,1,length_plus_max,pulse_count,22207,22207,2ada23822ea4fc1a827ab4aa3524b985e01df4abeebbaea61ca86610ec6faf4e,0.00545477298524,mean_only,0.00586225661292,evaluated,observation_count,3
region_block,1,length_plus_max,reactivation_count,22207,22207,2ada23822ea4fc1a827ab4aa3524b985e01df4abeebbaea61ca86610ec6faf4e,,mean_only,,evaluated,observation_count,3
region_block,1,length_plus_max,normalized_first_difference,22207,22207,2ada23822ea4fc1a827ab4aa3524b985e01df4abeebbaea61ca86610ec6faf4e,-0.0112811529003,mean_only,-0.0001952472055,evaluated,observation_count,3
region_block,1,length_plus_max,normalized_second_difference,22207,22207,2ada23822ea4fc1a827ab4aa3524b985e01df4abeebbaea61ca86610ec6faf4e,-0.0112811529003,mean_only,-0.0001952472055,evaluated,observation_count,3
region_block,1,length_plus_core,front_loaded_fraction,22207,22207,2ada23822ea4fc1a827ab4aa3524b985e01df4abeebbaea61ca86610ec6faf4e,0.00322512426306,mean_only,0.00482894367322,evaluated,observation_count,3
region_block,1,length_plus_core,late_growth_fraction,22207,22207,2ada23822ea4fc1a827ab4aa3524b985e01df4abeebbaea61ca86610ec6faf4e,0.00333285331544,mean_only,0.00571637566342,evaluated,observation_count,3
region_block,1,length_plus_core,peak_timing,22207,22207,2ada23822ea4fc1a827ab4aa3524b985e01df4abeebbaea61ca86610ec6faf4e,0.0014595812027,mean_only,0.00226941287943,evaluated,observation_count,3
region_block,1,length_plus_core,terminal_taper_fraction,22207,22207,2ada23822ea4fc1a827ab4aa3524b985e01df4abeebbaea61ca86610ec6faf4e,0.0116730785532,mean_only,0.0193842985545,evaluated,observation_count,3
region_block,1,length_plus_core,normalized_entropy,22207,22207,2ada23822ea4fc1a827ab4aa3524b985e01df4abeebbaea61ca86610ec6faf4e,0.0330927963916,mean_only,0.0457832261543,evaluated,observation_count,3
region_block,1,length_plus_core,pulse_count,22207,22207,2ada23822ea4fc1a827ab4aa3524b985e01df4abeebbaea61ca86610ec6faf4e,0.00613376505978,mean_only,0.00654124868746,evaluated,observation_count,3
region_block,1,length_plus_core,reactivation_count,22207,22207,2ada23822ea4fc1a827ab4aa3524b985e01df4abeebbaea61ca86610ec6faf4e,,mean_only,,evaluated,observation_count,3
region_block,1,length_plus_core,normalized_first_difference,22207,22207,2ada23822ea4fc1a827ab4aa3524b985e01df4abeebbaea61ca86610ec6faf4e,0.0211679284417,mean_only,0.0322538341365,evaluated,observation_count,3
region_block,1,length_plus_core,normalized_second_difference,22207,22207,2ada23822ea4fc1a827ab4aa3524b985e01df4abeebbaea61ca86610ec6faf4e,0.0211679284417,mean_only,0.0322538341365,evaluated,observation_count,3
region_block,1,length_plus_core_max,front_loaded_fraction,22207,22207,2ada23822ea4fc1a827ab4aa3524b985e01df4abeebbaea61ca86610ec6faf4e,0.0029933395249,mean_only,0.00459715893506,evaluated,observation_count,3
region_block,1,length_plus_core_max,late_growth_fraction,22207,22207,2ada23822ea4fc1a827ab4aa3524b985e01df4abeebbaea61ca86610ec6faf4e,0.00319835457853,mean_only,0.00558187692651,evaluated,observation_count,3
region_block,1,length_plus_core_max,peak_timing,22207,22207,2ada23822ea4fc1a827ab4aa3524b985e01df4abeebbaea61ca86610ec6faf4e,0.00201787512116,mean_only,0.00282770679789,evaluated,observation_count,3
region_block,1,length_plus_core_max,terminal_taper_fraction,22207,22207,2ada23822ea4fc1a827ab4aa3524b985e01df4abeebbaea61ca86610ec6faf4e,0.0111678960294,mean_only,0.0188791160308,evaluated,observation_count,3
region_block,1,length_plus_core_max,normalized_entropy,22207,22207,2ada23822ea4fc1a827ab4aa3524b985e01df4abeebbaea61ca86610ec6faf4e,0.0327665539652,mean_only,0.045456983728,evaluated,observation_count,3
region_block,1,length_plus_core_max,pulse_count,22207,22207,2ada23822ea4fc1a827ab4aa3524b985e01df4abeebbaea61ca86610ec6faf4e,0.00601709881309,mean_only,0.00642458244077,evaluated,observation_count,3
region_block,1,length_plus_core_max,reactivation_count,22207,22207,2ada23822ea4fc1a827ab4aa3524b985e01df4abeebbaea61ca86610ec6faf4e,,mean_only,,evaluated,observation_count,3
region_block,1,length_plus_core_max,normalized_first_difference,22207,22207,2ada23822ea4fc1a827ab4aa3524b985e01df4abeebbaea61ca86610ec6faf4e,0.0210727526315,mean_only,0.0321586583264,evaluated,observation_count,3
region_block,1,length_plus_core_max,normalized_second_difference,22207,22207,2ada23822ea4fc1a827ab4aa3524b985e01df4abeebbaea61ca86610ec6faf4e,0.0210727526315,mean_only,0.0321586583264,evaluated,observation_count,3
region_block,1,core_quantile_exceedance,front_loaded_fraction,22207,22207,2ada23822ea4fc1a827ab4aa3524b985e01df4abeebbaea61ca86610ec6faf4e,0.00304221723664,mean_only,0.0046460366468,evaluated,observation_count,3
region_block,1,core_quantile_exceedance,late_growth_fraction,22207,22207,2ada23822ea4fc1a827ab4aa3524b985e01df4abeebbaea61ca86610ec6faf4e,0.00330792925927,mean_only,0.00569145160725,evaluated,observation_count,3
region_block,1,core_quantile_exceedance,peak_timing,22207,22207,2ada23822ea4fc1a827ab4aa3524b985e01df4abeebbaea61ca86610ec6faf4e,0.00122779849084,mean_only,0.00203763016757,evaluated,observation_count,3
region_block,1,core_quantile_exceedance,terminal_taper_fraction,22207,22207,2ada23822ea4fc1a827ab4aa3524b985e01df4abeebbaea61ca86610ec6faf4e,0.011251861415,mean_only,0.0189630814164,evaluated,observation_count,3
region_block,1,core_quantile_exceedance,normalized_entropy,22207,22207,2ada23822ea4fc1a827ab4aa3524b985e01df4abeebbaea61ca86610ec6faf4e,0.0275593960992,mean_only,0.040249825862,evaluated,observation_count,3
region_block,1,core_quantile_exceedance,pulse_count,22207,22207,2ada23822ea4fc1a827ab4aa3524b985e01df4abeebbaea61ca86610ec6faf4e,0.00043489710496,mean_only,0.000842380732641,evaluated,observation_count,3
region_block,1,core_quantile_exceedance,reactivation_count,22207,22207,2ada23822ea4fc1a827ab4aa3524b985e01df4abeebbaea61ca86610ec6faf4e,,mean_only,,evaluated,observation_count,3
region_block,1,core_quantile_exceedance,normalized_first_difference,22207,22207,2ada23822ea4fc1a827ab4aa3524b985e01df4abeebbaea61ca86610ec6faf4e,0.0188642184173,mean_only,0.0299501241121,evaluated,observation_count,3
region_block,1,core_quantile_exceedance,normalized_second_difference,22207,22207,2ada23822ea4fc1a827ab4aa3524b985e01df4abeebbaea61ca86610ec6faf4e,0.0188642184173,mean_only,0.0299501241121,evaluated,observation_count,3
region_block,1,mean_only,front_loaded_fraction,13548,13548,fff6fa7d118c77c299bd89dcd160575d4100ec0cd1134b53fb7081c49e75738c,-0.00341319811788,mean_only,0,evaluated,observation_count,4
region_block,1,mean_only,late_growth_fraction,13548,13548,fff6fa7d118c77c299bd89dcd160575d4100ec0cd1134b53fb7081c49e75738c,-0.00433095663088,mean_only,0,evaluated,observation_count,4
region_block,1,mean_only,peak_timing,13548,13548,fff6fa7d118c77c299bd89dcd160575d4100ec0cd1134b53fb7081c49e75738c,-9.19003517035e-05,mean_only,0,evaluated,observation_count,4
region_block,1,mean_only,terminal_taper_fraction,13548,13548,fff6fa7d118c77c299bd89dcd160575d4100ec0cd1134b53fb7081c49e75738c,-0.00763183690759,mean_only,0,evaluated,observation_count,4
region_block,1,mean_only,normalized_entropy,13548,13548,fff6fa7d118c77c299bd89dcd160575d4100ec0cd1134b53fb7081c49e75738c,-0.0199180896076,mean_only,0,evaluated,observation_count,4
region_block,1,mean_only,pulse_count,13548,13548,fff6fa7d118c77c299bd89dcd160575d4100ec0cd1134b53fb7081c49e75738c,-0.000354921487731,mean_only,0,evaluated,observation_count,4
region_block,1,mean_only,reactivation_count,13548,13548,fff6fa7d118c77c299bd89dcd160575d4100ec0cd1134b53fb7081c49e75738c,-0.000265285401273,mean_only,0,evaluated,observation_count,4
region_block,1,mean_only,normalized_first_difference,13548,13548,fff6fa7d118c77c299bd89dcd160575d4100ec0cd1134b53fb7081c49e75738c,-0.0122624822528,mean_only,0,evaluated,observation_count,4
region_block,1,mean_only,normalized_second_difference,13548,13548,fff6fa7d118c77c299bd89dcd160575d4100ec0cd1134b53fb7081c49e75738c,-0.0122624822528,mean_only,0,evaluated,observation_count,4
region_block,1,core_means,front_loaded_fraction,13548,13548,fff6fa7d118c77c299bd89dcd160575d4100ec0cd1134b53fb7081c49e75738c,0.0064324667384,mean_only,0.00984566485628,evaluated,observation_count,4
region_block,1,core_means,late_growth_fraction,13548,13548,fff6fa7d118c77c299bd89dcd160575d4100ec0cd1134b53fb7081c49e75738c,0.00901617938074,mean_only,0.0133471360116,evaluated,observation_count,4
region_block,1,core_means,peak_timing,13548,13548,fff6fa7d118c77c299bd89dcd160575d4100ec0cd1134b53fb7081c49e75738c,0.00428097930122,mean_only,0.00437287965292,evaluated,observation_count,4
region_block,1,core_means,terminal_taper_fraction,13548,13548,fff6fa7d118c77c299bd89dcd160575d4100ec0cd1134b53fb7081c49e75738c,0.0145334103175,mean_only,0.0221652472251,evaluated,observation_count,4
region_block,1,core_means,normalized_entropy,13548,13548,fff6fa7d118c77c299bd89dcd160575d4100ec0cd1134b53fb7081c49e75738c,0.0409348065511,mean_only,0.0608528961587,evaluated,observation_count,4
region_block,1,core_means,pulse_count,13548,13548,fff6fa7d118c77c299bd89dcd160575d4100ec0cd1134b53fb7081c49e75738c,0.000264272770572,mean_only,0.000619194258303,evaluated,observation_count,4
region_block,1,core_means,reactivation_count,13548,13548,fff6fa7d118c77c299bd89dcd160575d4100ec0cd1134b53fb7081c49e75738c,-0.000377957473828,mean_only,-0.000112672072555,evaluated,observation_count,4
region_block,1,core_means,normalized_first_difference,13548,13548,fff6fa7d118c77c299bd89dcd160575d4100ec0cd1134b53fb7081c49e75738c,0.0312057652515,mean_only,0.0434682475043,evaluated,observation_count,4
region_block,1,core_means,normalized_second_difference,13548,13548,fff6fa7d118c77c299bd89dcd160575d4100ec0cd1134b53fb7081c49e75738c,0.0312057652515,mean_only,0.0434682475043,evaluated,observation_count,4
region_block,1,max_vpd_only,front_loaded_fraction,13548,13548,fff6fa7d118c77c299bd89dcd160575d4100ec0cd1134b53fb7081c49e75738c,0.00229608765928,mean_only,0.00570928577716,evaluated,observation_count,4
region_block,1,max_vpd_only,late_growth_fraction,13548,13548,fff6fa7d118c77c299bd89dcd160575d4100ec0cd1134b53fb7081c49e75738c,-0.0014430379755,mean_only,0.00288791865539,evaluated,observation_count,4
region_block,1,max_vpd_only,peak_timing,13548,13548,fff6fa7d118c77c299bd89dcd160575d4100ec0cd1134b53fb7081c49e75738c,0.00259283224078,mean_only,0.00268473259249,evaluated,observation_count,4
region_block,1,max_vpd_only,terminal_taper_fraction,13548,13548,fff6fa7d118c77c299bd89dcd160575d4100ec0cd1134b53fb7081c49e75738c,-0.010433557878,mean_only,-0.00280172097042,evaluated,observation_count,4
region_block,1,max_vpd_only,normalized_entropy,13548,13548,fff6fa7d118c77c299bd89dcd160575d4100ec0cd1134b53fb7081c49e75738c,-0.0265069041328,mean_only,-0.00658881452525,evaluated,observation_count,4
region_block,1,max_vpd_only,pulse_count,13548,13548,fff6fa7d118c77c299bd89dcd160575d4100ec0cd1134b53fb7081c49e75738c,0.00123635711118,mean_only,0.00159127859891,evaluated,observation_count,4
region_block,1,max_vpd_only,reactivation_count,13548,13548,fff6fa7d118c77c299bd89dcd160575d4100ec0cd1134b53fb7081c49e75738c,-0.000281706618596,mean_only,-1.64212173221e-05,evaluated,observation_count,4
region_block,1,max_vpd_only,normalized_first_difference,13548,13548,fff6fa7d118c77c299bd89dcd160575d4100ec0cd1134b53fb7081c49e75738c,-0.0205998243457,mean_only,-0.00833734209288,evaluated,observation_count,4
region_block,1,max_vpd_only,normalized_second_difference,13548,13548,fff6fa7d118c77c299bd89dcd160575d4100ec0cd1134b53fb7081c49e75738c,-0.0205998243457,mean_only,-0.00833734209288,evaluated,observation_count,4
region_block,1,core_plus_max,front_loaded_fraction,13548,13548,fff6fa7d118c77c299bd89dcd160575d4100ec0cd1134b53fb7081c49e75738c,0.00589714302985,mean_only,0.00931034114774,evaluated,observation_count,4
region_block,1,core_plus_max,late_growth_fraction,13548,13548,fff6fa7d118c77c299bd89dcd160575d4100ec0cd1134b53fb7081c49e75738c,0.0087377613386,mean_only,0.0130687179695,evaluated,observation_count,4
region_block,1,core_plus_max,peak_timing,13548,13548,fff6fa7d118c77c299bd89dcd160575d4100ec0cd1134b53fb7081c49e75738c,0.00391449858527,mean_only,0.00400639893697,evaluated,observation_count,4
region_block,1,core_plus_max,terminal_taper_fraction,13548,13548,fff6fa7d118c77c299bd89dcd160575d4100ec0cd1134b53fb7081c49e75738c,0.0142228228806,mean_only,0.0218546597882,evaluated,observation_count,4
region_block,1,core_plus_max,normalized_entropy,13548,13548,fff6fa7d118c77c299bd89dcd160575d4100ec0cd1134b53fb7081c49e75738c,0.0398770635234,mean_only,0.059795153131,evaluated,observation_count,4
region_block,1,core_plus_max,pulse_count,13548,13548,fff6fa7d118c77c299bd89dcd160575d4100ec0cd1134b53fb7081c49e75738c,0.000254460862288,mean_only,0.000609382350019,evaluated,observation_count,4
region_block,1,core_plus_max,reactivation_count,13548,13548,fff6fa7d118c77c299bd89dcd160575d4100ec0cd1134b53fb7081c49e75738c,-0.000251084956943,mean_only,1.420044433e-05,evaluated,observation_count,4
region_block,1,core_plus_max,normalized_first_difference,13548,13548,fff6fa7d118c77c299bd89dcd160575d4100ec0cd1134b53fb7081c49e75738c,0.0307622430361,mean_only,0.0430247252889,evaluated,observation_count,4
region_block,1,core_plus_max,normalized_second_difference,13548,13548,fff6fa7d118c77c299bd89dcd160575d4100ec0cd1134b53fb7081c49e75738c,0.0307622430361,mean_only,0.0430247252889,evaluated,observation_count,4
region_block,1,comprehensive_means,front_loaded_fraction,13548,13548,fff6fa7d118c77c299bd89dcd160575d4100ec0cd1134b53fb7081c49e75738c,0.0070896586575,mean_only,0.0105028567754,evaluated,observation_count,4
region_block,1,comprehensive_means,late_growth_fraction,13548,13548,fff6fa7d118c77c299bd89dcd160575d4100ec0cd1134b53fb7081c49e75738c,0.00911565693546,mean_only,0.0134466135663,evaluated,observation_count,4
region_block,1,comprehensive_means,peak_timing,13548,13548,fff6fa7d118c77c299bd89dcd160575d4100ec0cd1134b53fb7081c49e75738c,0.00272809623226,mean_only,0.00281999658396,evaluated,observation_count,4
region_block,1,comprehensive_means,terminal_taper_fraction,13548,13548,fff6fa7d118c77c299bd89dcd160575d4100ec0cd1134b53fb7081c49e75738c,0.0190440400234,mean_only,0.026675876931,evaluated,observation_count,4
region_block,1,comprehensive_means,normalized_entropy,13548,13548,fff6fa7d118c77c299bd89dcd160575d4100ec0cd1134b53fb7081c49e75738c,0.0710403005268,mean_only,0.0909583901344,evaluated,observation_count,4
region_block,1,comprehensive_means,pulse_count,13548,13548,fff6fa7d118c77c299bd89dcd160575d4100ec0cd1134b53fb7081c49e75738c,-0.000153630926651,mean_only,0.000201290561079,evaluated,observation_count,4
region_block,1,comprehensive_means,reactivation_count,13548,13548,fff6fa7d118c77c299bd89dcd160575d4100ec0cd1134b53fb7081c49e75738c,-0.000522486189021,mean_only,-0.000257200787747,evaluated,observation_count,4
region_block,1,comprehensive_means,normalized_first_difference,13548,13548,fff6fa7d118c77c299bd89dcd160575d4100ec0cd1134b53fb7081c49e75738c,0.0476886428479,mean_only,0.0599511251007,evaluated,observation_count,4
region_block,1,comprehensive_means,normalized_second_difference,13548,13548,fff6fa7d118c77c299bd89dcd160575d4100ec0cd1134b53fb7081c49e75738c,0.0476886428479,mean_only,0.0599511251007,evaluated,observation_count,4
region_block,1,comprehensive_plus_max,front_loaded_fraction,13548,13548,fff6fa7d118c77c299bd89dcd160575d4100ec0cd1134b53fb7081c49e75738c,0.00657764872206,mean_only,0.00999084683994,evaluated,observation_count,4
region_block,1,comprehensive_plus_max,late_growth_fraction,13548,13548,fff6fa7d118c77c299bd89dcd160575d4100ec0cd1134b53fb7081c49e75738c,0.00883180579114,mean_only,0.013162762422,evaluated,observation_count,4
region_block,1,comprehensive_plus_max,peak_timing,13548,13548,fff6fa7d118c77c299bd89dcd160575d4100ec0cd1134b53fb7081c49e75738c,0.00235281473456,mean_only,0.00244471508626,evaluated,observation_count,4
region_block,1,comprehensive_plus_max,terminal_taper_fraction,13548,13548,fff6fa7d118c77c299bd89dcd160575d4100ec0cd1134b53fb7081c49e75738c,0.0184602069846,mean_only,0.0260920438922,evaluated,observation_count,4
region_block,1,comprehensive_plus_max,normalized_entropy,13548,13548,fff6fa7d118c77c299bd89dcd160575d4100ec0cd1134b53fb7081c49e75738c,0.0696263421848,mean_only,0.0895444317924,evaluated,observation_count,4
region_block,1,comprehensive_plus_max,pulse_count,13548,13548,fff6fa7d118c77c299bd89dcd160575d4100ec0cd1134b53fb7081c49e75738c,-9.19138913289e-05,mean_only,0.000263007596402,evaluated,observation_count,4
region_block,1,comprehensive_plus_max,reactivation_count,13548,13548,fff6fa7d118c77c299bd89dcd160575d4100ec0cd1134b53fb7081c49e75738c,-0.000295502474813,mean_only,-3.02170735398e-05,evaluated,observation_count,4
region_block,1,comprehensive_plus_max,normalized_first_difference,13548,13548,fff6fa7d118c77c299bd89dcd160575d4100ec0cd1134b53fb7081c49e75738c,0.046958957514,mean_only,0.0592214397668,evaluated,observation_count,4
region_block,1,comprehensive_plus_max,normalized_second_difference,13548,13548,fff6fa7d118c77c299bd89dcd160575d4100ec0cd1134b53fb7081c49e75738c,0.046958957514,mean_only,0.0592214397668,evaluated,observation_count,4
region_block,1,length_only,front_loaded_fraction,13548,13548,fff6fa7d118c77c299bd89dcd160575d4100ec0cd1134b53fb7081c49e75738c,0.0009040003219,mean_only,0.00431719843978,evaluated,observation_count,4
region_block,1,length_only,late_growth_fraction,13548,13548,fff6fa7d118c77c299bd89dcd160575d4100ec0cd1134b53fb7081c49e75738c,-0.00382699064703,mean_only,0.000503965983852,evaluated,observation_count,4
region_block,1,length_only,peak_timing,13548,13548,fff6fa7d118c77c299bd89dcd160575d4100ec0cd1134b53fb7081c49e75738c,-0.000119308508705,mean_only,-2.74081570013e-05,evaluated,observation_count,4
region_block,1,length_only,terminal_taper_fraction,13548,13548,fff6fa7d118c77c299bd89dcd160575d4100ec0cd1134b53fb7081c49e75738c,-0.00153474894025,mean_only,0.00609708796734,evaluated,observation_count,4
region_block,1,length_only,normalized_entropy,13548,13548,fff6fa7d118c77c299bd89dcd160575d4100ec0cd1134b53fb7081c49e75738c,-0.00173067299329,mean_only,0.0181874166143,evaluated,observation_count,4
region_block,1,length_only,pulse_count,13548,13548,fff6fa7d118c77c299bd89dcd160575d4100ec0cd1134b53fb7081c49e75738c,0.000133665164113,mean_only,0.000488586651844,evaluated,observation_count,4
region_block,1,length_only,reactivation_count,13548,13548,fff6fa7d118c77c299bd89dcd160575d4100ec0cd1134b53fb7081c49e75738c,-0.000114850582568,mean_only,0.000150434818705,evaluated,observation_count,4
region_block,1,length_only,normalized_first_difference,13548,13548,fff6fa7d118c77c299bd89dcd160575d4100ec0cd1134b53fb7081c49e75738c,-0.00168742611181,mean_only,0.010575056141,evaluated,observation_count,4
region_block,1,length_only,normalized_second_difference,13548,13548,fff6fa7d118c77c299bd89dcd160575d4100ec0cd1134b53fb7081c49e75738c,-0.00168742611181,mean_only,0.010575056141,evaluated,observation_count,4
region_block,1,length_plus_max,front_loaded_fraction,13548,13548,fff6fa7d118c77c299bd89dcd160575d4100ec0cd1134b53fb7081c49e75738c,0.00547343014487,mean_only,0.00888662826275,evaluated,observation_count,4
region_block,1,length_plus_max,late_growth_fraction,13548,13548,fff6fa7d118c77c299bd89dcd160575d4100ec0cd1134b53fb7081c49e75738c,-0.000938647420178,mean_only,0.00339230921071,evaluated,observation_count,4
region_block,1,length_plus_max,peak_timing,13548,13548,fff6fa7d118c77c299bd89dcd160575d4100ec0cd1134b53fb7081c49e75738c,0.00266670660823,mean_only,0.00275860695993,evaluated,observation_count,4
region_block,1,length_plus_max,terminal_taper_fraction,13548,13548,fff6fa7d118c77c299bd89dcd160575d4100ec0cd1134b53fb7081c49e75738c,-0.00449373531697,mean_only,0.00313810159062,evaluated,observation_count,4
region_block,1,length_plus_max,normalized_entropy,13548,13548,fff6fa7d118c77c299bd89dcd160575d4100ec0cd1134b53fb7081c49e75738c,-0.00928644343901,mean_only,0.0106316461686,evaluated,observation_count,4
region_block,1,length_plus_max,pulse_count,13548,13548,fff6fa7d118c77c299bd89dcd160575d4100ec0cd1134b53fb7081c49e75738c,0.00263735632321,mean_only,0.00299227781094,evaluated,observation_count,4
region_block,1,length_plus_max,reactivation_count,13548,13548,fff6fa7d118c77c299bd89dcd160575d4100ec0cd1134b53fb7081c49e75738c,-9.62799997377e-05,mean_only,0.000169005401536,evaluated,observation_count,4
region_block,1,length_plus_max,normalized_first_difference,13548,13548,fff6fa7d118c77c299bd89dcd160575d4100ec0cd1134b53fb7081c49e75738c,-0.00981939239562,mean_only,0.00244308985721,evaluated,observation_count,4
region_block,1,length_plus_max,normalized_second_difference,13548,13548,fff6fa7d118c77c299bd89dcd160575d4100ec0cd1134b53fb7081c49e75738c,-0.00981939239562,mean_only,0.00244308985721,evaluated,observation_count,4
region_block,1,length_plus_core,front_loaded_fraction,13548,13548,fff6fa7d118c77c299bd89dcd160575d4100ec0cd1134b53fb7081c49e75738c,0.00837630171375,mean_only,0.0117894998316,evaluated,observation_count,4
region_block,1,length_plus_core,late_growth_fraction,13548,13548,fff6fa7d118c77c299bd89dcd160575d4100ec0cd1134b53fb7081c49e75738c,0.00880882749178,mean_only,0.0131397841227,evaluated,observation_count,4
region_block,1,length_plus_core,peak_timing,13548,13548,fff6fa7d118c77c299bd89dcd160575d4100ec0cd1134b53fb7081c49e75738c,0.00433494004889,mean_only,0.0044268404006,evaluated,observation_count,4
region_block,1,length_plus_core,terminal_taper_fraction,13548,13548,fff6fa7d118c77c299bd89dcd160575d4100ec0cd1134b53fb7081c49e75738c,0.0171900549769,mean_only,0.0248218918845,evaluated,observation_count,4
region_block,1,length_plus_core,normalized_entropy,13548,13548,fff6fa7d118c77c299bd89dcd160575d4100ec0cd1134b53fb7081c49e75738c,0.0487044155895,mean_only,0.0686225051971,evaluated,observation_count,4
region_block,1,length_plus_core,pulse_count,13548,13548,fff6fa7d118c77c299bd89dcd160575d4100ec0cd1134b53fb7081c49e75738c,0.00201870101602,mean_only,0.00237362250375,evaluated,observation_count,4
region_block,1,length_plus_core,reactivation_count,13548,13548,fff6fa7d118c77c299bd89dcd160575d4100ec0cd1134b53fb7081c49e75738c,-0.000239632985874,mean_only,2.56524153999e-05,evaluated,observation_count,4
region_block,1,length_plus_core,normalized_first_difference,13548,13548,fff6fa7d118c77c299bd89dcd160575d4100ec0cd1134b53fb7081c49e75738c,0.0360865196394,mean_only,0.0483490018922,evaluated,observation_count,4
region_block,1,length_plus_core,normalized_second_difference,13548,13548,fff6fa7d118c77c299bd89dcd160575d4100ec0cd1134b53fb7081c49e75738c,0.0360865196394,mean_only,0.0483490018922,evaluated,observation_count,4
region_block,1,length_plus_core_max,front_loaded_fraction,13548,13548,fff6fa7d118c77c299bd89dcd160575d4100ec0cd1134b53fb7081c49e75738c,0.00759005872213,mean_only,0.01100325684,evaluated,observation_count,4
region_block,1,length_plus_core_max,late_growth_fraction,13548,13548,fff6fa7d118c77c299bd89dcd160575d4100ec0cd1134b53fb7081c49e75738c,0.00837610927837,mean_only,0.0127070659093,evaluated,observation_count,4
region_block,1,length_plus_core_max,peak_timing,13548,13548,fff6fa7d118c77c299bd89dcd160575d4100ec0cd1134b53fb7081c49e75738c,0.0040455677913,mean_only,0.004137468143,evaluated,observation_count,4
region_block,1,length_plus_core_max,terminal_taper_fraction,13548,13548,fff6fa7d118c77c299bd89dcd160575d4100ec0cd1134b53fb7081c49e75738c,0.0167273926136,mean_only,0.0243592295212,evaluated,observation_count,4
region_block,1,length_plus_core_max,normalized_entropy,13548,13548,fff6fa7d118c77c299bd89dcd160575d4100ec0cd1134b53fb7081c49e75738c,0.0481348381141,mean_only,0.0680529277217,evaluated,observation_count,4
region_block,1,length_plus_core_max,pulse_count,13548,13548,fff6fa7d118c77c299bd89dcd160575d4100ec0cd1134b53fb7081c49e75738c,0.00190253797971,mean_only,0.00225745946744,evaluated,observation_count,4
region_block,1,length_plus_core_max,reactivation_count,13548,13548,fff6fa7d118c77c299bd89dcd160575d4100ec0cd1134b53fb7081c49e75738c,-3.69395474227e-05,mean_only,0.000228345853851,evaluated,observation_count,4
region_block,1,length_plus_core_max,normalized_first_difference,13548,13548,fff6fa7d118c77c299bd89dcd160575d4100ec0cd1134b53fb7081c49e75738c,0.0357881238832,mean_only,0.048050606136,evaluated,observation_count,4
region_block,1,length_plus_core_max,normalized_second_difference,13548,13548,fff6fa7d118c77c299bd89dcd160575d4100ec0cd1134b53fb7081c49e75738c,0.0357881238832,mean_only,0.048050606136,evaluated,observation_count,4
region_block,1,core_quantile_exceedance,front_loaded_fraction,13548,13548,fff6fa7d118c77c299bd89dcd160575d4100ec0cd1134b53fb7081c49e75738c,0.005292949021,mean_only,0.00870614713888,evaluated,observation_count,4
region_block,1,core_quantile_exceedance,late_growth_fraction,13548,13548,fff6fa7d118c77c299bd89dcd160575d4100ec0cd1134b53fb7081c49e75738c,0.00899953270305,mean_only,0.0133304893339,evaluated,observation_count,4
region_block,1,core_quantile_exceedance,peak_timing,13548,13548,fff6fa7d118c77c299bd89dcd160575d4100ec0cd1134b53fb7081c49e75738c,0.00334574200987,mean_only,0.00343764236158,evaluated,observation_count,4
region_block,1,core_quantile_exceedance,terminal_taper_fraction,13548,13548,fff6fa7d118c77c299bd89dcd160575d4100ec0cd1134b53fb7081c49e75738c,0.0157799110105,mean_only,0.0234117479181,evaluated,observation_count,4
region_block,1,core_quantile_exceedance,normalized_entropy,13548,13548,fff6fa7d118c77c299bd89dcd160575d4100ec0cd1134b53fb7081c49e75738c,0.0392416071002,mean_only,0.0591596967078,evaluated,observation_count,4
region_block,1,core_quantile_exceedance,pulse_count,13548,13548,fff6fa7d118c77c299bd89dcd160575d4100ec0cd1134b53fb7081c49e75738c,-5.98286072808e-05,mean_only,0.00029509288045,evaluated,observation_count,4
region_block,1,core_quantile_exceedance,reactivation_count,13548,13548,fff6fa7d118c77c299bd89dcd160575d4100ec0cd1134b53fb7081c49e75738c,-0.000516180497335,mean_only,-0.000250895096062,evaluated,observation_count,4
region_block,1,core_quantile_exceedance,normalized_first_difference,13548,13548,fff6fa7d118c77c299bd89dcd160575d4100ec0cd1134b53fb7081c49e75738c,0.0317578444551,mean_only,0.044020326708,evaluated,observation_count,4
region_block,1,core_quantile_exceedance,normalized_second_difference,13548,13548,fff6fa7d118c77c299bd89dcd160575d4100ec0cd1134b53fb7081c49e75738c,0.0317578444551,mean_only,0.044020326708,evaluated,observation_count,4
region_block,1,mean_only,front_loaded_fraction,8739,8739,9c39f7e886fe389d382bb2d080c031e8c1e50f51dd9a750f2e646f88512775ef,-0.00592789005122,mean_only,0,evaluated,observation_count,5
region_block,1,mean_only,late_growth_fraction,8739,8739,9c39f7e886fe389d382bb2d080c031e8c1e50f51dd9a750f2e646f88512775ef,-0.007074844745,mean_only,0,evaluated,observation_count,5
region_block,1,mean_only,peak_timing,8739,8739,9c39f7e886fe389d382bb2d080c031e8c1e50f51dd9a750f2e646f88512775ef,-0.000651949300357,mean_only,0,evaluated,observation_count,5
region_block,1,mean_only,terminal_taper_fraction,8739,8739,9c39f7e886fe389d382bb2d080c031e8c1e50f51dd9a750f2e646f88512775ef,-0.00856992408667,mean_only,0,evaluated,observation_count,5
region_block,1,mean_only,normalized_entropy,8739,8739,9c39f7e886fe389d382bb2d080c031e8c1e50f51dd9a750f2e646f88512775ef,-0.0283557705914,mean_only,0,evaluated,observation_count,5
region_block,1,mean_only,pulse_count,8739,8739,9c39f7e886fe389d382bb2d080c031e8c1e50f51dd9a750f2e646f88512775ef,-0.000640152527509,mean_only,0,evaluated,observation_count,5
region_block,1,mean_only,reactivation_count,8739,8739,9c39f7e886fe389d382bb2d080c031e8c1e50f51dd9a750f2e646f88512775ef,-3.06113621875e-05,mean_only,0,evaluated,observation_count,5
region_block,1,mean_only,normalized_first_difference,8739,8739,9c39f7e886fe389d382bb2d080c031e8c1e50f51dd9a750f2e646f88512775ef,-0.0160074416776,mean_only,0,evaluated,observation_count,5
region_block,1,mean_only,normalized_second_difference,8739,8739,9c39f7e886fe389d382bb2d080c031e8c1e50f51dd9a750f2e646f88512775ef,-0.0160074416776,mean_only,0,evaluated,observation_count,5
region_block,1,core_means,front_loaded_fraction,8739,8739,9c39f7e886fe389d382bb2d080c031e8c1e50f51dd9a750f2e646f88512775ef,0.0136333053976,mean_only,0.0195611954488,evaluated,observation_count,5
region_block,1,core_means,late_growth_fraction,8739,8739,9c39f7e886fe389d382bb2d080c031e8c1e50f51dd9a750f2e646f88512775ef,0.0156441091909,mean_only,0.0227189539359,evaluated,observation_count,5
region_block,1,core_means,peak_timing,8739,8739,9c39f7e886fe389d382bb2d080c031e8c1e50f51dd9a750f2e646f88512775ef,0.00228265840949,mean_only,0.00293460770985,evaluated,observation_count,5
region_block,1,core_means,terminal_taper_fraction,8739,8739,9c39f7e886fe389d382bb2d080c031e8c1e50f51dd9a750f2e646f88512775ef,0.0246084964041,mean_only,0.0331784204907,evaluated,observation_count,5
region_block,1,core_means,normalized_entropy,8739,8739,9c39f7e886fe389d382bb2d080c031e8c1e50f51dd9a750f2e646f88512775ef,0.0663603121079,mean_only,0.0947160826993,evaluated,observation_count,5
region_block,1,core_means,pulse_count,8739,8739,9c39f7e886fe389d382bb2d080c031e8c1e50f51dd9a750f2e646f88512775ef,0.0043748046832,mean_only,0.00501495721071,evaluated,observation_count,5
region_block,1,core_means,reactivation_count,8739,8739,9c39f7e886fe389d382bb2d080c031e8c1e50f51dd9a750f2e646f88512775ef,0.00145708112155,mean_only,0.00148769248373,evaluated,observation_count,5
region_block,1,core_means,normalized_first_difference,8739,8739,9c39f7e886fe389d382bb2d080c031e8c1e50f51dd9a750f2e646f88512775ef,0.0455640444739,mean_only,0.0615714861515,evaluated,observation_count,5
region_block,1,core_means,normalized_second_difference,8739,8739,9c39f7e886fe389d382bb2d080c031e8c1e50f51dd9a750f2e646f88512775ef,0.0455640444739,mean_only,0.0615714861515,evaluated,observation_count,5
region_block,1,max_vpd_only,front_loaded_fraction,8739,8739,9c39f7e886fe389d382bb2d080c031e8c1e50f51dd9a750f2e646f88512775ef,0.000541592543187,mean_only,0.00646948259441,evaluated,observation_count,5
region_block,1,max_vpd_only,late_growth_fraction,8739,8739,9c39f7e886fe389d382bb2d080c031e8c1e50f51dd9a750f2e646f88512775ef,-0.00834719738804,mean_only,-0.00127235264304,evaluated,observation_count,5
region_block,1,max_vpd_only,peak_timing,8739,8739,9c39f7e886fe389d382bb2d080c031e8c1e50f51dd9a750f2e646f88512775ef,0.000788979152931,mean_only,0.00144092845329,evaluated,observation_count,5
region_block,1,max_vpd_only,terminal_taper_fraction,8739,8739,9c39f7e886fe389d382bb2d080c031e8c1e50f51dd9a750f2e646f88512775ef,-0.015995022782,mean_only,-0.00742509869531,evaluated,observation_count,5
region_block,1,max_vpd_only,normalized_entropy,8739,8739,9c39f7e886fe389d382bb2d080c031e8c1e50f51dd9a750f2e646f88512775ef,-0.0283685061227,mean_only,-1.27355313255e-05,evaluated,observation_count,5
region_block,1,max_vpd_only,pulse_count,8739,8739,9c39f7e886fe389d382bb2d080c031e8c1e50f51dd9a750f2e646f88512775ef,0.00572893783006,mean_only,0.00636909035757,evaluated,observation_count,5
region_block,1,max_vpd_only,reactivation_count,8739,8739,9c39f7e886fe389d382bb2d080c031e8c1e50f51dd9a750f2e646f88512775ef,0.00054377148096,mean_only,0.000574382843148,evaluated,observation_count,5
region_block,1,max_vpd_only,normalized_first_difference,8739,8739,9c39f7e886fe389d382bb2d080c031e8c1e50f51dd9a750f2e646f88512775ef,-0.0255414450893,mean_only,-0.00953400341169,evaluated,observation_count,5
region_block,1,max_vpd_only,normalized_second_difference,8739,8739,9c39f7e886fe389d382bb2d080c031e8c1e50f51dd9a750f2e646f88512775ef,-0.0255414450893,mean_only,-0.00953400341169,evaluated,observation_count,5
region_block,1,core_plus_max,front_loaded_fraction,8739,8739,9c39f7e886fe389d382bb2d080c031e8c1e50f51dd9a750f2e646f88512775ef,0.0152871263772,mean_only,0.0212150164285,evaluated,observation_count,5
region_block,1,core_plus_max,late_growth_fraction,8739,8739,9c39f7e886fe389d382bb2d080c031e8c1e50f51dd9a750f2e646f88512775ef,0.0169292058708,mean_only,0.0240040506158,evaluated,observation_count,5
region_block,1,core_plus_max,peak_timing,8739,8739,9c39f7e886fe389d382bb2d080c031e8c1e50f51dd9a750f2e646f88512775ef,0.00263785954295,mean_only,0.00328980884331,evaluated,observation_count,5
region_block,1,core_plus_max,terminal_taper_fraction,8739,8739,9c39f7e886fe389d382bb2d080c031e8c1e50f51dd9a750f2e646f88512775ef,0.0254637868663,mean_only,0.034033710953,evaluated,observation_count,5
region_block,1,core_plus_max,normalized_entropy,8739,8739,9c39f7e886fe389d382bb2d080c031e8c1e50f51dd9a750f2e646f88512775ef,0.0654377589604,mean_only,0.0937935295518,evaluated,observation_count,5
region_block,1,core_plus_max,pulse_count,8739,8739,9c39f7e886fe389d382bb2d080c031e8c1e50f51dd9a750f2e646f88512775ef,0.00402581472503,mean_only,0.00466596725254,evaluated,observation_count,5
region_block,1,core_plus_max,reactivation_count,8739,8739,9c39f7e886fe389d382bb2d080c031e8c1e50f51dd9a750f2e646f88512775ef,0.00116459203685,mean_only,0.00119520339904,evaluated,observation_count,5
region_block,1,core_plus_max,normalized_first_difference,8739,8739,9c39f7e886fe389d382bb2d080c031e8c1e50f51dd9a750f2e646f88512775ef,0.044884167579,mean_only,0.0608916092566,evaluated,observation_count,5
region_block,1,core_plus_max,normalized_second_difference,8739,8739,9c39f7e886fe389d382bb2d080c031e8c1e50f51dd9a750f2e646f88512775ef,0.044884167579,mean_only,0.0608916092566,evaluated,observation_count,5
region_block,1,comprehensive_means,front_loaded_fraction,8739,8739,9c39f7e886fe389d382bb2d080c031e8c1e50f51dd9a750f2e646f88512775ef,0.0147249884721,mean_only,0.0206528785234,evaluated,observation_count,5
region_block,1,comprehensive_means,late_growth_fraction,8739,8739,9c39f7e886fe389d382bb2d080c031e8c1e50f51dd9a750f2e646f88512775ef,0.0224020796829,mean_only,0.029476924428,evaluated,observation_count,5
region_block,1,comprehensive_means,peak_timing,8739,8739,9c39f7e886fe389d382bb2d080c031e8c1e50f51dd9a750f2e646f88512775ef,0.00142412182715,mean_only,0.00207607112751,evaluated,observation_count,5
region_block,1,comprehensive_means,terminal_taper_fraction,8739,8739,9c39f7e886fe389d382bb2d080c031e8c1e50f51dd9a750f2e646f88512775ef,0.0315846003203,mean_only,0.040154524407,evaluated,observation_count,5
region_block,1,comprehensive_means,normalized_entropy,8739,8739,9c39f7e886fe389d382bb2d080c031e8c1e50f51dd9a750f2e646f88512775ef,0.0882596311347,mean_only,0.116615401726,evaluated,observation_count,5
region_block,1,comprehensive_means,pulse_count,8739,8739,9c39f7e886fe389d382bb2d080c031e8c1e50f51dd9a750f2e646f88512775ef,0.00317716007095,mean_only,0.00381731259846,evaluated,observation_count,5
region_block,1,comprehensive_means,reactivation_count,8739,8739,9c39f7e886fe389d382bb2d080c031e8c1e50f51dd9a750f2e646f88512775ef,-0.000223428980301,mean_only,-0.000192817618114,evaluated,observation_count,5
region_block,1,comprehensive_means,normalized_first_difference,8739,8739,9c39f7e886fe389d382bb2d080c031e8c1e50f51dd9a750f2e646f88512775ef,0.0591939972938,mean_only,0.0752014389715,evaluated,observation_count,5
region_block,1,comprehensive_means,normalized_second_difference,8739,8739,9c39f7e886fe389d382bb2d080c031e8c1e50f51dd9a750f2e646f88512775ef,0.0591939972938,mean_only,0.0752014389715,evaluated,observation_count,5
region_block,1,comprehensive_plus_max,front_loaded_fraction,8739,8739,9c39f7e886fe389d382bb2d080c031e8c1e50f51dd9a750f2e646f88512775ef,0.0140523987688,mean_only,0.01998028882,evaluated,observation_count,5
region_block,1,comprehensive_plus_max,late_growth_fraction,8739,8739,9c39f7e886fe389d382bb2d080c031e8c1e50f51dd9a750f2e646f88512775ef,0.022055267653,mean_only,0.029130112398,evaluated,observation_count,5
region_block,1,comprehensive_plus_max,peak_timing,8739,8739,9c39f7e886fe389d382bb2d080c031e8c1e50f51dd9a750f2e646f88512775ef,0.00142517166519,mean_only,0.00207712096555,evaluated,observation_count,5
region_block,1,comprehensive_plus_max,terminal_taper_fraction,8739,8739,9c39f7e886fe389d382bb2d080c031e8c1e50f51dd9a750f2e646f88512775ef,0.0310923119419,mean_only,0.0396622360286,evaluated,observation_count,5
region_block,1,comprehensive_plus_max,normalized_entropy,8739,8739,9c39f7e886fe389d382bb2d080c031e8c1e50f51dd9a750f2e646f88512775ef,0.0873574676261,mean_only,0.115713238217,evaluated,observation_count,5
region_block,1,comprehensive_plus_max,pulse_count,8739,8739,9c39f7e886fe389d382bb2d080c031e8c1e50f51dd9a750f2e646f88512775ef,0.00278609236098,mean_only,0.00342624488849,evaluated,observation_count,5
region_block,1,comprehensive_plus_max,reactivation_count,8739,8739,9c39f7e886fe389d382bb2d080c031e8c1e50f51dd9a750f2e646f88512775ef,-0.00043602566024,mean_only,-0.000405414298052,evaluated,observation_count,5
region_block,1,comprehensive_plus_max,normalized_first_difference,8739,8739,9c39f7e886fe389d382bb2d080c031e8c1e50f51dd9a750f2e646f88512775ef,0.0587966434726,mean_only,0.0748040851502,evaluated,observation_count,5
region_block,1,comprehensive_plus_max,normalized_second_difference,8739,8739,9c39f7e886fe389d382bb2d080c031e8c1e50f51dd9a750f2e646f88512775ef,0.0587966434726,mean_only,0.0748040851502,evaluated,observation_count,5
region_block,1,length_only,front_loaded_fraction,8739,8739,9c39f7e886fe389d382bb2d080c031e8c1e50f51dd9a750f2e646f88512775ef,0.0102112581409,mean_only,0.0161391481922,evaluated,observation_count,5
region_block,1,length_only,late_growth_fraction,8739,8739,9c39f7e886fe389d382bb2d080c031e8c1e50f51dd9a750f2e646f88512775ef,0.00630925605222,mean_only,0.0133841007972,evaluated,observation_count,5
region_block,1,length_only,peak_timing,8739,8739,9c39f7e886fe389d382bb2d080c031e8c1e50f51dd9a750f2e646f88512775ef,0.00063678850403,mean_only,0.00128873780439,evaluated,observation_count,5
region_block,1,length_only,terminal_taper_fraction,8739,8739,9c39f7e886fe389d382bb2d080c031e8c1e50f51dd9a750f2e646f88512775ef,0.00751191546154,mean_only,0.0160818395482,evaluated,observation_count,5
region_block,1,length_only,normalized_entropy,8739,8739,9c39f7e886fe389d382bb2d080c031e8c1e50f51dd9a750f2e646f88512775ef,0.00580758518734,mean_only,0.0341633557787,evaluated,observation_count,5
region_block,1,length_only,pulse_count,8739,8739,9c39f7e886fe389d382bb2d080c031e8c1e50f51dd9a750f2e646f88512775ef,-0.000500974543294,mean_only,0.000139177984214,evaluated,observation_count,5
region_block,1,length_only,reactivation_count,8739,8739,9c39f7e886fe389d382bb2d080c031e8c1e50f51dd9a750f2e646f88512775ef,0.000101652273816,mean_only,0.000132263636003,evaluated,observation_count,5
region_block,1,length_only,normalized_first_difference,8739,8739,9c39f7e886fe389d382bb2d080c031e8c1e50f51dd9a750f2e646f88512775ef,0.00624113279481,mean_only,0.0222485744724,evaluated,observation_count,5
region_block,1,length_only,normalized_second_difference,8739,8739,9c39f7e886fe389d382bb2d080c031e8c1e50f51dd9a750f2e646f88512775ef,0.00624113279481,mean_only,0.0222485744724,evaluated,observation_count,5
region_block,1,length_plus_max,front_loaded_fraction,8739,8739,9c39f7e886fe389d382bb2d080c031e8c1e50f51dd9a750f2e646f88512775ef,0.0142738690627,mean_only,0.0202017591139,evaluated,observation_count,5
region_block,1,length_plus_max,late_growth_fraction,8739,8739,9c39f7e886fe389d382bb2d080c031e8c1e50f51dd9a750f2e646f88512775ef,0.00322801946209,mean_only,0.0103028642071,evaluated,observation_count,5
region_block,1,length_plus_max,peak_timing,8739,8739,9c39f7e886fe389d382bb2d080c031e8c1e50f51dd9a750f2e646f88512775ef,0.00170268135109,mean_only,0.00235463065145,evaluated,observation_count,5
region_block,1,length_plus_max,terminal_taper_fraction,8739,8739,9c39f7e886fe389d382bb2d080c031e8c1e50f51dd9a750f2e646f88512775ef,-0.000843369847721,mean_only,0.00772655423894,evaluated,observation_count,5
region_block,1,length_plus_max,normalized_entropy,8739,8739,9c39f7e886fe389d382bb2d080c031e8c1e50f51dd9a750f2e646f88512775ef,0.0022117806102,mean_only,0.0305675512016,evaluated,observation_count,5
region_block,1,length_plus_max,pulse_count,8739,8739,9c39f7e886fe389d382bb2d080c031e8c1e50f51dd9a750f2e646f88512775ef,0.00717488145767,mean_only,0.00781503398518,evaluated,observation_count,5
region_block,1,length_plus_max,reactivation_count,8739,8739,9c39f7e886fe389d382bb2d080c031e8c1e50f51dd9a750f2e646f88512775ef,0.000954104874381,mean_only,0.000984716236569,evaluated,observation_count,5
region_block,1,length_plus_max,normalized_first_difference,8739,8739,9c39f7e886fe389d382bb2d080c031e8c1e50f51dd9a750f2e646f88512775ef,-0.00402470346039,mean_only,0.0119827382172,evaluated,observation_count,5
region_block,1,length_plus_max,normalized_second_difference,8739,8739,9c39f7e886fe389d382bb2d080c031e8c1e50f51dd9a750f2e646f88512775ef,-0.00402470346039,mean_only,0.0119827382172,evaluated,observation_count,5
region_block,1,length_plus_core,front_loaded_fraction,8739,8739,9c39f7e886fe389d382bb2d080c031e8c1e50f51dd9a750f2e646f88512775ef,0.0229591009263,mean_only,0.0288869909775,evaluated,observation_count,5
region_block,1,length_plus_core,late_growth_fraction,8739,8739,9c39f7e886fe389d382bb2d080c031e8c1e50f51dd9a750f2e646f88512775ef,0.0222994449382,mean_only,0.0293742896832,evaluated,observation_count,5
region_block,1,length_plus_core,peak_timing,8739,8739,9c39f7e886fe389d382bb2d080c031e8c1e50f51dd9a750f2e646f88512775ef,0.00289198502974,mean_only,0.0035439343301,evaluated,observation_count,5
region_block,1,length_plus_core,terminal_taper_fraction,8739,8739,9c39f7e886fe389d382bb2d080c031e8c1e50f51dd9a750f2e646f88512775ef,0.0333394324817,mean_only,0.0419093565684,evaluated,observation_count,5
region_block,1,length_plus_core,normalized_entropy,8739,8739,9c39f7e886fe389d382bb2d080c031e8c1e50f51dd9a750f2e646f88512775ef,0.0833301826647,mean_only,0.111685953256,evaluated,observation_count,5
region_block,1,length_plus_core,pulse_count,8739,8739,9c39f7e886fe389d382bb2d080c031e8c1e50f51dd9a750f2e646f88512775ef,0.00689978398016,mean_only,0.00753993650767,evaluated,observation_count,5
region_block,1,length_plus_core,reactivation_count,8739,8739,9c39f7e886fe389d382bb2d080c031e8c1e50f51dd9a750f2e646f88512775ef,0.00162456990649,mean_only,0.00165518126868,evaluated,observation_count,5
region_block,1,length_plus_core,normalized_first_difference,8739,8739,9c39f7e886fe389d382bb2d080c031e8c1e50f51dd9a750f2e646f88512775ef,0.0579744639086,mean_only,0.0739819055862,evaluated,observation_count,5
region_block,1,length_plus_core,normalized_second_difference,8739,8739,9c39f7e886fe389d382bb2d080c031e8c1e50f51dd9a750f2e646f88512775ef,0.0579744639086,mean_only,0.0739819055862,evaluated,observation_count,5
region_block,1,length_plus_core_max,front_loaded_fraction,8739,8739,9c39f7e886fe389d382bb2d080c031e8c1e50f51dd9a750f2e646f88512775ef,0.0235354693486,mean_only,0.0294633593998,evaluated,observation_count,5
region_block,1,length_plus_core_max,late_growth_fraction,8739,8739,9c39f7e886fe389d382bb2d080c031e8c1e50f51dd9a750f2e646f88512775ef,0.0227944950168,mean_only,0.0298693397618,evaluated,observation_count,5
region_block,1,length_plus_core_max,peak_timing,8739,8739,9c39f7e886fe389d382bb2d080c031e8c1e50f51dd9a750f2e646f88512775ef,0.00310713607431,mean_only,0.00375908537466,evaluated,observation_count,5
region_block,1,length_plus_core_max,terminal_taper_fraction,8739,8739,9c39f7e886fe389d382bb2d080c031e8c1e50f51dd9a750f2e646f88512775ef,0.0335436896373,mean_only,0.042113613724,evaluated,observation_count,5
region_block,1,length_plus_core_max,normalized_entropy,8739,8739,9c39f7e886fe389d382bb2d080c031e8c1e50f51dd9a750f2e646f88512775ef,0.0833311868209,mean_only,0.111686957412,evaluated,observation_count,5
region_block,1,length_plus_core_max,pulse_count,8739,8739,9c39f7e886fe389d382bb2d080c031e8c1e50f51dd9a750f2e646f88512775ef,0.00650733541579,mean_only,0.0071474879433,evaluated,observation_count,5
region_block,1,length_plus_core_max,reactivation_count,8739,8739,9c39f7e886fe389d382bb2d080c031e8c1e50f51dd9a750f2e646f88512775ef,0.0013918756378,mean_only,0.00142248699999,evaluated,observation_count,5
region_block,1,length_plus_core_max,normalized_first_difference,8739,8739,9c39f7e886fe389d382bb2d080c031e8c1e50f51dd9a750f2e646f88512775ef,0.057742266631,mean_only,0.0737497083086,evaluated,observation_count,5
region_block,1,length_plus_core_max,normalized_second_difference,8739,8739,9c39f7e886fe389d382bb2d080c031e8c1e50f51dd9a750f2e646f88512775ef,0.057742266631,mean_only,0.0737497083086,evaluated,observation_count,5
region_block,1,core_quantile_exceedance,front_loaded_fraction,8739,8739,9c39f7e886fe389d382bb2d080c031e8c1e50f51dd9a750f2e646f88512775ef,0.0160233205262,mean_only,0.0219512105774,evaluated,observation_count,5
region_block,1,core_quantile_exceedance,late_growth_fraction,8739,8739,9c39f7e886fe389d382bb2d080c031e8c1e50f51dd9a750f2e646f88512775ef,0.0173657618265,mean_only,0.0244406065715,evaluated,observation_count,5
region_block,1,core_quantile_exceedance,peak_timing,8739,8739,9c39f7e886fe389d382bb2d080c031e8c1e50f51dd9a750f2e646f88512775ef,0.00279725907854,mean_only,0.00344920837889,evaluated,observation_count,5
region_block,1,core_quantile_exceedance,terminal_taper_fraction,8739,8739,9c39f7e886fe389d382bb2d080c031e8c1e50f51dd9a750f2e646f88512775ef,0.0264923567171,mean_only,0.0350622808037,evaluated,observation_count,5
region_block,1,core_quantile_exceedance,normalized_entropy,8739,8739,9c39f7e886fe389d382bb2d080c031e8c1e50f51dd9a750f2e646f88512775ef,0.0646489838338,mean_only,0.0930047544252,evaluated,observation_count,5
region_block,1,core_quantile_exceedance,pulse_count,8739,8739,9c39f7e886fe389d382bb2d080c031e8c1e50f51dd9a750f2e646f88512775ef,0.00360559576549,mean_only,0.004245748293,evaluated,observation_count,5
region_block,1,core_quantile_exceedance,reactivation_count,8739,8739,9c39f7e886fe389d382bb2d080c031e8c1e50f51dd9a750f2e646f88512775ef,0.00150832455097,mean_only,0.00153893591315,evaluated,observation_count,5
region_block,1,core_quantile_exceedance,normalized_first_difference,8739,8739,9c39f7e886fe389d382bb2d080c031e8c1e50f51dd9a750f2e646f88512775ef,0.0461217031326,mean_only,0.0621291448102,evaluated,observation_count,5
region_block,1,core_quantile_exceedance,normalized_second_difference,8739,8739,9c39f7e886fe389d382bb2d080c031e8c1e50f51dd9a750f2e646f88512775ef,0.0461217031326,mean_only,0.0621291448102,evaluated,observation_count,5
region_block,1,mean_only,front_loaded_fraction,5746,5746,2e3b62d4346fa3b10a6f5fa02e769cdadd9ebd82802a8a7eda2545a7a9328f4d,-0.0133391745209,mean_only,0,evaluated,observation_count,6
region_block,1,mean_only,late_growth_fraction,5746,5746,2e3b62d4346fa3b10a6f5fa02e769cdadd9ebd82802a8a7eda2545a7a9328f4d,-0.0132369052388,mean_only,0,evaluated,observation_count,6
region_block,1,mean_only,peak_timing,5746,5746,2e3b62d4346fa3b10a6f5fa02e769cdadd9ebd82802a8a7eda2545a7a9328f4d,-0.00140106777537,mean_only,0,evaluated,observation_count,6
region_block,1,mean_only,terminal_taper_fraction,5746,5746,2e3b62d4346fa3b10a6f5fa02e769cdadd9ebd82802a8a7eda2545a7a9328f4d,-0.0154959957069,mean_only,0,evaluated,observation_count,6
region_block,1,mean_only,normalized_entropy,5746,5746,2e3b62d4346fa3b10a6f5fa02e769cdadd9ebd82802a8a7eda2545a7a9328f4d,-0.0467203525069,mean_only,0,evaluated,observation_count,6
region_block,1,mean_only,pulse_count,5746,5746,2e3b62d4346fa3b10a6f5fa02e769cdadd9ebd82802a8a7eda2545a7a9328f4d,-0.00355406570159,mean_only,0,evaluated,observation_count,6
region_block,1,mean_only,reactivation_count,5746,5746,2e3b62d4346fa3b10a6f5fa02e769cdadd9ebd82802a8a7eda2545a7a9328f4d,-0.00159681519547,mean_only,0,evaluated,observation_count,6
region_block,1,mean_only,normalized_first_difference,5746,5746,2e3b62d4346fa3b10a6f5fa02e769cdadd9ebd82802a8a7eda2545a7a9328f4d,-0.028934961256,mean_only,0,evaluated,observation_count,6
region_block,1,mean_only,normalized_second_difference,5746,5746,2e3b62d4346fa3b10a6f5fa02e769cdadd9ebd82802a8a7eda2545a7a9328f4d,-0.0261993172431,mean_only,0,evaluated,observation_count,6
region_block,1,core_means,front_loaded_fraction,5746,5746,2e3b62d4346fa3b10a6f5fa02e769cdadd9ebd82802a8a7eda2545a7a9328f4d,0.0181094938499,mean_only,0.0314486683708,evaluated,observation_count,6
region_block,1,core_means,late_growth_fraction,5746,5746,2e3b62d4346fa3b10a6f5fa02e769cdadd9ebd82802a8a7eda2545a7a9328f4d,0.023388400895,mean_only,0.0366253061338,evaluated,observation_count,6
region_block,1,core_means,peak_timing,5746,5746,2e3b62d4346fa3b10a6f5fa02e769cdadd9ebd82802a8a7eda2545a7a9328f4d,0.00437190102723,mean_only,0.0057729688026,evaluated,observation_count,6
region_block,1,core_means,terminal_taper_fraction,5746,5746,2e3b62d4346fa3b10a6f5fa02e769cdadd9ebd82802a8a7eda2545a7a9328f4d,0.0249863356508,mean_only,0.0404823313576,evaluated,observation_count,6
region_block,1,core_means,normalized_entropy,5746,5746,2e3b62d4346fa3b10a6f5fa02e769cdadd9ebd82802a8a7eda2545a7a9328f4d,0.0762925854272,mean_only,0.123012937934,evaluated,observation_count,6
region_block,1,core_means,pulse_count,5746,5746,2e3b62d4346fa3b10a6f5fa02e769cdadd9ebd82802a8a7eda2545a7a9328f4d,0.00452640550717,mean_only,0.00808047120876,evaluated,observation_count,6
region_block,1,core_means,reactivation_count,5746,5746,2e3b62d4346fa3b10a6f5fa02e769cdadd9ebd82802a8a7eda2545a7a9328f4d,0.00434128258678,mean_only,0.00593809778225,evaluated,observation_count,6
region_block,1,core_means,normalized_first_difference,5746,5746,2e3b62d4346fa3b10a6f5fa02e769cdadd9ebd82802a8a7eda2545a7a9328f4d,0.0531832778245,mean_only,0.0821182390806,evaluated,observation_count,6
region_block,1,core_means,normalized_second_difference,5746,5746,2e3b62d4346fa3b10a6f5fa02e769cdadd9ebd82802a8a7eda2545a7a9328f4d,0.0492353084324,mean_only,0.0754346256755,evaluated,observation_count,6
region_block,1,max_vpd_only,front_loaded_fraction,5746,5746,2e3b62d4346fa3b10a6f5fa02e769cdadd9ebd82802a8a7eda2545a7a9328f4d,0.00802914215253,mean_only,0.0213683166734,evaluated,observation_count,6
region_block,1,max_vpd_only,late_growth_fraction,5746,5746,2e3b62d4346fa3b10a6f5fa02e769cdadd9ebd82802a8a7eda2545a7a9328f4d,0.00546574038836,mean_only,0.0187026456272,evaluated,observation_count,6
region_block,1,max_vpd_only,peak_timing,5746,5746,2e3b62d4346fa3b10a6f5fa02e769cdadd9ebd82802a8a7eda2545a7a9328f4d,0.00372912430026,mean_only,0.00513019207562,evaluated,observation_count,6
region_block,1,max_vpd_only,terminal_taper_fraction,5746,5746,2e3b62d4346fa3b10a6f5fa02e769cdadd9ebd82802a8a7eda2545a7a9328f4d,-0.00746126522544,mean_only,0.00803473048141,evaluated,observation_count,6
region_block,1,max_vpd_only,normalized_entropy,5746,5746,2e3b62d4346fa3b10a6f5fa02e769cdadd9ebd82802a8a7eda2545a7a9328f4d,-0.0186447407631,mean_only,0.0280756117438,evaluated,observation_count,6
region_block,1,max_vpd_only,pulse_count,5746,5746,2e3b62d4346fa3b10a6f5fa02e769cdadd9ebd82802a8a7eda2545a7a9328f4d,0.00436848498059,mean_only,0.00792255068218,evaluated,observation_count,6
region_block,1,max_vpd_only,reactivation_count,5746,5746,2e3b62d4346fa3b10a6f5fa02e769cdadd9ebd82802a8a7eda2545a7a9328f4d,-0.00152472855022,mean_only,7.20866452453e-05,evaluated,observation_count,6
region_block,1,max_vpd_only,normalized_first_difference,5746,5746,2e3b62d4346fa3b10a6f5fa02e769cdadd9ebd82802a8a7eda2545a7a9328f4d,-0.0228363370256,mean_only,0.00609862423038,evaluated,observation_count,6
region_block,1,max_vpd_only,normalized_second_difference,5746,5746,2e3b62d4346fa3b10a6f5fa02e769cdadd9ebd82802a8a7eda2545a7a9328f4d,-0.0202030026323,mean_only,0.00599631461077,evaluated,observation_count,6
region_block,1,core_plus_max,front_loaded_fraction,5746,5746,2e3b62d4346fa3b10a6f5fa02e769cdadd9ebd82802a8a7eda2545a7a9328f4d,0.0176859047899,mean_only,0.0310250793108,evaluated,observation_count,6
region_block,1,core_plus_max,late_growth_fraction,5746,5746,2e3b62d4346fa3b10a6f5fa02e769cdadd9ebd82802a8a7eda2545a7a9328f4d,0.0221320652651,mean_only,0.0353689705039,evaluated,observation_count,6
region_block,1,core_plus_max,peak_timing,5746,5746,2e3b62d4346fa3b10a6f5fa02e769cdadd9ebd82802a8a7eda2545a7a9328f4d,0.00368231063777,mean_only,0.00508337841314,evaluated,observation_count,6
region_block,1,core_plus_max,terminal_taper_fraction,5746,5746,2e3b62d4346fa3b10a6f5fa02e769cdadd9ebd82802a8a7eda2545a7a9328f4d,0.0237482032569,mean_only,0.0392441989638,evaluated,observation_count,6
region_block,1,core_plus_max,normalized_entropy,5746,5746,2e3b62d4346fa3b10a6f5fa02e769cdadd9ebd82802a8a7eda2545a7a9328f4d,0.0738557355798,mean_only,0.120576088087,evaluated,observation_count,6
region_block,1,core_plus_max,pulse_count,5746,5746,2e3b62d4346fa3b10a6f5fa02e769cdadd9ebd82802a8a7eda2545a7a9328f4d,0.00423676026355,mean_only,0.00779082596515,evaluated,observation_count,6
region_block,1,core_plus_max,reactivation_count,5746,5746,2e3b62d4346fa3b10a6f5fa02e769cdadd9ebd82802a8a7eda2545a7a9328f4d,0.00346756564371,mean_only,0.00506438083918,evaluated,observation_count,6
region_block,1,core_plus_max,normalized_first_difference,5746,5746,2e3b62d4346fa3b10a6f5fa02e769cdadd9ebd82802a8a7eda2545a7a9328f4d,0.0516524112549,mean_only,0.0805873725109,evaluated,observation_count,6
region_block,1,core_plus_max,normalized_second_difference,5746,5746,2e3b62d4346fa3b10a6f5fa02e769cdadd9ebd82802a8a7eda2545a7a9328f4d,0.0477248621845,mean_only,0.0739241794276,evaluated,observation_count,6
region_block,1,comprehensive_means,front_loaded_fraction,5746,5746,2e3b62d4346fa3b10a6f5fa02e769cdadd9ebd82802a8a7eda2545a7a9328f4d,0.0344526543142,mean_only,0.0477918288351,evaluated,observation_count,6
region_block,1,comprehensive_means,late_growth_fraction,5746,5746,2e3b62d4346fa3b10a6f5fa02e769cdadd9ebd82802a8a7eda2545a7a9328f4d,0.032889721728,mean_only,0.0461266269668,evaluated,observation_count,6
region_block,1,comprehensive_means,peak_timing,5746,5746,2e3b62d4346fa3b10a6f5fa02e769cdadd9ebd82802a8a7eda2545a7a9328f4d,0.00298139128185,mean_only,0.00438245905722,evaluated,observation_count,6
region_block,1,comprehensive_means,terminal_taper_fraction,5746,5746,2e3b62d4346fa3b10a6f5fa02e769cdadd9ebd82802a8a7eda2545a7a9328f4d,0.032166140547,mean_only,0.0476621362539,evaluated,observation_count,6
region_block,1,comprehensive_means,normalized_entropy,5746,5746,2e3b62d4346fa3b10a6f5fa02e769cdadd9ebd82802a8a7eda2545a7a9328f4d,0.112513561833,mean_only,0.15923391434,evaluated,observation_count,6
region_block,1,comprehensive_means,pulse_count,5746,5746,2e3b62d4346fa3b10a6f5fa02e769cdadd9ebd82802a8a7eda2545a7a9328f4d,0.00333801312947,mean_only,0.00689207883107,evaluated,observation_count,6
region_block,1,comprehensive_means,reactivation_count,5746,5746,2e3b62d4346fa3b10a6f5fa02e769cdadd9ebd82802a8a7eda2545a7a9328f4d,0.000796753700534,mean_only,0.002393568896,evaluated,observation_count,6
region_block,1,comprehensive_means,normalized_first_difference,5746,5746,2e3b62d4346fa3b10a6f5fa02e769cdadd9ebd82802a8a7eda2545a7a9328f4d,0.0728150718964,mean_only,0.101750033152,evaluated,observation_count,6
region_block,1,comprehensive_means,normalized_second_difference,5746,5746,2e3b62d4346fa3b10a6f5fa02e769cdadd9ebd82802a8a7eda2545a7a9328f4d,0.0673354813523,mean_only,0.0935347985954,evaluated,observation_count,6
region_block,1,comprehensive_plus_max,front_loaded_fraction,5746,5746,2e3b62d4346fa3b10a6f5fa02e769cdadd9ebd82802a8a7eda2545a7a9328f4d,0.0341150695636,mean_only,0.0474542440845,evaluated,observation_count,6
region_block,1,comprehensive_plus_max,late_growth_fraction,5746,5746,2e3b62d4346fa3b10a6f5fa02e769cdadd9ebd82802a8a7eda2545a7a9328f4d,0.0317768283346,mean_only,0.0450137335734,evaluated,observation_count,6
region_block,1,comprehensive_plus_max,peak_timing,5746,5746,2e3b62d4346fa3b10a6f5fa02e769cdadd9ebd82802a8a7eda2545a7a9328f4d,0.00249191405006,mean_only,0.00389298182543,evaluated,observation_count,6
region_block,1,comprehensive_plus_max,terminal_taper_fraction,5746,5746,2e3b62d4346fa3b10a6f5fa02e769cdadd9ebd82802a8a7eda2545a7a9328f4d,0.031073220157,mean_only,0.0465692158639,evaluated,observation_count,6
region_block,1,comprehensive_plus_max,normalized_entropy,5746,5746,2e3b62d4346fa3b10a6f5fa02e769cdadd9ebd82802a8a7eda2545a7a9328f4d,0.112424661532,mean_only,0.159145014039,evaluated,observation_count,6
region_block,1,comprehensive_plus_max,pulse_count,5746,5746,2e3b62d4346fa3b10a6f5fa02e769cdadd9ebd82802a8a7eda2545a7a9328f4d,0.00300982789242,mean_only,0.00656389359402,evaluated,observation_count,6
region_block,1,comprehensive_plus_max,reactivation_count,5746,5746,2e3b62d4346fa3b10a6f5fa02e769cdadd9ebd82802a8a7eda2545a7a9328f4d,-0.000685165132126,mean_only,0.000911650063341,evaluated,observation_count,6
region_block,1,comprehensive_plus_max,normalized_first_difference,5746,5746,2e3b62d4346fa3b10a6f5fa02e769cdadd9ebd82802a8a7eda2545a7a9328f4d,0.0717999747186,mean_only,0.100734935975,evaluated,observation_count,6
region_block,1,comprehensive_plus_max,normalized_second_difference,5746,5746,2e3b62d4346fa3b10a6f5fa02e769cdadd9ebd82802a8a7eda2545a7a9328f4d,0.0664324836737,mean_only,0.0926318009168,evaluated,observation_count,6
region_block,1,length_only,front_loaded_fraction,5746,5746,2e3b62d4346fa3b10a6f5fa02e769cdadd9ebd82802a8a7eda2545a7a9328f4d,0.00886930174799,mean_only,0.0222084762689,evaluated,observation_count,6
region_block,1,length_only,late_growth_fraction,5746,5746,2e3b62d4346fa3b10a6f5fa02e769cdadd9ebd82802a8a7eda2545a7a9328f4d,0.00823982452774,mean_only,0.0214767297665,evaluated,observation_count,6
region_block,1,length_only,peak_timing,5746,5746,2e3b62d4346fa3b10a6f5fa02e769cdadd9ebd82802a8a7eda2545a7a9328f4d,0.00169176884158,mean_only,0.00309283661695,evaluated,observation_count,6
region_block,1,length_only,terminal_taper_fraction,5746,5746,2e3b62d4346fa3b10a6f5fa02e769cdadd9ebd82802a8a7eda2545a7a9328f4d,0.00133767381814,mean_only,0.016833669525,evaluated,observation_count,6
region_block,1,length_only,normalized_entropy,5746,5746,2e3b62d4346fa3b10a6f5fa02e769cdadd9ebd82802a8a7eda2545a7a9328f4d,-0.00611260771329,mean_only,0.0406077447937,evaluated,observation_count,6
region_block,1,length_only,pulse_count,5746,5746,2e3b62d4346fa3b10a6f5fa02e769cdadd9ebd82802a8a7eda2545a7a9328f4d,-0.00573492116924,mean_only,-0.00218085546765,evaluated,observation_count,6
region_block,1,length_only,reactivation_count,5746,5746,2e3b62d4346fa3b10a6f5fa02e769cdadd9ebd82802a8a7eda2545a7a9328f4d,-0.00282394606744,mean_only,-0.00122713087198,evaluated,observation_count,6
region_block,1,length_only,normalized_first_difference,5746,5746,2e3b62d4346fa3b10a6f5fa02e769cdadd9ebd82802a8a7eda2545a7a9328f4d,-0.00257457140677,mean_only,0.0263603898492,evaluated,observation_count,6
region_block,1,length_only,normalized_second_difference,5746,5746,2e3b62d4346fa3b10a6f5fa02e769cdadd9ebd82802a8a7eda2545a7a9328f4d,-0.00152894113181,mean_only,0.0246703761113,evaluated,observation_count,6
region_block,1,length_plus_max,front_loaded_fraction,5746,5746,2e3b62d4346fa3b10a6f5fa02e769cdadd9ebd82802a8a7eda2545a7a9328f4d,0.0234351923437,mean_only,0.0367743668647,evaluated,observation_count,6
region_block,1,length_plus_max,late_growth_fraction,5746,5746,2e3b62d4346fa3b10a6f5fa02e769cdadd9ebd82802a8a7eda2545a7a9328f4d,0.0215748483679,mean_only,0.0348117536067,evaluated,observation_count,6
region_block,1,length_plus_max,peak_timing,5746,5746,2e3b62d4346fa3b10a6f5fa02e769cdadd9ebd82802a8a7eda2545a7a9328f4d,0.00554617727602,mean_only,0.00694724505138,evaluated,observation_count,6
region_block,1,length_plus_max,terminal_taper_fraction,5746,5746,2e3b62d4346fa3b10a6f5fa02e769cdadd9ebd82802a8a7eda2545a7a9328f4d,0.00593890516484,mean_only,0.0214349008717,evaluated,observation_count,6
region_block,1,length_plus_max,normalized_entropy,5746,5746,2e3b62d4346fa3b10a6f5fa02e769cdadd9ebd82802a8a7eda2545a7a9328f4d,0.0121255454618,mean_only,0.0588458979687,evaluated,observation_count,6
region_block,1,length_plus_max,pulse_count,5746,5746,2e3b62d4346fa3b10a6f5fa02e769cdadd9ebd82802a8a7eda2545a7a9328f4d,0.00385428890412,mean_only,0.00740835460572,evaluated,observation_count,6
region_block,1,length_plus_max,reactivation_count,5746,5746,2e3b62d4346fa3b10a6f5fa02e769cdadd9ebd82802a8a7eda2545a7a9328f4d,-0.0017919573607,mean_only,-0.000195142165237,evaluated,observation_count,6
region_block,1,length_plus_max,normalized_first_difference,5746,5746,2e3b62d4346fa3b10a6f5fa02e769cdadd9ebd82802a8a7eda2545a7a9328f4d,-0.00155917223571,mean_only,0.0273757890203,evaluated,observation_count,6
region_block,1,length_plus_max,normalized_second_difference,5746,5746,2e3b62d4346fa3b10a6f5fa02e769cdadd9ebd82802a8a7eda2545a7a9328f4d,-0.000592765185343,mean_only,0.0256065520577,evaluated,observation_count,6
region_block,1,length_plus_core,front_loaded_fraction,5746,5746,2e3b62d4346fa3b10a6f5fa02e769cdadd9ebd82802a8a7eda2545a7a9328f4d,0.0293537650329,mean_only,0.0426929395538,evaluated,observation_count,6
region_block,1,length_plus_core,late_growth_fraction,5746,5746,2e3b62d4346fa3b10a6f5fa02e769cdadd9ebd82802a8a7eda2545a7a9328f4d,0.0337009370991,mean_only,0.0469378423379,evaluated,observation_count,6
region_block,1,length_plus_core,peak_timing,5746,5746,2e3b62d4346fa3b10a6f5fa02e769cdadd9ebd82802a8a7eda2545a7a9328f4d,0.00603087479189,mean_only,0.00743194256726,evaluated,observation_count,6
region_block,1,length_plus_core,terminal_taper_fraction,5746,5746,2e3b62d4346fa3b10a6f5fa02e769cdadd9ebd82802a8a7eda2545a7a9328f4d,0.0327091286529,mean_only,0.0482051243597,evaluated,observation_count,6
region_block,1,length_plus_core,normalized_entropy,5746,5746,2e3b62d4346fa3b10a6f5fa02e769cdadd9ebd82802a8a7eda2545a7a9328f4d,0.0911107797174,mean_only,0.137831132224,evaluated,observation_count,6
region_block,1,length_plus_core,pulse_count,5746,5746,2e3b62d4346fa3b10a6f5fa02e769cdadd9ebd82802a8a7eda2545a7a9328f4d,0.00468612251335,mean_only,0.00824018821494,evaluated,observation_count,6
region_block,1,length_plus_core,reactivation_count,5746,5746,2e3b62d4346fa3b10a6f5fa02e769cdadd9ebd82802a8a7eda2545a7a9328f4d,0.00409021830178,mean_only,0.00568703349725,evaluated,observation_count,6
region_block,1,length_plus_core,normalized_first_difference,5746,5746,2e3b62d4346fa3b10a6f5fa02e769cdadd9ebd82802a8a7eda2545a7a9328f4d,0.0645413669744,mean_only,0.0934763282304,evaluated,observation_count,6
region_block,1,length_plus_core,normalized_second_difference,5746,5746,2e3b62d4346fa3b10a6f5fa02e769cdadd9ebd82802a8a7eda2545a7a9328f4d,0.0596902850592,mean_only,0.0858896023022,evaluated,observation_count,6
region_block,1,length_plus_core_max,front_loaded_fraction,5746,5746,2e3b62d4346fa3b10a6f5fa02e769cdadd9ebd82802a8a7eda2545a7a9328f4d,0.0288073915408,mean_only,0.0421465660617,evaluated,observation_count,6
region_block,1,length_plus_core_max,late_growth_fraction,5746,5746,2e3b62d4346fa3b10a6f5fa02e769cdadd9ebd82802a8a7eda2545a7a9328f4d,0.0323752201693,mean_only,0.0456121254081,evaluated,observation_count,6
region_block,1,length_plus_core_max,peak_timing,5746,5746,2e3b62d4346fa3b10a6f5fa02e769cdadd9ebd82802a8a7eda2545a7a9328f4d,0.00520418533303,mean_only,0.0066052531084,evaluated,observation_count,6
region_block,1,length_plus_core_max,terminal_taper_fraction,5746,5746,2e3b62d4346fa3b10a6f5fa02e769cdadd9ebd82802a8a7eda2545a7a9328f4d,0.0321185904986,mean_only,0.0476145862054,evaluated,observation_count,6
region_block,1,length_plus_core_max,normalized_entropy,5746,5746,2e3b62d4346fa3b10a6f5fa02e769cdadd9ebd82802a8a7eda2545a7a9328f4d,0.0919520584346,mean_only,0.138672410942,evaluated,observation_count,6
region_block,1,length_plus_core_max,pulse_count,5746,5746,2e3b62d4346fa3b10a6f5fa02e769cdadd9ebd82802a8a7eda2545a7a9328f4d,0.00422715887927,mean_only,0.00778122458086,evaluated,observation_count,6
region_block,1,length_plus_core_max,reactivation_count,5746,5746,2e3b62d4346fa3b10a6f5fa02e769cdadd9ebd82802a8a7eda2545a7a9328f4d,0.00305296024672,mean_only,0.00464977544219,evaluated,observation_count,6
region_block,1,length_plus_core_max,normalized_first_difference,5746,5746,2e3b62d4346fa3b10a6f5fa02e769cdadd9ebd82802a8a7eda2545a7a9328f4d,0.0648204275494,mean_only,0.0937553888054,evaluated,observation_count,6
region_block,1,length_plus_core_max,normalized_second_difference,5746,5746,2e3b62d4346fa3b10a6f5fa02e769cdadd9ebd82802a8a7eda2545a7a9328f4d,0.0600805004952,mean_only,0.0862798177383,evaluated,observation_count,6
region_block,1,core_quantile_exceedance,front_loaded_fraction,5746,5746,2e3b62d4346fa3b10a6f5fa02e769cdadd9ebd82802a8a7eda2545a7a9328f4d,0.0165368829787,mean_only,0.0298760574996,evaluated,observation_count,6
region_block,1,core_quantile_exceedance,late_growth_fraction,5746,5746,2e3b62d4346fa3b10a6f5fa02e769cdadd9ebd82802a8a7eda2545a7a9328f4d,0.0202928641856,mean_only,0.0335297694244,evaluated,observation_count,6
region_block,1,core_quantile_exceedance,peak_timing,5746,5746,2e3b62d4346fa3b10a6f5fa02e769cdadd9ebd82802a8a7eda2545a7a9328f4d,0.00420481818308,mean_only,0.00560588595844,evaluated,observation_count,6
region_block,1,core_quantile_exceedance,terminal_taper_fraction,5746,5746,2e3b62d4346fa3b10a6f5fa02e769cdadd9ebd82802a8a7eda2545a7a9328f4d,0.020388781345,mean_only,0.0358847770518,evaluated,observation_count,6
region_block,1,core_quantile_exceedance,normalized_entropy,5746,5746,2e3b62d4346fa3b10a6f5fa02e769cdadd9ebd82802a8a7eda2545a7a9328f4d,0.0679380955994,mean_only,0.114658448106,evaluated,observation_count,6
region_block,1,core_quantile_exceedance,pulse_count,5746,5746,2e3b62d4346fa3b10a6f5fa02e769cdadd9ebd82802a8a7eda2545a7a9328f4d,0.00366738801554,mean_only,0.00722145371714,evaluated,observation_count,6
region_block,1,core_quantile_exceedance,reactivation_count,5746,5746,2e3b62d4346fa3b10a6f5fa02e769cdadd9ebd82802a8a7eda2545a7a9328f4d,0.00213903220024,mean_only,0.0037358473957,evaluated,observation_count,6
region_block,1,core_quantile_exceedance,normalized_first_difference,5746,5746,2e3b62d4346fa3b10a6f5fa02e769cdadd9ebd82802a8a7eda2545a7a9328f4d,0.0491631550399,mean_only,0.0780981162959,evaluated,observation_count,6
region_block,1,core_quantile_exceedance,normalized_second_difference,5746,5746,2e3b62d4346fa3b10a6f5fa02e769cdadd9ebd82802a8a7eda2545a7a9328f4d,0.0446469968635,mean_only,0.0708463141065,evaluated,observation_count,6
