kind,alpha,predictor_set,response,n,cohort_n,cohort_hash,r2,reference,delta_r2,status
random_fire,0.01,mean_only,front_loaded_fraction,9212,9212,5d7bb0be48293a8c4e786bf87e7586b1f3c9a7bbc422160606bd3076fd70eeb8,-0.000122107263983,mean_only,0,evaluated
random_fire,0.01,mean_only,late_growth_fraction,9212,9212,5d7bb0be48293a8c4e786bf87e7586b1f3c9a7bbc422160606bd3076fd70eeb8,-9.40298199499e-05,mean_only,0,evaluated
random_fire,0.01,mean_only,peak_timing,9212,9212,5d7bb0be48293a8c4e786bf87e7586b1f3c9a7bbc422160606bd3076fd70eeb8,-0.000354286374741,mean_only,0,evaluated
random_fire,0.01,mean_only,terminal_taper_fraction,9212,9212,5d7bb0be48293a8c4e786bf87e7586b1f3c9a7bbc422160606bd3076fd70eeb8,-0.000139505927744,mean_only,0,evaluated
random_fire,0.01,mean_only,normalized_entropy,9212,9212,5d7bb0be48293a8c4e786bf87e7586b1f3c9a7bbc422160606bd3076fd70eeb8,-0.000181608281554,mean_only,0,evaluated
random_fire,0.01,mean_only,pulse_count,9212,9212,5d7bb0be48293a8c4e786bf87e7586b1f3c9a7bbc422160606bd3076fd70eeb8,-6.97546796544e-05,mean_only,0,evaluated
random_fire,0.01,mean_only,reactivation_count,9212,9212,5d7bb0be48293a8c4e786bf87e7586b1f3c9a7bbc422160606bd3076fd70eeb8,-0.000137435969118,mean_only,0,evaluated
random_fire,0.01,mean_only,normalized_first_difference,9212,9212,5d7bb0be48293a8c4e786bf87e7586b1f3c9a7bbc422160606bd3076fd70eeb8,-0.000106424058122,mean_only,0,evaluated
random_fire,0.01,mean_only,normalized_second_difference,9212,9212,5d7bb0be48293a8c4e786bf87e7586b1f3c9a7bbc422160606bd3076fd70eeb8,-0.000181976506924,mean_only,0,evaluated
random_fire,0.01,mean_only,log_area,9212,9212,5d7bb0be48293a8c4e786bf87e7586b1f3c9a7bbc422160606bd3076fd70eeb8,-0.000186441790784,mean_only,0,evaluated
random_fire,0.01,mean_only,log_duration,9212,9212,5d7bb0be48293a8c4e786bf87e7586b1f3c9a7bbc422160606bd3076fd70eeb8,-0.000367176249042,mean_only,0,evaluated
random_fire,0.01,mean_only,shape_PC1_fold,9212,9212,5d7bb0be48293a8c4e786bf87e7586b1f3c9a7bbc422160606bd3076fd70eeb8,-0.000256532249847,mean_only,0,evaluated
random_fire,0.01,mean_only,shape_PC2_fold,9212,9212,5d7bb0be48293a8c4e786bf87e7586b1f3c9a7bbc422160606bd3076fd70eeb8,-4.52324063351e-05,mean_only,0,evaluated
random_fire,0.01,mean_only,shape_PC3_fold,9212,9212,5d7bb0be48293a8c4e786bf87e7586b1f3c9a7bbc422160606bd3076fd70eeb8,-0.000562168863445,mean_only,0,evaluated
random_fire,0.01,core_means,front_loaded_fraction,9212,9212,5d7bb0be48293a8c4e786bf87e7586b1f3c9a7bbc422160606bd3076fd70eeb8,0.0249467034474,mean_only,0.0250688107114,evaluated
random_fire,0.01,core_means,late_growth_fraction,9212,9212,5d7bb0be48293a8c4e786bf87e7586b1f3c9a7bbc422160606bd3076fd70eeb8,0.0332254847612,mean_only,0.0333195145811,evaluated
random_fire,0.01,core_means,peak_timing,9212,9212,5d7bb0be48293a8c4e786bf87e7586b1f3c9a7bbc422160606bd3076fd70eeb8,0.00237215001263,mean_only,0.00272643638737,evaluated
random_fire,0.01,core_means,terminal_taper_fraction,9212,9212,5d7bb0be48293a8c4e786bf87e7586b1f3c9a7bbc422160606bd3076fd70eeb8,0.0474794554296,mean_only,0.0476189613574,evaluated
random_fire,0.01,core_means,normalized_entropy,9212,9212,5d7bb0be48293a8c4e786bf87e7586b1f3c9a7bbc422160606bd3076fd70eeb8,0.0858071907014,mean_only,0.085988798983,evaluated
random_fire,0.01,core_means,pulse_count,9212,9212,5d7bb0be48293a8c4e786bf87e7586b1f3c9a7bbc422160606bd3076fd70eeb8,0.00220193871485,mean_only,0.00227169339451,evaluated
random_fire,0.01,core_means,reactivation_count,9212,9212,5d7bb0be48293a8c4e786bf87e7586b1f3c9a7bbc422160606bd3076fd70eeb8,-2.76906078731e-05,mean_only,0.000109745361245,evaluated
random_fire,0.01,core_means,normalized_first_difference,9212,9212,5d7bb0be48293a8c4e786bf87e7586b1f3c9a7bbc422160606bd3076fd70eeb8,0.0539895715391,mean_only,0.0540959955972,evaluated
random_fire,0.01,core_means,normalized_second_difference,9212,9212,5d7bb0be48293a8c4e786bf87e7586b1f3c9a7bbc422160606bd3076fd70eeb8,0.0494956336679,mean_only,0.0496776101749,evaluated
random_fire,0.01,core_means,log_area,9212,9212,5d7bb0be48293a8c4e786bf87e7586b1f3c9a7bbc422160606bd3076fd70eeb8,0.116877341839,mean_only,0.11706378363,evaluated
random_fire,0.01,core_means,log_duration,9212,9212,5d7bb0be48293a8c4e786bf87e7586b1f3c9a7bbc422160606bd3076fd70eeb8,0.0243029418693,mean_only,0.0246701181184,evaluated
random_fire,0.01,core_means,shape_PC1_fold,9212,9212,5d7bb0be48293a8c4e786bf87e7586b1f3c9a7bbc422160606bd3076fd70eeb8,0.027638808217,mean_only,0.0278953404669,evaluated
random_fire,0.01,core_means,shape_PC2_fold,9212,9212,5d7bb0be48293a8c4e786bf87e7586b1f3c9a7bbc422160606bd3076fd70eeb8,0.0116880408823,mean_only,0.0117332732886,evaluated
random_fire,0.01,core_means,shape_PC3_fold,9212,9212,5d7bb0be48293a8c4e786bf87e7586b1f3c9a7bbc422160606bd3076fd70eeb8,0.00331615667367,mean_only,0.00387832553711,evaluated
random_fire,0.01,max_vpd_only,front_loaded_fraction,9212,9212,5d7bb0be48293a8c4e786bf87e7586b1f3c9a7bbc422160606bd3076fd70eeb8,0.0304101497385,mean_only,0.0305322570025,evaluated
random_fire,0.01,max_vpd_only,late_growth_fraction,9212,9212,5d7bb0be48293a8c4e786bf87e7586b1f3c9a7bbc422160606bd3076fd70eeb8,0.0347817198889,mean_only,0.0348757497088,evaluated
random_fire,0.01,max_vpd_only,peak_timing,9212,9212,5d7bb0be48293a8c4e786bf87e7586b1f3c9a7bbc422160606bd3076fd70eeb8,0.00178760964237,mean_only,0.00214189601711,evaluated
random_fire,0.01,max_vpd_only,terminal_taper_fraction,9212,9212,5d7bb0be48293a8c4e786bf87e7586b1f3c9a7bbc422160606bd3076fd70eeb8,0.0445362980928,mean_only,0.0446758040205,evaluated
random_fire,0.01,max_vpd_only,normalized_entropy,9212,9212,5d7bb0be48293a8c4e786bf87e7586b1f3c9a7bbc422160606bd3076fd70eeb8,0.0520094107623,mean_only,0.0521910190439,evaluated
random_fire,0.01,max_vpd_only,pulse_count,9212,9212,5d7bb0be48293a8c4e786bf87e7586b1f3c9a7bbc422160606bd3076fd70eeb8,-0.000151561849602,mean_only,-8.18071699471e-05,evaluated
random_fire,0.01,max_vpd_only,reactivation_count,9212,9212,5d7bb0be48293a8c4e786bf87e7586b1f3c9a7bbc422160606bd3076fd70eeb8,0.00273802995524,mean_only,0.00287546592436,evaluated
random_fire,0.01,max_vpd_only,normalized_first_difference,9212,9212,5d7bb0be48293a8c4e786bf87e7586b1f3c9a7bbc422160606bd3076fd70eeb8,0.0730898411416,mean_only,0.0731962651997,evaluated
random_fire,0.01,max_vpd_only,normalized_second_difference,9212,9212,5d7bb0be48293a8c4e786bf87e7586b1f3c9a7bbc422160606bd3076fd70eeb8,0.0654837196871,mean_only,0.0656656961941,evaluated
random_fire,0.01,max_vpd_only,log_area,9212,9212,5d7bb0be48293a8c4e786bf87e7586b1f3c9a7bbc422160606bd3076fd70eeb8,0.114299797798,mean_only,0.114486239589,evaluated
random_fire,0.01,max_vpd_only,log_duration,9212,9212,5d7bb0be48293a8c4e786bf87e7586b1f3c9a7bbc422160606bd3076fd70eeb8,0.0555664841863,mean_only,0.0559336604354,evaluated
random_fire,0.01,max_vpd_only,shape_PC1_fold,9212,9212,5d7bb0be48293a8c4e786bf87e7586b1f3c9a7bbc422160606bd3076fd70eeb8,0.0323997430379,mean_only,0.0326562752878,evaluated
random_fire,0.01,max_vpd_only,shape_PC2_fold,9212,9212,5d7bb0be48293a8c4e786bf87e7586b1f3c9a7bbc422160606bd3076fd70eeb8,0.0108442723141,mean_only,0.0108895047204,evaluated
random_fire,0.01,max_vpd_only,shape_PC3_fold,9212,9212,5d7bb0be48293a8c4e786bf87e7586b1f3c9a7bbc422160606bd3076fd70eeb8,0.00455068309171,mean_only,0.00511285195515,evaluated
random_fire,0.01,core_plus_max,front_loaded_fraction,9212,9212,5d7bb0be48293a8c4e786bf87e7586b1f3c9a7bbc422160606bd3076fd70eeb8,0.0376463900381,mean_only,0.0377684973021,evaluated
random_fire,0.01,core_plus_max,late_growth_fraction,9212,9212,5d7bb0be48293a8c4e786bf87e7586b1f3c9a7bbc422160606bd3076fd70eeb8,0.0515994021282,mean_only,0.0516934319482,evaluated
random_fire,0.01,core_plus_max,peak_timing,9212,9212,5d7bb0be48293a8c4e786bf87e7586b1f3c9a7bbc422160606bd3076fd70eeb8,0.0023712764136,mean_only,0.00272556278834,evaluated
random_fire,0.01,core_plus_max,terminal_taper_fraction,9212,9212,5d7bb0be48293a8c4e786bf87e7586b1f3c9a7bbc422160606bd3076fd70eeb8,0.0917483361326,mean_only,0.0918878420603,evaluated
random_fire,0.01,core_plus_max,normalized_entropy,9212,9212,5d7bb0be48293a8c4e786bf87e7586b1f3c9a7bbc422160606bd3076fd70eeb8,0.104271423242,mean_only,0.104453031523,evaluated
random_fire,0.01,core_plus_max,pulse_count,9212,9212,5d7bb0be48293a8c4e786bf87e7586b1f3c9a7bbc422160606bd3076fd70eeb8,0.0213362002019,mean_only,0.0214059548816,evaluated
random_fire,0.01,core_plus_max,reactivation_count,9212,9212,5d7bb0be48293a8c4e786bf87e7586b1f3c9a7bbc422160606bd3076fd70eeb8,0.0269653039164,mean_only,0.0271027398855,evaluated
random_fire,0.01,core_plus_max,normalized_first_difference,9212,9212,5d7bb0be48293a8c4e786bf87e7586b1f3c9a7bbc422160606bd3076fd70eeb8,0.2021963429,mean_only,0.202302766958,evaluated
random_fire,0.01,core_plus_max,normalized_second_difference,9212,9212,5d7bb0be48293a8c4e786bf87e7586b1f3c9a7bbc422160606bd3076fd70eeb8,0.182302237805,mean_only,0.182484214312,evaluated
random_fire,0.01,core_plus_max,log_area,9212,9212,5d7bb0be48293a8c4e786bf87e7586b1f3c9a7bbc422160606bd3076fd70eeb8,0.244170240688,mean_only,0.244356682478,evaluated
random_fire,0.01,core_plus_max,log_duration,9212,9212,5d7bb0be48293a8c4e786bf87e7586b1f3c9a7bbc422160606bd3076fd70eeb8,0.217297755554,mean_only,0.217664931803,evaluated
random_fire,0.01,core_plus_max,shape_PC1_fold,9212,9212,5d7bb0be48293a8c4e786bf87e7586b1f3c9a7bbc422160606bd3076fd70eeb8,0.0415035505048,mean_only,0.0417600827546,evaluated
random_fire,0.01,core_plus_max,shape_PC2_fold,9212,9212,5d7bb0be48293a8c4e786bf87e7586b1f3c9a7bbc422160606bd3076fd70eeb8,0.023857629142,mean_only,0.0239028615483,evaluated
random_fire,0.01,core_plus_max,shape_PC3_fold,9212,9212,5d7bb0be48293a8c4e786bf87e7586b1f3c9a7bbc422160606bd3076fd70eeb8,0.00820827466759,mean_only,0.00877044353103,evaluated
random_fire,0.01,comprehensive_means,front_loaded_fraction,9212,9212,5d7bb0be48293a8c4e786bf87e7586b1f3c9a7bbc422160606bd3076fd70eeb8,0.044831347299,mean_only,0.0449534545629,evaluated
random_fire,0.01,comprehensive_means,late_growth_fraction,9212,9212,5d7bb0be48293a8c4e786bf87e7586b1f3c9a7bbc422160606bd3076fd70eeb8,0.0516291547998,mean_only,0.0517231846197,evaluated
random_fire,0.01,comprehensive_means,peak_timing,9212,9212,5d7bb0be48293a8c4e786bf87e7586b1f3c9a7bbc422160606bd3076fd70eeb8,0.00297129559908,mean_only,0.00332558197382,evaluated
random_fire,0.01,comprehensive_means,terminal_taper_fraction,9212,9212,5d7bb0be48293a8c4e786bf87e7586b1f3c9a7bbc422160606bd3076fd70eeb8,0.0776734196195,mean_only,0.0778129255472,evaluated
random_fire,0.01,comprehensive_means,normalized_entropy,9212,9212,5d7bb0be48293a8c4e786bf87e7586b1f3c9a7bbc422160606bd3076fd70eeb8,0.132186427843,mean_only,0.132368036124,evaluated
random_fire,0.01,comprehensive_means,pulse_count,9212,9212,5d7bb0be48293a8c4e786bf87e7586b1f3c9a7bbc422160606bd3076fd70eeb8,0.00347373357185,mean_only,0.00354348825151,evaluated
random_fire,0.01,comprehensive_means,reactivation_count,9212,9212,5d7bb0be48293a8c4e786bf87e7586b1f3c9a7bbc422160606bd3076fd70eeb8,0.00594639425444,mean_only,0.00608383022355,evaluated
random_fire,0.01,comprehensive_means,normalized_first_difference,9212,9212,5d7bb0be48293a8c4e786bf87e7586b1f3c9a7bbc422160606bd3076fd70eeb8,0.120284704288,mean_only,0.120391128346,evaluated
random_fire,0.01,comprehensive_means,normalized_second_difference,9212,9212,5d7bb0be48293a8c4e786bf87e7586b1f3c9a7bbc422160606bd3076fd70eeb8,0.108221373651,mean_only,0.108403350158,evaluated
random_fire,0.01,comprehensive_means,log_area,9212,9212,5d7bb0be48293a8c4e786bf87e7586b1f3c9a7bbc422160606bd3076fd70eeb8,0.216969175624,mean_only,0.217155617415,evaluated
random_fire,0.01,comprehensive_means,log_duration,9212,9212,5d7bb0be48293a8c4e786bf87e7586b1f3c9a7bbc422160606bd3076fd70eeb8,0.0782956507624,mean_only,0.0786628270114,evaluated
random_fire,0.01,comprehensive_means,shape_PC1_fold,9212,9212,5d7bb0be48293a8c4e786bf87e7586b1f3c9a7bbc422160606bd3076fd70eeb8,0.0464689517559,mean_only,0.0467254840057,evaluated
random_fire,0.01,comprehensive_means,shape_PC2_fold,9212,9212,5d7bb0be48293a8c4e786bf87e7586b1f3c9a7bbc422160606bd3076fd70eeb8,0.0196325269307,mean_only,0.019677759337,evaluated
random_fire,0.01,comprehensive_means,shape_PC3_fold,9212,9212,5d7bb0be48293a8c4e786bf87e7586b1f3c9a7bbc422160606bd3076fd70eeb8,0.007253808603,mean_only,0.00781597746645,evaluated
random_fire,0.01,comprehensive_plus_max,front_loaded_fraction,9212,9212,5d7bb0be48293a8c4e786bf87e7586b1f3c9a7bbc422160606bd3076fd70eeb8,0.0531971739469,mean_only,0.0533192812109,evaluated
random_fire,0.01,comprehensive_plus_max,late_growth_fraction,9212,9212,5d7bb0be48293a8c4e786bf87e7586b1f3c9a7bbc422160606bd3076fd70eeb8,0.0676312771613,mean_only,0.0677253069812,evaluated
random_fire,0.01,comprehensive_plus_max,peak_timing,9212,9212,5d7bb0be48293a8c4e786bf87e7586b1f3c9a7bbc422160606bd3076fd70eeb8,0.00297212249482,mean_only,0.00332640886956,evaluated
random_fire,0.01,comprehensive_plus_max,terminal_taper_fraction,9212,9212,5d7bb0be48293a8c4e786bf87e7586b1f3c9a7bbc422160606bd3076fd70eeb8,0.115729263926,mean_only,0.115868769854,evaluated
random_fire,0.01,comprehensive_plus_max,normalized_entropy,9212,9212,5d7bb0be48293a8c4e786bf87e7586b1f3c9a7bbc422160606bd3076fd70eeb8,0.143457379178,mean_only,0.143638987459,evaluated
random_fire,0.01,comprehensive_plus_max,pulse_count,9212,9212,5d7bb0be48293a8c4e786bf87e7586b1f3c9a7bbc422160606bd3076fd70eeb8,0.0230664281621,mean_only,0.0231361828418,evaluated
random_fire,0.01,comprehensive_plus_max,reactivation_count,9212,9212,5d7bb0be48293a8c4e786bf87e7586b1f3c9a7bbc422160606bd3076fd70eeb8,0.0306244418604,mean_only,0.0307618778296,evaluated
random_fire,0.01,comprehensive_plus_max,normalized_first_difference,9212,9212,5d7bb0be48293a8c4e786bf87e7586b1f3c9a7bbc422160606bd3076fd70eeb8,0.247243358847,mean_only,0.247349782905,evaluated
random_fire,0.01,comprehensive_plus_max,normalized_second_difference,9212,9212,5d7bb0be48293a8c4e786bf87e7586b1f3c9a7bbc422160606bd3076fd70eeb8,0.221965811971,mean_only,0.222147788478,evaluated
random_fire,0.01,comprehensive_plus_max,log_area,9212,9212,5d7bb0be48293a8c4e786bf87e7586b1f3c9a7bbc422160606bd3076fd70eeb8,0.323092997217,mean_only,0.323279439008,evaluated
random_fire,0.01,comprehensive_plus_max,log_duration,9212,9212,5d7bb0be48293a8c4e786bf87e7586b1f3c9a7bbc422160606bd3076fd70eeb8,0.253820259471,mean_only,0.25418743572,evaluated
random_fire,0.01,comprehensive_plus_max,shape_PC1_fold,9212,9212,5d7bb0be48293a8c4e786bf87e7586b1f3c9a7bbc422160606bd3076fd70eeb8,0.0562930027013,mean_only,0.0565495349511,evaluated
random_fire,0.01,comprehensive_plus_max,shape_PC2_fold,9212,9212,5d7bb0be48293a8c4e786bf87e7586b1f3c9a7bbc422160606bd3076fd70eeb8,0.0332327640282,mean_only,0.0332779964345,evaluated
random_fire,0.01,comprehensive_plus_max,shape_PC3_fold,9212,9212,5d7bb0be48293a8c4e786bf87e7586b1f3c9a7bbc422160606bd3076fd70eeb8,0.0101805555144,mean_only,0.0107427243778,evaluated
random_fire,0.01,length_only,front_loaded_fraction,9212,9212,5d7bb0be48293a8c4e786bf87e7586b1f3c9a7bbc422160606bd3076fd70eeb8,0.0322599663272,mean_only,0.0323820735912,evaluated
random_fire,0.01,length_only,late_growth_fraction,9212,9212,5d7bb0be48293a8c4e786bf87e7586b1f3c9a7bbc422160606bd3076fd70eeb8,0.0708710566245,mean_only,0.0709650864445,evaluated
random_fire,0.01,length_only,peak_timing,9212,9212,5d7bb0be48293a8c4e786bf87e7586b1f3c9a7bbc422160606bd3076fd70eeb8,-0.000271771189699,mean_only,8.25151850421e-05,evaluated
random_fire,0.01,length_only,terminal_taper_fraction,9212,9212,5d7bb0be48293a8c4e786bf87e7586b1f3c9a7bbc422160606bd3076fd70eeb8,0.197495844975,mean_only,0.197635350903,evaluated
random_fire,0.01,length_only,normalized_entropy,9212,9212,5d7bb0be48293a8c4e786bf87e7586b1f3c9a7bbc422160606bd3076fd70eeb8,0.0445128614611,mean_only,0.0446944697426,evaluated
random_fire,0.01,length_only,pulse_count,9212,9212,5d7bb0be48293a8c4e786bf87e7586b1f3c9a7bbc422160606bd3076fd70eeb8,0.180433277886,mean_only,0.180503032566,evaluated
random_fire,0.01,length_only,reactivation_count,9212,9212,5d7bb0be48293a8c4e786bf87e7586b1f3c9a7bbc422160606bd3076fd70eeb8,0.165135798431,mean_only,0.1652732344,evaluated
random_fire,0.01,length_only,normalized_first_difference,9212,9212,5d7bb0be48293a8c4e786bf87e7586b1f3c9a7bbc422160606bd3076fd70eeb8,0.633962949058,mean_only,0.634069373116,evaluated
random_fire,0.01,length_only,normalized_second_difference,9212,9212,5d7bb0be48293a8c4e786bf87e7586b1f3c9a7bbc422160606bd3076fd70eeb8,0.566207748192,mean_only,0.566389724699,evaluated
random_fire,0.01,length_only,log_area,9212,9212,5d7bb0be48293a8c4e786bf87e7586b1f3c9a7bbc422160606bd3076fd70eeb8,0.51573924486,mean_only,0.515925686651,evaluated
random_fire,0.01,length_only,log_duration,9212,9212,5d7bb0be48293a8c4e786bf87e7586b1f3c9a7bbc422160606bd3076fd70eeb8,,mean_only,,excluded_known_outcome
random_fire,0.01,length_only,shape_PC1_fold,9212,9212,5d7bb0be48293a8c4e786bf87e7586b1f3c9a7bbc422160606bd3076fd70eeb8,0.0383444110698,mean_only,0.0386009433197,evaluated
random_fire,0.01,length_only,shape_PC2_fold,9212,9212,5d7bb0be48293a8c4e786bf87e7586b1f3c9a7bbc422160606bd3076fd70eeb8,0.0571920415103,mean_only,0.0572372739166,evaluated
random_fire,0.01,length_only,shape_PC3_fold,9212,9212,5d7bb0be48293a8c4e786bf87e7586b1f3c9a7bbc422160606bd3076fd70eeb8,0.00666858260818,mean_only,0.00723075147163,evaluated
random_fire,0.01,length_plus_max,front_loaded_fraction,9212,9212,5d7bb0be48293a8c4e786bf87e7586b1f3c9a7bbc422160606bd3076fd70eeb8,0.0505108578712,mean_only,0.0506329651352,evaluated
random_fire,0.01,length_plus_max,late_growth_fraction,9212,9212,5d7bb0be48293a8c4e786bf87e7586b1f3c9a7bbc422160606bd3076fd70eeb8,0.087024697793,mean_only,0.087118727613,evaluated
random_fire,0.01,length_plus_max,peak_timing,9212,9212,5d7bb0be48293a8c4e786bf87e7586b1f3c9a7bbc422160606bd3076fd70eeb8,0.00169291811401,mean_only,0.00204720448876,evaluated
random_fire,0.01,length_plus_max,terminal_taper_fraction,9212,9212,5d7bb0be48293a8c4e786bf87e7586b1f3c9a7bbc422160606bd3076fd70eeb8,0.209330252434,mean_only,0.209469758361,evaluated
random_fire,0.01,length_plus_max,normalized_entropy,9212,9212,5d7bb0be48293a8c4e786bf87e7586b1f3c9a7bbc422160606bd3076fd70eeb8,0.0782179776616,mean_only,0.0783995859432,evaluated
random_fire,0.01,length_plus_max,pulse_count,9212,9212,5d7bb0be48293a8c4e786bf87e7586b1f3c9a7bbc422160606bd3076fd70eeb8,0.191609136119,mean_only,0.191678890798,evaluated
random_fire,0.01,length_plus_max,reactivation_count,9212,9212,5d7bb0be48293a8c4e786bf87e7586b1f3c9a7bbc422160606bd3076fd70eeb8,0.167030687037,mean_only,0.167168123006,evaluated
random_fire,0.01,length_plus_max,normalized_first_difference,9212,9212,5d7bb0be48293a8c4e786bf87e7586b1f3c9a7bbc422160606bd3076fd70eeb8,0.641056547918,mean_only,0.641162971976,evaluated
random_fire,0.01,length_plus_max,normalized_second_difference,9212,9212,5d7bb0be48293a8c4e786bf87e7586b1f3c9a7bbc422160606bd3076fd70eeb8,0.572666690206,mean_only,0.572848666713,evaluated
random_fire,0.01,length_plus_max,log_area,9212,9212,5d7bb0be48293a8c4e786bf87e7586b1f3c9a7bbc422160606bd3076fd70eeb8,0.545757427436,mean_only,0.545943869226,evaluated
random_fire,0.01,length_plus_max,log_duration,9212,9212,5d7bb0be48293a8c4e786bf87e7586b1f3c9a7bbc422160606bd3076fd70eeb8,,mean_only,,excluded_known_outcome
random_fire,0.01,length_plus_max,shape_PC1_fold,9212,9212,5d7bb0be48293a8c4e786bf87e7586b1f3c9a7bbc422160606bd3076fd70eeb8,0.0572509739161,mean_only,0.057507506166,evaluated
random_fire,0.01,length_plus_max,shape_PC2_fold,9212,9212,5d7bb0be48293a8c4e786bf87e7586b1f3c9a7bbc422160606bd3076fd70eeb8,0.0591069189044,mean_only,0.0591521513107,evaluated
random_fire,0.01,length_plus_max,shape_PC3_fold,9212,9212,5d7bb0be48293a8c4e786bf87e7586b1f3c9a7bbc422160606bd3076fd70eeb8,0.00933465216153,mean_only,0.00989682102497,evaluated
random_fire,0.01,length_plus_core,front_loaded_fraction,9212,9212,5d7bb0be48293a8c4e786bf87e7586b1f3c9a7bbc422160606bd3076fd70eeb8,0.0501622416417,mean_only,0.0502843489057,evaluated
random_fire,0.01,length_plus_core,late_growth_fraction,9212,9212,5d7bb0be48293a8c4e786bf87e7586b1f3c9a7bbc422160606bd3076fd70eeb8,0.0931454151083,mean_only,0.0932394449282,evaluated
random_fire,0.01,length_plus_core,peak_timing,9212,9212,5d7bb0be48293a8c4e786bf87e7586b1f3c9a7bbc422160606bd3076fd70eeb8,0.00235937966293,mean_only,0.00271366603767,evaluated
random_fire,0.01,length_plus_core,terminal_taper_fraction,9212,9212,5d7bb0be48293a8c4e786bf87e7586b1f3c9a7bbc422160606bd3076fd70eeb8,0.225438170669,mean_only,0.225577676597,evaluated
random_fire,0.01,length_plus_core,normalized_entropy,9212,9212,5d7bb0be48293a8c4e786bf87e7586b1f3c9a7bbc422160606bd3076fd70eeb8,0.117362877541,mean_only,0.117544485823,evaluated
random_fire,0.01,length_plus_core,pulse_count,9212,9212,5d7bb0be48293a8c4e786bf87e7586b1f3c9a7bbc422160606bd3076fd70eeb8,0.190915723662,mean_only,0.190985478341,evaluated
random_fire,0.01,length_plus_core,reactivation_count,9212,9212,5d7bb0be48293a8c4e786bf87e7586b1f3c9a7bbc422160606bd3076fd70eeb8,0.166368890939,mean_only,0.166506326908,evaluated
random_fire,0.01,length_plus_core,normalized_first_difference,9212,9212,5d7bb0be48293a8c4e786bf87e7586b1f3c9a7bbc422160606bd3076fd70eeb8,0.649504526933,mean_only,0.649610950991,evaluated
random_fire,0.01,length_plus_core,normalized_second_difference,9212,9212,5d7bb0be48293a8c4e786bf87e7586b1f3c9a7bbc422160606bd3076fd70eeb8,0.581578776456,mean_only,0.581760752963,evaluated
random_fire,0.01,length_plus_core,log_area,9212,9212,5d7bb0be48293a8c4e786bf87e7586b1f3c9a7bbc422160606bd3076fd70eeb8,0.577744041239,mean_only,0.577930483029,evaluated
random_fire,0.01,length_plus_core,log_duration,9212,9212,5d7bb0be48293a8c4e786bf87e7586b1f3c9a7bbc422160606bd3076fd70eeb8,,mean_only,,excluded_known_outcome
random_fire,0.01,length_plus_core,shape_PC1_fold,9212,9212,5d7bb0be48293a8c4e786bf87e7586b1f3c9a7bbc422160606bd3076fd70eeb8,0.0581819727614,mean_only,0.0584385050113,evaluated
random_fire,0.01,length_plus_core,shape_PC2_fold,9212,9212,5d7bb0be48293a8c4e786bf87e7586b1f3c9a7bbc422160606bd3076fd70eeb8,0.0630580815795,mean_only,0.0631033139858,evaluated
random_fire,0.01,length_plus_core,shape_PC3_fold,9212,9212,5d7bb0be48293a8c4e786bf87e7586b1f3c9a7bbc422160606bd3076fd70eeb8,0.00905211023737,mean_only,0.00961427910082,evaluated
random_fire,0.01,length_plus_core_max,front_loaded_fraction,9212,9212,5d7bb0be48293a8c4e786bf87e7586b1f3c9a7bbc422160606bd3076fd70eeb8,0.0522769276071,mean_only,0.0523990348711,evaluated
random_fire,0.01,length_plus_core_max,late_growth_fraction,9212,9212,5d7bb0be48293a8c4e786bf87e7586b1f3c9a7bbc422160606bd3076fd70eeb8,0.0939622013248,mean_only,0.0940562311448,evaluated
random_fire,0.01,length_plus_core_max,peak_timing,9212,9212,5d7bb0be48293a8c4e786bf87e7586b1f3c9a7bbc422160606bd3076fd70eeb8,0.00226399510142,mean_only,0.00261828147616,evaluated
random_fire,0.01,length_plus_core_max,terminal_taper_fraction,9212,9212,5d7bb0be48293a8c4e786bf87e7586b1f3c9a7bbc422160606bd3076fd70eeb8,0.22594930655,mean_only,0.226088812478,evaluated
random_fire,0.01,length_plus_core_max,normalized_entropy,9212,9212,5d7bb0be48293a8c4e786bf87e7586b1f3c9a7bbc422160606bd3076fd70eeb8,0.121110745062,mean_only,0.121292353344,evaluated
random_fire,0.01,length_plus_core_max,pulse_count,9212,9212,5d7bb0be48293a8c4e786bf87e7586b1f3c9a7bbc422160606bd3076fd70eeb8,0.194508627642,mean_only,0.194578382322,evaluated
random_fire,0.01,length_plus_core_max,reactivation_count,9212,9212,5d7bb0be48293a8c4e786bf87e7586b1f3c9a7bbc422160606bd3076fd70eeb8,0.166631554017,mean_only,0.166768989986,evaluated
random_fire,0.01,length_plus_core_max,normalized_first_difference,9212,9212,5d7bb0be48293a8c4e786bf87e7586b1f3c9a7bbc422160606bd3076fd70eeb8,0.651610130999,mean_only,0.651716555057,evaluated
random_fire,0.01,length_plus_core_max,normalized_second_difference,9212,9212,5d7bb0be48293a8c4e786bf87e7586b1f3c9a7bbc422160606bd3076fd70eeb8,0.583429444744,mean_only,0.583611421251,evaluated
random_fire,0.01,length_plus_core_max,log_area,9212,9212,5d7bb0be48293a8c4e786bf87e7586b1f3c9a7bbc422160606bd3076fd70eeb8,0.581240923773,mean_only,0.581427365564,evaluated
random_fire,0.01,length_plus_core_max,log_duration,9212,9212,5d7bb0be48293a8c4e786bf87e7586b1f3c9a7bbc422160606bd3076fd70eeb8,,mean_only,,excluded_known_outcome
random_fire,0.01,length_plus_core_max,shape_PC1_fold,9212,9212,5d7bb0be48293a8c4e786bf87e7586b1f3c9a7bbc422160606bd3076fd70eeb8,0.0601011970647,mean_only,0.0603577293145,evaluated
random_fire,0.01,length_plus_core_max,shape_PC2_fold,9212,9212,5d7bb0be48293a8c4e786bf87e7586b1f3c9a7bbc422160606bd3076fd70eeb8,0.0630756244466,mean_only,0.063120856853,evaluated
random_fire,0.01,length_plus_core_max,shape_PC3_fold,9212,9212,5d7bb0be48293a8c4e786bf87e7586b1f3c9a7bbc422160606bd3076fd70eeb8,0.0106130417525,mean_only,0.0111752106159,evaluated
random_fire,0.01,core_quantile_exceedance,front_loaded_fraction,9212,9212,5d7bb0be48293a8c4e786bf87e7586b1f3c9a7bbc422160606bd3076fd70eeb8,0.0372061450377,mean_only,0.0373282523017,evaluated
random_fire,0.01,core_quantile_exceedance,late_growth_fraction,9212,9212,5d7bb0be48293a8c4e786bf87e7586b1f3c9a7bbc422160606bd3076fd70eeb8,0.050852155056,mean_only,0.050946184876,evaluated
random_fire,0.01,core_quantile_exceedance,peak_timing,9212,9212,5d7bb0be48293a8c4e786bf87e7586b1f3c9a7bbc422160606bd3076fd70eeb8,0.00179781733055,mean_only,0.00215210370529,evaluated
random_fire,0.01,core_quantile_exceedance,terminal_taper_fraction,9212,9212,5d7bb0be48293a8c4e786bf87e7586b1f3c9a7bbc422160606bd3076fd70eeb8,0.0874056590407,mean_only,0.0875451649684,evaluated
random_fire,0.01,core_quantile_exceedance,normalized_entropy,9212,9212,5d7bb0be48293a8c4e786bf87e7586b1f3c9a7bbc422160606bd3076fd70eeb8,0.104328579376,mean_only,0.104510187658,evaluated
random_fire,0.01,core_quantile_exceedance,pulse_count,9212,9212,5d7bb0be48293a8c4e786bf87e7586b1f3c9a7bbc422160606bd3076fd70eeb8,0.0151238508248,mean_only,0.0151936055044,evaluated
random_fire,0.01,core_quantile_exceedance,reactivation_count,9212,9212,5d7bb0be48293a8c4e786bf87e7586b1f3c9a7bbc422160606bd3076fd70eeb8,0.0168792722419,mean_only,0.017016708211,evaluated
random_fire,0.01,core_quantile_exceedance,normalized_first_difference,9212,9212,5d7bb0be48293a8c4e786bf87e7586b1f3c9a7bbc422160606bd3076fd70eeb8,0.177570148472,mean_only,0.17767657253,evaluated
random_fire,0.01,core_quantile_exceedance,normalized_second_difference,9212,9212,5d7bb0be48293a8c4e786bf87e7586b1f3c9a7bbc422160606bd3076fd70eeb8,0.163352210613,mean_only,0.16353418712,evaluated
random_fire,0.01,core_quantile_exceedance,log_area,9212,9212,5d7bb0be48293a8c4e786bf87e7586b1f3c9a7bbc422160606bd3076fd70eeb8,0.227317419513,mean_only,0.227503861304,evaluated
random_fire,0.01,core_quantile_exceedance,log_duration,9212,9212,5d7bb0be48293a8c4e786bf87e7586b1f3c9a7bbc422160606bd3076fd70eeb8,0.182900967212,mean_only,0.183268143461,evaluated
random_fire,0.01,core_quantile_exceedance,shape_PC1_fold,9212,9212,5d7bb0be48293a8c4e786bf87e7586b1f3c9a7bbc422160606bd3076fd70eeb8,0.0405560082985,mean_only,0.0408125405483,evaluated
random_fire,0.01,core_quantile_exceedance,shape_PC2_fold,9212,9212,5d7bb0be48293a8c4e786bf87e7586b1f3c9a7bbc422160606bd3076fd70eeb8,0.0238332696961,mean_only,0.0238785021024,evaluated
random_fire,0.01,core_quantile_exceedance,shape_PC3_fold,9212,9212,5d7bb0be48293a8c4e786bf87e7586b1f3c9a7bbc422160606bd3076fd70eeb8,0.00845365733495,mean_only,0.0090158261984,evaluated
random_fire,1,mean_only,front_loaded_fraction,9212,9212,5d7bb0be48293a8c4e786bf87e7586b1f3c9a7bbc422160606bd3076fd70eeb8,-0.000122107263983,mean_only,0,evaluated
random_fire,1,mean_only,late_growth_fraction,9212,9212,5d7bb0be48293a8c4e786bf87e7586b1f3c9a7bbc422160606bd3076fd70eeb8,-9.40298199499e-05,mean_only,0,evaluated
random_fire,1,mean_only,peak_timing,9212,9212,5d7bb0be48293a8c4e786bf87e7586b1f3c9a7bbc422160606bd3076fd70eeb8,-0.000354286374741,mean_only,0,evaluated
random_fire,1,mean_only,terminal_taper_fraction,9212,9212,5d7bb0be48293a8c4e786bf87e7586b1f3c9a7bbc422160606bd3076fd70eeb8,-0.000139505927744,mean_only,0,evaluated
random_fire,1,mean_only,normalized_entropy,9212,9212,5d7bb0be48293a8c4e786bf87e7586b1f3c9a7bbc422160606bd3076fd70eeb8,-0.000181608281554,mean_only,0,evaluated
random_fire,1,mean_only,pulse_count,9212,9212,5d7bb0be48293a8c4e786bf87e7586b1f3c9a7bbc422160606bd3076fd70eeb8,-6.97546796544e-05,mean_only,0,evaluated
random_fire,1,mean_only,reactivation_count,9212,9212,5d7bb0be48293a8c4e786bf87e7586b1f3c9a7bbc422160606bd3076fd70eeb8,-0.000137435969118,mean_only,0,evaluated
random_fire,1,mean_only,normalized_first_difference,9212,9212,5d7bb0be48293a8c4e786bf87e7586b1f3c9a7bbc422160606bd3076fd70eeb8,-0.000106424058122,mean_only,0,evaluated
random_fire,1,mean_only,normalized_second_difference,9212,9212,5d7bb0be48293a8c4e786bf87e7586b1f3c9a7bbc422160606bd3076fd70eeb8,-0.000181976506924,mean_only,0,evaluated
random_fire,1,mean_only,log_area,9212,9212,5d7bb0be48293a8c4e786bf87e7586b1f3c9a7bbc422160606bd3076fd70eeb8,-0.000186441790784,mean_only,0,evaluated
random_fire,1,mean_only,log_duration,9212,9212,5d7bb0be48293a8c4e786bf87e7586b1f3c9a7bbc422160606bd3076fd70eeb8,-0.000367176249042,mean_only,0,evaluated
random_fire,1,mean_only,shape_PC1_fold,9212,9212,5d7bb0be48293a8c4e786bf87e7586b1f3c9a7bbc422160606bd3076fd70eeb8,-0.000256532249847,mean_only,0,evaluated
random_fire,1,mean_only,shape_PC2_fold,9212,9212,5d7bb0be48293a8c4e786bf87e7586b1f3c9a7bbc422160606bd3076fd70eeb8,-4.52324063351e-05,mean_only,0,evaluated
random_fire,1,mean_only,shape_PC3_fold,9212,9212,5d7bb0be48293a8c4e786bf87e7586b1f3c9a7bbc422160606bd3076fd70eeb8,-0.000562168863445,mean_only,0,evaluated
random_fire,1,core_means,front_loaded_fraction,9212,9212,5d7bb0be48293a8c4e786bf87e7586b1f3c9a7bbc422160606bd3076fd70eeb8,0.0249476596106,mean_only,0.0250697668746,evaluated
random_fire,1,core_means,late_growth_fraction,9212,9212,5d7bb0be48293a8c4e786bf87e7586b1f3c9a7bbc422160606bd3076fd70eeb8,0.0332261818749,mean_only,0.0333202116949,evaluated
random_fire,1,core_means,peak_timing,9212,9212,5d7bb0be48293a8c4e786bf87e7586b1f3c9a7bbc422160606bd3076fd70eeb8,0.00237260710984,mean_only,0.00272689348458,evaluated
random_fire,1,core_means,terminal_taper_fraction,9212,9212,5d7bb0be48293a8c4e786bf87e7586b1f3c9a7bbc422160606bd3076fd70eeb8,0.0474802519489,mean_only,0.0476197578767,evaluated
random_fire,1,core_means,normalized_entropy,9212,9212,5d7bb0be48293a8c4e786bf87e7586b1f3c9a7bbc422160606bd3076fd70eeb8,0.0858092250688,mean_only,0.0859908333503,evaluated
random_fire,1,core_means,pulse_count,9212,9212,5d7bb0be48293a8c4e786bf87e7586b1f3c9a7bbc422160606bd3076fd70eeb8,0.00220325810118,mean_only,0.00227301278084,evaluated
random_fire,1,core_means,reactivation_count,9212,9212,5d7bb0be48293a8c4e786bf87e7586b1f3c9a7bbc422160606bd3076fd70eeb8,-2.69413100553e-05,mean_only,0.000110494659062,evaluated
random_fire,1,core_means,normalized_first_difference,9212,9212,5d7bb0be48293a8c4e786bf87e7586b1f3c9a7bbc422160606bd3076fd70eeb8,0.0539905778387,mean_only,0.0540970018968,evaluated
random_fire,1,core_means,normalized_second_difference,9212,9212,5d7bb0be48293a8c4e786bf87e7586b1f3c9a7bbc422160606bd3076fd70eeb8,0.0494964752281,mean_only,0.049678451735,evaluated
random_fire,1,core_means,log_area,9212,9212,5d7bb0be48293a8c4e786bf87e7586b1f3c9a7bbc422160606bd3076fd70eeb8,0.116878416178,mean_only,0.117064857968,evaluated
random_fire,1,core_means,log_duration,9212,9212,5d7bb0be48293a8c4e786bf87e7586b1f3c9a7bbc422160606bd3076fd70eeb8,0.0243037991215,mean_only,0.0246709753706,evaluated
random_fire,1,core_means,shape_PC1_fold,9212,9212,5d7bb0be48293a8c4e786bf87e7586b1f3c9a7bbc422160606bd3076fd70eeb8,0.0276395666824,mean_only,0.0278960989323,evaluated
random_fire,1,core_means,shape_PC2_fold,9212,9212,5d7bb0be48293a8c4e786bf87e7586b1f3c9a7bbc422160606bd3076fd70eeb8,0.0116893534302,mean_only,0.0117345858366,evaluated
random_fire,1,core_means,shape_PC3_fold,9212,9212,5d7bb0be48293a8c4e786bf87e7586b1f3c9a7bbc422160606bd3076fd70eeb8,0.00331662014477,mean_only,0.00387878900822,evaluated
random_fire,1,max_vpd_only,front_loaded_fraction,9212,9212,5d7bb0be48293a8c4e786bf87e7586b1f3c9a7bbc422160606bd3076fd70eeb8,0.0304102048952,mean_only,0.0305323121592,evaluated
random_fire,1,max_vpd_only,late_growth_fraction,9212,9212,5d7bb0be48293a8c4e786bf87e7586b1f3c9a7bbc422160606bd3076fd70eeb8,0.0347817605088,mean_only,0.0348757903287,evaluated
random_fire,1,max_vpd_only,peak_timing,9212,9212,5d7bb0be48293a8c4e786bf87e7586b1f3c9a7bbc422160606bd3076fd70eeb8,0.00178767422233,mean_only,0.00214196059707,evaluated
random_fire,1,max_vpd_only,terminal_taper_fraction,9212,9212,5d7bb0be48293a8c4e786bf87e7586b1f3c9a7bbc422160606bd3076fd70eeb8,0.0445363373215,mean_only,0.0446758432493,evaluated
random_fire,1,max_vpd_only,normalized_entropy,9212,9212,5d7bb0be48293a8c4e786bf87e7586b1f3c9a7bbc422160606bd3076fd70eeb8,0.0520094118262,mean_only,0.0521910201078,evaluated
random_fire,1,max_vpd_only,pulse_count,9212,9212,5d7bb0be48293a8c4e786bf87e7586b1f3c9a7bbc422160606bd3076fd70eeb8,-0.00015154860313,mean_only,-8.17939234758e-05,evaluated
random_fire,1,max_vpd_only,reactivation_count,9212,9212,5d7bb0be48293a8c4e786bf87e7586b1f3c9a7bbc422160606bd3076fd70eeb8,0.00273803859666,mean_only,0.00287547456578,evaluated
random_fire,1,max_vpd_only,normalized_first_difference,9212,9212,5d7bb0be48293a8c4e786bf87e7586b1f3c9a7bbc422160606bd3076fd70eeb8,0.073089897146,mean_only,0.0731963212041,evaluated
random_fire,1,max_vpd_only,normalized_second_difference,9212,9212,5d7bb0be48293a8c4e786bf87e7586b1f3c9a7bbc422160606bd3076fd70eeb8,0.065483768572,mean_only,0.065665745079,evaluated
random_fire,1,max_vpd_only,log_area,9212,9212,5d7bb0be48293a8c4e786bf87e7586b1f3c9a7bbc422160606bd3076fd70eeb8,0.114299842253,mean_only,0.114486284044,evaluated
random_fire,1,max_vpd_only,log_duration,9212,9212,5d7bb0be48293a8c4e786bf87e7586b1f3c9a7bbc422160606bd3076fd70eeb8,0.0555665199803,mean_only,0.0559336962293,evaluated
random_fire,1,max_vpd_only,shape_PC1_fold,9212,9212,5d7bb0be48293a8c4e786bf87e7586b1f3c9a7bbc422160606bd3076fd70eeb8,0.0323997766882,mean_only,0.032656308938,evaluated
random_fire,1,max_vpd_only,shape_PC2_fold,9212,9212,5d7bb0be48293a8c4e786bf87e7586b1f3c9a7bbc422160606bd3076fd70eeb8,0.0108444185466,mean_only,0.0108896509529,evaluated
random_fire,1,max_vpd_only,shape_PC3_fold,9212,9212,5d7bb0be48293a8c4e786bf87e7586b1f3c9a7bbc422160606bd3076fd70eeb8,0.00455070694267,mean_only,0.00511287580612,evaluated
random_fire,1,core_plus_max,front_loaded_fraction,9212,9212,5d7bb0be48293a8c4e786bf87e7586b1f3c9a7bbc422160606bd3076fd70eeb8,0.0376474302846,mean_only,0.0377695375485,evaluated
random_fire,1,core_plus_max,late_growth_fraction,9212,9212,5d7bb0be48293a8c4e786bf87e7586b1f3c9a7bbc422160606bd3076fd70eeb8,0.0516004580097,mean_only,0.0516944878296,evaluated
random_fire,1,core_plus_max,peak_timing,9212,9212,5d7bb0be48293a8c4e786bf87e7586b1f3c9a7bbc422160606bd3076fd70eeb8,0.00237215322968,mean_only,0.00272643960442,evaluated
random_fire,1,core_plus_max,terminal_taper_fraction,9212,9212,5d7bb0be48293a8c4e786bf87e7586b1f3c9a7bbc422160606bd3076fd70eeb8,0.0917506265757,mean_only,0.0918901325035,evaluated
random_fire,1,core_plus_max,normalized_entropy,9212,9212,5d7bb0be48293a8c4e786bf87e7586b1f3c9a7bbc422160606bd3076fd70eeb8,0.10427429172,mean_only,0.104455900002,evaluated
random_fire,1,core_plus_max,pulse_count,9212,9212,5d7bb0be48293a8c4e786bf87e7586b1f3c9a7bbc422160606bd3076fd70eeb8,0.0213381639266,mean_only,0.0214079186063,evaluated
random_fire,1,core_plus_max,reactivation_count,9212,9212,5d7bb0be48293a8c4e786bf87e7586b1f3c9a7bbc422160606bd3076fd70eeb8,0.0269686137745,mean_only,0.0271060497436,evaluated
random_fire,1,core_plus_max,normalized_first_difference,9212,9212,5d7bb0be48293a8c4e786bf87e7586b1f3c9a7bbc422160606bd3076fd70eeb8,0.202197201041,mean_only,0.202303625099,evaluated
random_fire,1,core_plus_max,normalized_second_difference,9212,9212,5d7bb0be48293a8c4e786bf87e7586b1f3c9a7bbc422160606bd3076fd70eeb8,0.182303308404,mean_only,0.182485284911,evaluated
random_fire,1,core_plus_max,log_area,9212,9212,5d7bb0be48293a8c4e786bf87e7586b1f3c9a7bbc422160606bd3076fd70eeb8,0.244172378317,mean_only,0.244358820107,evaluated
random_fire,1,core_plus_max,log_duration,9212,9212,5d7bb0be48293a8c4e786bf87e7586b1f3c9a7bbc422160606bd3076fd70eeb8,0.217301276519,mean_only,0.217668452768,evaluated
random_fire,1,core_plus_max,shape_PC1_fold,9212,9212,5d7bb0be48293a8c4e786bf87e7586b1f3c9a7bbc422160606bd3076fd70eeb8,0.0415040872961,mean_only,0.0417606195459,evaluated
random_fire,1,core_plus_max,shape_PC2_fold,9212,9212,5d7bb0be48293a8c4e786bf87e7586b1f3c9a7bbc422160606bd3076fd70eeb8,0.0238602970472,mean_only,0.0239055294535,evaluated
random_fire,1,core_plus_max,shape_PC3_fold,9212,9212,5d7bb0be48293a8c4e786bf87e7586b1f3c9a7bbc422160606bd3076fd70eeb8,0.00820994062894,mean_only,0.00877210949238,evaluated
random_fire,1,comprehensive_means,front_loaded_fraction,9212,9212,5d7bb0be48293a8c4e786bf87e7586b1f3c9a7bbc422160606bd3076fd70eeb8,0.0448568134308,mean_only,0.0449789206948,evaluated
random_fire,1,comprehensive_means,late_growth_fraction,9212,9212,5d7bb0be48293a8c4e786bf87e7586b1f3c9a7bbc422160606bd3076fd70eeb8,0.0516683082275,mean_only,0.0517623380475,evaluated
random_fire,1,comprehensive_means,peak_timing,9212,9212,5d7bb0be48293a8c4e786bf87e7586b1f3c9a7bbc422160606bd3076fd70eeb8,0.00300651996921,mean_only,0.00336080634396,evaluated
random_fire,1,comprehensive_means,terminal_taper_fraction,9212,9212,5d7bb0be48293a8c4e786bf87e7586b1f3c9a7bbc422160606bd3076fd70eeb8,0.0776982463734,mean_only,0.0778377523011,evaluated
random_fire,1,comprehensive_means,normalized_entropy,9212,9212,5d7bb0be48293a8c4e786bf87e7586b1f3c9a7bbc422160606bd3076fd70eeb8,0.132180419659,mean_only,0.132362027941,evaluated
random_fire,1,comprehensive_means,pulse_count,9212,9212,5d7bb0be48293a8c4e786bf87e7586b1f3c9a7bbc422160606bd3076fd70eeb8,0.00353939781183,mean_only,0.00360915249148,evaluated
random_fire,1,comprehensive_means,reactivation_count,9212,9212,5d7bb0be48293a8c4e786bf87e7586b1f3c9a7bbc422160606bd3076fd70eeb8,0.00600538804354,mean_only,0.00614282401266,evaluated
random_fire,1,comprehensive_means,normalized_first_difference,9212,9212,5d7bb0be48293a8c4e786bf87e7586b1f3c9a7bbc422160606bd3076fd70eeb8,0.120259644765,mean_only,0.120366068823,evaluated
random_fire,1,comprehensive_means,normalized_second_difference,9212,9212,5d7bb0be48293a8c4e786bf87e7586b1f3c9a7bbc422160606bd3076fd70eeb8,0.108207103402,mean_only,0.108389079908,evaluated
random_fire,1,comprehensive_means,log_area,9212,9212,5d7bb0be48293a8c4e786bf87e7586b1f3c9a7bbc422160606bd3076fd70eeb8,0.216885293969,mean_only,0.217071735759,evaluated
random_fire,1,comprehensive_means,log_duration,9212,9212,5d7bb0be48293a8c4e786bf87e7586b1f3c9a7bbc422160606bd3076fd70eeb8,0.0782996048465,mean_only,0.0786667810955,evaluated
random_fire,1,comprehensive_means,shape_PC1_fold,9212,9212,5d7bb0be48293a8c4e786bf87e7586b1f3c9a7bbc422160606bd3076fd70eeb8,0.0464933536046,mean_only,0.0467498858545,evaluated
random_fire,1,comprehensive_means,shape_PC2_fold,9212,9212,5d7bb0be48293a8c4e786bf87e7586b1f3c9a7bbc422160606bd3076fd70eeb8,0.0196594370338,mean_only,0.0197046694401,evaluated
random_fire,1,comprehensive_means,shape_PC3_fold,9212,9212,5d7bb0be48293a8c4e786bf87e7586b1f3c9a7bbc422160606bd3076fd70eeb8,0.00739210852317,mean_only,0.00795427738662,evaluated
random_fire,1,comprehensive_plus_max,front_loaded_fraction,9212,9212,5d7bb0be48293a8c4e786bf87e7586b1f3c9a7bbc422160606bd3076fd70eeb8,0.0532232406964,mean_only,0.0533453479604,evaluated
random_fire,1,comprehensive_plus_max,late_growth_fraction,9212,9212,5d7bb0be48293a8c4e786bf87e7586b1f3c9a7bbc422160606bd3076fd70eeb8,0.0676735429031,mean_only,0.0677675727231,evaluated
random_fire,1,comprehensive_plus_max,peak_timing,9212,9212,5d7bb0be48293a8c4e786bf87e7586b1f3c9a7bbc422160606bd3076fd70eeb8,0.00300842385664,mean_only,0.00336271023138,evaluated
random_fire,1,comprehensive_plus_max,terminal_taper_fraction,9212,9212,5d7bb0be48293a8c4e786bf87e7586b1f3c9a7bbc422160606bd3076fd70eeb8,0.115755114605,mean_only,0.115894620532,evaluated
random_fire,1,comprehensive_plus_max,normalized_entropy,9212,9212,5d7bb0be48293a8c4e786bf87e7586b1f3c9a7bbc422160606bd3076fd70eeb8,0.14344454169,mean_only,0.143626149972,evaluated
random_fire,1,comprehensive_plus_max,pulse_count,9212,9212,5d7bb0be48293a8c4e786bf87e7586b1f3c9a7bbc422160606bd3076fd70eeb8,0.0231261134551,mean_only,0.0231958681348,evaluated
random_fire,1,comprehensive_plus_max,reactivation_count,9212,9212,5d7bb0be48293a8c4e786bf87e7586b1f3c9a7bbc422160606bd3076fd70eeb8,0.0306862156916,mean_only,0.0308236516607,evaluated
random_fire,1,comprehensive_plus_max,normalized_first_difference,9212,9212,5d7bb0be48293a8c4e786bf87e7586b1f3c9a7bbc422160606bd3076fd70eeb8,0.247206587631,mean_only,0.247313011689,evaluated
random_fire,1,comprehensive_plus_max,normalized_second_difference,9212,9212,5d7bb0be48293a8c4e786bf87e7586b1f3c9a7bbc422160606bd3076fd70eeb8,0.221943735373,mean_only,0.22212571188,evaluated
random_fire,1,comprehensive_plus_max,log_area,9212,9212,5d7bb0be48293a8c4e786bf87e7586b1f3c9a7bbc422160606bd3076fd70eeb8,0.322984125323,mean_only,0.323170567114,evaluated
random_fire,1,comprehensive_plus_max,log_duration,9212,9212,5d7bb0be48293a8c4e786bf87e7586b1f3c9a7bbc422160606bd3076fd70eeb8,0.253823763093,mean_only,0.254190939342,evaluated
random_fire,1,comprehensive_plus_max,shape_PC1_fold,9212,9212,5d7bb0be48293a8c4e786bf87e7586b1f3c9a7bbc422160606bd3076fd70eeb8,0.0563194285388,mean_only,0.0565759607886,evaluated
random_fire,1,comprehensive_plus_max,shape_PC2_fold,9212,9212,5d7bb0be48293a8c4e786bf87e7586b1f3c9a7bbc422160606bd3076fd70eeb8,0.0332605016054,mean_only,0.0333057340117,evaluated
random_fire,1,comprehensive_plus_max,shape_PC3_fold,9212,9212,5d7bb0be48293a8c4e786bf87e7586b1f3c9a7bbc422160606bd3076fd70eeb8,0.0103163959573,mean_only,0.0108785648207,evaluated
random_fire,1,length_only,front_loaded_fraction,9212,9212,5d7bb0be48293a8c4e786bf87e7586b1f3c9a7bbc422160606bd3076fd70eeb8,0.0322599757058,mean_only,0.0323820829697,evaluated
random_fire,1,length_only,late_growth_fraction,9212,9212,5d7bb0be48293a8c4e786bf87e7586b1f3c9a7bbc422160606bd3076fd70eeb8,0.0708710708715,mean_only,0.0709651006914,evaluated
random_fire,1,length_only,peak_timing,9212,9212,5d7bb0be48293a8c4e786bf87e7586b1f3c9a7bbc422160606bd3076fd70eeb8,-0.000271767531012,mean_only,8.25188437297e-05,evaluated
random_fire,1,length_only,terminal_taper_fraction,9212,9212,5d7bb0be48293a8c4e786bf87e7586b1f3c9a7bbc422160606bd3076fd70eeb8,0.197495856451,mean_only,0.197635362379,evaluated
random_fire,1,length_only,normalized_entropy,9212,9212,5d7bb0be48293a8c4e786bf87e7586b1f3c9a7bbc422160606bd3076fd70eeb8,0.0445128730684,mean_only,0.04469448135,evaluated
random_fire,1,length_only,pulse_count,9212,9212,5d7bb0be48293a8c4e786bf87e7586b1f3c9a7bbc422160606bd3076fd70eeb8,0.18043329004,mean_only,0.180503044719,evaluated
random_fire,1,length_only,reactivation_count,9212,9212,5d7bb0be48293a8c4e786bf87e7586b1f3c9a7bbc422160606bd3076fd70eeb8,0.165135858666,mean_only,0.165273294635,evaluated
random_fire,1,length_only,normalized_first_difference,9212,9212,5d7bb0be48293a8c4e786bf87e7586b1f3c9a7bbc422160606bd3076fd70eeb8,0.633962974881,mean_only,0.634069398939,evaluated
random_fire,1,length_only,normalized_second_difference,9212,9212,5d7bb0be48293a8c4e786bf87e7586b1f3c9a7bbc422160606bd3076fd70eeb8,0.566207775006,mean_only,0.566389751513,evaluated
random_fire,1,length_only,log_area,9212,9212,5d7bb0be48293a8c4e786bf87e7586b1f3c9a7bbc422160606bd3076fd70eeb8,0.515739249145,mean_only,0.515925690936,evaluated
random_fire,1,length_only,log_duration,9212,9212,5d7bb0be48293a8c4e786bf87e7586b1f3c9a7bbc422160606bd3076fd70eeb8,,mean_only,,excluded_known_outcome
random_fire,1,length_only,shape_PC1_fold,9212,9212,5d7bb0be48293a8c4e786bf87e7586b1f3c9a7bbc422160606bd3076fd70eeb8,0.0383444164515,mean_only,0.0386009487013,evaluated
random_fire,1,length_only,shape_PC2_fold,9212,9212,5d7bb0be48293a8c4e786bf87e7586b1f3c9a7bbc422160606bd3076fd70eeb8,0.0571920654059,mean_only,0.0572372978122,evaluated
random_fire,1,length_only,shape_PC3_fold,9212,9212,5d7bb0be48293a8c4e786bf87e7586b1f3c9a7bbc422160606bd3076fd70eeb8,0.00666859194657,mean_only,0.00723076081001,evaluated
random_fire,1,length_plus_max,front_loaded_fraction,9212,9212,5d7bb0be48293a8c4e786bf87e7586b1f3c9a7bbc422160606bd3076fd70eeb8,0.0505109574537,mean_only,0.0506330647177,evaluated
random_fire,1,length_plus_max,late_growth_fraction,9212,9212,5d7bb0be48293a8c4e786bf87e7586b1f3c9a7bbc422160606bd3076fd70eeb8,0.0870247436268,mean_only,0.0871187734467,evaluated
random_fire,1,length_plus_max,peak_timing,9212,9212,5d7bb0be48293a8c4e786bf87e7586b1f3c9a7bbc422160606bd3076fd70eeb8,0.0016930002269,mean_only,0.00204728660164,evaluated
random_fire,1,length_plus_max,terminal_taper_fraction,9212,9212,5d7bb0be48293a8c4e786bf87e7586b1f3c9a7bbc422160606bd3076fd70eeb8,0.209330293209,mean_only,0.209469799137,evaluated
random_fire,1,length_plus_max,normalized_entropy,9212,9212,5d7bb0be48293a8c4e786bf87e7586b1f3c9a7bbc422160606bd3076fd70eeb8,0.0782179866212,mean_only,0.0783995949028,evaluated
random_fire,1,length_plus_max,pulse_count,9212,9212,5d7bb0be48293a8c4e786bf87e7586b1f3c9a7bbc422160606bd3076fd70eeb8,0.191609177547,mean_only,0.191678932227,evaluated
random_fire,1,length_plus_max,reactivation_count,9212,9212,5d7bb0be48293a8c4e786bf87e7586b1f3c9a7bbc422160606bd3076fd70eeb8,0.167030740659,mean_only,0.167168176628,evaluated
random_fire,1,length_plus_max,normalized_first_difference,9212,9212,5d7bb0be48293a8c4e786bf87e7586b1f3c9a7bbc422160606bd3076fd70eeb8,0.641056585095,mean_only,0.641163009153,evaluated
random_fire,1,length_plus_max,normalized_second_difference,9212,9212,5d7bb0be48293a8c4e786bf87e7586b1f3c9a7bbc422160606bd3076fd70eeb8,0.572666722975,mean_only,0.572848699482,evaluated
random_fire,1,length_plus_max,log_area,9212,9212,5d7bb0be48293a8c4e786bf87e7586b1f3c9a7bbc422160606bd3076fd70eeb8,0.545757436671,mean_only,0.545943878461,evaluated
random_fire,1,length_plus_max,log_duration,9212,9212,5d7bb0be48293a8c4e786bf87e7586b1f3c9a7bbc422160606bd3076fd70eeb8,,mean_only,,excluded_known_outcome
random_fire,1,length_plus_max,shape_PC1_fold,9212,9212,5d7bb0be48293a8c4e786bf87e7586b1f3c9a7bbc422160606bd3076fd70eeb8,0.057251037696,mean_only,0.0575075699459,evaluated
random_fire,1,length_plus_max,shape_PC2_fold,9212,9212,5d7bb0be48293a8c4e786bf87e7586b1f3c9a7bbc422160606bd3076fd70eeb8,0.0591070957727,mean_only,0.059152328179,evaluated
random_fire,1,length_plus_max,shape_PC3_fold,9212,9212,5d7bb0be48293a8c4e786bf87e7586b1f3c9a7bbc422160606bd3076fd70eeb8,0.0093347036835,mean_only,0.00989687254695,evaluated
random_fire,1,length_plus_core,front_loaded_fraction,9212,9212,5d7bb0be48293a8c4e786bf87e7586b1f3c9a7bbc422160606bd3076fd70eeb8,0.0501634146917,mean_only,0.0502855219557,evaluated
random_fire,1,length_plus_core,late_growth_fraction,9212,9212,5d7bb0be48293a8c4e786bf87e7586b1f3c9a7bbc422160606bd3076fd70eeb8,0.0931460273114,mean_only,0.0932400571314,evaluated
random_fire,1,length_plus_core,peak_timing,9212,9212,5d7bb0be48293a8c4e786bf87e7586b1f3c9a7bbc422160606bd3076fd70eeb8,0.0023598600516,mean_only,0.00271414642634,evaluated
random_fire,1,length_plus_core,terminal_taper_fraction,9212,9212,5d7bb0be48293a8c4e786bf87e7586b1f3c9a7bbc422160606bd3076fd70eeb8,0.225438891315,mean_only,0.225578397242,evaluated
random_fire,1,length_plus_core,normalized_entropy,9212,9212,5d7bb0be48293a8c4e786bf87e7586b1f3c9a7bbc422160606bd3076fd70eeb8,0.117364953613,mean_only,0.117546561895,evaluated
random_fire,1,length_plus_core,pulse_count,9212,9212,5d7bb0be48293a8c4e786bf87e7586b1f3c9a7bbc422160606bd3076fd70eeb8,0.1909169509,mean_only,0.190986705579,evaluated
random_fire,1,length_plus_core,reactivation_count,9212,9212,5d7bb0be48293a8c4e786bf87e7586b1f3c9a7bbc422160606bd3076fd70eeb8,0.166369469553,mean_only,0.166506905522,evaluated
random_fire,1,length_plus_core,normalized_first_difference,9212,9212,5d7bb0be48293a8c4e786bf87e7586b1f3c9a7bbc422160606bd3076fd70eeb8,0.649504720783,mean_only,0.649611144841,evaluated
random_fire,1,length_plus_core,normalized_second_difference,9212,9212,5d7bb0be48293a8c4e786bf87e7586b1f3c9a7bbc422160606bd3076fd70eeb8,0.58157895926,mean_only,0.581760935767,evaluated
random_fire,1,length_plus_core,log_area,9212,9212,5d7bb0be48293a8c4e786bf87e7586b1f3c9a7bbc422160606bd3076fd70eeb8,0.577744802073,mean_only,0.577931243863,evaluated
random_fire,1,length_plus_core,log_duration,9212,9212,5d7bb0be48293a8c4e786bf87e7586b1f3c9a7bbc422160606bd3076fd70eeb8,,mean_only,,excluded_known_outcome
random_fire,1,length_plus_core,shape_PC1_fold,9212,9212,5d7bb0be48293a8c4e786bf87e7586b1f3c9a7bbc422160606bd3076fd70eeb8,0.0581828445744,mean_only,0.0584393768242,evaluated
random_fire,1,length_plus_core,shape_PC2_fold,9212,9212,5d7bb0be48293a8c4e786bf87e7586b1f3c9a7bbc422160606bd3076fd70eeb8,0.0630592004087,mean_only,0.0631044328151,evaluated
random_fire,1,length_plus_core,shape_PC3_fold,9212,9212,5d7bb0be48293a8c4e786bf87e7586b1f3c9a7bbc422160606bd3076fd70eeb8,0.00905267152581,mean_only,0.00961484038926,evaluated
random_fire,1,length_plus_core_max,front_loaded_fraction,9212,9212,5d7bb0be48293a8c4e786bf87e7586b1f3c9a7bbc422160606bd3076fd70eeb8,0.0522782272504,mean_only,0.0524003345144,evaluated
random_fire,1,length_plus_core_max,late_growth_fraction,9212,9212,5d7bb0be48293a8c4e786bf87e7586b1f3c9a7bbc422160606bd3076fd70eeb8,0.0939631283644,mean_only,0.0940571581843,evaluated
random_fire,1,length_plus_core_max,peak_timing,9212,9212,5d7bb0be48293a8c4e786bf87e7586b1f3c9a7bbc422160606bd3076fd70eeb8,0.00226520530989,mean_only,0.00261949168463,evaluated
random_fire,1,length_plus_core_max,terminal_taper_fraction,9212,9212,5d7bb0be48293a8c4e786bf87e7586b1f3c9a7bbc422160606bd3076fd70eeb8,0.225950781891,mean_only,0.226090287819,evaluated
random_fire,1,length_plus_core_max,normalized_entropy,9212,9212,5d7bb0be48293a8c4e786bf87e7586b1f3c9a7bbc422160606bd3076fd70eeb8,0.121114823476,mean_only,0.121296431757,evaluated
random_fire,1,length_plus_core_max,pulse_count,9212,9212,5d7bb0be48293a8c4e786bf87e7586b1f3c9a7bbc422160606bd3076fd70eeb8,0.194510730753,mean_only,0.194580485432,evaluated
random_fire,1,length_plus_core_max,reactivation_count,9212,9212,5d7bb0be48293a8c4e786bf87e7586b1f3c9a7bbc422160606bd3076fd70eeb8,0.166632568027,mean_only,0.166770003996,evaluated
random_fire,1,length_plus_core_max,normalized_first_difference,9212,9212,5d7bb0be48293a8c4e786bf87e7586b1f3c9a7bbc422160606bd3076fd70eeb8,0.651610474152,mean_only,0.65171689821,evaluated
random_fire,1,length_plus_core_max,normalized_second_difference,9212,9212,5d7bb0be48293a8c4e786bf87e7586b1f3c9a7bbc422160606bd3076fd70eeb8,0.583430213347,mean_only,0.583612189854,evaluated
random_fire,1,length_plus_core_max,log_area,9212,9212,5d7bb0be48293a8c4e786bf87e7586b1f3c9a7bbc422160606bd3076fd70eeb8,0.581243203014,mean_only,0.581429644805,evaluated
random_fire,1,length_plus_core_max,log_duration,9212,9212,5d7bb0be48293a8c4e786bf87e7586b1f3c9a7bbc422160606bd3076fd70eeb8,,mean_only,,excluded_known_outcome
random_fire,1,length_plus_core_max,shape_PC1_fold,9212,9212,5d7bb0be48293a8c4e786bf87e7586b1f3c9a7bbc422160606bd3076fd70eeb8,0.0601021324011,mean_only,0.060358664651,evaluated
random_fire,1,length_plus_core_max,shape_PC2_fold,9212,9212,5d7bb0be48293a8c4e786bf87e7586b1f3c9a7bbc422160606bd3076fd70eeb8,0.0630774788797,mean_only,0.063122711286,evaluated
random_fire,1,length_plus_core_max,shape_PC3_fold,9212,9212,5d7bb0be48293a8c4e786bf87e7586b1f3c9a7bbc422160606bd3076fd70eeb8,0.0106145780118,mean_only,0.0111767468753,evaluated
random_fire,1,core_quantile_exceedance,front_loaded_fraction,9212,9212,5d7bb0be48293a8c4e786bf87e7586b1f3c9a7bbc422160606bd3076fd70eeb8,0.0372070343711,mean_only,0.0373291416351,evaluated
random_fire,1,core_quantile_exceedance,late_growth_fraction,9212,9212,5d7bb0be48293a8c4e786bf87e7586b1f3c9a7bbc422160606bd3076fd70eeb8,0.0508534698242,mean_only,0.0509474996441,evaluated
random_fire,1,core_quantile_exceedance,peak_timing,9212,9212,5d7bb0be48293a8c4e786bf87e7586b1f3c9a7bbc422160606bd3076fd70eeb8,0.00179930884052,mean_only,0.00215359521527,evaluated
random_fire,1,core_quantile_exceedance,terminal_taper_fraction,9212,9212,5d7bb0be48293a8c4e786bf87e7586b1f3c9a7bbc422160606bd3076fd70eeb8,0.0874084634584,mean_only,0.0875479693861,evaluated
random_fire,1,core_quantile_exceedance,normalized_entropy,9212,9212,5d7bb0be48293a8c4e786bf87e7586b1f3c9a7bbc422160606bd3076fd70eeb8,0.104330765291,mean_only,0.104512373572,evaluated
random_fire,1,core_quantile_exceedance,pulse_count,9212,9212,5d7bb0be48293a8c4e786bf87e7586b1f3c9a7bbc422160606bd3076fd70eeb8,0.0151251720196,mean_only,0.0151949266992,evaluated
random_fire,1,core_quantile_exceedance,reactivation_count,9212,9212,5d7bb0be48293a8c4e786bf87e7586b1f3c9a7bbc422160606bd3076fd70eeb8,0.0168822684081,mean_only,0.0170197043772,evaluated
random_fire,1,core_quantile_exceedance,normalized_first_difference,9212,9212,5d7bb0be48293a8c4e786bf87e7586b1f3c9a7bbc422160606bd3076fd70eeb8,0.177569369799,mean_only,0.177675793857,evaluated
random_fire,1,core_quantile_exceedance,normalized_second_difference,9212,9212,5d7bb0be48293a8c4e786bf87e7586b1f3c9a7bbc422160606bd3076fd70eeb8,0.163351476906,mean_only,0.163533453413,evaluated
random_fire,1,core_quantile_exceedance,log_area,9212,9212,5d7bb0be48293a8c4e786bf87e7586b1f3c9a7bbc422160606bd3076fd70eeb8,0.227316840836,mean_only,0.227503282627,evaluated
random_fire,1,core_quantile_exceedance,log_duration,9212,9212,5d7bb0be48293a8c4e786bf87e7586b1f3c9a7bbc422160606bd3076fd70eeb8,0.182903416997,mean_only,0.183270593246,evaluated
random_fire,1,core_quantile_exceedance,shape_PC1_fold,9212,9212,5d7bb0be48293a8c4e786bf87e7586b1f3c9a7bbc422160606bd3076fd70eeb8,0.0405562987032,mean_only,0.040812830953,evaluated
random_fire,1,core_quantile_exceedance,shape_PC2_fold,9212,9212,5d7bb0be48293a8c4e786bf87e7586b1f3c9a7bbc422160606bd3076fd70eeb8,0.0238372195907,mean_only,0.0238824519971,evaluated
random_fire,1,core_quantile_exceedance,shape_PC3_fold,9212,9212,5d7bb0be48293a8c4e786bf87e7586b1f3c9a7bbc422160606bd3076fd70eeb8,0.00845657535729,mean_only,0.00901874422073,evaluated
random_fire,100,mean_only,front_loaded_fraction,9212,9212,5d7bb0be48293a8c4e786bf87e7586b1f3c9a7bbc422160606bd3076fd70eeb8,-0.000122107263983,mean_only,0,evaluated
random_fire,100,mean_only,late_growth_fraction,9212,9212,5d7bb0be48293a8c4e786bf87e7586b1f3c9a7bbc422160606bd3076fd70eeb8,-9.40298199499e-05,mean_only,0,evaluated
random_fire,100,mean_only,peak_timing,9212,9212,5d7bb0be48293a8c4e786bf87e7586b1f3c9a7bbc422160606bd3076fd70eeb8,-0.000354286374741,mean_only,0,evaluated
random_fire,100,mean_only,terminal_taper_fraction,9212,9212,5d7bb0be48293a8c4e786bf87e7586b1f3c9a7bbc422160606bd3076fd70eeb8,-0.000139505927744,mean_only,0,evaluated
random_fire,100,mean_only,normalized_entropy,9212,9212,5d7bb0be48293a8c4e786bf87e7586b1f3c9a7bbc422160606bd3076fd70eeb8,-0.000181608281554,mean_only,0,evaluated
random_fire,100,mean_only,pulse_count,9212,9212,5d7bb0be48293a8c4e786bf87e7586b1f3c9a7bbc422160606bd3076fd70eeb8,-6.97546796544e-05,mean_only,0,evaluated
random_fire,100,mean_only,reactivation_count,9212,9212,5d7bb0be48293a8c4e786bf87e7586b1f3c9a7bbc422160606bd3076fd70eeb8,-0.000137435969118,mean_only,0,evaluated
random_fire,100,mean_only,normalized_first_difference,9212,9212,5d7bb0be48293a8c4e786bf87e7586b1f3c9a7bbc422160606bd3076fd70eeb8,-0.000106424058122,mean_only,0,evaluated
random_fire,100,mean_only,normalized_second_difference,9212,9212,5d7bb0be48293a8c4e786bf87e7586b1f3c9a7bbc422160606bd3076fd70eeb8,-0.000181976506924,mean_only,0,evaluated
random_fire,100,mean_only,log_area,9212,9212,5d7bb0be48293a8c4e786bf87e7586b1f3c9a7bbc422160606bd3076fd70eeb8,-0.000186441790784,mean_only,0,evaluated
random_fire,100,mean_only,log_duration,9212,9212,5d7bb0be48293a8c4e786bf87e7586b1f3c9a7bbc422160606bd3076fd70eeb8,-0.000367176249042,mean_only,0,evaluated
random_fire,100,mean_only,shape_PC1_fold,9212,9212,5d7bb0be48293a8c4e786bf87e7586b1f3c9a7bbc422160606bd3076fd70eeb8,-0.000256532249847,mean_only,0,evaluated
random_fire,100,mean_only,shape_PC2_fold,9212,9212,5d7bb0be48293a8c4e786bf87e7586b1f3c9a7bbc422160606bd3076fd70eeb8,-4.52324063351e-05,mean_only,0,evaluated
random_fire,100,mean_only,shape_PC3_fold,9212,9212,5d7bb0be48293a8c4e786bf87e7586b1f3c9a7bbc422160606bd3076fd70eeb8,-0.000562168863445,mean_only,0,evaluated
random_fire,100,core_means,front_loaded_fraction,9212,9212,5d7bb0be48293a8c4e786bf87e7586b1f3c9a7bbc422160606bd3076fd70eeb8,0.0249988513824,mean_only,0.0251209586463,evaluated
random_fire,100,core_means,late_growth_fraction,9212,9212,5d7bb0be48293a8c4e786bf87e7586b1f3c9a7bbc422160606bd3076fd70eeb8,0.0332505133051,mean_only,0.0333445431251,evaluated
random_fire,100,core_means,peak_timing,9212,9212,5d7bb0be48293a8c4e786bf87e7586b1f3c9a7bbc422160606bd3076fd70eeb8,0.00240358390546,mean_only,0.0027578702802,evaluated
random_fire,100,core_means,terminal_taper_fraction,9212,9212,5d7bb0be48293a8c4e786bf87e7586b1f3c9a7bbc422160606bd3076fd70eeb8,0.0474651179047,mean_only,0.0476046238324,evaluated
random_fire,100,core_means,normalized_entropy,9212,9212,5d7bb0be48293a8c4e786bf87e7586b1f3c9a7bbc422160606bd3076fd70eeb8,0.0858280215158,mean_only,0.0860096297974,evaluated
random_fire,100,core_means,pulse_count,9212,9212,5d7bb0be48293a8c4e786bf87e7586b1f3c9a7bbc422160606bd3076fd70eeb8,0.00227373864475,mean_only,0.0023434933244,evaluated
random_fire,100,core_means,reactivation_count,9212,9212,5d7bb0be48293a8c4e786bf87e7586b1f3c9a7bbc422160606bd3076fd70eeb8,2.84246299909e-06,mean_only,0.000140278432117,evaluated
random_fire,100,core_means,normalized_first_difference,9212,9212,5d7bb0be48293a8c4e786bf87e7586b1f3c9a7bbc422160606bd3076fd70eeb8,0.0536931529178,mean_only,0.0537995769759,evaluated
random_fire,100,core_means,normalized_second_difference,9212,9212,5d7bb0be48293a8c4e786bf87e7586b1f3c9a7bbc422160606bd3076fd70eeb8,0.049271729943,mean_only,0.0494537064499,evaluated
random_fire,100,core_means,log_area,9212,9212,5d7bb0be48293a8c4e786bf87e7586b1f3c9a7bbc422160606bd3076fd70eeb8,0.116441918158,mean_only,0.116628359949,evaluated
random_fire,100,core_means,log_duration,9212,9212,5d7bb0be48293a8c4e786bf87e7586b1f3c9a7bbc422160606bd3076fd70eeb8,0.0240703772224,mean_only,0.0244375534714,evaluated
random_fire,100,core_means,shape_PC1_fold,9212,9212,5d7bb0be48293a8c4e786bf87e7586b1f3c9a7bbc422160606bd3076fd70eeb8,0.0276729467181,mean_only,0.0279294789679,evaluated
random_fire,100,core_means,shape_PC2_fold,9212,9212,5d7bb0be48293a8c4e786bf87e7586b1f3c9a7bbc422160606bd3076fd70eeb8,0.0117507876182,mean_only,0.0117960200245,evaluated
random_fire,100,core_means,shape_PC3_fold,9212,9212,5d7bb0be48293a8c4e786bf87e7586b1f3c9a7bbc422160606bd3076fd70eeb8,0.00329548948897,mean_only,0.00385765835242,evaluated
random_fire,100,max_vpd_only,front_loaded_fraction,9212,9212,5d7bb0be48293a8c4e786bf87e7586b1f3c9a7bbc422160606bd3076fd70eeb8,0.0304101530208,mean_only,0.0305322602848,evaluated
random_fire,100,max_vpd_only,late_growth_fraction,9212,9212,5d7bb0be48293a8c4e786bf87e7586b1f3c9a7bbc422160606bd3076fd70eeb8,0.0347795230136,mean_only,0.0348735528336,evaluated
random_fire,100,max_vpd_only,peak_timing,9212,9212,5d7bb0be48293a8c4e786bf87e7586b1f3c9a7bbc422160606bd3076fd70eeb8,0.00179357961312,mean_only,0.00214786598787,evaluated
random_fire,100,max_vpd_only,terminal_taper_fraction,9212,9212,5d7bb0be48293a8c4e786bf87e7586b1f3c9a7bbc422160606bd3076fd70eeb8,0.0445322266957,mean_only,0.0446717326234,evaluated
random_fire,100,max_vpd_only,normalized_entropy,9212,9212,5d7bb0be48293a8c4e786bf87e7586b1f3c9a7bbc422160606bd3076fd70eeb8,0.0520002554775,mean_only,0.0521818637591,evaluated
random_fire,100,max_vpd_only,pulse_count,9212,9212,5d7bb0be48293a8c4e786bf87e7586b1f3c9a7bbc422160606bd3076fd70eeb8,-0.000150244706544,mean_only,-8.04900268896e-05,evaluated
random_fire,100,max_vpd_only,reactivation_count,9212,9212,5d7bb0be48293a8c4e786bf87e7586b1f3c9a7bbc422160606bd3076fd70eeb8,0.00273836921544,mean_only,0.00287580518455,evaluated
random_fire,100,max_vpd_only,normalized_first_difference,9212,9212,5d7bb0be48293a8c4e786bf87e7586b1f3c9a7bbc422160606bd3076fd70eeb8,0.0730823621222,mean_only,0.0731887861803,evaluated
random_fire,100,max_vpd_only,normalized_second_difference,9212,9212,5d7bb0be48293a8c4e786bf87e7586b1f3c9a7bbc422160606bd3076fd70eeb8,0.0654768765068,mean_only,0.0656588530137,evaluated
random_fire,100,max_vpd_only,log_area,9212,9212,5d7bb0be48293a8c4e786bf87e7586b1f3c9a7bbc422160606bd3076fd70eeb8,0.114283848962,mean_only,0.114470290753,evaluated
random_fire,100,max_vpd_only,log_duration,9212,9212,5d7bb0be48293a8c4e786bf87e7586b1f3c9a7bbc422160606bd3076fd70eeb8,0.0555600774939,mean_only,0.0559272537429,evaluated
random_fire,100,max_vpd_only,shape_PC1_fold,9212,9212,5d7bb0be48293a8c4e786bf87e7586b1f3c9a7bbc422160606bd3076fd70eeb8,0.0323972540068,mean_only,0.0326537862567,evaluated
random_fire,100,max_vpd_only,shape_PC2_fold,9212,9212,5d7bb0be48293a8c4e786bf87e7586b1f3c9a7bbc422160606bd3076fd70eeb8,0.0108567206422,mean_only,0.0109019530486,evaluated
random_fire,100,max_vpd_only,shape_PC3_fold,9212,9212,5d7bb0be48293a8c4e786bf87e7586b1f3c9a7bbc422160606bd3076fd70eeb8,0.00455212033756,mean_only,0.00511428920101,evaluated
random_fire,100,core_plus_max,front_loaded_fraction,9212,9212,5d7bb0be48293a8c4e786bf87e7586b1f3c9a7bbc422160606bd3076fd70eeb8,0.0370863464622,mean_only,0.0372084537262,evaluated
random_fire,100,core_plus_max,late_growth_fraction,9212,9212,5d7bb0be48293a8c4e786bf87e7586b1f3c9a7bbc422160606bd3076fd70eeb8,0.0507361391894,mean_only,0.0508301690094,evaluated
random_fire,100,core_plus_max,peak_timing,9212,9212,5d7bb0be48293a8c4e786bf87e7586b1f3c9a7bbc422160606bd3076fd70eeb8,0.00241999442015,mean_only,0.0027742807949,evaluated
random_fire,100,core_plus_max,terminal_taper_fraction,9212,9212,5d7bb0be48293a8c4e786bf87e7586b1f3c9a7bbc422160606bd3076fd70eeb8,0.0893578328201,mean_only,0.0894973387479,evaluated
random_fire,100,core_plus_max,normalized_entropy,9212,9212,5d7bb0be48293a8c4e786bf87e7586b1f3c9a7bbc422160606bd3076fd70eeb8,0.103843574048,mean_only,0.10402518233,evaluated
random_fire,100,core_plus_max,pulse_count,9212,9212,5d7bb0be48293a8c4e786bf87e7586b1f3c9a7bbc422160606bd3076fd70eeb8,0.0196818637525,mean_only,0.0197516184322,evaluated
random_fire,100,core_plus_max,reactivation_count,9212,9212,5d7bb0be48293a8c4e786bf87e7586b1f3c9a7bbc422160606bd3076fd70eeb8,0.0249620946139,mean_only,0.025099530583,evaluated
random_fire,100,core_plus_max,normalized_first_difference,9212,9212,5d7bb0be48293a8c4e786bf87e7586b1f3c9a7bbc422160606bd3076fd70eeb8,0.192286776979,mean_only,0.192393201037,evaluated
random_fire,100,core_plus_max,normalized_second_difference,9212,9212,5d7bb0be48293a8c4e786bf87e7586b1f3c9a7bbc422160606bd3076fd70eeb8,0.173463919154,mean_only,0.173645895661,evaluated
random_fire,100,core_plus_max,log_area,9212,9212,5d7bb0be48293a8c4e786bf87e7586b1f3c9a7bbc422160606bd3076fd70eeb8,0.236893044484,mean_only,0.237079486275,evaluated
random_fire,100,core_plus_max,log_duration,9212,9212,5d7bb0be48293a8c4e786bf87e7586b1f3c9a7bbc422160606bd3076fd70eeb8,0.202967007696,mean_only,0.203334183945,evaluated
random_fire,100,core_plus_max,shape_PC1_fold,9212,9212,5d7bb0be48293a8c4e786bf87e7586b1f3c9a7bbc422160606bd3076fd70eeb8,0.0408623893515,mean_only,0.0411189216013,evaluated
random_fire,100,core_plus_max,shape_PC2_fold,9212,9212,5d7bb0be48293a8c4e786bf87e7586b1f3c9a7bbc422160606bd3076fd70eeb8,0.0233507711538,mean_only,0.0233960035601,evaluated
random_fire,100,core_plus_max,shape_PC3_fold,9212,9212,5d7bb0be48293a8c4e786bf87e7586b1f3c9a7bbc422160606bd3076fd70eeb8,0.00796677219708,mean_only,0.00852894106052,evaluated
random_fire,100,comprehensive_means,front_loaded_fraction,9212,9212,5d7bb0be48293a8c4e786bf87e7586b1f3c9a7bbc422160606bd3076fd70eeb8,0.0406485041806,mean_only,0.0407706114446,evaluated
random_fire,100,comprehensive_means,late_growth_fraction,9212,9212,5d7bb0be48293a8c4e786bf87e7586b1f3c9a7bbc422160606bd3076fd70eeb8,0.0484537821066,mean_only,0.0485478119266,evaluated
random_fire,100,comprehensive_means,peak_timing,9212,9212,5d7bb0be48293a8c4e786bf87e7586b1f3c9a7bbc422160606bd3076fd70eeb8,0.00207892279442,mean_only,0.00243320916917,evaluated
random_fire,100,comprehensive_means,terminal_taper_fraction,9212,9212,5d7bb0be48293a8c4e786bf87e7586b1f3c9a7bbc422160606bd3076fd70eeb8,0.0729934190505,mean_only,0.0731329249783,evaluated
random_fire,100,comprehensive_means,normalized_entropy,9212,9212,5d7bb0be48293a8c4e786bf87e7586b1f3c9a7bbc422160606bd3076fd70eeb8,0.124993108959,mean_only,0.125174717241,evaluated
random_fire,100,comprehensive_means,pulse_count,9212,9212,5d7bb0be48293a8c4e786bf87e7586b1f3c9a7bbc422160606bd3076fd70eeb8,0.00436281006667,mean_only,0.00443256474632,evaluated
random_fire,100,comprehensive_means,reactivation_count,9212,9212,5d7bb0be48293a8c4e786bf87e7586b1f3c9a7bbc422160606bd3076fd70eeb8,0.00617136770553,mean_only,0.00630880367465,evaluated
random_fire,100,comprehensive_means,normalized_first_difference,9212,9212,5d7bb0be48293a8c4e786bf87e7586b1f3c9a7bbc422160606bd3076fd70eeb8,0.112618929824,mean_only,0.112725353882,evaluated
random_fire,100,comprehensive_means,normalized_second_difference,9212,9212,5d7bb0be48293a8c4e786bf87e7586b1f3c9a7bbc422160606bd3076fd70eeb8,0.101525187004,mean_only,0.101707163511,evaluated
random_fire,100,comprehensive_means,log_area,9212,9212,5d7bb0be48293a8c4e786bf87e7586b1f3c9a7bbc422160606bd3076fd70eeb8,0.201944165704,mean_only,0.202130607495,evaluated
random_fire,100,comprehensive_means,log_duration,9212,9212,5d7bb0be48293a8c4e786bf87e7586b1f3c9a7bbc422160606bd3076fd70eeb8,0.0735926608027,mean_only,0.0739598370517,evaluated
random_fire,100,comprehensive_means,shape_PC1_fold,9212,9212,5d7bb0be48293a8c4e786bf87e7586b1f3c9a7bbc422160606bd3076fd70eeb8,0.0424638249705,mean_only,0.0427203572203,evaluated
random_fire,100,comprehensive_means,shape_PC2_fold,9212,9212,5d7bb0be48293a8c4e786bf87e7586b1f3c9a7bbc422160606bd3076fd70eeb8,0.0198770228827,mean_only,0.019922255289,evaluated
random_fire,100,comprehensive_means,shape_PC3_fold,9212,9212,5d7bb0be48293a8c4e786bf87e7586b1f3c9a7bbc422160606bd3076fd70eeb8,0.00757106644794,mean_only,0.00813323531139,evaluated
random_fire,100,comprehensive_plus_max,front_loaded_fraction,9212,9212,5d7bb0be48293a8c4e786bf87e7586b1f3c9a7bbc422160606bd3076fd70eeb8,0.0479111289763,mean_only,0.0480332362402,evaluated
random_fire,100,comprehensive_plus_max,late_growth_fraction,9212,9212,5d7bb0be48293a8c4e786bf87e7586b1f3c9a7bbc422160606bd3076fd70eeb8,0.0624171206128,mean_only,0.0625111504328,evaluated
random_fire,100,comprehensive_plus_max,peak_timing,9212,9212,5d7bb0be48293a8c4e786bf87e7586b1f3c9a7bbc422160606bd3076fd70eeb8,0.00210874321317,mean_only,0.00246302958791,evaluated
random_fire,100,comprehensive_plus_max,terminal_taper_fraction,9212,9212,5d7bb0be48293a8c4e786bf87e7586b1f3c9a7bbc422160606bd3076fd70eeb8,0.106260324807,mean_only,0.106399830735,evaluated
random_fire,100,comprehensive_plus_max,normalized_entropy,9212,9212,5d7bb0be48293a8c4e786bf87e7586b1f3c9a7bbc422160606bd3076fd70eeb8,0.134496199156,mean_only,0.134677807437,evaluated
random_fire,100,comprehensive_plus_max,pulse_count,9212,9212,5d7bb0be48293a8c4e786bf87e7586b1f3c9a7bbc422160606bd3076fd70eeb8,0.0214535975363,mean_only,0.0215233522159,evaluated
random_fire,100,comprehensive_plus_max,reactivation_count,9212,9212,5d7bb0be48293a8c4e786bf87e7586b1f3c9a7bbc422160606bd3076fd70eeb8,0.0279506455953,mean_only,0.0280880815644,evaluated
random_fire,100,comprehensive_plus_max,normalized_first_difference,9212,9212,5d7bb0be48293a8c4e786bf87e7586b1f3c9a7bbc422160606bd3076fd70eeb8,0.223669541396,mean_only,0.223775965454,evaluated
random_fire,100,comprehensive_plus_max,normalized_second_difference,9212,9212,5d7bb0be48293a8c4e786bf87e7586b1f3c9a7bbc422160606bd3076fd70eeb8,0.201079785378,mean_only,0.201261761885,evaluated
random_fire,100,comprehensive_plus_max,log_area,9212,9212,5d7bb0be48293a8c4e786bf87e7586b1f3c9a7bbc422160606bd3076fd70eeb8,0.293761604149,mean_only,0.29394804594,evaluated
random_fire,100,comprehensive_plus_max,log_duration,9212,9212,5d7bb0be48293a8c4e786bf87e7586b1f3c9a7bbc422160606bd3076fd70eeb8,0.228215210786,mean_only,0.228582387035,evaluated
random_fire,100,comprehensive_plus_max,shape_PC1_fold,9212,9212,5d7bb0be48293a8c4e786bf87e7586b1f3c9a7bbc422160606bd3076fd70eeb8,0.0510397263187,mean_only,0.0512962585685,evaluated
random_fire,100,comprehensive_plus_max,shape_PC2_fold,9212,9212,5d7bb0be48293a8c4e786bf87e7586b1f3c9a7bbc422160606bd3076fd70eeb8,0.0317955573424,mean_only,0.0318407897487,evaluated
random_fire,100,comprehensive_plus_max,shape_PC3_fold,9212,9212,5d7bb0be48293a8c4e786bf87e7586b1f3c9a7bbc422160606bd3076fd70eeb8,0.0101556744899,mean_only,0.0107178433534,evaluated
random_fire,100,length_only,front_loaded_fraction,9212,9212,5d7bb0be48293a8c4e786bf87e7586b1f3c9a7bbc422160606bd3076fd70eeb8,0.0322594455009,mean_only,0.0323815527649,evaluated
random_fire,100,length_only,late_growth_fraction,9212,9212,5d7bb0be48293a8c4e786bf87e7586b1f3c9a7bbc422160606bd3076fd70eeb8,0.0708692864465,mean_only,0.0709633162665,evaluated
random_fire,100,length_only,peak_timing,9212,9212,5d7bb0be48293a8c4e786bf87e7586b1f3c9a7bbc422160606bd3076fd70eeb8,-0.000271410287114,mean_only,8.28760876272e-05,evaluated
random_fire,100,length_only,terminal_taper_fraction,9212,9212,5d7bb0be48293a8c4e786bf87e7586b1f3c9a7bbc422160606bd3076fd70eeb8,0.197488104377,mean_only,0.197627610305,evaluated
random_fire,100,length_only,normalized_entropy,9212,9212,5d7bb0be48293a8c4e786bf87e7586b1f3c9a7bbc422160606bd3076fd70eeb8,0.0445120092901,mean_only,0.0446936175716,evaluated
random_fire,100,length_only,pulse_count,9212,9212,5d7bb0be48293a8c4e786bf87e7586b1f3c9a7bbc422160606bd3076fd70eeb8,0.18042637397,mean_only,0.180496128649,evaluated
random_fire,100,length_only,reactivation_count,9212,9212,5d7bb0be48293a8c4e786bf87e7586b1f3c9a7bbc422160606bd3076fd70eeb8,0.165134370374,mean_only,0.165271806343,evaluated
random_fire,100,length_only,normalized_first_difference,9212,9212,5d7bb0be48293a8c4e786bf87e7586b1f3c9a7bbc422160606bd3076fd70eeb8,0.633937019873,mean_only,0.634043443931,evaluated
random_fire,100,length_only,normalized_second_difference,9212,9212,5d7bb0be48293a8c4e786bf87e7586b1f3c9a7bbc422160606bd3076fd70eeb8,0.566184960358,mean_only,0.566366936865,evaluated
random_fire,100,length_only,log_area,9212,9212,5d7bb0be48293a8c4e786bf87e7586b1f3c9a7bbc422160606bd3076fd70eeb8,0.515716478387,mean_only,0.515902920177,evaluated
random_fire,100,length_only,log_duration,9212,9212,5d7bb0be48293a8c4e786bf87e7586b1f3c9a7bbc422160606bd3076fd70eeb8,,mean_only,,excluded_known_outcome
random_fire,100,length_only,shape_PC1_fold,9212,9212,5d7bb0be48293a8c4e786bf87e7586b1f3c9a7bbc422160606bd3076fd70eeb8,0.0383432121807,mean_only,0.0385997444305,evaluated
random_fire,100,length_only,shape_PC2_fold,9212,9212,5d7bb0be48293a8c4e786bf87e7586b1f3c9a7bbc422160606bd3076fd70eeb8,0.0571918499746,mean_only,0.0572370823809,evaluated
random_fire,100,length_only,shape_PC3_fold,9212,9212,5d7bb0be48293a8c4e786bf87e7586b1f3c9a7bbc422160606bd3076fd70eeb8,0.00666918805884,mean_only,0.00723135692229,evaluated
random_fire,100,length_plus_max,front_loaded_fraction,9212,9212,5d7bb0be48293a8c4e786bf87e7586b1f3c9a7bbc422160606bd3076fd70eeb8,0.0505169116707,mean_only,0.0506390189347,evaluated
random_fire,100,length_plus_max,late_growth_fraction,9212,9212,5d7bb0be48293a8c4e786bf87e7586b1f3c9a7bbc422160606bd3076fd70eeb8,0.0870247330255,mean_only,0.0871187628454,evaluated
random_fire,100,length_plus_max,peak_timing,9212,9212,5d7bb0be48293a8c4e786bf87e7586b1f3c9a7bbc422160606bd3076fd70eeb8,0.00170059525053,mean_only,0.00205488162527,evaluated
random_fire,100,length_plus_max,terminal_taper_fraction,9212,9212,5d7bb0be48293a8c4e786bf87e7586b1f3c9a7bbc422160606bd3076fd70eeb8,0.209325690818,mean_only,0.209465196746,evaluated
random_fire,100,length_plus_max,normalized_entropy,9212,9212,5d7bb0be48293a8c4e786bf87e7586b1f3c9a7bbc422160606bd3076fd70eeb8,0.0782122351059,mean_only,0.0783938433875,evaluated
random_fire,100,length_plus_max,pulse_count,9212,9212,5d7bb0be48293a8c4e786bf87e7586b1f3c9a7bbc422160606bd3076fd70eeb8,0.191599168352,mean_only,0.191668923032,evaluated
random_fire,100,length_plus_max,reactivation_count,9212,9212,5d7bb0be48293a8c4e786bf87e7586b1f3c9a7bbc422160606bd3076fd70eeb8,0.167026559893,mean_only,0.167163995862,evaluated
random_fire,100,length_plus_max,normalized_first_difference,9212,9212,5d7bb0be48293a8c4e786bf87e7586b1f3c9a7bbc422160606bd3076fd70eeb8,0.641033198553,mean_only,0.641139622611,evaluated
random_fire,100,length_plus_max,normalized_second_difference,9212,9212,5d7bb0be48293a8c4e786bf87e7586b1f3c9a7bbc422160606bd3076fd70eeb8,0.572645796896,mean_only,0.572827773403,evaluated
random_fire,100,length_plus_max,log_area,9212,9212,5d7bb0be48293a8c4e786bf87e7586b1f3c9a7bbc422160606bd3076fd70eeb8,0.54573594362,mean_only,0.54592238541,evaluated
random_fire,100,length_plus_max,log_duration,9212,9212,5d7bb0be48293a8c4e786bf87e7586b1f3c9a7bbc422160606bd3076fd70eeb8,,mean_only,,excluded_known_outcome
random_fire,100,length_plus_max,shape_PC1_fold,9212,9212,5d7bb0be48293a8c4e786bf87e7586b1f3c9a7bbc422160606bd3076fd70eeb8,0.0572532504834,mean_only,0.0575097827332,evaluated
random_fire,100,length_plus_max,shape_PC2_fold,9212,9212,5d7bb0be48293a8c4e786bf87e7586b1f3c9a7bbc422160606bd3076fd70eeb8,0.0591220493883,mean_only,0.0591672817946,evaluated
random_fire,100,length_plus_max,shape_PC3_fold,9212,9212,5d7bb0be48293a8c4e786bf87e7586b1f3c9a7bbc422160606bd3076fd70eeb8,0.00933912675758,mean_only,0.00990129562103,evaluated
random_fire,100,length_plus_core,front_loaded_fraction,9212,9212,5d7bb0be48293a8c4e786bf87e7586b1f3c9a7bbc422160606bd3076fd70eeb8,0.0502457722529,mean_only,0.0503678795169,evaluated
random_fire,100,length_plus_core,late_growth_fraction,9212,9212,5d7bb0be48293a8c4e786bf87e7586b1f3c9a7bbc422160606bd3076fd70eeb8,0.0931737777486,mean_only,0.0932678075686,evaluated
random_fire,100,length_plus_core,peak_timing,9212,9212,5d7bb0be48293a8c4e786bf87e7586b1f3c9a7bbc422160606bd3076fd70eeb8,0.00239199935143,mean_only,0.00274628572617,evaluated
random_fire,100,length_plus_core,terminal_taper_fraction,9212,9212,5d7bb0be48293a8c4e786bf87e7586b1f3c9a7bbc422160606bd3076fd70eeb8,0.225467722834,mean_only,0.225607228762,evaluated
random_fire,100,length_plus_core,normalized_entropy,9212,9212,5d7bb0be48293a8c4e786bf87e7586b1f3c9a7bbc422160606bd3076fd70eeb8,0.117436941363,mean_only,0.117618549644,evaluated
random_fire,100,length_plus_core,pulse_count,9212,9212,5d7bb0be48293a8c4e786bf87e7586b1f3c9a7bbc422160606bd3076fd70eeb8,0.190989827665,mean_only,0.191059582345,evaluated
random_fire,100,length_plus_core,reactivation_count,9212,9212,5d7bb0be48293a8c4e786bf87e7586b1f3c9a7bbc422160606bd3076fd70eeb8,0.166404030877,mean_only,0.166541466846,evaluated
random_fire,100,length_plus_core,normalized_first_difference,9212,9212,5d7bb0be48293a8c4e786bf87e7586b1f3c9a7bbc422160606bd3076fd70eeb8,0.649460854008,mean_only,0.649567278066,evaluated
random_fire,100,length_plus_core,normalized_second_difference,9212,9212,5d7bb0be48293a8c4e786bf87e7586b1f3c9a7bbc422160606bd3076fd70eeb8,0.581550168689,mean_only,0.581732145196,evaluated
random_fire,100,length_plus_core,log_area,9212,9212,5d7bb0be48293a8c4e786bf87e7586b1f3c9a7bbc422160606bd3076fd70eeb8,0.577659151562,mean_only,0.577845593353,evaluated
random_fire,100,length_plus_core,log_duration,9212,9212,5d7bb0be48293a8c4e786bf87e7586b1f3c9a7bbc422160606bd3076fd70eeb8,,mean_only,,excluded_known_outcome
random_fire,100,length_plus_core,shape_PC1_fold,9212,9212,5d7bb0be48293a8c4e786bf87e7586b1f3c9a7bbc422160606bd3076fd70eeb8,0.0582393774291,mean_only,0.058495909679,evaluated
random_fire,100,length_plus_core,shape_PC2_fold,9212,9212,5d7bb0be48293a8c4e786bf87e7586b1f3c9a7bbc422160606bd3076fd70eeb8,0.0631374156481,mean_only,0.0631826480545,evaluated
random_fire,100,length_plus_core,shape_PC3_fold,9212,9212,5d7bb0be48293a8c4e786bf87e7586b1f3c9a7bbc422160606bd3076fd70eeb8,0.00905856187791,mean_only,0.00962073074136,evaluated
random_fire,100,length_plus_core_max,front_loaded_fraction,9212,9212,5d7bb0be48293a8c4e786bf87e7586b1f3c9a7bbc422160606bd3076fd70eeb8,0.0522980443942,mean_only,0.0524201516582,evaluated
random_fire,100,length_plus_core_max,late_growth_fraction,9212,9212,5d7bb0be48293a8c4e786bf87e7586b1f3c9a7bbc422160606bd3076fd70eeb8,0.0940115008684,mean_only,0.0941055306883,evaluated
random_fire,100,length_plus_core_max,peak_timing,9212,9212,5d7bb0be48293a8c4e786bf87e7586b1f3c9a7bbc422160606bd3076fd70eeb8,0.00233443923843,mean_only,0.00268872561317,evaluated
random_fire,100,length_plus_core_max,terminal_taper_fraction,9212,9212,5d7bb0be48293a8c4e786bf87e7586b1f3c9a7bbc422160606bd3076fd70eeb8,0.226035940937,mean_only,0.226175446865,evaluated
random_fire,100,length_plus_core_max,normalized_entropy,9212,9212,5d7bb0be48293a8c4e786bf87e7586b1f3c9a7bbc422160606bd3076fd70eeb8,0.12131836861,mean_only,0.121499976891,evaluated
random_fire,100,length_plus_core_max,pulse_count,9212,9212,5d7bb0be48293a8c4e786bf87e7586b1f3c9a7bbc422160606bd3076fd70eeb8,0.194386809842,mean_only,0.194456564521,evaluated
random_fire,100,length_plus_core_max,reactivation_count,9212,9212,5d7bb0be48293a8c4e786bf87e7586b1f3c9a7bbc422160606bd3076fd70eeb8,0.16667267517,mean_only,0.166810111139,evaluated
random_fire,100,length_plus_core_max,normalized_first_difference,9212,9212,5d7bb0be48293a8c4e786bf87e7586b1f3c9a7bbc422160606bd3076fd70eeb8,0.651546071105,mean_only,0.651652495164,evaluated
random_fire,100,length_plus_core_max,normalized_second_difference,9212,9212,5d7bb0be48293a8c4e786bf87e7586b1f3c9a7bbc422160606bd3076fd70eeb8,0.583406404647,mean_only,0.583588381154,evaluated
random_fire,100,length_plus_core_max,log_area,9212,9212,5d7bb0be48293a8c4e786bf87e7586b1f3c9a7bbc422160606bd3076fd70eeb8,0.581289420749,mean_only,0.58147586254,evaluated
random_fire,100,length_plus_core_max,log_duration,9212,9212,5d7bb0be48293a8c4e786bf87e7586b1f3c9a7bbc422160606bd3076fd70eeb8,,mean_only,,excluded_known_outcome
random_fire,100,length_plus_core_max,shape_PC1_fold,9212,9212,5d7bb0be48293a8c4e786bf87e7586b1f3c9a7bbc422160606bd3076fd70eeb8,0.0601135187045,mean_only,0.0603700509544,evaluated
random_fire,100,length_plus_core_max,shape_PC2_fold,9212,9212,5d7bb0be48293a8c4e786bf87e7586b1f3c9a7bbc422160606bd3076fd70eeb8,0.0632024929216,mean_only,0.0632477253279,evaluated
random_fire,100,length_plus_core_max,shape_PC3_fold,9212,9212,5d7bb0be48293a8c4e786bf87e7586b1f3c9a7bbc422160606bd3076fd70eeb8,0.010556931068,mean_only,0.0111190999314,evaluated
random_fire,100,core_quantile_exceedance,front_loaded_fraction,9212,9212,5d7bb0be48293a8c4e786bf87e7586b1f3c9a7bbc422160606bd3076fd70eeb8,0.0357178608627,mean_only,0.0358399681267,evaluated
random_fire,100,core_quantile_exceedance,late_growth_fraction,9212,9212,5d7bb0be48293a8c4e786bf87e7586b1f3c9a7bbc422160606bd3076fd70eeb8,0.0487760350167,mean_only,0.0488700648367,evaluated
random_fire,100,core_quantile_exceedance,peak_timing,9212,9212,5d7bb0be48293a8c4e786bf87e7586b1f3c9a7bbc422160606bd3076fd70eeb8,0.00187672437281,mean_only,0.00223101074755,evaluated
random_fire,100,core_quantile_exceedance,terminal_taper_fraction,9212,9212,5d7bb0be48293a8c4e786bf87e7586b1f3c9a7bbc422160606bd3076fd70eeb8,0.0823709896237,mean_only,0.0825104955515,evaluated
random_fire,100,core_quantile_exceedance,normalized_entropy,9212,9212,5d7bb0be48293a8c4e786bf87e7586b1f3c9a7bbc422160606bd3076fd70eeb8,0.102835010411,mean_only,0.103016618692,evaluated
random_fire,100,core_quantile_exceedance,pulse_count,9212,9212,5d7bb0be48293a8c4e786bf87e7586b1f3c9a7bbc422160606bd3076fd70eeb8,0.0129039881009,mean_only,0.0129737427806,evaluated
random_fire,100,core_quantile_exceedance,reactivation_count,9212,9212,5d7bb0be48293a8c4e786bf87e7586b1f3c9a7bbc422160606bd3076fd70eeb8,0.0143662321081,mean_only,0.0145036680772,evaluated
random_fire,100,core_quantile_exceedance,normalized_first_difference,9212,9212,5d7bb0be48293a8c4e786bf87e7586b1f3c9a7bbc422160606bd3076fd70eeb8,0.160391957277,mean_only,0.160498381335,evaluated
random_fire,100,core_quantile_exceedance,normalized_second_difference,9212,9212,5d7bb0be48293a8c4e786bf87e7586b1f3c9a7bbc422160606bd3076fd70eeb8,0.147484099807,mean_only,0.147666076314,evaluated
random_fire,100,core_quantile_exceedance,log_area,9212,9212,5d7bb0be48293a8c4e786bf87e7586b1f3c9a7bbc422160606bd3076fd70eeb8,0.213197361746,mean_only,0.213383803537,evaluated
random_fire,100,core_quantile_exceedance,log_duration,9212,9212,5d7bb0be48293a8c4e786bf87e7586b1f3c9a7bbc422160606bd3076fd70eeb8,0.159050424792,mean_only,0.159417601041,evaluated
random_fire,100,core_quantile_exceedance,shape_PC1_fold,9212,9212,5d7bb0be48293a8c4e786bf87e7586b1f3c9a7bbc422160606bd3076fd70eeb8,0.0389668904355,mean_only,0.0392234226853,evaluated
random_fire,100,core_quantile_exceedance,shape_PC2_fold,9212,9212,5d7bb0be48293a8c4e786bf87e7586b1f3c9a7bbc422160606bd3076fd70eeb8,0.0225785050731,mean_only,0.0226237374794,evaluated
random_fire,100,core_quantile_exceedance,shape_PC3_fold,9212,9212,5d7bb0be48293a8c4e786bf87e7586b1f3c9a7bbc422160606bd3076fd70eeb8,0.00790814491753,mean_only,0.00847031378098,evaluated
year_block,0.01,mean_only,front_loaded_fraction,9212,9212,5d7bb0be48293a8c4e786bf87e7586b1f3c9a7bbc422160606bd3076fd70eeb8,-0.000734631778445,mean_only,0,evaluated
year_block,0.01,mean_only,late_growth_fraction,9212,9212,5d7bb0be48293a8c4e786bf87e7586b1f3c9a7bbc422160606bd3076fd70eeb8,-0.000625198130032,mean_only,0,evaluated
year_block,0.01,mean_only,peak_timing,9212,9212,5d7bb0be48293a8c4e786bf87e7586b1f3c9a7bbc422160606bd3076fd70eeb8,-0.000214473969656,mean_only,0,evaluated
year_block,0.01,mean_only,terminal_taper_fraction,9212,9212,5d7bb0be48293a8c4e786bf87e7586b1f3c9a7bbc422160606bd3076fd70eeb8,-0.000979260264395,mean_only,0,evaluated
year_block,0.01,mean_only,normalized_entropy,9212,9212,5d7bb0be48293a8c4e786bf87e7586b1f3c9a7bbc422160606bd3076fd70eeb8,-0.00181123793105,mean_only,0,evaluated
year_block,0.01,mean_only,pulse_count,9212,9212,5d7bb0be48293a8c4e786bf87e7586b1f3c9a7bbc422160606bd3076fd70eeb8,-0.000224595711782,mean_only,0,evaluated
year_block,0.01,mean_only,reactivation_count,9212,9212,5d7bb0be48293a8c4e786bf87e7586b1f3c9a7bbc422160606bd3076fd70eeb8,-0.000192494793949,mean_only,0,evaluated
year_block,0.01,mean_only,normalized_first_difference,9212,9212,5d7bb0be48293a8c4e786bf87e7586b1f3c9a7bbc422160606bd3076fd70eeb8,-0.000631762928931,mean_only,0,evaluated
year_block,0.01,mean_only,normalized_second_difference,9212,9212,5d7bb0be48293a8c4e786bf87e7586b1f3c9a7bbc422160606bd3076fd70eeb8,-0.000800347356876,mean_only,0,evaluated
year_block,0.01,mean_only,log_area,9212,9212,5d7bb0be48293a8c4e786bf87e7586b1f3c9a7bbc422160606bd3076fd70eeb8,-0.0014033572773,mean_only,0,evaluated
year_block,0.01,mean_only,log_duration,9212,9212,5d7bb0be48293a8c4e786bf87e7586b1f3c9a7bbc422160606bd3076fd70eeb8,-0.000382541017893,mean_only,0,evaluated
year_block,0.01,mean_only,shape_PC1_fold,9212,9212,5d7bb0be48293a8c4e786bf87e7586b1f3c9a7bbc422160606bd3076fd70eeb8,-0.00188920769913,mean_only,0,evaluated
year_block,0.01,mean_only,shape_PC2_fold,9212,9212,5d7bb0be48293a8c4e786bf87e7586b1f3c9a7bbc422160606bd3076fd70eeb8,-0.000955240914536,mean_only,0,evaluated
year_block,0.01,mean_only,shape_PC3_fold,9212,9212,5d7bb0be48293a8c4e786bf87e7586b1f3c9a7bbc422160606bd3076fd70eeb8,-0.000576506262834,mean_only,0,evaluated
year_block,0.01,core_means,front_loaded_fraction,9212,9212,5d7bb0be48293a8c4e786bf87e7586b1f3c9a7bbc422160606bd3076fd70eeb8,0.0244286875489,mean_only,0.0251633193273,evaluated
year_block,0.01,core_means,late_growth_fraction,9212,9212,5d7bb0be48293a8c4e786bf87e7586b1f3c9a7bbc422160606bd3076fd70eeb8,0.0329632851134,mean_only,0.0335884832435,evaluated
year_block,0.01,core_means,peak_timing,9212,9212,5d7bb0be48293a8c4e786bf87e7586b1f3c9a7bbc422160606bd3076fd70eeb8,0.00236155156128,mean_only,0.00257602553094,evaluated
year_block,0.01,core_means,terminal_taper_fraction,9212,9212,5d7bb0be48293a8c4e786bf87e7586b1f3c9a7bbc422160606bd3076fd70eeb8,0.0469305262867,mean_only,0.0479097865511,evaluated
year_block,0.01,core_means,normalized_entropy,9212,9212,5d7bb0be48293a8c4e786bf87e7586b1f3c9a7bbc422160606bd3076fd70eeb8,0.0845374977716,mean_only,0.0863487357027,evaluated
year_block,0.01,core_means,pulse_count,9212,9212,5d7bb0be48293a8c4e786bf87e7586b1f3c9a7bbc422160606bd3076fd70eeb8,0.00229563445606,mean_only,0.00252023016785,evaluated
year_block,0.01,core_means,reactivation_count,9212,9212,5d7bb0be48293a8c4e786bf87e7586b1f3c9a7bbc422160606bd3076fd70eeb8,-0.00118705768773,mean_only,-0.000994562893785,evaluated
year_block,0.01,core_means,normalized_first_difference,9212,9212,5d7bb0be48293a8c4e786bf87e7586b1f3c9a7bbc422160606bd3076fd70eeb8,0.0518590375481,mean_only,0.052490800477,evaluated
year_block,0.01,core_means,normalized_second_difference,9212,9212,5d7bb0be48293a8c4e786bf87e7586b1f3c9a7bbc422160606bd3076fd70eeb8,0.0476600208614,mean_only,0.0484603682183,evaluated
year_block,0.01,core_means,log_area,9212,9212,5d7bb0be48293a8c4e786bf87e7586b1f3c9a7bbc422160606bd3076fd70eeb8,0.112821281731,mean_only,0.114224639009,evaluated
year_block,0.01,core_means,log_duration,9212,9212,5d7bb0be48293a8c4e786bf87e7586b1f3c9a7bbc422160606bd3076fd70eeb8,0.0207680763226,mean_only,0.0211506173404,evaluated
year_block,0.01,core_means,shape_PC1_fold,9212,9212,5d7bb0be48293a8c4e786bf87e7586b1f3c9a7bbc422160606bd3076fd70eeb8,0.0263581606986,mean_only,0.0282473683977,evaluated
year_block,0.01,core_means,shape_PC2_fold,9212,9212,5d7bb0be48293a8c4e786bf87e7586b1f3c9a7bbc422160606bd3076fd70eeb8,0.0100245556067,mean_only,0.0109797965212,evaluated
year_block,0.01,core_means,shape_PC3_fold,9212,9212,5d7bb0be48293a8c4e786bf87e7586b1f3c9a7bbc422160606bd3076fd70eeb8,0.00296073112422,mean_only,0.00353723738705,evaluated
year_block,0.01,max_vpd_only,front_loaded_fraction,9212,9212,5d7bb0be48293a8c4e786bf87e7586b1f3c9a7bbc422160606bd3076fd70eeb8,0.0297087888071,mean_only,0.0304434205856,evaluated
year_block,0.01,max_vpd_only,late_growth_fraction,9212,9212,5d7bb0be48293a8c4e786bf87e7586b1f3c9a7bbc422160606bd3076fd70eeb8,0.0346432959135,mean_only,0.0352684940435,evaluated
year_block,0.01,max_vpd_only,peak_timing,9212,9212,5d7bb0be48293a8c4e786bf87e7586b1f3c9a7bbc422160606bd3076fd70eeb8,0.00191635855535,mean_only,0.002130832525,evaluated
year_block,0.01,max_vpd_only,terminal_taper_fraction,9212,9212,5d7bb0be48293a8c4e786bf87e7586b1f3c9a7bbc422160606bd3076fd70eeb8,0.0440791279553,mean_only,0.0450583882197,evaluated
year_block,0.01,max_vpd_only,normalized_entropy,9212,9212,5d7bb0be48293a8c4e786bf87e7586b1f3c9a7bbc422160606bd3076fd70eeb8,0.0509684289,mean_only,0.0527796668311,evaluated
year_block,0.01,max_vpd_only,pulse_count,9212,9212,5d7bb0be48293a8c4e786bf87e7586b1f3c9a7bbc422160606bd3076fd70eeb8,-0.000294647148709,mean_only,-7.00514369265e-05,evaluated
year_block,0.01,max_vpd_only,reactivation_count,9212,9212,5d7bb0be48293a8c4e786bf87e7586b1f3c9a7bbc422160606bd3076fd70eeb8,0.00209587921082,mean_only,0.00228837400477,evaluated
year_block,0.01,max_vpd_only,normalized_first_difference,9212,9212,5d7bb0be48293a8c4e786bf87e7586b1f3c9a7bbc422160606bd3076fd70eeb8,0.0715121454429,mean_only,0.0721439083718,evaluated
year_block,0.01,max_vpd_only,normalized_second_difference,9212,9212,5d7bb0be48293a8c4e786bf87e7586b1f3c9a7bbc422160606bd3076fd70eeb8,0.0644423584118,mean_only,0.0652427057687,evaluated
year_block,0.01,max_vpd_only,log_area,9212,9212,5d7bb0be48293a8c4e786bf87e7586b1f3c9a7bbc422160606bd3076fd70eeb8,0.111267324347,mean_only,0.112670681624,evaluated
year_block,0.01,max_vpd_only,log_duration,9212,9212,5d7bb0be48293a8c4e786bf87e7586b1f3c9a7bbc422160606bd3076fd70eeb8,0.0533235173319,mean_only,0.0537060583498,evaluated
year_block,0.01,max_vpd_only,shape_PC1_fold,9212,9212,5d7bb0be48293a8c4e786bf87e7586b1f3c9a7bbc422160606bd3076fd70eeb8,0.0308297461778,mean_only,0.0327189538769,evaluated
year_block,0.01,max_vpd_only,shape_PC2_fold,9212,9212,5d7bb0be48293a8c4e786bf87e7586b1f3c9a7bbc422160606bd3076fd70eeb8,0.010243908931,mean_only,0.0111991498455,evaluated
year_block,0.01,max_vpd_only,shape_PC3_fold,9212,9212,5d7bb0be48293a8c4e786bf87e7586b1f3c9a7bbc422160606bd3076fd70eeb8,0.00471355116939,mean_only,0.00529005743223,evaluated
year_block,0.01,core_plus_max,front_loaded_fraction,9212,9212,5d7bb0be48293a8c4e786bf87e7586b1f3c9a7bbc422160606bd3076fd70eeb8,0.0355666036847,mean_only,0.0363012354631,evaluated
year_block,0.01,core_plus_max,late_growth_fraction,9212,9212,5d7bb0be48293a8c4e786bf87e7586b1f3c9a7bbc422160606bd3076fd70eeb8,0.0499871710332,mean_only,0.0506123691632,evaluated
year_block,0.01,core_plus_max,peak_timing,9212,9212,5d7bb0be48293a8c4e786bf87e7586b1f3c9a7bbc422160606bd3076fd70eeb8,0.00209370365427,mean_only,0.00230817762393,evaluated
year_block,0.01,core_plus_max,terminal_taper_fraction,9212,9212,5d7bb0be48293a8c4e786bf87e7586b1f3c9a7bbc422160606bd3076fd70eeb8,0.0897924237303,mean_only,0.0907716839947,evaluated
year_block,0.01,core_plus_max,normalized_entropy,9212,9212,5d7bb0be48293a8c4e786bf87e7586b1f3c9a7bbc422160606bd3076fd70eeb8,0.102410269719,mean_only,0.10422150765,evaluated
year_block,0.01,core_plus_max,pulse_count,9212,9212,5d7bb0be48293a8c4e786bf87e7586b1f3c9a7bbc422160606bd3076fd70eeb8,0.0204406737113,mean_only,0.0206652694231,evaluated
year_block,0.01,core_plus_max,reactivation_count,9212,9212,5d7bb0be48293a8c4e786bf87e7586b1f3c9a7bbc422160606bd3076fd70eeb8,0.0246892978026,mean_only,0.0248817925965,evaluated
year_block,0.01,core_plus_max,normalized_first_difference,9212,9212,5d7bb0be48293a8c4e786bf87e7586b1f3c9a7bbc422160606bd3076fd70eeb8,0.197013673336,mean_only,0.197645436265,evaluated
year_block,0.01,core_plus_max,normalized_second_difference,9212,9212,5d7bb0be48293a8c4e786bf87e7586b1f3c9a7bbc422160606bd3076fd70eeb8,0.17794735023,mean_only,0.178747697587,evaluated
year_block,0.01,core_plus_max,log_area,9212,9212,5d7bb0be48293a8c4e786bf87e7586b1f3c9a7bbc422160606bd3076fd70eeb8,0.23765651124,mean_only,0.239059868517,evaluated
year_block,0.01,core_plus_max,log_duration,9212,9212,5d7bb0be48293a8c4e786bf87e7586b1f3c9a7bbc422160606bd3076fd70eeb8,0.211061654035,mean_only,0.211444195053,evaluated
year_block,0.01,core_plus_max,shape_PC1_fold,9212,9212,5d7bb0be48293a8c4e786bf87e7586b1f3c9a7bbc422160606bd3076fd70eeb8,0.0386172517565,mean_only,0.0405064594557,evaluated
year_block,0.01,core_plus_max,shape_PC2_fold,9212,9212,5d7bb0be48293a8c4e786bf87e7586b1f3c9a7bbc422160606bd3076fd70eeb8,0.021769417787,mean_only,0.0227246587016,evaluated
year_block,0.01,core_plus_max,shape_PC3_fold,9212,9212,5d7bb0be48293a8c4e786bf87e7586b1f3c9a7bbc422160606bd3076fd70eeb8,0.00804557615012,mean_only,0.00862208241295,evaluated
year_block,0.01,comprehensive_means,front_loaded_fraction,9212,9212,5d7bb0be48293a8c4e786bf87e7586b1f3c9a7bbc422160606bd3076fd70eeb8,0.0436956417654,mean_only,0.0444302735438,evaluated
year_block,0.01,comprehensive_means,late_growth_fraction,9212,9212,5d7bb0be48293a8c4e786bf87e7586b1f3c9a7bbc422160606bd3076fd70eeb8,0.0499881963904,mean_only,0.0506133945204,evaluated
year_block,0.01,comprehensive_means,peak_timing,9212,9212,5d7bb0be48293a8c4e786bf87e7586b1f3c9a7bbc422160606bd3076fd70eeb8,0.000718672460826,mean_only,0.000933146430482,evaluated
year_block,0.01,comprehensive_means,terminal_taper_fraction,9212,9212,5d7bb0be48293a8c4e786bf87e7586b1f3c9a7bbc422160606bd3076fd70eeb8,0.0764217821886,mean_only,0.077401042453,evaluated
year_block,0.01,comprehensive_means,normalized_entropy,9212,9212,5d7bb0be48293a8c4e786bf87e7586b1f3c9a7bbc422160606bd3076fd70eeb8,0.12920019018,mean_only,0.131011428111,evaluated
year_block,0.01,comprehensive_means,pulse_count,9212,9212,5d7bb0be48293a8c4e786bf87e7586b1f3c9a7bbc422160606bd3076fd70eeb8,0.00486730157944,mean_only,0.00509189729122,evaluated
year_block,0.01,comprehensive_means,reactivation_count,9212,9212,5d7bb0be48293a8c4e786bf87e7586b1f3c9a7bbc422160606bd3076fd70eeb8,0.00389018953104,mean_only,0.00408268432499,evaluated
year_block,0.01,comprehensive_means,normalized_first_difference,9212,9212,5d7bb0be48293a8c4e786bf87e7586b1f3c9a7bbc422160606bd3076fd70eeb8,0.117987426931,mean_only,0.118619189859,evaluated
year_block,0.01,comprehensive_means,normalized_second_difference,9212,9212,5d7bb0be48293a8c4e786bf87e7586b1f3c9a7bbc422160606bd3076fd70eeb8,0.106285239289,mean_only,0.107085586646,evaluated
year_block,0.01,comprehensive_means,log_area,9212,9212,5d7bb0be48293a8c4e786bf87e7586b1f3c9a7bbc422160606bd3076fd70eeb8,0.21336486481,mean_only,0.214768222088,evaluated
year_block,0.01,comprehensive_means,log_duration,9212,9212,5d7bb0be48293a8c4e786bf87e7586b1f3c9a7bbc422160606bd3076fd70eeb8,0.0727916037255,mean_only,0.0731741447434,evaluated
year_block,0.01,comprehensive_means,shape_PC1_fold,9212,9212,5d7bb0be48293a8c4e786bf87e7586b1f3c9a7bbc422160606bd3076fd70eeb8,0.0441153921601,mean_only,0.0460045998593,evaluated
year_block,0.01,comprehensive_means,shape_PC2_fold,9212,9212,5d7bb0be48293a8c4e786bf87e7586b1f3c9a7bbc422160606bd3076fd70eeb8,0.0163392678941,mean_only,0.0172945088086,evaluated
year_block,0.01,comprehensive_means,shape_PC3_fold,9212,9212,5d7bb0be48293a8c4e786bf87e7586b1f3c9a7bbc422160606bd3076fd70eeb8,0.00675678317896,mean_only,0.00733328944179,evaluated
year_block,0.01,comprehensive_plus_max,front_loaded_fraction,9212,9212,5d7bb0be48293a8c4e786bf87e7586b1f3c9a7bbc422160606bd3076fd70eeb8,0.0510304980354,mean_only,0.0517651298138,evaluated
year_block,0.01,comprehensive_plus_max,late_growth_fraction,9212,9212,5d7bb0be48293a8c4e786bf87e7586b1f3c9a7bbc422160606bd3076fd70eeb8,0.0644106028444,mean_only,0.0650358009745,evaluated
year_block,0.01,comprehensive_plus_max,peak_timing,9212,9212,5d7bb0be48293a8c4e786bf87e7586b1f3c9a7bbc422160606bd3076fd70eeb8,0.000251927888422,mean_only,0.000466401858078,evaluated
year_block,0.01,comprehensive_plus_max,terminal_taper_fraction,9212,9212,5d7bb0be48293a8c4e786bf87e7586b1f3c9a7bbc422160606bd3076fd70eeb8,0.11301100894,mean_only,0.113990269204,evaluated
year_block,0.01,comprehensive_plus_max,normalized_entropy,9212,9212,5d7bb0be48293a8c4e786bf87e7586b1f3c9a7bbc422160606bd3076fd70eeb8,0.140747762414,mean_only,0.142559000345,evaluated
year_block,0.01,comprehensive_plus_max,pulse_count,9212,9212,5d7bb0be48293a8c4e786bf87e7586b1f3c9a7bbc422160606bd3076fd70eeb8,0.0227214478227,mean_only,0.0229460435345,evaluated
year_block,0.01,comprehensive_plus_max,reactivation_count,9212,9212,5d7bb0be48293a8c4e786bf87e7586b1f3c9a7bbc422160606bd3076fd70eeb8,0.0271585216568,mean_only,0.0273510164508,evaluated
year_block,0.01,comprehensive_plus_max,normalized_first_difference,9212,9212,5d7bb0be48293a8c4e786bf87e7586b1f3c9a7bbc422160606bd3076fd70eeb8,0.24116808675,mean_only,0.241799849679,evaluated
year_block,0.01,comprehensive_plus_max,normalized_second_difference,9212,9212,5d7bb0be48293a8c4e786bf87e7586b1f3c9a7bbc422160606bd3076fd70eeb8,0.216760825816,mean_only,0.217561173173,evaluated
year_block,0.01,comprehensive_plus_max,log_area,9212,9212,5d7bb0be48293a8c4e786bf87e7586b1f3c9a7bbc422160606bd3076fd70eeb8,0.317012350818,mean_only,0.318415708096,evaluated
year_block,0.01,comprehensive_plus_max,log_duration,9212,9212,5d7bb0be48293a8c4e786bf87e7586b1f3c9a7bbc422160606bd3076fd70eeb8,0.24460887378,mean_only,0.244991414798,evaluated
year_block,0.01,comprehensive_plus_max,shape_PC1_fold,9212,9212,5d7bb0be48293a8c4e786bf87e7586b1f3c9a7bbc422160606bd3076fd70eeb8,0.0527723767806,mean_only,0.0546615844797,evaluated
year_block,0.01,comprehensive_plus_max,shape_PC2_fold,9212,9212,5d7bb0be48293a8c4e786bf87e7586b1f3c9a7bbc422160606bd3076fd70eeb8,0.0288294526233,mean_only,0.0297846935378,evaluated
year_block,0.01,comprehensive_plus_max,shape_PC3_fold,9212,9212,5d7bb0be48293a8c4e786bf87e7586b1f3c9a7bbc422160606bd3076fd70eeb8,0.00993136147709,mean_only,0.0105078677399,evaluated
year_block,0.01,length_only,front_loaded_fraction,9212,9212,5d7bb0be48293a8c4e786bf87e7586b1f3c9a7bbc422160606bd3076fd70eeb8,0.0318395248711,mean_only,0.0325741566495,evaluated
year_block,0.01,length_only,late_growth_fraction,9212,9212,5d7bb0be48293a8c4e786bf87e7586b1f3c9a7bbc422160606bd3076fd70eeb8,0.0704908438612,mean_only,0.0711160419912,evaluated
year_block,0.01,length_only,peak_timing,9212,9212,5d7bb0be48293a8c4e786bf87e7586b1f3c9a7bbc422160606bd3076fd70eeb8,-0.000398574074975,mean_only,-0.000184100105319,evaluated
year_block,0.01,length_only,terminal_taper_fraction,9212,9212,5d7bb0be48293a8c4e786bf87e7586b1f3c9a7bbc422160606bd3076fd70eeb8,0.196812878794,mean_only,0.197792139058,evaluated
year_block,0.01,length_only,normalized_entropy,9212,9212,5d7bb0be48293a8c4e786bf87e7586b1f3c9a7bbc422160606bd3076fd70eeb8,0.0430014801656,mean_only,0.0448127180966,evaluated
year_block,0.01,length_only,pulse_count,9212,9212,5d7bb0be48293a8c4e786bf87e7586b1f3c9a7bbc422160606bd3076fd70eeb8,0.180032977532,mean_only,0.180257573244,evaluated
year_block,0.01,length_only,reactivation_count,9212,9212,5d7bb0be48293a8c4e786bf87e7586b1f3c9a7bbc422160606bd3076fd70eeb8,0.164306511829,mean_only,0.164499006623,evaluated
year_block,0.01,length_only,normalized_first_difference,9212,9212,5d7bb0be48293a8c4e786bf87e7586b1f3c9a7bbc422160606bd3076fd70eeb8,0.634025509053,mean_only,0.634657271982,evaluated
year_block,0.01,length_only,normalized_second_difference,9212,9212,5d7bb0be48293a8c4e786bf87e7586b1f3c9a7bbc422160606bd3076fd70eeb8,0.56614934089,mean_only,0.566949688247,evaluated
year_block,0.01,length_only,log_area,9212,9212,5d7bb0be48293a8c4e786bf87e7586b1f3c9a7bbc422160606bd3076fd70eeb8,0.515326590239,mean_only,0.516729947517,evaluated
year_block,0.01,length_only,log_duration,9212,9212,5d7bb0be48293a8c4e786bf87e7586b1f3c9a7bbc422160606bd3076fd70eeb8,,mean_only,,excluded_known_outcome
year_block,0.01,length_only,shape_PC1_fold,9212,9212,5d7bb0be48293a8c4e786bf87e7586b1f3c9a7bbc422160606bd3076fd70eeb8,0.0367645833693,mean_only,0.0386537910685,evaluated
year_block,0.01,length_only,shape_PC2_fold,9212,9212,5d7bb0be48293a8c4e786bf87e7586b1f3c9a7bbc422160606bd3076fd70eeb8,0.0563596092262,mean_only,0.0573148501407,evaluated
year_block,0.01,length_only,shape_PC3_fold,9212,9212,5d7bb0be48293a8c4e786bf87e7586b1f3c9a7bbc422160606bd3076fd70eeb8,0.00656320386045,mean_only,0.00713971012329,evaluated
year_block,0.01,length_plus_max,front_loaded_fraction,9212,9212,5d7bb0be48293a8c4e786bf87e7586b1f3c9a7bbc422160606bd3076fd70eeb8,0.049939322188,mean_only,0.0506739539664,evaluated
year_block,0.01,length_plus_max,late_growth_fraction,9212,9212,5d7bb0be48293a8c4e786bf87e7586b1f3c9a7bbc422160606bd3076fd70eeb8,0.0868389881357,mean_only,0.0874641862657,evaluated
year_block,0.01,length_plus_max,peak_timing,9212,9212,5d7bb0be48293a8c4e786bf87e7586b1f3c9a7bbc422160606bd3076fd70eeb8,0.00151420575739,mean_only,0.00172867972705,evaluated
year_block,0.01,length_plus_max,terminal_taper_fraction,9212,9212,5d7bb0be48293a8c4e786bf87e7586b1f3c9a7bbc422160606bd3076fd70eeb8,0.208935306261,mean_only,0.209914566526,evaluated
year_block,0.01,length_plus_max,normalized_entropy,9212,9212,5d7bb0be48293a8c4e786bf87e7586b1f3c9a7bbc422160606bd3076fd70eeb8,0.077168402799,mean_only,0.07897964073,evaluated
year_block,0.01,length_plus_max,pulse_count,9212,9212,5d7bb0be48293a8c4e786bf87e7586b1f3c9a7bbc422160606bd3076fd70eeb8,0.191343238643,mean_only,0.191567834354,evaluated
year_block,0.01,length_plus_max,reactivation_count,9212,9212,5d7bb0be48293a8c4e786bf87e7586b1f3c9a7bbc422160606bd3076fd70eeb8,0.166105860253,mean_only,0.166298355047,evaluated
year_block,0.01,length_plus_max,normalized_first_difference,9212,9212,5d7bb0be48293a8c4e786bf87e7586b1f3c9a7bbc422160606bd3076fd70eeb8,0.641307533814,mean_only,0.641939296743,evaluated
year_block,0.01,length_plus_max,normalized_second_difference,9212,9212,5d7bb0be48293a8c4e786bf87e7586b1f3c9a7bbc422160606bd3076fd70eeb8,0.572842612778,mean_only,0.573642960135,evaluated
year_block,0.01,length_plus_max,log_area,9212,9212,5d7bb0be48293a8c4e786bf87e7586b1f3c9a7bbc422160606bd3076fd70eeb8,0.545024481721,mean_only,0.546427838998,evaluated
year_block,0.01,length_plus_max,log_duration,9212,9212,5d7bb0be48293a8c4e786bf87e7586b1f3c9a7bbc422160606bd3076fd70eeb8,,mean_only,,excluded_known_outcome
year_block,0.01,length_plus_max,shape_PC1_fold,9212,9212,5d7bb0be48293a8c4e786bf87e7586b1f3c9a7bbc422160606bd3076fd70eeb8,0.0555275694344,mean_only,0.0574167771336,evaluated
year_block,0.01,length_plus_max,shape_PC2_fold,9212,9212,5d7bb0be48293a8c4e786bf87e7586b1f3c9a7bbc422160606bd3076fd70eeb8,0.0589008884587,mean_only,0.0598561293732,evaluated
year_block,0.01,length_plus_max,shape_PC3_fold,9212,9212,5d7bb0be48293a8c4e786bf87e7586b1f3c9a7bbc422160606bd3076fd70eeb8,0.00944474295898,mean_only,0.0100212492218,evaluated
year_block,0.01,length_plus_core,front_loaded_fraction,9212,9212,5d7bb0be48293a8c4e786bf87e7586b1f3c9a7bbc422160606bd3076fd70eeb8,0.0497634690835,mean_only,0.050498100862,evaluated
year_block,0.01,length_plus_core,late_growth_fraction,9212,9212,5d7bb0be48293a8c4e786bf87e7586b1f3c9a7bbc422160606bd3076fd70eeb8,0.0930625909717,mean_only,0.0936877891017,evaluated
year_block,0.01,length_plus_core,peak_timing,9212,9212,5d7bb0be48293a8c4e786bf87e7586b1f3c9a7bbc422160606bd3076fd70eeb8,0.00205014908467,mean_only,0.00226462305433,evaluated
year_block,0.01,length_plus_core,terminal_taper_fraction,9212,9212,5d7bb0be48293a8c4e786bf87e7586b1f3c9a7bbc422160606bd3076fd70eeb8,0.225572607056,mean_only,0.22655186732,evaluated
year_block,0.01,length_plus_core,normalized_entropy,9212,9212,5d7bb0be48293a8c4e786bf87e7586b1f3c9a7bbc422160606bd3076fd70eeb8,0.116205187009,mean_only,0.11801642494,evaluated
year_block,0.01,length_plus_core,pulse_count,9212,9212,5d7bb0be48293a8c4e786bf87e7586b1f3c9a7bbc422160606bd3076fd70eeb8,0.190686499659,mean_only,0.190911095371,evaluated
year_block,0.01,length_plus_core,reactivation_count,9212,9212,5d7bb0be48293a8c4e786bf87e7586b1f3c9a7bbc422160606bd3076fd70eeb8,0.165352650759,mean_only,0.165545145553,evaluated
year_block,0.01,length_plus_core,normalized_first_difference,9212,9212,5d7bb0be48293a8c4e786bf87e7586b1f3c9a7bbc422160606bd3076fd70eeb8,0.649633056854,mean_only,0.650264819783,evaluated
year_block,0.01,length_plus_core,normalized_second_difference,9212,9212,5d7bb0be48293a8c4e786bf87e7586b1f3c9a7bbc422160606bd3076fd70eeb8,0.581721406484,mean_only,0.582521753841,evaluated
year_block,0.01,length_plus_core,log_area,9212,9212,5d7bb0be48293a8c4e786bf87e7586b1f3c9a7bbc422160606bd3076fd70eeb8,0.576275954408,mean_only,0.577679311685,evaluated
year_block,0.01,length_plus_core,log_duration,9212,9212,5d7bb0be48293a8c4e786bf87e7586b1f3c9a7bbc422160606bd3076fd70eeb8,,mean_only,,excluded_known_outcome
year_block,0.01,length_plus_core,shape_PC1_fold,9212,9212,5d7bb0be48293a8c4e786bf87e7586b1f3c9a7bbc422160606bd3076fd70eeb8,0.0569062893711,mean_only,0.0587954970702,evaluated
year_block,0.01,length_plus_core,shape_PC2_fold,9212,9212,5d7bb0be48293a8c4e786bf87e7586b1f3c9a7bbc422160606bd3076fd70eeb8,0.061723696032,mean_only,0.0626789369466,evaluated
year_block,0.01,length_plus_core,shape_PC3_fold,9212,9212,5d7bb0be48293a8c4e786bf87e7586b1f3c9a7bbc422160606bd3076fd70eeb8,0.00865015911054,mean_only,0.00922666537338,evaluated
year_block,0.01,length_plus_core_max,front_loaded_fraction,9212,9212,5d7bb0be48293a8c4e786bf87e7586b1f3c9a7bbc422160606bd3076fd70eeb8,0.0505677991213,mean_only,0.0513024308998,evaluated
year_block,0.01,length_plus_core_max,late_growth_fraction,9212,9212,5d7bb0be48293a8c4e786bf87e7586b1f3c9a7bbc422160606bd3076fd70eeb8,0.0929586414285,mean_only,0.0935838395586,evaluated
year_block,0.01,length_plus_core_max,peak_timing,9212,9212,5d7bb0be48293a8c4e786bf87e7586b1f3c9a7bbc422160606bd3076fd70eeb8,0.00128799303124,mean_only,0.0015024670009,evaluated
year_block,0.01,length_plus_core_max,terminal_taper_fraction,9212,9212,5d7bb0be48293a8c4e786bf87e7586b1f3c9a7bbc422160606bd3076fd70eeb8,0.225582529285,mean_only,0.226561789549,evaluated
year_block,0.01,length_plus_core_max,normalized_entropy,9212,9212,5d7bb0be48293a8c4e786bf87e7586b1f3c9a7bbc422160606bd3076fd70eeb8,0.119728932779,mean_only,0.12154017071,evaluated
year_block,0.01,length_plus_core_max,pulse_count,9212,9212,5d7bb0be48293a8c4e786bf87e7586b1f3c9a7bbc422160606bd3076fd70eeb8,0.194386851996,mean_only,0.194611447708,evaluated
year_block,0.01,length_plus_core_max,reactivation_count,9212,9212,5d7bb0be48293a8c4e786bf87e7586b1f3c9a7bbc422160606bd3076fd70eeb8,0.165368328125,mean_only,0.165560822919,evaluated
year_block,0.01,length_plus_core_max,normalized_first_difference,9212,9212,5d7bb0be48293a8c4e786bf87e7586b1f3c9a7bbc422160606bd3076fd70eeb8,0.65142221915,mean_only,0.652053982079,evaluated
year_block,0.01,length_plus_core_max,normalized_second_difference,9212,9212,5d7bb0be48293a8c4e786bf87e7586b1f3c9a7bbc422160606bd3076fd70eeb8,0.583363663055,mean_only,0.584164010412,evaluated
year_block,0.01,length_plus_core_max,log_area,9212,9212,5d7bb0be48293a8c4e786bf87e7586b1f3c9a7bbc422160606bd3076fd70eeb8,0.579668986853,mean_only,0.581072344131,evaluated
year_block,0.01,length_plus_core_max,log_duration,9212,9212,5d7bb0be48293a8c4e786bf87e7586b1f3c9a7bbc422160606bd3076fd70eeb8,,mean_only,,excluded_known_outcome
year_block,0.01,length_plus_core_max,shape_PC1_fold,9212,9212,5d7bb0be48293a8c4e786bf87e7586b1f3c9a7bbc422160606bd3076fd70eeb8,0.0572882839703,mean_only,0.0591774916694,evaluated
year_block,0.01,length_plus_core_max,shape_PC2_fold,9212,9212,5d7bb0be48293a8c4e786bf87e7586b1f3c9a7bbc422160606bd3076fd70eeb8,0.0616136890521,mean_only,0.0625689299667,evaluated
year_block,0.01,length_plus_core_max,shape_PC3_fold,9212,9212,5d7bb0be48293a8c4e786bf87e7586b1f3c9a7bbc422160606bd3076fd70eeb8,0.0101408321194,mean_only,0.0107173383822,evaluated
year_block,0.01,core_quantile_exceedance,front_loaded_fraction,9212,9212,5d7bb0be48293a8c4e786bf87e7586b1f3c9a7bbc422160606bd3076fd70eeb8,0.0359320079498,mean_only,0.0366666397282,evaluated
year_block,0.01,core_quantile_exceedance,late_growth_fraction,9212,9212,5d7bb0be48293a8c4e786bf87e7586b1f3c9a7bbc422160606bd3076fd70eeb8,0.0486790870438,mean_only,0.0493042851738,evaluated
year_block,0.01,core_quantile_exceedance,peak_timing,9212,9212,5d7bb0be48293a8c4e786bf87e7586b1f3c9a7bbc422160606bd3076fd70eeb8,0.00219583436985,mean_only,0.00241030833951,evaluated
year_block,0.01,core_quantile_exceedance,terminal_taper_fraction,9212,9212,5d7bb0be48293a8c4e786bf87e7586b1f3c9a7bbc422160606bd3076fd70eeb8,0.0850214855627,mean_only,0.0860007458271,evaluated
year_block,0.01,core_quantile_exceedance,normalized_entropy,9212,9212,5d7bb0be48293a8c4e786bf87e7586b1f3c9a7bbc422160606bd3076fd70eeb8,0.101608639145,mean_only,0.103419877076,evaluated
year_block,0.01,core_quantile_exceedance,pulse_count,9212,9212,5d7bb0be48293a8c4e786bf87e7586b1f3c9a7bbc422160606bd3076fd70eeb8,0.0143722591477,mean_only,0.0145968548595,evaluated
year_block,0.01,core_quantile_exceedance,reactivation_count,9212,9212,5d7bb0be48293a8c4e786bf87e7586b1f3c9a7bbc422160606bd3076fd70eeb8,0.0149668066882,mean_only,0.0151593014821,evaluated
year_block,0.01,core_quantile_exceedance,normalized_first_difference,9212,9212,5d7bb0be48293a8c4e786bf87e7586b1f3c9a7bbc422160606bd3076fd70eeb8,0.172669271555,mean_only,0.173301034484,evaluated
year_block,0.01,core_quantile_exceedance,normalized_second_difference,9212,9212,5d7bb0be48293a8c4e786bf87e7586b1f3c9a7bbc422160606bd3076fd70eeb8,0.159210253227,mean_only,0.160010600584,evaluated
year_block,0.01,core_quantile_exceedance,log_area,9212,9212,5d7bb0be48293a8c4e786bf87e7586b1f3c9a7bbc422160606bd3076fd70eeb8,0.220031005136,mean_only,0.221434362413,evaluated
year_block,0.01,core_quantile_exceedance,log_duration,9212,9212,5d7bb0be48293a8c4e786bf87e7586b1f3c9a7bbc422160606bd3076fd70eeb8,0.176889042002,mean_only,0.17727158302,evaluated
year_block,0.01,core_quantile_exceedance,shape_PC1_fold,9212,9212,5d7bb0be48293a8c4e786bf87e7586b1f3c9a7bbc422160606bd3076fd70eeb8,0.0384455080184,mean_only,0.0403347157175,evaluated
year_block,0.01,core_quantile_exceedance,shape_PC2_fold,9212,9212,5d7bb0be48293a8c4e786bf87e7586b1f3c9a7bbc422160606bd3076fd70eeb8,0.0209830928085,mean_only,0.021938333723,evaluated
year_block,0.01,core_quantile_exceedance,shape_PC3_fold,9212,9212,5d7bb0be48293a8c4e786bf87e7586b1f3c9a7bbc422160606bd3076fd70eeb8,0.00803664338511,mean_only,0.00861314964794,evaluated
year_block,1,mean_only,front_loaded_fraction,9212,9212,5d7bb0be48293a8c4e786bf87e7586b1f3c9a7bbc422160606bd3076fd70eeb8,-0.000734631778445,mean_only,0,evaluated
year_block,1,mean_only,late_growth_fraction,9212,9212,5d7bb0be48293a8c4e786bf87e7586b1f3c9a7bbc422160606bd3076fd70eeb8,-0.000625198130032,mean_only,0,evaluated
year_block,1,mean_only,peak_timing,9212,9212,5d7bb0be48293a8c4e786bf87e7586b1f3c9a7bbc422160606bd3076fd70eeb8,-0.000214473969656,mean_only,0,evaluated
year_block,1,mean_only,terminal_taper_fraction,9212,9212,5d7bb0be48293a8c4e786bf87e7586b1f3c9a7bbc422160606bd3076fd70eeb8,-0.000979260264395,mean_only,0,evaluated
year_block,1,mean_only,normalized_entropy,9212,9212,5d7bb0be48293a8c4e786bf87e7586b1f3c9a7bbc422160606bd3076fd70eeb8,-0.00181123793105,mean_only,0,evaluated
year_block,1,mean_only,pulse_count,9212,9212,5d7bb0be48293a8c4e786bf87e7586b1f3c9a7bbc422160606bd3076fd70eeb8,-0.000224595711782,mean_only,0,evaluated
year_block,1,mean_only,reactivation_count,9212,9212,5d7bb0be48293a8c4e786bf87e7586b1f3c9a7bbc422160606bd3076fd70eeb8,-0.000192494793949,mean_only,0,evaluated
year_block,1,mean_only,normalized_first_difference,9212,9212,5d7bb0be48293a8c4e786bf87e7586b1f3c9a7bbc422160606bd3076fd70eeb8,-0.000631762928931,mean_only,0,evaluated
year_block,1,mean_only,normalized_second_difference,9212,9212,5d7bb0be48293a8c4e786bf87e7586b1f3c9a7bbc422160606bd3076fd70eeb8,-0.000800347356876,mean_only,0,evaluated
year_block,1,mean_only,log_area,9212,9212,5d7bb0be48293a8c4e786bf87e7586b1f3c9a7bbc422160606bd3076fd70eeb8,-0.0014033572773,mean_only,0,evaluated
year_block,1,mean_only,log_duration,9212,9212,5d7bb0be48293a8c4e786bf87e7586b1f3c9a7bbc422160606bd3076fd70eeb8,-0.000382541017893,mean_only,0,evaluated
year_block,1,mean_only,shape_PC1_fold,9212,9212,5d7bb0be48293a8c4e786bf87e7586b1f3c9a7bbc422160606bd3076fd70eeb8,-0.00188920769913,mean_only,0,evaluated
year_block,1,mean_only,shape_PC2_fold,9212,9212,5d7bb0be48293a8c4e786bf87e7586b1f3c9a7bbc422160606bd3076fd70eeb8,-0.000955240914536,mean_only,0,evaluated
year_block,1,mean_only,shape_PC3_fold,9212,9212,5d7bb0be48293a8c4e786bf87e7586b1f3c9a7bbc422160606bd3076fd70eeb8,-0.000576506262834,mean_only,0,evaluated
year_block,1,core_means,front_loaded_fraction,9212,9212,5d7bb0be48293a8c4e786bf87e7586b1f3c9a7bbc422160606bd3076fd70eeb8,0.0244306581254,mean_only,0.0251652899038,evaluated
year_block,1,core_means,late_growth_fraction,9212,9212,5d7bb0be48293a8c4e786bf87e7586b1f3c9a7bbc422160606bd3076fd70eeb8,0.0329648045623,mean_only,0.0335900026924,evaluated
year_block,1,core_means,peak_timing,9212,9212,5d7bb0be48293a8c4e786bf87e7586b1f3c9a7bbc422160606bd3076fd70eeb8,0.00236316066849,mean_only,0.00257763463814,evaluated
year_block,1,core_means,terminal_taper_fraction,9212,9212,5d7bb0be48293a8c4e786bf87e7586b1f3c9a7bbc422160606bd3076fd70eeb8,0.0469329032035,mean_only,0.0479121634679,evaluated
year_block,1,core_means,normalized_entropy,9212,9212,5d7bb0be48293a8c4e786bf87e7586b1f3c9a7bbc422160606bd3076fd70eeb8,0.0845398925518,mean_only,0.0863511304828,evaluated
year_block,1,core_means,pulse_count,9212,9212,5d7bb0be48293a8c4e786bf87e7586b1f3c9a7bbc422160606bd3076fd70eeb8,0.00229680679103,mean_only,0.00252140250281,evaluated
year_block,1,core_means,reactivation_count,9212,9212,5d7bb0be48293a8c4e786bf87e7586b1f3c9a7bbc422160606bd3076fd70eeb8,-0.00118485952372,mean_only,-0.00099236472977,evaluated
year_block,1,core_means,normalized_first_difference,9212,9212,5d7bb0be48293a8c4e786bf87e7586b1f3c9a7bbc422160606bd3076fd70eeb8,0.0518641263995,mean_only,0.0524958893284,evaluated
year_block,1,core_means,normalized_second_difference,9212,9212,5d7bb0be48293a8c4e786bf87e7586b1f3c9a7bbc422160606bd3076fd70eeb8,0.0476639470514,mean_only,0.0484642944083,evaluated
year_block,1,core_means,log_area,9212,9212,5d7bb0be48293a8c4e786bf87e7586b1f3c9a7bbc422160606bd3076fd70eeb8,0.112828524412,mean_only,0.114231881689,evaluated
year_block,1,core_means,log_duration,9212,9212,5d7bb0be48293a8c4e786bf87e7586b1f3c9a7bbc422160606bd3076fd70eeb8,0.0207741198909,mean_only,0.0211566609088,evaluated
year_block,1,core_means,shape_PC1_fold,9212,9212,5d7bb0be48293a8c4e786bf87e7586b1f3c9a7bbc422160606bd3076fd70eeb8,0.0263600939718,mean_only,0.0282493016709,evaluated
year_block,1,core_means,shape_PC2_fold,9212,9212,5d7bb0be48293a8c4e786bf87e7586b1f3c9a7bbc422160606bd3076fd70eeb8,0.010025778488,mean_only,0.0109810194025,evaluated
year_block,1,core_means,shape_PC3_fold,9212,9212,5d7bb0be48293a8c4e786bf87e7586b1f3c9a7bbc422160606bd3076fd70eeb8,0.00296146839813,mean_only,0.00353797466096,evaluated
year_block,1,max_vpd_only,front_loaded_fraction,9212,9212,5d7bb0be48293a8c4e786bf87e7586b1f3c9a7bbc422160606bd3076fd70eeb8,0.0297088095266,mean_only,0.030443441305,evaluated
year_block,1,max_vpd_only,late_growth_fraction,9212,9212,5d7bb0be48293a8c4e786bf87e7586b1f3c9a7bbc422160606bd3076fd70eeb8,0.034643291758,mean_only,0.0352684898881,evaluated
year_block,1,max_vpd_only,peak_timing,9212,9212,5d7bb0be48293a8c4e786bf87e7586b1f3c9a7bbc422160606bd3076fd70eeb8,0.00191641711949,mean_only,0.00213089108914,evaluated
year_block,1,max_vpd_only,terminal_taper_fraction,9212,9212,5d7bb0be48293a8c4e786bf87e7586b1f3c9a7bbc422160606bd3076fd70eeb8,0.0440791068006,mean_only,0.045058367065,evaluated
year_block,1,max_vpd_only,normalized_entropy,9212,9212,5d7bb0be48293a8c4e786bf87e7586b1f3c9a7bbc422160606bd3076fd70eeb8,0.0509683321969,mean_only,0.052779570128,evaluated
year_block,1,max_vpd_only,pulse_count,9212,9212,5d7bb0be48293a8c4e786bf87e7586b1f3c9a7bbc422160606bd3076fd70eeb8,-0.000294634811556,mean_only,-7.00390997741e-05,evaluated
year_block,1,max_vpd_only,reactivation_count,9212,9212,5d7bb0be48293a8c4e786bf87e7586b1f3c9a7bbc422160606bd3076fd70eeb8,0.00209608135608,mean_only,0.00228857615003,evaluated
year_block,1,max_vpd_only,normalized_first_difference,9212,9212,5d7bb0be48293a8c4e786bf87e7586b1f3c9a7bbc422160606bd3076fd70eeb8,0.0715128589186,mean_only,0.0721446218476,evaluated
year_block,1,max_vpd_only,normalized_second_difference,9212,9212,5d7bb0be48293a8c4e786bf87e7586b1f3c9a7bbc422160606bd3076fd70eeb8,0.0644428304706,mean_only,0.0652431778275,evaluated
year_block,1,max_vpd_only,log_area,9212,9212,5d7bb0be48293a8c4e786bf87e7586b1f3c9a7bbc422160606bd3076fd70eeb8,0.111268099748,mean_only,0.112671457025,evaluated
year_block,1,max_vpd_only,log_duration,9212,9212,5d7bb0be48293a8c4e786bf87e7586b1f3c9a7bbc422160606bd3076fd70eeb8,0.0533244327481,mean_only,0.053706973766,evaluated
year_block,1,max_vpd_only,shape_PC1_fold,9212,9212,5d7bb0be48293a8c4e786bf87e7586b1f3c9a7bbc422160606bd3076fd70eeb8,0.0308297269174,mean_only,0.0327189346165,evaluated
year_block,1,max_vpd_only,shape_PC2_fold,9212,9212,5d7bb0be48293a8c4e786bf87e7586b1f3c9a7bbc422160606bd3076fd70eeb8,0.0102441181832,mean_only,0.0111993590978,evaluated
year_block,1,max_vpd_only,shape_PC3_fold,9212,9212,5d7bb0be48293a8c4e786bf87e7586b1f3c9a7bbc422160606bd3076fd70eeb8,0.00471356883817,mean_only,0.005290075101,evaluated
year_block,1,core_plus_max,front_loaded_fraction,9212,9212,5d7bb0be48293a8c4e786bf87e7586b1f3c9a7bbc422160606bd3076fd70eeb8,0.0355777602245,mean_only,0.036312392003,evaluated
year_block,1,core_plus_max,late_growth_fraction,9212,9212,5d7bb0be48293a8c4e786bf87e7586b1f3c9a7bbc422160606bd3076fd70eeb8,0.0499992942901,mean_only,0.0506244924202,evaluated
year_block,1,core_plus_max,peak_timing,9212,9212,5d7bb0be48293a8c4e786bf87e7586b1f3c9a7bbc422160606bd3076fd70eeb8,0.00209723605418,mean_only,0.00231171002384,evaluated
year_block,1,core_plus_max,terminal_taper_fraction,9212,9212,5d7bb0be48293a8c4e786bf87e7586b1f3c9a7bbc422160606bd3076fd70eeb8,0.089810975546,mean_only,0.0907902358104,evaluated
year_block,1,core_plus_max,normalized_entropy,9212,9212,5d7bb0be48293a8c4e786bf87e7586b1f3c9a7bbc422160606bd3076fd70eeb8,0.102420244497,mean_only,0.104231482428,evaluated
year_block,1,core_plus_max,pulse_count,9212,9212,5d7bb0be48293a8c4e786bf87e7586b1f3c9a7bbc422160606bd3076fd70eeb8,0.0204492901199,mean_only,0.0206738858317,evaluated
year_block,1,core_plus_max,reactivation_count,9212,9212,5d7bb0be48293a8c4e786bf87e7586b1f3c9a7bbc422160606bd3076fd70eeb8,0.0247125811568,mean_only,0.0249050759507,evaluated
year_block,1,core_plus_max,normalized_first_difference,9212,9212,5d7bb0be48293a8c4e786bf87e7586b1f3c9a7bbc422160606bd3076fd70eeb8,0.197065775095,mean_only,0.197697538024,evaluated
year_block,1,core_plus_max,normalized_second_difference,9212,9212,5d7bb0be48293a8c4e786bf87e7586b1f3c9a7bbc422160606bd3076fd70eeb8,0.177994986041,mean_only,0.178795333398,evaluated
year_block,1,core_plus_max,log_area,9212,9212,5d7bb0be48293a8c4e786bf87e7586b1f3c9a7bbc422160606bd3076fd70eeb8,0.237699148686,mean_only,0.239102505964,evaluated
year_block,1,core_plus_max,log_duration,9212,9212,5d7bb0be48293a8c4e786bf87e7586b1f3c9a7bbc422160606bd3076fd70eeb8,0.21112129764,mean_only,0.211503838658,evaluated
year_block,1,core_plus_max,shape_PC1_fold,9212,9212,5d7bb0be48293a8c4e786bf87e7586b1f3c9a7bbc422160606bd3076fd70eeb8,0.0386283403467,mean_only,0.0405175480458,evaluated
year_block,1,core_plus_max,shape_PC2_fold,9212,9212,5d7bb0be48293a8c4e786bf87e7586b1f3c9a7bbc422160606bd3076fd70eeb8,0.0217767929017,mean_only,0.0227320338162,evaluated
year_block,1,core_plus_max,shape_PC3_fold,9212,9212,5d7bb0be48293a8c4e786bf87e7586b1f3c9a7bbc422160606bd3076fd70eeb8,0.00804710189453,mean_only,0.00862360815737,evaluated
year_block,1,comprehensive_means,front_loaded_fraction,9212,9212,5d7bb0be48293a8c4e786bf87e7586b1f3c9a7bbc422160606bd3076fd70eeb8,0.0437159503636,mean_only,0.044450582142,evaluated
year_block,1,comprehensive_means,late_growth_fraction,9212,9212,5d7bb0be48293a8c4e786bf87e7586b1f3c9a7bbc422160606bd3076fd70eeb8,0.0500484681827,mean_only,0.0506736663128,evaluated
year_block,1,comprehensive_means,peak_timing,9212,9212,5d7bb0be48293a8c4e786bf87e7586b1f3c9a7bbc422160606bd3076fd70eeb8,0.000754615305847,mean_only,0.000969089275503,evaluated
year_block,1,comprehensive_means,terminal_taper_fraction,9212,9212,5d7bb0be48293a8c4e786bf87e7586b1f3c9a7bbc422160606bd3076fd70eeb8,0.0764206208877,mean_only,0.0773998811521,evaluated
year_block,1,comprehensive_means,normalized_entropy,9212,9212,5d7bb0be48293a8c4e786bf87e7586b1f3c9a7bbc422160606bd3076fd70eeb8,0.129102110595,mean_only,0.130913348526,evaluated
year_block,1,comprehensive_means,pulse_count,9212,9212,5d7bb0be48293a8c4e786bf87e7586b1f3c9a7bbc422160606bd3076fd70eeb8,0.00488907974919,mean_only,0.00511367546098,evaluated
year_block,1,comprehensive_means,reactivation_count,9212,9212,5d7bb0be48293a8c4e786bf87e7586b1f3c9a7bbc422160606bd3076fd70eeb8,0.00392566175708,mean_only,0.00411815655103,evaluated
year_block,1,comprehensive_means,normalized_first_difference,9212,9212,5d7bb0be48293a8c4e786bf87e7586b1f3c9a7bbc422160606bd3076fd70eeb8,0.117884000008,mean_only,0.118515762937,evaluated
year_block,1,comprehensive_means,normalized_second_difference,9212,9212,5d7bb0be48293a8c4e786bf87e7586b1f3c9a7bbc422160606bd3076fd70eeb8,0.106179265027,mean_only,0.106979612384,evaluated
year_block,1,comprehensive_means,log_area,9212,9212,5d7bb0be48293a8c4e786bf87e7586b1f3c9a7bbc422160606bd3076fd70eeb8,0.213153957376,mean_only,0.214557314653,evaluated
year_block,1,comprehensive_means,log_duration,9212,9212,5d7bb0be48293a8c4e786bf87e7586b1f3c9a7bbc422160606bd3076fd70eeb8,0.0728781324105,mean_only,0.0732606734284,evaluated
year_block,1,comprehensive_means,shape_PC1_fold,9212,9212,5d7bb0be48293a8c4e786bf87e7586b1f3c9a7bbc422160606bd3076fd70eeb8,0.0441634671232,mean_only,0.0460526748223,evaluated
year_block,1,comprehensive_means,shape_PC2_fold,9212,9212,5d7bb0be48293a8c4e786bf87e7586b1f3c9a7bbc422160606bd3076fd70eeb8,0.0163345704609,mean_only,0.0172898113754,evaluated
year_block,1,comprehensive_means,shape_PC3_fold,9212,9212,5d7bb0be48293a8c4e786bf87e7586b1f3c9a7bbc422160606bd3076fd70eeb8,0.00683914143515,mean_only,0.00741564769798,evaluated
year_block,1,comprehensive_plus_max,front_loaded_fraction,9212,9212,5d7bb0be48293a8c4e786bf87e7586b1f3c9a7bbc422160606bd3076fd70eeb8,0.0510501057509,mean_only,0.0517847375294,evaluated
year_block,1,comprehensive_plus_max,late_growth_fraction,9212,9212,5d7bb0be48293a8c4e786bf87e7586b1f3c9a7bbc422160606bd3076fd70eeb8,0.0644791726415,mean_only,0.0651043707715,evaluated
year_block,1,comprehensive_plus_max,peak_timing,9212,9212,5d7bb0be48293a8c4e786bf87e7586b1f3c9a7bbc422160606bd3076fd70eeb8,0.000295533338265,mean_only,0.000510007307921,evaluated
year_block,1,comprehensive_plus_max,terminal_taper_fraction,9212,9212,5d7bb0be48293a8c4e786bf87e7586b1f3c9a7bbc422160606bd3076fd70eeb8,0.113018292038,mean_only,0.113997552302,evaluated
year_block,1,comprehensive_plus_max,normalized_entropy,9212,9212,5d7bb0be48293a8c4e786bf87e7586b1f3c9a7bbc422160606bd3076fd70eeb8,0.140632213809,mean_only,0.14244345174,evaluated
year_block,1,comprehensive_plus_max,pulse_count,9212,9212,5d7bb0be48293a8c4e786bf87e7586b1f3c9a7bbc422160606bd3076fd70eeb8,0.0227480522475,mean_only,0.0229726479593,evaluated
year_block,1,comprehensive_plus_max,reactivation_count,9212,9212,5d7bb0be48293a8c4e786bf87e7586b1f3c9a7bbc422160606bd3076fd70eeb8,0.0272318909846,mean_only,0.0274243857785,evaluated
year_block,1,comprehensive_plus_max,normalized_first_difference,9212,9212,5d7bb0be48293a8c4e786bf87e7586b1f3c9a7bbc422160606bd3076fd70eeb8,0.241090048855,mean_only,0.241721811784,evaluated
year_block,1,comprehensive_plus_max,normalized_second_difference,9212,9212,5d7bb0be48293a8c4e786bf87e7586b1f3c9a7bbc422160606bd3076fd70eeb8,0.216683016755,mean_only,0.217483364112,evaluated
year_block,1,comprehensive_plus_max,log_area,9212,9212,5d7bb0be48293a8c4e786bf87e7586b1f3c9a7bbc422160606bd3076fd70eeb8,0.316806643583,mean_only,0.31821000086,evaluated
year_block,1,comprehensive_plus_max,log_duration,9212,9212,5d7bb0be48293a8c4e786bf87e7586b1f3c9a7bbc422160606bd3076fd70eeb8,0.244713129237,mean_only,0.245095670255,evaluated
year_block,1,comprehensive_plus_max,shape_PC1_fold,9212,9212,5d7bb0be48293a8c4e786bf87e7586b1f3c9a7bbc422160606bd3076fd70eeb8,0.0528224234296,mean_only,0.0547116311287,evaluated
year_block,1,comprehensive_plus_max,shape_PC2_fold,9212,9212,5d7bb0be48293a8c4e786bf87e7586b1f3c9a7bbc422160606bd3076fd70eeb8,0.0288423555845,mean_only,0.029797596499,evaluated
year_block,1,comprehensive_plus_max,shape_PC3_fold,9212,9212,5d7bb0be48293a8c4e786bf87e7586b1f3c9a7bbc422160606bd3076fd70eeb8,0.0100092971823,mean_only,0.0105858034452,evaluated
year_block,1,length_only,front_loaded_fraction,9212,9212,5d7bb0be48293a8c4e786bf87e7586b1f3c9a7bbc422160606bd3076fd70eeb8,0.0318395113463,mean_only,0.0325741431247,evaluated
year_block,1,length_only,late_growth_fraction,9212,9212,5d7bb0be48293a8c4e786bf87e7586b1f3c9a7bbc422160606bd3076fd70eeb8,0.0704908029057,mean_only,0.0711160010357,evaluated
year_block,1,length_only,peak_timing,9212,9212,5d7bb0be48293a8c4e786bf87e7586b1f3c9a7bbc422160606bd3076fd70eeb8,-0.000398548523296,mean_only,-0.00018407455364,evaluated
year_block,1,length_only,terminal_taper_fraction,9212,9212,5d7bb0be48293a8c4e786bf87e7586b1f3c9a7bbc422160606bd3076fd70eeb8,0.196812716576,mean_only,0.19779197684,evaluated
year_block,1,length_only,normalized_entropy,9212,9212,5d7bb0be48293a8c4e786bf87e7586b1f3c9a7bbc422160606bd3076fd70eeb8,0.0430014901153,mean_only,0.0448127280464,evaluated
year_block,1,length_only,pulse_count,9212,9212,5d7bb0be48293a8c4e786bf87e7586b1f3c9a7bbc422160606bd3076fd70eeb8,0.180032722807,mean_only,0.180257318518,evaluated
year_block,1,length_only,reactivation_count,9212,9212,5d7bb0be48293a8c4e786bf87e7586b1f3c9a7bbc422160606bd3076fd70eeb8,0.164307172517,mean_only,0.164499667311,evaluated
year_block,1,length_only,normalized_first_difference,9212,9212,5d7bb0be48293a8c4e786bf87e7586b1f3c9a7bbc422160606bd3076fd70eeb8,0.634025428007,mean_only,0.634657190936,evaluated
year_block,1,length_only,normalized_second_difference,9212,9212,5d7bb0be48293a8c4e786bf87e7586b1f3c9a7bbc422160606bd3076fd70eeb8,0.566149243503,mean_only,0.56694959086,evaluated
year_block,1,length_only,log_area,9212,9212,5d7bb0be48293a8c4e786bf87e7586b1f3c9a7bbc422160606bd3076fd70eeb8,0.515326711736,mean_only,0.516730069014,evaluated
year_block,1,length_only,log_duration,9212,9212,5d7bb0be48293a8c4e786bf87e7586b1f3c9a7bbc422160606bd3076fd70eeb8,,mean_only,,excluded_known_outcome
year_block,1,length_only,shape_PC1_fold,9212,9212,5d7bb0be48293a8c4e786bf87e7586b1f3c9a7bbc422160606bd3076fd70eeb8,0.0367645777476,mean_only,0.0386537854467,evaluated
year_block,1,length_only,shape_PC2_fold,9212,9212,5d7bb0be48293a8c4e786bf87e7586b1f3c9a7bbc422160606bd3076fd70eeb8,0.0563595156765,mean_only,0.0573147565911,evaluated
year_block,1,length_only,shape_PC3_fold,9212,9212,5d7bb0be48293a8c4e786bf87e7586b1f3c9a7bbc422160606bd3076fd70eeb8,0.00656320554443,mean_only,0.00713971180727,evaluated
year_block,1,length_plus_max,front_loaded_fraction,9212,9212,5d7bb0be48293a8c4e786bf87e7586b1f3c9a7bbc422160606bd3076fd70eeb8,0.049939351361,mean_only,0.0506739831394,evaluated
year_block,1,length_plus_max,late_growth_fraction,9212,9212,5d7bb0be48293a8c4e786bf87e7586b1f3c9a7bbc422160606bd3076fd70eeb8,0.0868389276071,mean_only,0.0874641257371,evaluated
year_block,1,length_plus_max,peak_timing,9212,9212,5d7bb0be48293a8c4e786bf87e7586b1f3c9a7bbc422160606bd3076fd70eeb8,0.00151431300602,mean_only,0.00172878697567,evaluated
year_block,1,length_plus_max,terminal_taper_fraction,9212,9212,5d7bb0be48293a8c4e786bf87e7586b1f3c9a7bbc422160606bd3076fd70eeb8,0.208935110755,mean_only,0.209914371019,evaluated
year_block,1,length_plus_max,normalized_entropy,9212,9212,5d7bb0be48293a8c4e786bf87e7586b1f3c9a7bbc422160606bd3076fd70eeb8,0.0771682847759,mean_only,0.0789795227069,evaluated
year_block,1,length_plus_max,pulse_count,9212,9212,5d7bb0be48293a8c4e786bf87e7586b1f3c9a7bbc422160606bd3076fd70eeb8,0.191343078658,mean_only,0.19156767437,evaluated
year_block,1,length_plus_max,reactivation_count,9212,9212,5d7bb0be48293a8c4e786bf87e7586b1f3c9a7bbc422160606bd3076fd70eeb8,0.166106510271,mean_only,0.166299005065,evaluated
year_block,1,length_plus_max,normalized_first_difference,9212,9212,5d7bb0be48293a8c4e786bf87e7586b1f3c9a7bbc422160606bd3076fd70eeb8,0.641307438237,mean_only,0.641939201166,evaluated
year_block,1,length_plus_max,normalized_second_difference,9212,9212,5d7bb0be48293a8c4e786bf87e7586b1f3c9a7bbc422160606bd3076fd70eeb8,0.572842506222,mean_only,0.573642853579,evaluated
year_block,1,length_plus_max,log_area,9212,9212,5d7bb0be48293a8c4e786bf87e7586b1f3c9a7bbc422160606bd3076fd70eeb8,0.545024592464,mean_only,0.546427949742,evaluated
year_block,1,length_plus_max,log_duration,9212,9212,5d7bb0be48293a8c4e786bf87e7586b1f3c9a7bbc422160606bd3076fd70eeb8,,mean_only,,excluded_known_outcome
year_block,1,length_plus_max,shape_PC1_fold,9212,9212,5d7bb0be48293a8c4e786bf87e7586b1f3c9a7bbc422160606bd3076fd70eeb8,0.0555275813399,mean_only,0.057416789039,evaluated
year_block,1,length_plus_max,shape_PC2_fold,9212,9212,5d7bb0be48293a8c4e786bf87e7586b1f3c9a7bbc422160606bd3076fd70eeb8,0.058900869635,mean_only,0.0598561105495,evaluated
year_block,1,length_plus_max,shape_PC3_fold,9212,9212,5d7bb0be48293a8c4e786bf87e7586b1f3c9a7bbc422160606bd3076fd70eeb8,0.00944476798082,mean_only,0.0100212742436,evaluated
year_block,1,length_plus_core,front_loaded_fraction,9212,9212,5d7bb0be48293a8c4e786bf87e7586b1f3c9a7bbc422160606bd3076fd70eeb8,0.0497647900897,mean_only,0.0504994218682,evaluated
year_block,1,length_plus_core,late_growth_fraction,9212,9212,5d7bb0be48293a8c4e786bf87e7586b1f3c9a7bbc422160606bd3076fd70eeb8,0.0930632741886,mean_only,0.0936884723186,evaluated
year_block,1,length_plus_core,peak_timing,9212,9212,5d7bb0be48293a8c4e786bf87e7586b1f3c9a7bbc422160606bd3076fd70eeb8,0.00205159945063,mean_only,0.00226607342028,evaluated
year_block,1,length_plus_core,terminal_taper_fraction,9212,9212,5d7bb0be48293a8c4e786bf87e7586b1f3c9a7bbc422160606bd3076fd70eeb8,0.225573362958,mean_only,0.226552623222,evaluated
year_block,1,length_plus_core,normalized_entropy,9212,9212,5d7bb0be48293a8c4e786bf87e7586b1f3c9a7bbc422160606bd3076fd70eeb8,0.116207016226,mean_only,0.118018254157,evaluated
year_block,1,length_plus_core,pulse_count,9212,9212,5d7bb0be48293a8c4e786bf87e7586b1f3c9a7bbc422160606bd3076fd70eeb8,0.190686868798,mean_only,0.19091146451,evaluated
year_block,1,length_plus_core,reactivation_count,9212,9212,5d7bb0be48293a8c4e786bf87e7586b1f3c9a7bbc422160606bd3076fd70eeb8,0.165354355752,mean_only,0.165546850546,evaluated
year_block,1,length_plus_core,normalized_first_difference,9212,9212,5d7bb0be48293a8c4e786bf87e7586b1f3c9a7bbc422160606bd3076fd70eeb8,0.649633682827,mean_only,0.650265445756,evaluated
year_block,1,length_plus_core,normalized_second_difference,9212,9212,5d7bb0be48293a8c4e786bf87e7586b1f3c9a7bbc422160606bd3076fd70eeb8,0.581721873443,mean_only,0.5825222208,evaluated
year_block,1,length_plus_core,log_area,9212,9212,5d7bb0be48293a8c4e786bf87e7586b1f3c9a7bbc422160606bd3076fd70eeb8,0.57627823447,mean_only,0.577681591747,evaluated
year_block,1,length_plus_core,log_duration,9212,9212,5d7bb0be48293a8c4e786bf87e7586b1f3c9a7bbc422160606bd3076fd70eeb8,,mean_only,,excluded_known_outcome
year_block,1,length_plus_core,shape_PC1_fold,9212,9212,5d7bb0be48293a8c4e786bf87e7586b1f3c9a7bbc422160606bd3076fd70eeb8,0.0569074376783,mean_only,0.0587966453774,evaluated
year_block,1,length_plus_core,shape_PC2_fold,9212,9212,5d7bb0be48293a8c4e786bf87e7586b1f3c9a7bbc422160606bd3076fd70eeb8,0.0617247810387,mean_only,0.0626800219532,evaluated
year_block,1,length_plus_core,shape_PC3_fold,9212,9212,5d7bb0be48293a8c4e786bf87e7586b1f3c9a7bbc422160606bd3076fd70eeb8,0.00865077711623,mean_only,0.00922728337906,evaluated
year_block,1,length_plus_core_max,front_loaded_fraction,9212,9212,5d7bb0be48293a8c4e786bf87e7586b1f3c9a7bbc422160606bd3076fd70eeb8,0.0505771660263,mean_only,0.0513117978047,evaluated
year_block,1,length_plus_core_max,late_growth_fraction,9212,9212,5d7bb0be48293a8c4e786bf87e7586b1f3c9a7bbc422160606bd3076fd70eeb8,0.0929650512845,mean_only,0.0935902494145,evaluated
year_block,1,length_plus_core_max,peak_timing,9212,9212,5d7bb0be48293a8c4e786bf87e7586b1f3c9a7bbc422160606bd3076fd70eeb8,0.0012946984728,mean_only,0.00150917244246,evaluated
year_block,1,length_plus_core_max,terminal_taper_fraction,9212,9212,5d7bb0be48293a8c4e786bf87e7586b1f3c9a7bbc422160606bd3076fd70eeb8,0.22558694251,mean_only,0.226566202774,evaluated
year_block,1,length_plus_core_max,normalized_entropy,9212,9212,5d7bb0be48293a8c4e786bf87e7586b1f3c9a7bbc422160606bd3076fd70eeb8,0.119735248237,mean_only,0.121546486169,evaluated
year_block,1,length_plus_core_max,pulse_count,9212,9212,5d7bb0be48293a8c4e786bf87e7586b1f3c9a7bbc422160606bd3076fd70eeb8,0.194389089324,mean_only,0.194613685036,evaluated
year_block,1,length_plus_core_max,reactivation_count,9212,9212,5d7bb0be48293a8c4e786bf87e7586b1f3c9a7bbc422160606bd3076fd70eeb8,0.165371609688,mean_only,0.165564104482,evaluated
year_block,1,length_plus_core_max,normalized_first_difference,9212,9212,5d7bb0be48293a8c4e786bf87e7586b1f3c9a7bbc422160606bd3076fd70eeb8,0.651425934065,mean_only,0.652057696993,evaluated
year_block,1,length_plus_core_max,normalized_second_difference,9212,9212,5d7bb0be48293a8c4e786bf87e7586b1f3c9a7bbc422160606bd3076fd70eeb8,0.583367239059,mean_only,0.584167586416,evaluated
year_block,1,length_plus_core_max,log_area,9212,9212,5d7bb0be48293a8c4e786bf87e7586b1f3c9a7bbc422160606bd3076fd70eeb8,0.57967289964,mean_only,0.581076256918,evaluated
year_block,1,length_plus_core_max,log_duration,9212,9212,5d7bb0be48293a8c4e786bf87e7586b1f3c9a7bbc422160606bd3076fd70eeb8,,mean_only,,excluded_known_outcome
year_block,1,length_plus_core_max,shape_PC1_fold,9212,9212,5d7bb0be48293a8c4e786bf87e7586b1f3c9a7bbc422160606bd3076fd70eeb8,0.0572989438341,mean_only,0.0591881515332,evaluated
year_block,1,length_plus_core_max,shape_PC2_fold,9212,9212,5d7bb0be48293a8c4e786bf87e7586b1f3c9a7bbc422160606bd3076fd70eeb8,0.0616158061518,mean_only,0.0625710470664,evaluated
year_block,1,length_plus_core_max,shape_PC3_fold,9212,9212,5d7bb0be48293a8c4e786bf87e7586b1f3c9a7bbc422160606bd3076fd70eeb8,0.0101432986183,mean_only,0.0107198048811,evaluated
year_block,1,core_quantile_exceedance,front_loaded_fraction,9212,9212,5d7bb0be48293a8c4e786bf87e7586b1f3c9a7bbc422160606bd3076fd70eeb8,0.0359436938499,mean_only,0.0366783256284,evaluated
year_block,1,core_quantile_exceedance,late_growth_fraction,9212,9212,5d7bb0be48293a8c4e786bf87e7586b1f3c9a7bbc422160606bd3076fd70eeb8,0.0486982107212,mean_only,0.0493234088513,evaluated
year_block,1,core_quantile_exceedance,peak_timing,9212,9212,5d7bb0be48293a8c4e786bf87e7586b1f3c9a7bbc422160606bd3076fd70eeb8,0.00219934690593,mean_only,0.00241382087558,evaluated
year_block,1,core_quantile_exceedance,terminal_taper_fraction,9212,9212,5d7bb0be48293a8c4e786bf87e7586b1f3c9a7bbc422160606bd3076fd70eeb8,0.0850480376282,mean_only,0.0860272978926,evaluated
year_block,1,core_quantile_exceedance,normalized_entropy,9212,9212,5d7bb0be48293a8c4e786bf87e7586b1f3c9a7bbc422160606bd3076fd70eeb8,0.101621148916,mean_only,0.103432386847,evaluated
year_block,1,core_quantile_exceedance,pulse_count,9212,9212,5d7bb0be48293a8c4e786bf87e7586b1f3c9a7bbc422160606bd3076fd70eeb8,0.0143850431442,mean_only,0.014609638856,evaluated
year_block,1,core_quantile_exceedance,reactivation_count,9212,9212,5d7bb0be48293a8c4e786bf87e7586b1f3c9a7bbc422160606bd3076fd70eeb8,0.0149834697214,mean_only,0.0151759645153,evaluated
year_block,1,core_quantile_exceedance,normalized_first_difference,9212,9212,5d7bb0be48293a8c4e786bf87e7586b1f3c9a7bbc422160606bd3076fd70eeb8,0.172735266106,mean_only,0.173367029035,evaluated
year_block,1,core_quantile_exceedance,normalized_second_difference,9212,9212,5d7bb0be48293a8c4e786bf87e7586b1f3c9a7bbc422160606bd3076fd70eeb8,0.159275878827,mean_only,0.160076226183,evaluated
year_block,1,core_quantile_exceedance,log_area,9212,9212,5d7bb0be48293a8c4e786bf87e7586b1f3c9a7bbc422160606bd3076fd70eeb8,0.220090453522,mean_only,0.221493810799,evaluated
year_block,1,core_quantile_exceedance,log_duration,9212,9212,5d7bb0be48293a8c4e786bf87e7586b1f3c9a7bbc422160606bd3076fd70eeb8,0.176963091327,mean_only,0.177345632345,evaluated
year_block,1,core_quantile_exceedance,shape_PC1_fold,9212,9212,5d7bb0be48293a8c4e786bf87e7586b1f3c9a7bbc422160606bd3076fd70eeb8,0.0384574352495,mean_only,0.0403466429486,evaluated
year_block,1,core_quantile_exceedance,shape_PC2_fold,9212,9212,5d7bb0be48293a8c4e786bf87e7586b1f3c9a7bbc422160606bd3076fd70eeb8,0.02099905232,mean_only,0.0219542932346,evaluated
year_block,1,core_quantile_exceedance,shape_PC3_fold,9212,9212,5d7bb0be48293a8c4e786bf87e7586b1f3c9a7bbc422160606bd3076fd70eeb8,0.00803807371962,mean_only,0.00861457998246,evaluated
year_block,100,mean_only,front_loaded_fraction,9212,9212,5d7bb0be48293a8c4e786bf87e7586b1f3c9a7bbc422160606bd3076fd70eeb8,-0.000734631778445,mean_only,0,evaluated
year_block,100,mean_only,late_growth_fraction,9212,9212,5d7bb0be48293a8c4e786bf87e7586b1f3c9a7bbc422160606bd3076fd70eeb8,-0.000625198130032,mean_only,0,evaluated
year_block,100,mean_only,peak_timing,9212,9212,5d7bb0be48293a8c4e786bf87e7586b1f3c9a7bbc422160606bd3076fd70eeb8,-0.000214473969656,mean_only,0,evaluated
year_block,100,mean_only,terminal_taper_fraction,9212,9212,5d7bb0be48293a8c4e786bf87e7586b1f3c9a7bbc422160606bd3076fd70eeb8,-0.000979260264395,mean_only,0,evaluated
year_block,100,mean_only,normalized_entropy,9212,9212,5d7bb0be48293a8c4e786bf87e7586b1f3c9a7bbc422160606bd3076fd70eeb8,-0.00181123793105,mean_only,0,evaluated
year_block,100,mean_only,pulse_count,9212,9212,5d7bb0be48293a8c4e786bf87e7586b1f3c9a7bbc422160606bd3076fd70eeb8,-0.000224595711782,mean_only,0,evaluated
year_block,100,mean_only,reactivation_count,9212,9212,5d7bb0be48293a8c4e786bf87e7586b1f3c9a7bbc422160606bd3076fd70eeb8,-0.000192494793949,mean_only,0,evaluated
year_block,100,mean_only,normalized_first_difference,9212,9212,5d7bb0be48293a8c4e786bf87e7586b1f3c9a7bbc422160606bd3076fd70eeb8,-0.000631762928931,mean_only,0,evaluated
year_block,100,mean_only,normalized_second_difference,9212,9212,5d7bb0be48293a8c4e786bf87e7586b1f3c9a7bbc422160606bd3076fd70eeb8,-0.000800347356876,mean_only,0,evaluated
year_block,100,mean_only,log_area,9212,9212,5d7bb0be48293a8c4e786bf87e7586b1f3c9a7bbc422160606bd3076fd70eeb8,-0.0014033572773,mean_only,0,evaluated
year_block,100,mean_only,log_duration,9212,9212,5d7bb0be48293a8c4e786bf87e7586b1f3c9a7bbc422160606bd3076fd70eeb8,-0.000382541017893,mean_only,0,evaluated
year_block,100,mean_only,shape_PC1_fold,9212,9212,5d7bb0be48293a8c4e786bf87e7586b1f3c9a7bbc422160606bd3076fd70eeb8,-0.00188920769913,mean_only,0,evaluated
year_block,100,mean_only,shape_PC2_fold,9212,9212,5d7bb0be48293a8c4e786bf87e7586b1f3c9a7bbc422160606bd3076fd70eeb8,-0.000955240914536,mean_only,0,evaluated
year_block,100,mean_only,shape_PC3_fold,9212,9212,5d7bb0be48293a8c4e786bf87e7586b1f3c9a7bbc422160606bd3076fd70eeb8,-0.000576506262834,mean_only,0,evaluated
year_block,100,core_means,front_loaded_fraction,9212,9212,5d7bb0be48293a8c4e786bf87e7586b1f3c9a7bbc422160606bd3076fd70eeb8,0.02454804533,mean_only,0.0252826771085,evaluated
year_block,100,core_means,late_growth_fraction,9212,9212,5d7bb0be48293a8c4e786bf87e7586b1f3c9a7bbc422160606bd3076fd70eeb8,0.0330448911217,mean_only,0.0336700892517,evaluated
year_block,100,core_means,peak_timing,9212,9212,5d7bb0be48293a8c4e786bf87e7586b1f3c9a7bbc422160606bd3076fd70eeb8,0.00248156086904,mean_only,0.0026960348387,evaluated
year_block,100,core_means,terminal_taper_fraction,9212,9212,5d7bb0be48293a8c4e786bf87e7586b1f3c9a7bbc422160606bd3076fd70eeb8,0.047021627502,mean_only,0.0480008877664,evaluated
year_block,100,core_means,normalized_entropy,9212,9212,5d7bb0be48293a8c4e786bf87e7586b1f3c9a7bbc422160606bd3076fd70eeb8,0.0845631493373,mean_only,0.0863743872684,evaluated
year_block,100,core_means,pulse_count,9212,9212,5d7bb0be48293a8c4e786bf87e7586b1f3c9a7bbc422160606bd3076fd70eeb8,0.00234495188073,mean_only,0.00256954759251,evaluated
year_block,100,core_means,reactivation_count,9212,9212,5d7bb0be48293a8c4e786bf87e7586b1f3c9a7bbc422160606bd3076fd70eeb8,-0.00104670328093,mean_only,-0.000854208486982,evaluated
year_block,100,core_means,normalized_first_difference,9212,9212,5d7bb0be48293a8c4e786bf87e7586b1f3c9a7bbc422160606bd3076fd70eeb8,0.0518159919907,mean_only,0.0524477549196,evaluated
year_block,100,core_means,normalized_second_difference,9212,9212,5d7bb0be48293a8c4e786bf87e7586b1f3c9a7bbc422160606bd3076fd70eeb8,0.0476258025762,mean_only,0.0484261499331,evaluated
year_block,100,core_means,log_area,9212,9212,5d7bb0be48293a8c4e786bf87e7586b1f3c9a7bbc422160606bd3076fd70eeb8,0.112770277354,mean_only,0.114173634631,evaluated
year_block,100,core_means,log_duration,9212,9212,5d7bb0be48293a8c4e786bf87e7586b1f3c9a7bbc422160606bd3076fd70eeb8,0.0208796789016,mean_only,0.0212622199195,evaluated
year_block,100,core_means,shape_PC1_fold,9212,9212,5d7bb0be48293a8c4e786bf87e7586b1f3c9a7bbc422160606bd3076fd70eeb8,0.0264712431665,mean_only,0.0283604508657,evaluated
year_block,100,core_means,shape_PC2_fold,9212,9212,5d7bb0be48293a8c4e786bf87e7586b1f3c9a7bbc422160606bd3076fd70eeb8,0.0100856600571,mean_only,0.0110409009717,evaluated
year_block,100,core_means,shape_PC3_fold,9212,9212,5d7bb0be48293a8c4e786bf87e7586b1f3c9a7bbc422160606bd3076fd70eeb8,0.00295297530944,mean_only,0.00352948157227,evaluated
year_block,100,max_vpd_only,front_loaded_fraction,9212,9212,5d7bb0be48293a8c4e786bf87e7586b1f3c9a7bbc422160606bd3076fd70eeb8,0.0297049341073,mean_only,0.0304395658857,evaluated
year_block,100,max_vpd_only,late_growth_fraction,9212,9212,5d7bb0be48293a8c4e786bf87e7586b1f3c9a7bbc422160606bd3076fd70eeb8,0.0346360594403,mean_only,0.0352612575703,evaluated
year_block,100,max_vpd_only,peak_timing,9212,9212,5d7bb0be48293a8c4e786bf87e7586b1f3c9a7bbc422160606bd3076fd70eeb8,0.00192169777578,mean_only,0.00213617174544,evaluated
year_block,100,max_vpd_only,terminal_taper_fraction,9212,9212,5d7bb0be48293a8c4e786bf87e7586b1f3c9a7bbc422160606bd3076fd70eeb8,0.0440683327411,mean_only,0.0450475930055,evaluated
year_block,100,max_vpd_only,normalized_entropy,9212,9212,5d7bb0be48293a8c4e786bf87e7586b1f3c9a7bbc422160606bd3076fd70eeb8,0.0509487192693,mean_only,0.0527599572003,evaluated
year_block,100,max_vpd_only,pulse_count,9212,9212,5d7bb0be48293a8c4e786bf87e7586b1f3c9a7bbc422160606bd3076fd70eeb8,-0.000293421907974,mean_only,-6.88261961914e-05,evaluated
year_block,100,max_vpd_only,reactivation_count,9212,9212,5d7bb0be48293a8c4e786bf87e7586b1f3c9a7bbc422160606bd3076fd70eeb8,0.00211527873325,mean_only,0.0023077735272,evaluated
year_block,100,max_vpd_only,normalized_first_difference,9212,9212,5d7bb0be48293a8c4e786bf87e7586b1f3c9a7bbc422160606bd3076fd70eeb8,0.0715682174195,mean_only,0.0721999803484,evaluated
year_block,100,max_vpd_only,normalized_second_difference,9212,9212,5d7bb0be48293a8c4e786bf87e7586b1f3c9a7bbc422160606bd3076fd70eeb8,0.0644760725118,mean_only,0.0652764198687,evaluated
year_block,100,max_vpd_only,log_area,9212,9212,5d7bb0be48293a8c4e786bf87e7586b1f3c9a7bbc422160606bd3076fd70eeb8,0.11132165739,mean_only,0.112725014667,evaluated
year_block,100,max_vpd_only,log_duration,9212,9212,5d7bb0be48293a8c4e786bf87e7586b1f3c9a7bbc422160606bd3076fd70eeb8,0.053402992906,mean_only,0.0537855339239,evaluated
year_block,100,max_vpd_only,shape_PC1_fold,9212,9212,5d7bb0be48293a8c4e786bf87e7586b1f3c9a7bbc422160606bd3076fd70eeb8,0.0308215187759,mean_only,0.032710726475,evaluated
year_block,100,max_vpd_only,shape_PC2_fold,9212,9212,5d7bb0be48293a8c4e786bf87e7586b1f3c9a7bbc422160606bd3076fd70eeb8,0.0102622851235,mean_only,0.011217526038,evaluated
year_block,100,max_vpd_only,shape_PC3_fold,9212,9212,5d7bb0be48293a8c4e786bf87e7586b1f3c9a7bbc422160606bd3076fd70eeb8,0.00471425795505,mean_only,0.00529076421788,evaluated
year_block,100,core_plus_max,front_loaded_fraction,9212,9212,5d7bb0be48293a8c4e786bf87e7586b1f3c9a7bbc422160606bd3076fd70eeb8,0.0355967872735,mean_only,0.0363314190519,evaluated
year_block,100,core_plus_max,late_growth_fraction,9212,9212,5d7bb0be48293a8c4e786bf87e7586b1f3c9a7bbc422160606bd3076fd70eeb8,0.0497259178729,mean_only,0.0503511160029,evaluated
year_block,100,core_plus_max,peak_timing,9212,9212,5d7bb0be48293a8c4e786bf87e7586b1f3c9a7bbc422160606bd3076fd70eeb8,0.00231879613736,mean_only,0.00253327010702,evaluated
year_block,100,core_plus_max,terminal_taper_fraction,9212,9212,5d7bb0be48293a8c4e786bf87e7586b1f3c9a7bbc422160606bd3076fd70eeb8,0.0881771474893,mean_only,0.0891564077537,evaluated
year_block,100,core_plus_max,normalized_entropy,9212,9212,5d7bb0be48293a8c4e786bf87e7586b1f3c9a7bbc422160606bd3076fd70eeb8,0.102340739992,mean_only,0.104151977923,evaluated
year_block,100,core_plus_max,pulse_count,9212,9212,5d7bb0be48293a8c4e786bf87e7586b1f3c9a7bbc422160606bd3076fd70eeb8,0.019082263528,mean_only,0.0193068592397,evaluated
year_block,100,core_plus_max,reactivation_count,9212,9212,5d7bb0be48293a8c4e786bf87e7586b1f3c9a7bbc422160606bd3076fd70eeb8,0.0236146185602,mean_only,0.0238071133541,evaluated
year_block,100,core_plus_max,normalized_first_difference,9212,9212,5d7bb0be48293a8c4e786bf87e7586b1f3c9a7bbc422160606bd3076fd70eeb8,0.189234832318,mean_only,0.189866595247,evaluated
year_block,100,core_plus_max,normalized_second_difference,9212,9212,5d7bb0be48293a8c4e786bf87e7586b1f3c9a7bbc422160606bd3076fd70eeb8,0.171035562025,mean_only,0.171835909382,evaluated
year_block,100,core_plus_max,log_area,9212,9212,5d7bb0be48293a8c4e786bf87e7586b1f3c9a7bbc422160606bd3076fd70eeb8,0.23217180332,mean_only,0.233575160597,evaluated
year_block,100,core_plus_max,log_duration,9212,9212,5d7bb0be48293a8c4e786bf87e7586b1f3c9a7bbc422160606bd3076fd70eeb8,0.19881587191,mean_only,0.199198412928,evaluated
year_block,100,core_plus_max,shape_PC1_fold,9212,9212,5d7bb0be48293a8c4e786bf87e7586b1f3c9a7bbc422160606bd3076fd70eeb8,0.0385936841323,mean_only,0.0404828918314,evaluated
year_block,100,core_plus_max,shape_PC2_fold,9212,9212,5d7bb0be48293a8c4e786bf87e7586b1f3c9a7bbc422160606bd3076fd70eeb8,0.0214762940342,mean_only,0.0224315349487,evaluated
year_block,100,core_plus_max,shape_PC3_fold,9212,9212,5d7bb0be48293a8c4e786bf87e7586b1f3c9a7bbc422160606bd3076fd70eeb8,0.00775836647816,mean_only,0.00833487274099,evaluated
year_block,100,comprehensive_means,front_loaded_fraction,9212,9212,5d7bb0be48293a8c4e786bf87e7586b1f3c9a7bbc422160606bd3076fd70eeb8,0.0394882285606,mean_only,0.040222860339,evaluated
year_block,100,comprehensive_means,late_growth_fraction,9212,9212,5d7bb0be48293a8c4e786bf87e7586b1f3c9a7bbc422160606bd3076fd70eeb8,0.0470306572574,mean_only,0.0476558553874,evaluated
year_block,100,comprehensive_means,peak_timing,9212,9212,5d7bb0be48293a8c4e786bf87e7586b1f3c9a7bbc422160606bd3076fd70eeb8,0.00035380320175,mean_only,0.000568277171406,evaluated
year_block,100,comprehensive_means,terminal_taper_fraction,9212,9212,5d7bb0be48293a8c4e786bf87e7586b1f3c9a7bbc422160606bd3076fd70eeb8,0.0713530025448,mean_only,0.0723322628092,evaluated
year_block,100,comprehensive_means,normalized_entropy,9212,9212,5d7bb0be48293a8c4e786bf87e7586b1f3c9a7bbc422160606bd3076fd70eeb8,0.121364201606,mean_only,0.123175439537,evaluated
year_block,100,comprehensive_means,pulse_count,9212,9212,5d7bb0be48293a8c4e786bf87e7586b1f3c9a7bbc422160606bd3076fd70eeb8,0.00507494687741,mean_only,0.00529954258919,evaluated
year_block,100,comprehensive_means,reactivation_count,9212,9212,5d7bb0be48293a8c4e786bf87e7586b1f3c9a7bbc422160606bd3076fd70eeb8,0.00405109248364,mean_only,0.00424358727759,evaluated
year_block,100,comprehensive_means,normalized_first_difference,9212,9212,5d7bb0be48293a8c4e786bf87e7586b1f3c9a7bbc422160606bd3076fd70eeb8,0.109892032396,mean_only,0.110523795325,evaluated
year_block,100,comprehensive_means,normalized_second_difference,9212,9212,5d7bb0be48293a8c4e786bf87e7586b1f3c9a7bbc422160606bd3076fd70eeb8,0.0989581402049,mean_only,0.0997584875618,evaluated
year_block,100,comprehensive_means,log_area,9212,9212,5d7bb0be48293a8c4e786bf87e7586b1f3c9a7bbc422160606bd3076fd70eeb8,0.197644240323,mean_only,0.1990475976,evaluated
year_block,100,comprehensive_means,log_duration,9212,9212,5d7bb0be48293a8c4e786bf87e7586b1f3c9a7bbc422160606bd3076fd70eeb8,0.0692593778649,mean_only,0.0696419188828,evaluated
year_block,100,comprehensive_means,shape_PC1_fold,9212,9212,5d7bb0be48293a8c4e786bf87e7586b1f3c9a7bbc422160606bd3076fd70eeb8,0.0403640311022,mean_only,0.0422532388013,evaluated
year_block,100,comprehensive_means,shape_PC2_fold,9212,9212,5d7bb0be48293a8c4e786bf87e7586b1f3c9a7bbc422160606bd3076fd70eeb8,0.0165205305067,mean_only,0.0174757714213,evaluated
year_block,100,comprehensive_means,shape_PC3_fold,9212,9212,5d7bb0be48293a8c4e786bf87e7586b1f3c9a7bbc422160606bd3076fd70eeb8,0.00678035561473,mean_only,0.00735686187757,evaluated
year_block,100,comprehensive_plus_max,front_loaded_fraction,9212,9212,5d7bb0be48293a8c4e786bf87e7586b1f3c9a7bbc422160606bd3076fd70eeb8,0.0459649123477,mean_only,0.0466995441262,evaluated
year_block,100,comprehensive_plus_max,late_growth_fraction,9212,9212,5d7bb0be48293a8c4e786bf87e7586b1f3c9a7bbc422160606bd3076fd70eeb8,0.0600657649034,mean_only,0.0606909630335,evaluated
year_block,100,comprehensive_plus_max,peak_timing,9212,9212,5d7bb0be48293a8c4e786bf87e7586b1f3c9a7bbc422160606bd3076fd70eeb8,9.97982448817e-05,mean_only,0.000314272214538,evaluated
year_block,100,comprehensive_plus_max,terminal_taper_fraction,9212,9212,5d7bb0be48293a8c4e786bf87e7586b1f3c9a7bbc422160606bd3076fd70eeb8,0.103798341079,mean_only,0.104777601343,evaluated
year_block,100,comprehensive_plus_max,normalized_entropy,9212,9212,5d7bb0be48293a8c4e786bf87e7586b1f3c9a7bbc422160606bd3076fd70eeb8,0.130912931787,mean_only,0.132724169718,evaluated
year_block,100,comprehensive_plus_max,pulse_count,9212,9212,5d7bb0be48293a8c4e786bf87e7586b1f3c9a7bbc422160606bd3076fd70eeb8,0.0210437692738,mean_only,0.0212683649856,evaluated
year_block,100,comprehensive_plus_max,reactivation_count,9212,9212,5d7bb0be48293a8c4e786bf87e7586b1f3c9a7bbc422160606bd3076fd70eeb8,0.0254969690515,mean_only,0.0256894638455,evaluated
year_block,100,comprehensive_plus_max,normalized_first_difference,9212,9212,5d7bb0be48293a8c4e786bf87e7586b1f3c9a7bbc422160606bd3076fd70eeb8,0.219170876114,mean_only,0.219802639043,evaluated
year_block,100,comprehensive_plus_max,normalized_second_difference,9212,9212,5d7bb0be48293a8c4e786bf87e7586b1f3c9a7bbc422160606bd3076fd70eeb8,0.197075321721,mean_only,0.197875669077,evaluated
year_block,100,comprehensive_plus_max,log_area,9212,9212,5d7bb0be48293a8c4e786bf87e7586b1f3c9a7bbc422160606bd3076fd70eeb8,0.288094174011,mean_only,0.289497531288,evaluated
year_block,100,comprehensive_plus_max,log_duration,9212,9212,5d7bb0be48293a8c4e786bf87e7586b1f3c9a7bbc422160606bd3076fd70eeb8,0.222115100688,mean_only,0.222497641706,evaluated
year_block,100,comprehensive_plus_max,shape_PC1_fold,9212,9212,5d7bb0be48293a8c4e786bf87e7586b1f3c9a7bbc422160606bd3076fd70eeb8,0.0480956285104,mean_only,0.0499848362096,evaluated
year_block,100,comprehensive_plus_max,shape_PC2_fold,9212,9212,5d7bb0be48293a8c4e786bf87e7586b1f3c9a7bbc422160606bd3076fd70eeb8,0.0280069662436,mean_only,0.0289622071582,evaluated
year_block,100,comprehensive_plus_max,shape_PC3_fold,9212,9212,5d7bb0be48293a8c4e786bf87e7586b1f3c9a7bbc422160606bd3076fd70eeb8,0.00943973834958,mean_only,0.0100162446124,evaluated
year_block,100,length_only,front_loaded_fraction,9212,9212,5d7bb0be48293a8c4e786bf87e7586b1f3c9a7bbc422160606bd3076fd70eeb8,0.0318365945449,mean_only,0.0325712263234,evaluated
year_block,100,length_only,late_growth_fraction,9212,9212,5d7bb0be48293a8c4e786bf87e7586b1f3c9a7bbc422160606bd3076fd70eeb8,0.0704833093571,mean_only,0.0711085074871,evaluated
year_block,100,length_only,peak_timing,9212,9212,5d7bb0be48293a8c4e786bf87e7586b1f3c9a7bbc422160606bd3076fd70eeb8,-0.000396020410125,mean_only,-0.000181546440468,evaluated
year_block,100,length_only,terminal_taper_fraction,9212,9212,5d7bb0be48293a8c4e786bf87e7586b1f3c9a7bbc422160606bd3076fd70eeb8,0.196787117364,mean_only,0.197766377628,evaluated
year_block,100,length_only,normalized_entropy,9212,9212,5d7bb0be48293a8c4e786bf87e7586b1f3c9a7bbc422160606bd3076fd70eeb8,0.0430002907288,mean_only,0.0448115286599,evaluated
year_block,100,length_only,pulse_count,9212,9212,5d7bb0be48293a8c4e786bf87e7586b1f3c9a7bbc422160606bd3076fd70eeb8,0.179998862704,mean_only,0.180223458415,evaluated
year_block,100,length_only,reactivation_count,9212,9212,5d7bb0be48293a8c4e786bf87e7586b1f3c9a7bbc422160606bd3076fd70eeb8,0.164364290212,mean_only,0.164556785006,evaluated
year_block,100,length_only,normalized_first_difference,9212,9212,5d7bb0be48293a8c4e786bf87e7586b1f3c9a7bbc422160606bd3076fd70eeb8,0.633986598769,mean_only,0.634618361698,evaluated
year_block,100,length_only,normalized_second_difference,9212,9212,5d7bb0be48293a8c4e786bf87e7586b1f3c9a7bbc422160606bd3076fd70eeb8,0.566112097065,mean_only,0.566912444422,evaluated
year_block,100,length_only,log_area,9212,9212,5d7bb0be48293a8c4e786bf87e7586b1f3c9a7bbc422160606bd3076fd70eeb8,0.515313574471,mean_only,0.516716931748,evaluated
year_block,100,length_only,log_duration,9212,9212,5d7bb0be48293a8c4e786bf87e7586b1f3c9a7bbc422160606bd3076fd70eeb8,,mean_only,,excluded_known_outcome
year_block,100,length_only,shape_PC1_fold,9212,9212,5d7bb0be48293a8c4e786bf87e7586b1f3c9a7bbc422160606bd3076fd70eeb8,0.0367621416409,mean_only,0.03865134934,evaluated
year_block,100,length_only,shape_PC2_fold,9212,9212,5d7bb0be48293a8c4e786bf87e7586b1f3c9a7bbc422160606bd3076fd70eeb8,0.056347515424,mean_only,0.0573027563385,evaluated
year_block,100,length_only,shape_PC3_fold,9212,9212,5d7bb0be48293a8c4e786bf87e7586b1f3c9a7bbc422160606bd3076fd70eeb8,0.00656302596778,mean_only,0.00713953223061,evaluated
year_block,100,length_plus_max,front_loaded_fraction,9212,9212,5d7bb0be48293a8c4e786bf87e7586b1f3c9a7bbc422160606bd3076fd70eeb8,0.0499381334763,mean_only,0.0506727652547,evaluated
year_block,100,length_plus_max,late_growth_fraction,9212,9212,5d7bb0be48293a8c4e786bf87e7586b1f3c9a7bbc422160606bd3076fd70eeb8,0.0868281012396,mean_only,0.0874532993697,evaluated
year_block,100,length_plus_max,peak_timing,9212,9212,5d7bb0be48293a8c4e786bf87e7586b1f3c9a7bbc422160606bd3076fd70eeb8,0.00152436383192,mean_only,0.00173883780158,evaluated
year_block,100,length_plus_max,terminal_taper_fraction,9212,9212,5d7bb0be48293a8c4e786bf87e7586b1f3c9a7bbc422160606bd3076fd70eeb8,0.208906532011,mean_only,0.209885792275,evaluated
year_block,100,length_plus_max,normalized_entropy,9212,9212,5d7bb0be48293a8c4e786bf87e7586b1f3c9a7bbc422160606bd3076fd70eeb8,0.0771495275,mean_only,0.0789607654311,evaluated
year_block,100,length_plus_max,pulse_count,9212,9212,5d7bb0be48293a8c4e786bf87e7586b1f3c9a7bbc422160606bd3076fd70eeb8,0.191311784774,mean_only,0.191536380486,evaluated
year_block,100,length_plus_max,reactivation_count,9212,9212,5d7bb0be48293a8c4e786bf87e7586b1f3c9a7bbc422160606bd3076fd70eeb8,0.166160275921,mean_only,0.166352770715,evaluated
year_block,100,length_plus_max,normalized_first_difference,9212,9212,5d7bb0be48293a8c4e786bf87e7586b1f3c9a7bbc422160606bd3076fd70eeb8,0.64126872731,mean_only,0.641900490239,evaluated
year_block,100,length_plus_max,normalized_second_difference,9212,9212,5d7bb0be48293a8c4e786bf87e7586b1f3c9a7bbc422160606bd3076fd70eeb8,0.572805803407,mean_only,0.573606150764,evaluated
year_block,100,length_plus_max,log_area,9212,9212,5d7bb0be48293a8c4e786bf87e7586b1f3c9a7bbc422160606bd3076fd70eeb8,0.545011331529,mean_only,0.546414688806,evaluated
year_block,100,length_plus_max,log_duration,9212,9212,5d7bb0be48293a8c4e786bf87e7586b1f3c9a7bbc422160606bd3076fd70eeb8,,mean_only,,excluded_known_outcome
year_block,100,length_plus_max,shape_PC1_fold,9212,9212,5d7bb0be48293a8c4e786bf87e7586b1f3c9a7bbc422160606bd3076fd70eeb8,0.0555244342334,mean_only,0.0574136419325,evaluated
year_block,100,length_plus_max,shape_PC2_fold,9212,9212,5d7bb0be48293a8c4e786bf87e7586b1f3c9a7bbc422160606bd3076fd70eeb8,0.0588963355054,mean_only,0.05985157642,evaluated
year_block,100,length_plus_max,shape_PC3_fold,9212,9212,5d7bb0be48293a8c4e786bf87e7586b1f3c9a7bbc422160606bd3076fd70eeb8,0.00944650425116,mean_only,0.010023010514,evaluated
year_block,100,length_plus_core,front_loaded_fraction,9212,9212,5d7bb0be48293a8c4e786bf87e7586b1f3c9a7bbc422160606bd3076fd70eeb8,0.0498553331645,mean_only,0.050589964943,evaluated
year_block,100,length_plus_core,late_growth_fraction,9212,9212,5d7bb0be48293a8c4e786bf87e7586b1f3c9a7bbc422160606bd3076fd70eeb8,0.0930941212966,mean_only,0.0937193194266,evaluated
year_block,100,length_plus_core,peak_timing,9212,9212,5d7bb0be48293a8c4e786bf87e7586b1f3c9a7bbc422160606bd3076fd70eeb8,0.00215825965461,mean_only,0.00237273362427,evaluated
year_block,100,length_plus_core,terminal_taper_fraction,9212,9212,5d7bb0be48293a8c4e786bf87e7586b1f3c9a7bbc422160606bd3076fd70eeb8,0.225596862016,mean_only,0.226576122281,evaluated
year_block,100,length_plus_core,normalized_entropy,9212,9212,5d7bb0be48293a8c4e786bf87e7586b1f3c9a7bbc422160606bd3076fd70eeb8,0.116248040903,mean_only,0.118059278835,evaluated
year_block,100,length_plus_core,pulse_count,9212,9212,5d7bb0be48293a8c4e786bf87e7586b1f3c9a7bbc422160606bd3076fd70eeb8,0.190686984815,mean_only,0.190911580527,evaluated
year_block,100,length_plus_core,reactivation_count,9212,9212,5d7bb0be48293a8c4e786bf87e7586b1f3c9a7bbc422160606bd3076fd70eeb8,0.165487759004,mean_only,0.165680253798,evaluated
year_block,100,length_plus_core,normalized_first_difference,9212,9212,5d7bb0be48293a8c4e786bf87e7586b1f3c9a7bbc422160606bd3076fd70eeb8,0.649614880133,mean_only,0.650246643062,evaluated
year_block,100,length_plus_core,normalized_second_difference,9212,9212,5d7bb0be48293a8c4e786bf87e7586b1f3c9a7bbc422160606bd3076fd70eeb8,0.581707803615,mean_only,0.582508150971,evaluated
year_block,100,length_plus_core,log_area,9212,9212,5d7bb0be48293a8c4e786bf87e7586b1f3c9a7bbc422160606bd3076fd70eeb8,0.576293516694,mean_only,0.577696873971,evaluated
year_block,100,length_plus_core,log_duration,9212,9212,5d7bb0be48293a8c4e786bf87e7586b1f3c9a7bbc422160606bd3076fd70eeb8,,mean_only,,excluded_known_outcome
year_block,100,length_plus_core,shape_PC1_fold,9212,9212,5d7bb0be48293a8c4e786bf87e7586b1f3c9a7bbc422160606bd3076fd70eeb8,0.0569809220782,mean_only,0.0588701297773,evaluated
year_block,100,length_plus_core,shape_PC2_fold,9212,9212,5d7bb0be48293a8c4e786bf87e7586b1f3c9a7bbc422160606bd3076fd70eeb8,0.0618029751794,mean_only,0.0627582160939,evaluated
year_block,100,length_plus_core,shape_PC3_fold,9212,9212,5d7bb0be48293a8c4e786bf87e7586b1f3c9a7bbc422160606bd3076fd70eeb8,0.00865589801713,mean_only,0.00923240427996,evaluated
year_block,100,length_plus_core_max,front_loaded_fraction,9212,9212,5d7bb0be48293a8c4e786bf87e7586b1f3c9a7bbc422160606bd3076fd70eeb8,0.05106393369,mean_only,0.0517985654684,evaluated
year_block,100,length_plus_core_max,late_growth_fraction,9212,9212,5d7bb0be48293a8c4e786bf87e7586b1f3c9a7bbc422160606bd3076fd70eeb8,0.0933361036664,mean_only,0.0939613017965,evaluated
year_block,100,length_plus_core_max,peak_timing,9212,9212,5d7bb0be48293a8c4e786bf87e7586b1f3c9a7bbc422160606bd3076fd70eeb8,0.00169247311317,mean_only,0.00190694708283,evaluated
year_block,100,length_plus_core_max,terminal_taper_fraction,9212,9212,5d7bb0be48293a8c4e786bf87e7586b1f3c9a7bbc422160606bd3076fd70eeb8,0.225844535385,mean_only,0.226823795649,evaluated
year_block,100,length_plus_core_max,normalized_entropy,9212,9212,5d7bb0be48293a8c4e786bf87e7586b1f3c9a7bbc422160606bd3076fd70eeb8,0.12004420247,mean_only,0.121855440401,evaluated
year_block,100,length_plus_core_max,pulse_count,9212,9212,5d7bb0be48293a8c4e786bf87e7586b1f3c9a7bbc422160606bd3076fd70eeb8,0.194209495465,mean_only,0.194434091177,evaluated
year_block,100,length_plus_core_max,reactivation_count,9212,9212,5d7bb0be48293a8c4e786bf87e7586b1f3c9a7bbc422160606bd3076fd70eeb8,0.165584065227,mean_only,0.165776560021,evaluated
year_block,100,length_plus_core_max,normalized_first_difference,9212,9212,5d7bb0be48293a8c4e786bf87e7586b1f3c9a7bbc422160606bd3076fd70eeb8,0.651542407226,mean_only,0.652174170155,evaluated
year_block,100,length_plus_core_max,normalized_second_difference,9212,9212,5d7bb0be48293a8c4e786bf87e7586b1f3c9a7bbc422160606bd3076fd70eeb8,0.583488773876,mean_only,0.584289121233,evaluated
year_block,100,length_plus_core_max,log_area,9212,9212,5d7bb0be48293a8c4e786bf87e7586b1f3c9a7bbc422160606bd3076fd70eeb8,0.579820685138,mean_only,0.581224042415,evaluated
year_block,100,length_plus_core_max,log_duration,9212,9212,5d7bb0be48293a8c4e786bf87e7586b1f3c9a7bbc422160606bd3076fd70eeb8,,mean_only,,excluded_known_outcome
year_block,100,length_plus_core_max,shape_PC1_fold,9212,9212,5d7bb0be48293a8c4e786bf87e7586b1f3c9a7bbc422160606bd3076fd70eeb8,0.0578770366164,mean_only,0.0597662443155,evaluated
year_block,100,length_plus_core_max,shape_PC2_fold,9212,9212,5d7bb0be48293a8c4e786bf87e7586b1f3c9a7bbc422160606bd3076fd70eeb8,0.0617656824528,mean_only,0.0627209233674,evaluated
year_block,100,length_plus_core_max,shape_PC3_fold,9212,9212,5d7bb0be48293a8c4e786bf87e7586b1f3c9a7bbc422160606bd3076fd70eeb8,0.0101239255472,mean_only,0.01070043181,evaluated
year_block,100,core_quantile_exceedance,front_loaded_fraction,9212,9212,5d7bb0be48293a8c4e786bf87e7586b1f3c9a7bbc422160606bd3076fd70eeb8,0.0349310185423,mean_only,0.0356656503207,evaluated
year_block,100,core_quantile_exceedance,late_growth_fraction,9212,9212,5d7bb0be48293a8c4e786bf87e7586b1f3c9a7bbc422160606bd3076fd70eeb8,0.0473829293779,mean_only,0.0480081275079,evaluated
year_block,100,core_quantile_exceedance,peak_timing,9212,9212,5d7bb0be48293a8c4e786bf87e7586b1f3c9a7bbc422160606bd3076fd70eeb8,0.00238296726419,mean_only,0.00259744123385,evaluated
year_block,100,core_quantile_exceedance,terminal_taper_fraction,9212,9212,5d7bb0be48293a8c4e786bf87e7586b1f3c9a7bbc422160606bd3076fd70eeb8,0.0808638753189,mean_only,0.0818431355832,evaluated
year_block,100,core_quantile_exceedance,normalized_entropy,9212,9212,5d7bb0be48293a8c4e786bf87e7586b1f3c9a7bbc422160606bd3076fd70eeb8,0.100557013895,mean_only,0.102368251826,evaluated
year_block,100,core_quantile_exceedance,pulse_count,9212,9212,5d7bb0be48293a8c4e786bf87e7586b1f3c9a7bbc422160606bd3076fd70eeb8,0.0126165101701,mean_only,0.0128411058819,evaluated
year_block,100,core_quantile_exceedance,reactivation_count,9212,9212,5d7bb0be48293a8c4e786bf87e7586b1f3c9a7bbc422160606bd3076fd70eeb8,0.0128888841327,mean_only,0.0130813789266,evaluated
year_block,100,core_quantile_exceedance,normalized_first_difference,9212,9212,5d7bb0be48293a8c4e786bf87e7586b1f3c9a7bbc422160606bd3076fd70eeb8,0.157484864855,mean_only,0.158116627783,evaluated
year_block,100,core_quantile_exceedance,normalized_second_difference,9212,9212,5d7bb0be48293a8c4e786bf87e7586b1f3c9a7bbc422160606bd3076fd70eeb8,0.145323482738,mean_only,0.146123830095,evaluated
year_block,100,core_quantile_exceedance,log_area,9212,9212,5d7bb0be48293a8c4e786bf87e7586b1f3c9a7bbc422160606bd3076fd70eeb8,0.20794866144,mean_only,0.209352018717,evaluated
year_block,100,core_quantile_exceedance,log_duration,9212,9212,5d7bb0be48293a8c4e786bf87e7586b1f3c9a7bbc422160606bd3076fd70eeb8,0.154895426678,mean_only,0.155277967696,evaluated
year_block,100,core_quantile_exceedance,shape_PC1_fold,9212,9212,5d7bb0be48293a8c4e786bf87e7586b1f3c9a7bbc422160606bd3076fd70eeb8,0.0373834451709,mean_only,0.0392726528701,evaluated
year_block,100,core_quantile_exceedance,shape_PC2_fold,9212,9212,5d7bb0be48293a8c4e786bf87e7586b1f3c9a7bbc422160606bd3076fd70eeb8,0.0202255555873,mean_only,0.0211807965018,evaluated
year_block,100,core_quantile_exceedance,shape_PC3_fold,9212,9212,5d7bb0be48293a8c4e786bf87e7586b1f3c9a7bbc422160606bd3076fd70eeb8,0.0073657754451,mean_only,0.00794228170794,evaluated
region_block,0.01,mean_only,front_loaded_fraction,9212,9212,5d7bb0be48293a8c4e786bf87e7586b1f3c9a7bbc422160606bd3076fd70eeb8,-0.011496579596,mean_only,0,evaluated
region_block,0.01,mean_only,late_growth_fraction,9212,9212,5d7bb0be48293a8c4e786bf87e7586b1f3c9a7bbc422160606bd3076fd70eeb8,-0.0145084079195,mean_only,0,evaluated
region_block,0.01,mean_only,peak_timing,9212,9212,5d7bb0be48293a8c4e786bf87e7586b1f3c9a7bbc422160606bd3076fd70eeb8,-0.000875769011822,mean_only,0,evaluated
region_block,0.01,mean_only,terminal_taper_fraction,9212,9212,5d7bb0be48293a8c4e786bf87e7586b1f3c9a7bbc422160606bd3076fd70eeb8,-0.0213187639465,mean_only,0,evaluated
region_block,0.01,mean_only,normalized_entropy,9212,9212,5d7bb0be48293a8c4e786bf87e7586b1f3c9a7bbc422160606bd3076fd70eeb8,-0.0374902973376,mean_only,0,evaluated
region_block,0.01,mean_only,pulse_count,9212,9212,5d7bb0be48293a8c4e786bf87e7586b1f3c9a7bbc422160606bd3076fd70eeb8,-8.53290571503e-05,mean_only,0,evaluated
region_block,0.01,mean_only,reactivation_count,9212,9212,5d7bb0be48293a8c4e786bf87e7586b1f3c9a7bbc422160606bd3076fd70eeb8,-0.00108382448563,mean_only,0,evaluated
region_block,0.01,mean_only,normalized_first_difference,9212,9212,5d7bb0be48293a8c4e786bf87e7586b1f3c9a7bbc422160606bd3076fd70eeb8,-0.033464717846,mean_only,0,evaluated
region_block,0.01,mean_only,normalized_second_difference,9212,9212,5d7bb0be48293a8c4e786bf87e7586b1f3c9a7bbc422160606bd3076fd70eeb8,-0.0300253213768,mean_only,0,evaluated
region_block,0.01,mean_only,log_area,9212,9212,5d7bb0be48293a8c4e786bf87e7586b1f3c9a7bbc422160606bd3076fd70eeb8,-0.0583916413807,mean_only,0,evaluated
region_block,0.01,mean_only,log_duration,9212,9212,5d7bb0be48293a8c4e786bf87e7586b1f3c9a7bbc422160606bd3076fd70eeb8,-0.0166800617186,mean_only,0,evaluated
region_block,0.01,mean_only,shape_PC1_fold,9212,9212,5d7bb0be48293a8c4e786bf87e7586b1f3c9a7bbc422160606bd3076fd70eeb8,-0.0304911785604,mean_only,0,evaluated
region_block,0.01,mean_only,shape_PC2_fold,9212,9212,5d7bb0be48293a8c4e786bf87e7586b1f3c9a7bbc422160606bd3076fd70eeb8,-0.0149995622607,mean_only,0,evaluated
region_block,0.01,mean_only,shape_PC3_fold,9212,9212,5d7bb0be48293a8c4e786bf87e7586b1f3c9a7bbc422160606bd3076fd70eeb8,-0.00670800727796,mean_only,0,evaluated
region_block,0.01,core_means,front_loaded_fraction,9212,9212,5d7bb0be48293a8c4e786bf87e7586b1f3c9a7bbc422160606bd3076fd70eeb8,0.0144493563036,mean_only,0.0259459358995,evaluated
region_block,0.01,core_means,late_growth_fraction,9212,9212,5d7bb0be48293a8c4e786bf87e7586b1f3c9a7bbc422160606bd3076fd70eeb8,0.0224933213731,mean_only,0.0370017292926,evaluated
region_block,0.01,core_means,peak_timing,9212,9212,5d7bb0be48293a8c4e786bf87e7586b1f3c9a7bbc422160606bd3076fd70eeb8,0.00209364180659,mean_only,0.00296941081841,evaluated
region_block,0.01,core_means,terminal_taper_fraction,9212,9212,5d7bb0be48293a8c4e786bf87e7586b1f3c9a7bbc422160606bd3076fd70eeb8,0.0352132770419,mean_only,0.0565320409883,evaluated
region_block,0.01,core_means,normalized_entropy,9212,9212,5d7bb0be48293a8c4e786bf87e7586b1f3c9a7bbc422160606bd3076fd70eeb8,0.0542107091564,mean_only,0.091701006494,evaluated
region_block,0.01,core_means,pulse_count,9212,9212,5d7bb0be48293a8c4e786bf87e7586b1f3c9a7bbc422160606bd3076fd70eeb8,0.000562630873701,mean_only,0.000647959930852,evaluated
region_block,0.01,core_means,reactivation_count,9212,9212,5d7bb0be48293a8c4e786bf87e7586b1f3c9a7bbc422160606bd3076fd70eeb8,-0.00118716993661,mean_only,-0.000103345450976,evaluated
region_block,0.01,core_means,normalized_first_difference,9212,9212,5d7bb0be48293a8c4e786bf87e7586b1f3c9a7bbc422160606bd3076fd70eeb8,0.0324930295782,mean_only,0.0659577474242,evaluated
region_block,0.01,core_means,normalized_second_difference,9212,9212,5d7bb0be48293a8c4e786bf87e7586b1f3c9a7bbc422160606bd3076fd70eeb8,0.0294294678194,mean_only,0.0594547891962,evaluated
region_block,0.01,core_means,log_area,9212,9212,5d7bb0be48293a8c4e786bf87e7586b1f3c9a7bbc422160606bd3076fd70eeb8,0.0772828941628,mean_only,0.135674535544,evaluated
region_block,0.01,core_means,log_duration,9212,9212,5d7bb0be48293a8c4e786bf87e7586b1f3c9a7bbc422160606bd3076fd70eeb8,0.0140145509378,mean_only,0.0306946126565,evaluated
region_block,0.01,core_means,shape_PC1_fold,9212,9212,5d7bb0be48293a8c4e786bf87e7586b1f3c9a7bbc422160606bd3076fd70eeb8,-0.00150635136369,mean_only,0.0289848271967,evaluated
region_block,0.01,core_means,shape_PC2_fold,9212,9212,5d7bb0be48293a8c4e786bf87e7586b1f3c9a7bbc422160606bd3076fd70eeb8,0.00111634441082,mean_only,0.0161159066716,evaluated
region_block,0.01,core_means,shape_PC3_fold,9212,9212,5d7bb0be48293a8c4e786bf87e7586b1f3c9a7bbc422160606bd3076fd70eeb8,-0.000421922633988,mean_only,0.00628608464397,evaluated
region_block,0.01,max_vpd_only,front_loaded_fraction,9212,9212,5d7bb0be48293a8c4e786bf87e7586b1f3c9a7bbc422160606bd3076fd70eeb8,0.019726661989,mean_only,0.031223241585,evaluated
region_block,0.01,max_vpd_only,late_growth_fraction,9212,9212,5d7bb0be48293a8c4e786bf87e7586b1f3c9a7bbc422160606bd3076fd70eeb8,0.0225036583846,mean_only,0.0370120663041,evaluated
region_block,0.01,max_vpd_only,peak_timing,9212,9212,5d7bb0be48293a8c4e786bf87e7586b1f3c9a7bbc422160606bd3076fd70eeb8,0.00111705052222,mean_only,0.00199281953404,evaluated
region_block,0.01,max_vpd_only,terminal_taper_fraction,9212,9212,5d7bb0be48293a8c4e786bf87e7586b1f3c9a7bbc422160606bd3076fd70eeb8,0.0298076873794,mean_only,0.0511264513259,evaluated
region_block,0.01,max_vpd_only,normalized_entropy,9212,9212,5d7bb0be48293a8c4e786bf87e7586b1f3c9a7bbc422160606bd3076fd70eeb8,0.0152589257685,mean_only,0.0527492231062,evaluated
region_block,0.01,max_vpd_only,pulse_count,9212,9212,5d7bb0be48293a8c4e786bf87e7586b1f3c9a7bbc422160606bd3076fd70eeb8,-0.00100912067727,mean_only,-0.000923791620124,evaluated
region_block,0.01,max_vpd_only,reactivation_count,9212,9212,5d7bb0be48293a8c4e786bf87e7586b1f3c9a7bbc422160606bd3076fd70eeb8,0.00234073118551,mean_only,0.00342455567115,evaluated
region_block,0.01,max_vpd_only,normalized_first_difference,9212,9212,5d7bb0be48293a8c4e786bf87e7586b1f3c9a7bbc422160606bd3076fd70eeb8,0.0519327389655,mean_only,0.0853974568115,evaluated
region_block,0.01,max_vpd_only,normalized_second_difference,9212,9212,5d7bb0be48293a8c4e786bf87e7586b1f3c9a7bbc422160606bd3076fd70eeb8,0.0461988543122,mean_only,0.076224175689,evaluated
region_block,0.01,max_vpd_only,log_area,9212,9212,5d7bb0be48293a8c4e786bf87e7586b1f3c9a7bbc422160606bd3076fd70eeb8,0.0722371609116,mean_only,0.130628802292,evaluated
region_block,0.01,max_vpd_only,log_duration,9212,9212,5d7bb0be48293a8c4e786bf87e7586b1f3c9a7bbc422160606bd3076fd70eeb8,0.0471647757871,mean_only,0.0638448375057,evaluated
region_block,0.01,max_vpd_only,shape_PC1_fold,9212,9212,5d7bb0be48293a8c4e786bf87e7586b1f3c9a7bbc422160606bd3076fd70eeb8,0.00258530494255,mean_only,0.0330764835029,evaluated
region_block,0.01,max_vpd_only,shape_PC2_fold,9212,9212,5d7bb0be48293a8c4e786bf87e7586b1f3c9a7bbc422160606bd3076fd70eeb8,-0.000108069648715,mean_only,0.014891492612,evaluated
region_block,0.01,max_vpd_only,shape_PC3_fold,9212,9212,5d7bb0be48293a8c4e786bf87e7586b1f3c9a7bbc422160606bd3076fd70eeb8,0.00133526852385,mean_only,0.00804327580181,evaluated
region_block,0.01,core_plus_max,front_loaded_fraction,9212,9212,5d7bb0be48293a8c4e786bf87e7586b1f3c9a7bbc422160606bd3076fd70eeb8,0.0214674994202,mean_only,0.0329640790161,evaluated
region_block,0.01,core_plus_max,late_growth_fraction,9212,9212,5d7bb0be48293a8c4e786bf87e7586b1f3c9a7bbc422160606bd3076fd70eeb8,0.0383079677457,mean_only,0.0528163756652,evaluated
region_block,0.01,core_plus_max,peak_timing,9212,9212,5d7bb0be48293a8c4e786bf87e7586b1f3c9a7bbc422160606bd3076fd70eeb8,0.000509368081989,mean_only,0.00138513709381,evaluated
region_block,0.01,core_plus_max,terminal_taper_fraction,9212,9212,5d7bb0be48293a8c4e786bf87e7586b1f3c9a7bbc422160606bd3076fd70eeb8,0.0802632899715,mean_only,0.101582053918,evaluated
region_block,0.01,core_plus_max,normalized_entropy,9212,9212,5d7bb0be48293a8c4e786bf87e7586b1f3c9a7bbc422160606bd3076fd70eeb8,0.0743661017438,mean_only,0.111856399081,evaluated
region_block,0.01,core_plus_max,pulse_count,9212,9212,5d7bb0be48293a8c4e786bf87e7586b1f3c9a7bbc422160606bd3076fd70eeb8,0.0190912460533,mean_only,0.0191765751105,evaluated
region_block,0.01,core_plus_max,reactivation_count,9212,9212,5d7bb0be48293a8c4e786bf87e7586b1f3c9a7bbc422160606bd3076fd70eeb8,0.0219108794057,mean_only,0.0229947038913,evaluated
region_block,0.01,core_plus_max,normalized_first_difference,9212,9212,5d7bb0be48293a8c4e786bf87e7586b1f3c9a7bbc422160606bd3076fd70eeb8,0.175459112072,mean_only,0.208923829918,evaluated
region_block,0.01,core_plus_max,normalized_second_difference,9212,9212,5d7bb0be48293a8c4e786bf87e7586b1f3c9a7bbc422160606bd3076fd70eeb8,0.160582905836,mean_only,0.190608227213,evaluated
region_block,0.01,core_plus_max,log_area,9212,9212,5d7bb0be48293a8c4e786bf87e7586b1f3c9a7bbc422160606bd3076fd70eeb8,0.205984045665,mean_only,0.264375687045,evaluated
region_block,0.01,core_plus_max,log_duration,9212,9212,5d7bb0be48293a8c4e786bf87e7586b1f3c9a7bbc422160606bd3076fd70eeb8,0.196005997903,mean_only,0.212686059621,evaluated
region_block,0.01,core_plus_max,shape_PC1_fold,9212,9212,5d7bb0be48293a8c4e786bf87e7586b1f3c9a7bbc422160606bd3076fd70eeb8,0.00660128436449,mean_only,0.0370924629249,evaluated
region_block,0.01,core_plus_max,shape_PC2_fold,9212,9212,5d7bb0be48293a8c4e786bf87e7586b1f3c9a7bbc422160606bd3076fd70eeb8,0.0142493829317,mean_only,0.0292489451924,evaluated
region_block,0.01,core_plus_max,shape_PC3_fold,9212,9212,5d7bb0be48293a8c4e786bf87e7586b1f3c9a7bbc422160606bd3076fd70eeb8,0.00452924187375,mean_only,0.0112372491517,evaluated
region_block,0.01,comprehensive_means,front_loaded_fraction,9212,9212,5d7bb0be48293a8c4e786bf87e7586b1f3c9a7bbc422160606bd3076fd70eeb8,0.0313671965763,mean_only,0.0428637761722,evaluated
region_block,0.01,comprehensive_means,late_growth_fraction,9212,9212,5d7bb0be48293a8c4e786bf87e7586b1f3c9a7bbc422160606bd3076fd70eeb8,0.0372814082608,mean_only,0.0517898161804,evaluated
region_block,0.01,comprehensive_means,peak_timing,9212,9212,5d7bb0be48293a8c4e786bf87e7586b1f3c9a7bbc422160606bd3076fd70eeb8,0.000596864024654,mean_only,0.00147263303648,evaluated
region_block,0.01,comprehensive_means,terminal_taper_fraction,9212,9212,5d7bb0be48293a8c4e786bf87e7586b1f3c9a7bbc422160606bd3076fd70eeb8,0.0619624619684,mean_only,0.0832812259149,evaluated
region_block,0.01,comprehensive_means,normalized_entropy,9212,9212,5d7bb0be48293a8c4e786bf87e7586b1f3c9a7bbc422160606bd3076fd70eeb8,0.0960801682135,mean_only,0.133570465551,evaluated
region_block,0.01,comprehensive_means,pulse_count,9212,9212,5d7bb0be48293a8c4e786bf87e7586b1f3c9a7bbc422160606bd3076fd70eeb8,-0.00116784436498,mean_only,-0.00108251530783,evaluated
region_block,0.01,comprehensive_means,reactivation_count,9212,9212,5d7bb0be48293a8c4e786bf87e7586b1f3c9a7bbc422160606bd3076fd70eeb8,-0.00130789051091,mean_only,-0.00022406602528,evaluated
region_block,0.01,comprehensive_means,normalized_first_difference,9212,9212,5d7bb0be48293a8c4e786bf87e7586b1f3c9a7bbc422160606bd3076fd70eeb8,0.107045709534,mean_only,0.14051042738,evaluated
region_block,0.01,comprehensive_means,normalized_second_difference,9212,9212,5d7bb0be48293a8c4e786bf87e7586b1f3c9a7bbc422160606bd3076fd70eeb8,0.0949938444233,mean_only,0.1250191658,evaluated
region_block,0.01,comprehensive_means,log_area,9212,9212,5d7bb0be48293a8c4e786bf87e7586b1f3c9a7bbc422160606bd3076fd70eeb8,0.189928078249,mean_only,0.24831971963,evaluated
region_block,0.01,comprehensive_means,log_duration,9212,9212,5d7bb0be48293a8c4e786bf87e7586b1f3c9a7bbc422160606bd3076fd70eeb8,0.0701486895215,mean_only,0.0868287512401,evaluated
region_block,0.01,comprehensive_means,shape_PC1_fold,9212,9212,5d7bb0be48293a8c4e786bf87e7586b1f3c9a7bbc422160606bd3076fd70eeb8,0.0135907112194,mean_only,0.0440818897797,evaluated
region_block,0.01,comprehensive_means,shape_PC2_fold,9212,9212,5d7bb0be48293a8c4e786bf87e7586b1f3c9a7bbc422160606bd3076fd70eeb8,0.0100961300095,mean_only,0.0250956922702,evaluated
region_block,0.01,comprehensive_means,shape_PC3_fold,9212,9212,5d7bb0be48293a8c4e786bf87e7586b1f3c9a7bbc422160606bd3076fd70eeb8,0.00602423739868,mean_only,0.0127322446766,evaluated
region_block,0.01,comprehensive_plus_max,front_loaded_fraction,9212,9212,5d7bb0be48293a8c4e786bf87e7586b1f3c9a7bbc422160606bd3076fd70eeb8,0.0378799543436,mean_only,0.0493765339396,evaluated
region_block,0.01,comprehensive_plus_max,late_growth_fraction,9212,9212,5d7bb0be48293a8c4e786bf87e7586b1f3c9a7bbc422160606bd3076fd70eeb8,0.0542414906261,mean_only,0.0687498985456,evaluated
region_block,0.01,comprehensive_plus_max,peak_timing,9212,9212,5d7bb0be48293a8c4e786bf87e7586b1f3c9a7bbc422160606bd3076fd70eeb8,-0.000322552032832,mean_only,0.000553216978989,evaluated
region_block,0.01,comprehensive_plus_max,terminal_taper_fraction,9212,9212,5d7bb0be48293a8c4e786bf87e7586b1f3c9a7bbc422160606bd3076fd70eeb8,0.104015175706,mean_only,0.125333939653,evaluated
region_block,0.01,comprehensive_plus_max,normalized_entropy,9212,9212,5d7bb0be48293a8c4e786bf87e7586b1f3c9a7bbc422160606bd3076fd70eeb8,0.111705177601,mean_only,0.149195474939,evaluated
region_block,0.01,comprehensive_plus_max,pulse_count,9212,9212,5d7bb0be48293a8c4e786bf87e7586b1f3c9a7bbc422160606bd3076fd70eeb8,0.01505248234,mean_only,0.0151378113971,evaluated
region_block,0.01,comprehensive_plus_max,reactivation_count,9212,9212,5d7bb0be48293a8c4e786bf87e7586b1f3c9a7bbc422160606bd3076fd70eeb8,0.019232819244,mean_only,0.0203166437296,evaluated
region_block,0.01,comprehensive_plus_max,normalized_first_difference,9212,9212,5d7bb0be48293a8c4e786bf87e7586b1f3c9a7bbc422160606bd3076fd70eeb8,0.230118761644,mean_only,0.26358347949,evaluated
region_block,0.01,comprehensive_plus_max,normalized_second_difference,9212,9212,5d7bb0be48293a8c4e786bf87e7586b1f3c9a7bbc422160606bd3076fd70eeb8,0.208714792253,mean_only,0.23874011363,evaluated
region_block,0.01,comprehensive_plus_max,log_area,9212,9212,5d7bb0be48293a8c4e786bf87e7586b1f3c9a7bbc422160606bd3076fd70eeb8,0.300457187758,mean_only,0.358848829139,evaluated
region_block,0.01,comprehensive_plus_max,log_duration,9212,9212,5d7bb0be48293a8c4e786bf87e7586b1f3c9a7bbc422160606bd3076fd70eeb8,0.228458614018,mean_only,0.245138675737,evaluated
region_block,0.01,comprehensive_plus_max,shape_PC1_fold,9212,9212,5d7bb0be48293a8c4e786bf87e7586b1f3c9a7bbc422160606bd3076fd70eeb8,0.0217980913976,mean_only,0.0522892699579,evaluated
region_block,0.01,comprehensive_plus_max,shape_PC2_fold,9212,9212,5d7bb0be48293a8c4e786bf87e7586b1f3c9a7bbc422160606bd3076fd70eeb8,0.0241397081358,mean_only,0.0391392703966,evaluated
region_block,0.01,comprehensive_plus_max,shape_PC3_fold,9212,9212,5d7bb0be48293a8c4e786bf87e7586b1f3c9a7bbc422160606bd3076fd70eeb8,0.00857910470314,mean_only,0.0152871119811,evaluated
region_block,0.01,length_only,front_loaded_fraction,9212,9212,5d7bb0be48293a8c4e786bf87e7586b1f3c9a7bbc422160606bd3076fd70eeb8,0.0187020402527,mean_only,0.0301986198486,evaluated
region_block,0.01,length_only,late_growth_fraction,9212,9212,5d7bb0be48293a8c4e786bf87e7586b1f3c9a7bbc422160606bd3076fd70eeb8,0.0605580892583,mean_only,0.0750664971778,evaluated
region_block,0.01,length_only,peak_timing,9212,9212,5d7bb0be48293a8c4e786bf87e7586b1f3c9a7bbc422160606bd3076fd70eeb8,-0.00178790314977,mean_only,-0.000912134137948,evaluated
region_block,0.01,length_only,terminal_taper_fraction,9212,9212,5d7bb0be48293a8c4e786bf87e7586b1f3c9a7bbc422160606bd3076fd70eeb8,0.187161719788,mean_only,0.208480483735,evaluated
region_block,0.01,length_only,normalized_entropy,9212,9212,5d7bb0be48293a8c4e786bf87e7586b1f3c9a7bbc422160606bd3076fd70eeb8,0.0127868028657,mean_only,0.0502771002034,evaluated
region_block,0.01,length_only,pulse_count,9212,9212,5d7bb0be48293a8c4e786bf87e7586b1f3c9a7bbc422160606bd3076fd70eeb8,0.172172536796,mean_only,0.172257865853,evaluated
region_block,0.01,length_only,reactivation_count,9212,9212,5d7bb0be48293a8c4e786bf87e7586b1f3c9a7bbc422160606bd3076fd70eeb8,0.165051707748,mean_only,0.166135532233,evaluated
region_block,0.01,length_only,normalized_first_difference,9212,9212,5d7bb0be48293a8c4e786bf87e7586b1f3c9a7bbc422160606bd3076fd70eeb8,0.623564731874,mean_only,0.65702944972,evaluated
region_block,0.01,length_only,normalized_second_difference,9212,9212,5d7bb0be48293a8c4e786bf87e7586b1f3c9a7bbc422160606bd3076fd70eeb8,0.559322874382,mean_only,0.589348195758,evaluated
region_block,0.01,length_only,log_area,9212,9212,5d7bb0be48293a8c4e786bf87e7586b1f3c9a7bbc422160606bd3076fd70eeb8,0.477153909695,mean_only,0.535545551075,evaluated
region_block,0.01,length_only,log_duration,9212,9212,5d7bb0be48293a8c4e786bf87e7586b1f3c9a7bbc422160606bd3076fd70eeb8,,mean_only,,excluded_known_outcome
region_block,0.01,length_only,shape_PC1_fold,9212,9212,5d7bb0be48293a8c4e786bf87e7586b1f3c9a7bbc422160606bd3076fd70eeb8,0.00603194778746,mean_only,0.0365231263478,evaluated
region_block,0.01,length_only,shape_PC2_fold,9212,9212,5d7bb0be48293a8c4e786bf87e7586b1f3c9a7bbc422160606bd3076fd70eeb8,0.0468443806284,mean_only,0.0618439428891,evaluated
region_block,0.01,length_only,shape_PC3_fold,9212,9212,5d7bb0be48293a8c4e786bf87e7586b1f3c9a7bbc422160606bd3076fd70eeb8,0.00175550204678,mean_only,0.00846350932474,evaluated
region_block,0.01,length_plus_max,front_loaded_fraction,9212,9212,5d7bb0be48293a8c4e786bf87e7586b1f3c9a7bbc422160606bd3076fd70eeb8,0.0392978324733,mean_only,0.0507944120693,evaluated
region_block,0.01,length_plus_max,late_growth_fraction,9212,9212,5d7bb0be48293a8c4e786bf87e7586b1f3c9a7bbc422160606bd3076fd70eeb8,0.0777002278039,mean_only,0.0922086357234,evaluated
region_block,0.01,length_plus_max,peak_timing,9212,9212,5d7bb0be48293a8c4e786bf87e7586b1f3c9a7bbc422160606bd3076fd70eeb8,0.000405133262041,mean_only,0.00128090227386,evaluated
region_block,0.01,length_plus_max,terminal_taper_fraction,9212,9212,5d7bb0be48293a8c4e786bf87e7586b1f3c9a7bbc422160606bd3076fd70eeb8,0.199093772286,mean_only,0.220412536233,evaluated
region_block,0.01,length_plus_max,normalized_entropy,9212,9212,5d7bb0be48293a8c4e786bf87e7586b1f3c9a7bbc422160606bd3076fd70eeb8,0.0453802643251,mean_only,0.0828705616628,evaluated
region_block,0.01,length_plus_max,pulse_count,9212,9212,5d7bb0be48293a8c4e786bf87e7586b1f3c9a7bbc422160606bd3076fd70eeb8,0.183989161343,mean_only,0.1840744904,evaluated
region_block,0.01,length_plus_max,reactivation_count,9212,9212,5d7bb0be48293a8c4e786bf87e7586b1f3c9a7bbc422160606bd3076fd70eeb8,0.165882755145,mean_only,0.166966579631,evaluated
region_block,0.01,length_plus_max,normalized_first_difference,9212,9212,5d7bb0be48293a8c4e786bf87e7586b1f3c9a7bbc422160606bd3076fd70eeb8,0.632085295892,mean_only,0.665550013738,evaluated
region_block,0.01,length_plus_max,normalized_second_difference,9212,9212,5d7bb0be48293a8c4e786bf87e7586b1f3c9a7bbc422160606bd3076fd70eeb8,0.565847318529,mean_only,0.595872639906,evaluated
region_block,0.01,length_plus_max,log_area,9212,9212,5d7bb0be48293a8c4e786bf87e7586b1f3c9a7bbc422160606bd3076fd70eeb8,0.512396826119,mean_only,0.570788467499,evaluated
region_block,0.01,length_plus_max,log_duration,9212,9212,5d7bb0be48293a8c4e786bf87e7586b1f3c9a7bbc422160606bd3076fd70eeb8,,mean_only,,excluded_known_outcome
region_block,0.01,length_plus_max,shape_PC1_fold,9212,9212,5d7bb0be48293a8c4e786bf87e7586b1f3c9a7bbc422160606bd3076fd70eeb8,0.0270514555185,mean_only,0.0575426340789,evaluated
region_block,0.01,length_plus_max,shape_PC2_fold,9212,9212,5d7bb0be48293a8c4e786bf87e7586b1f3c9a7bbc422160606bd3076fd70eeb8,0.0504051119574,mean_only,0.0654046742181,evaluated
region_block,0.01,length_plus_max,shape_PC3_fold,9212,9212,5d7bb0be48293a8c4e786bf87e7586b1f3c9a7bbc422160606bd3076fd70eeb8,0.00653230418063,mean_only,0.0132403114586,evaluated
region_block,0.01,length_plus_core,front_loaded_fraction,9212,9212,5d7bb0be48293a8c4e786bf87e7586b1f3c9a7bbc422160606bd3076fd70eeb8,0.0379982342168,mean_only,0.0494948138127,evaluated
region_block,0.01,length_plus_core,late_growth_fraction,9212,9212,5d7bb0be48293a8c4e786bf87e7586b1f3c9a7bbc422160606bd3076fd70eeb8,0.0847811127472,mean_only,0.0992895206668,evaluated
region_block,0.01,length_plus_core,peak_timing,9212,9212,5d7bb0be48293a8c4e786bf87e7586b1f3c9a7bbc422160606bd3076fd70eeb8,0.00131717424754,mean_only,0.00219294325937,evaluated
region_block,0.01,length_plus_core,terminal_taper_fraction,9212,9212,5d7bb0be48293a8c4e786bf87e7586b1f3c9a7bbc422160606bd3076fd70eeb8,0.21911038397,mean_only,0.240429147917,evaluated
region_block,0.01,length_plus_core,normalized_entropy,9212,9212,5d7bb0be48293a8c4e786bf87e7586b1f3c9a7bbc422160606bd3076fd70eeb8,0.0890274311633,mean_only,0.126517728501,evaluated
region_block,0.01,length_plus_core,pulse_count,9212,9212,5d7bb0be48293a8c4e786bf87e7586b1f3c9a7bbc422160606bd3076fd70eeb8,0.182673564075,mean_only,0.182758893133,evaluated
region_block,0.01,length_plus_core,reactivation_count,9212,9212,5d7bb0be48293a8c4e786bf87e7586b1f3c9a7bbc422160606bd3076fd70eeb8,0.165063679602,mean_only,0.166147504088,evaluated
region_block,0.01,length_plus_core,normalized_first_difference,9212,9212,5d7bb0be48293a8c4e786bf87e7586b1f3c9a7bbc422160606bd3076fd70eeb8,0.641710019331,mean_only,0.675174737177,evaluated
region_block,0.01,length_plus_core,normalized_second_difference,9212,9212,5d7bb0be48293a8c4e786bf87e7586b1f3c9a7bbc422160606bd3076fd70eeb8,0.576116670322,mean_only,0.606141991699,evaluated
region_block,0.01,length_plus_core,log_area,9212,9212,5d7bb0be48293a8c4e786bf87e7586b1f3c9a7bbc422160606bd3076fd70eeb8,0.545956881223,mean_only,0.604348522604,evaluated
region_block,0.01,length_plus_core,log_duration,9212,9212,5d7bb0be48293a8c4e786bf87e7586b1f3c9a7bbc422160606bd3076fd70eeb8,,mean_only,,excluded_known_outcome
region_block,0.01,length_plus_core,shape_PC1_fold,9212,9212,5d7bb0be48293a8c4e786bf87e7586b1f3c9a7bbc422160606bd3076fd70eeb8,0.0273431487539,mean_only,0.0578343273142,evaluated
region_block,0.01,length_plus_core,shape_PC2_fold,9212,9212,5d7bb0be48293a8c4e786bf87e7586b1f3c9a7bbc422160606bd3076fd70eeb8,0.054943300131,mean_only,0.0699428623917,evaluated
region_block,0.01,length_plus_core,shape_PC3_fold,9212,9212,5d7bb0be48293a8c4e786bf87e7586b1f3c9a7bbc422160606bd3076fd70eeb8,0.00619254644749,mean_only,0.0129005537254,evaluated
region_block,0.01,length_plus_core_max,front_loaded_fraction,9212,9212,5d7bb0be48293a8c4e786bf87e7586b1f3c9a7bbc422160606bd3076fd70eeb8,0.0386141848871,mean_only,0.0501107644831,evaluated
region_block,0.01,length_plus_core_max,late_growth_fraction,9212,9212,5d7bb0be48293a8c4e786bf87e7586b1f3c9a7bbc422160606bd3076fd70eeb8,0.0850127662265,mean_only,0.099521174146,evaluated
region_block,0.01,length_plus_core_max,peak_timing,9212,9212,5d7bb0be48293a8c4e786bf87e7586b1f3c9a7bbc422160606bd3076fd70eeb8,0.00028500650399,mean_only,0.00116077551581,evaluated
region_block,0.01,length_plus_core_max,terminal_taper_fraction,9212,9212,5d7bb0be48293a8c4e786bf87e7586b1f3c9a7bbc422160606bd3076fd70eeb8,0.219423148474,mean_only,0.24074191242,evaluated
region_block,0.01,length_plus_core_max,normalized_entropy,9212,9212,5d7bb0be48293a8c4e786bf87e7586b1f3c9a7bbc422160606bd3076fd70eeb8,0.0940560112892,mean_only,0.131546308627,evaluated
region_block,0.01,length_plus_core_max,pulse_count,9212,9212,5d7bb0be48293a8c4e786bf87e7586b1f3c9a7bbc422160606bd3076fd70eeb8,0.186486609057,mean_only,0.186571938114,evaluated
region_block,0.01,length_plus_core_max,reactivation_count,9212,9212,5d7bb0be48293a8c4e786bf87e7586b1f3c9a7bbc422160606bd3076fd70eeb8,0.165104716247,mean_only,0.166188540733,evaluated
region_block,0.01,length_plus_core_max,normalized_first_difference,9212,9212,5d7bb0be48293a8c4e786bf87e7586b1f3c9a7bbc422160606bd3076fd70eeb8,0.644533134968,mean_only,0.677997852814,evaluated
region_block,0.01,length_plus_core_max,normalized_second_difference,9212,9212,5d7bb0be48293a8c4e786bf87e7586b1f3c9a7bbc422160606bd3076fd70eeb8,0.578367818685,mean_only,0.608393140062,evaluated
region_block,0.01,length_plus_core_max,log_area,9212,9212,5d7bb0be48293a8c4e786bf87e7586b1f3c9a7bbc422160606bd3076fd70eeb8,0.552312427696,mean_only,0.610704069077,evaluated
region_block,0.01,length_plus_core_max,log_duration,9212,9212,5d7bb0be48293a8c4e786bf87e7586b1f3c9a7bbc422160606bd3076fd70eeb8,,mean_only,,excluded_known_outcome
region_block,0.01,length_plus_core_max,shape_PC1_fold,9212,9212,5d7bb0be48293a8c4e786bf87e7586b1f3c9a7bbc422160606bd3076fd70eeb8,0.0278242509687,mean_only,0.0583154295291,evaluated
region_block,0.01,length_plus_core_max,shape_PC2_fold,9212,9212,5d7bb0be48293a8c4e786bf87e7586b1f3c9a7bbc422160606bd3076fd70eeb8,0.0548294046229,mean_only,0.0698289668837,evaluated
region_block,0.01,length_plus_core_max,shape_PC3_fold,9212,9212,5d7bb0be48293a8c4e786bf87e7586b1f3c9a7bbc422160606bd3076fd70eeb8,0.00819506011407,mean_only,0.014903067392,evaluated
region_block,0.01,core_quantile_exceedance,front_loaded_fraction,9212,9212,5d7bb0be48293a8c4e786bf87e7586b1f3c9a7bbc422160606bd3076fd70eeb8,0.0196757412952,mean_only,0.0311723208911,evaluated
region_block,0.01,core_quantile_exceedance,late_growth_fraction,9212,9212,5d7bb0be48293a8c4e786bf87e7586b1f3c9a7bbc422160606bd3076fd70eeb8,0.035782837404,mean_only,0.0502912453235,evaluated
region_block,0.01,core_quantile_exceedance,peak_timing,9212,9212,5d7bb0be48293a8c4e786bf87e7586b1f3c9a7bbc422160606bd3076fd70eeb8,0.000737340777978,mean_only,0.0016131097898,evaluated
region_block,0.01,core_quantile_exceedance,terminal_taper_fraction,9212,9212,5d7bb0be48293a8c4e786bf87e7586b1f3c9a7bbc422160606bd3076fd70eeb8,0.073104145272,mean_only,0.0944229092185,evaluated
region_block,0.01,core_quantile_exceedance,normalized_entropy,9212,9212,5d7bb0be48293a8c4e786bf87e7586b1f3c9a7bbc422160606bd3076fd70eeb8,0.0667558573201,mean_only,0.104246154658,evaluated
region_block,0.01,core_quantile_exceedance,pulse_count,9212,9212,5d7bb0be48293a8c4e786bf87e7586b1f3c9a7bbc422160606bd3076fd70eeb8,0.0129062503,mean_only,0.0129915793572,evaluated
region_block,0.01,core_quantile_exceedance,reactivation_count,9212,9212,5d7bb0be48293a8c4e786bf87e7586b1f3c9a7bbc422160606bd3076fd70eeb8,0.0104700240632,mean_only,0.0115538485488,evaluated
region_block,0.01,core_quantile_exceedance,normalized_first_difference,9212,9212,5d7bb0be48293a8c4e786bf87e7586b1f3c9a7bbc422160606bd3076fd70eeb8,0.149641657621,mean_only,0.183106375467,evaluated
region_block,0.01,core_quantile_exceedance,normalized_second_difference,9212,9212,5d7bb0be48293a8c4e786bf87e7586b1f3c9a7bbc422160606bd3076fd70eeb8,0.139875562881,mean_only,0.169900884258,evaluated
region_block,0.01,core_quantile_exceedance,log_area,9212,9212,5d7bb0be48293a8c4e786bf87e7586b1f3c9a7bbc422160606bd3076fd70eeb8,0.18117014994,mean_only,0.239561791321,evaluated
region_block,0.01,core_quantile_exceedance,log_duration,9212,9212,5d7bb0be48293a8c4e786bf87e7586b1f3c9a7bbc422160606bd3076fd70eeb8,0.162076047466,mean_only,0.178756109184,evaluated
region_block,0.01,core_quantile_exceedance,shape_PC1_fold,9212,9212,5d7bb0be48293a8c4e786bf87e7586b1f3c9a7bbc422160606bd3076fd70eeb8,0.00412953969534,mean_only,0.0346207182557,evaluated
region_block,0.01,core_quantile_exceedance,shape_PC2_fold,9212,9212,5d7bb0be48293a8c4e786bf87e7586b1f3c9a7bbc422160606bd3076fd70eeb8,0.0137882976289,mean_only,0.0287878598897,evaluated
region_block,0.01,core_quantile_exceedance,shape_PC3_fold,9212,9212,5d7bb0be48293a8c4e786bf87e7586b1f3c9a7bbc422160606bd3076fd70eeb8,0.00409791274393,mean_only,0.0108059200219,evaluated
region_block,1,mean_only,front_loaded_fraction,9212,9212,5d7bb0be48293a8c4e786bf87e7586b1f3c9a7bbc422160606bd3076fd70eeb8,-0.011496579596,mean_only,0,evaluated
region_block,1,mean_only,late_growth_fraction,9212,9212,5d7bb0be48293a8c4e786bf87e7586b1f3c9a7bbc422160606bd3076fd70eeb8,-0.0145084079195,mean_only,0,evaluated
region_block,1,mean_only,peak_timing,9212,9212,5d7bb0be48293a8c4e786bf87e7586b1f3c9a7bbc422160606bd3076fd70eeb8,-0.000875769011822,mean_only,0,evaluated
region_block,1,mean_only,terminal_taper_fraction,9212,9212,5d7bb0be48293a8c4e786bf87e7586b1f3c9a7bbc422160606bd3076fd70eeb8,-0.0213187639465,mean_only,0,evaluated
region_block,1,mean_only,normalized_entropy,9212,9212,5d7bb0be48293a8c4e786bf87e7586b1f3c9a7bbc422160606bd3076fd70eeb8,-0.0374902973376,mean_only,0,evaluated
region_block,1,mean_only,pulse_count,9212,9212,5d7bb0be48293a8c4e786bf87e7586b1f3c9a7bbc422160606bd3076fd70eeb8,-8.53290571503e-05,mean_only,0,evaluated
region_block,1,mean_only,reactivation_count,9212,9212,5d7bb0be48293a8c4e786bf87e7586b1f3c9a7bbc422160606bd3076fd70eeb8,-0.00108382448563,mean_only,0,evaluated
region_block,1,mean_only,normalized_first_difference,9212,9212,5d7bb0be48293a8c4e786bf87e7586b1f3c9a7bbc422160606bd3076fd70eeb8,-0.033464717846,mean_only,0,evaluated
region_block,1,mean_only,normalized_second_difference,9212,9212,5d7bb0be48293a8c4e786bf87e7586b1f3c9a7bbc422160606bd3076fd70eeb8,-0.0300253213768,mean_only,0,evaluated
region_block,1,mean_only,log_area,9212,9212,5d7bb0be48293a8c4e786bf87e7586b1f3c9a7bbc422160606bd3076fd70eeb8,-0.0583916413807,mean_only,0,evaluated
region_block,1,mean_only,log_duration,9212,9212,5d7bb0be48293a8c4e786bf87e7586b1f3c9a7bbc422160606bd3076fd70eeb8,-0.0166800617186,mean_only,0,evaluated
region_block,1,mean_only,shape_PC1_fold,9212,9212,5d7bb0be48293a8c4e786bf87e7586b1f3c9a7bbc422160606bd3076fd70eeb8,-0.0304911785604,mean_only,0,evaluated
region_block,1,mean_only,shape_PC2_fold,9212,9212,5d7bb0be48293a8c4e786bf87e7586b1f3c9a7bbc422160606bd3076fd70eeb8,-0.0149995622607,mean_only,0,evaluated
region_block,1,mean_only,shape_PC3_fold,9212,9212,5d7bb0be48293a8c4e786bf87e7586b1f3c9a7bbc422160606bd3076fd70eeb8,-0.00670800727796,mean_only,0,evaluated
region_block,1,core_means,front_loaded_fraction,9212,9212,5d7bb0be48293a8c4e786bf87e7586b1f3c9a7bbc422160606bd3076fd70eeb8,0.0144594394621,mean_only,0.0259560190581,evaluated
region_block,1,core_means,late_growth_fraction,9212,9212,5d7bb0be48293a8c4e786bf87e7586b1f3c9a7bbc422160606bd3076fd70eeb8,0.0225052929529,mean_only,0.0370137008724,evaluated
region_block,1,core_means,peak_timing,9212,9212,5d7bb0be48293a8c4e786bf87e7586b1f3c9a7bbc422160606bd3076fd70eeb8,0.0020971722227,mean_only,0.00297294123452,evaluated
region_block,1,core_means,terminal_taper_fraction,9212,9212,5d7bb0be48293a8c4e786bf87e7586b1f3c9a7bbc422160606bd3076fd70eeb8,0.0352174386027,mean_only,0.0565362025491,evaluated
region_block,1,core_means,normalized_entropy,9212,9212,5d7bb0be48293a8c4e786bf87e7586b1f3c9a7bbc422160606bd3076fd70eeb8,0.0542203889203,mean_only,0.0917106862579,evaluated
region_block,1,core_means,pulse_count,9212,9212,5d7bb0be48293a8c4e786bf87e7586b1f3c9a7bbc422160606bd3076fd70eeb8,0.000564636364658,mean_only,0.000649965421809,evaluated
region_block,1,core_means,reactivation_count,9212,9212,5d7bb0be48293a8c4e786bf87e7586b1f3c9a7bbc422160606bd3076fd70eeb8,-0.00118692357056,mean_only,-0.000103099084928,evaluated
region_block,1,core_means,normalized_first_difference,9212,9212,5d7bb0be48293a8c4e786bf87e7586b1f3c9a7bbc422160606bd3076fd70eeb8,0.0324948451001,mean_only,0.0659595629461,evaluated
region_block,1,core_means,normalized_second_difference,9212,9212,5d7bb0be48293a8c4e786bf87e7586b1f3c9a7bbc422160606bd3076fd70eeb8,0.0294330900222,mean_only,0.059458411399,evaluated
region_block,1,core_means,log_area,9212,9212,5d7bb0be48293a8c4e786bf87e7586b1f3c9a7bbc422160606bd3076fd70eeb8,0.0772956383815,mean_only,0.135687279762,evaluated
region_block,1,core_means,log_duration,9212,9212,5d7bb0be48293a8c4e786bf87e7586b1f3c9a7bbc422160606bd3076fd70eeb8,0.014010737355,mean_only,0.0306907990737,evaluated
region_block,1,core_means,shape_PC1_fold,9212,9212,5d7bb0be48293a8c4e786bf87e7586b1f3c9a7bbc422160606bd3076fd70eeb8,-0.0014951216943,mean_only,0.0289960568661,evaluated
region_block,1,core_means,shape_PC2_fold,9212,9212,5d7bb0be48293a8c4e786bf87e7586b1f3c9a7bbc422160606bd3076fd70eeb8,0.00111897305007,mean_only,0.0161185353108,evaluated
region_block,1,core_means,shape_PC3_fold,9212,9212,5d7bb0be48293a8c4e786bf87e7586b1f3c9a7bbc422160606bd3076fd70eeb8,-0.00042298607091,mean_only,0.00628502120705,evaluated
region_block,1,max_vpd_only,front_loaded_fraction,9212,9212,5d7bb0be48293a8c4e786bf87e7586b1f3c9a7bbc422160606bd3076fd70eeb8,0.0197274160335,mean_only,0.0312239956294,evaluated
region_block,1,max_vpd_only,late_growth_fraction,9212,9212,5d7bb0be48293a8c4e786bf87e7586b1f3c9a7bbc422160606bd3076fd70eeb8,0.0225044510485,mean_only,0.037012858968,evaluated
region_block,1,max_vpd_only,peak_timing,9212,9212,5d7bb0be48293a8c4e786bf87e7586b1f3c9a7bbc422160606bd3076fd70eeb8,0.00111717210216,mean_only,0.00199294111399,evaluated
region_block,1,max_vpd_only,terminal_taper_fraction,9212,9212,5d7bb0be48293a8c4e786bf87e7586b1f3c9a7bbc422160606bd3076fd70eeb8,0.0298081150489,mean_only,0.0511268789954,evaluated
region_block,1,max_vpd_only,normalized_entropy,9212,9212,5d7bb0be48293a8c4e786bf87e7586b1f3c9a7bbc422160606bd3076fd70eeb8,0.0152605712833,mean_only,0.0527508686209,evaluated
region_block,1,max_vpd_only,pulse_count,9212,9212,5d7bb0be48293a8c4e786bf87e7586b1f3c9a7bbc422160606bd3076fd70eeb8,-0.00100894573533,mean_only,-0.000923616678177,evaluated
region_block,1,max_vpd_only,reactivation_count,9212,9212,5d7bb0be48293a8c4e786bf87e7586b1f3c9a7bbc422160606bd3076fd70eeb8,0.00234066213435,mean_only,0.00342448661998,evaluated
region_block,1,max_vpd_only,normalized_first_difference,9212,9212,5d7bb0be48293a8c4e786bf87e7586b1f3c9a7bbc422160606bd3076fd70eeb8,0.0519326818859,mean_only,0.0853973997319,evaluated
region_block,1,max_vpd_only,normalized_second_difference,9212,9212,5d7bb0be48293a8c4e786bf87e7586b1f3c9a7bbc422160606bd3076fd70eeb8,0.0461988983648,mean_only,0.0762242197416,evaluated
region_block,1,max_vpd_only,log_area,9212,9212,5d7bb0be48293a8c4e786bf87e7586b1f3c9a7bbc422160606bd3076fd70eeb8,0.0722374924035,mean_only,0.130629133784,evaluated
region_block,1,max_vpd_only,log_duration,9212,9212,5d7bb0be48293a8c4e786bf87e7586b1f3c9a7bbc422160606bd3076fd70eeb8,0.0471646435414,mean_only,0.06384470526,evaluated
region_block,1,max_vpd_only,shape_PC1_fold,9212,9212,5d7bb0be48293a8c4e786bf87e7586b1f3c9a7bbc422160606bd3076fd70eeb8,0.00258630796673,mean_only,0.0330774865271,evaluated
region_block,1,max_vpd_only,shape_PC2_fold,9212,9212,5d7bb0be48293a8c4e786bf87e7586b1f3c9a7bbc422160606bd3076fd70eeb8,-0.000108197852466,mean_only,0.0148913644083,evaluated
region_block,1,max_vpd_only,shape_PC3_fold,9212,9212,5d7bb0be48293a8c4e786bf87e7586b1f3c9a7bbc422160606bd3076fd70eeb8,0.00133493896469,mean_only,0.00804294624265,evaluated
region_block,1,core_plus_max,front_loaded_fraction,9212,9212,5d7bb0be48293a8c4e786bf87e7586b1f3c9a7bbc422160606bd3076fd70eeb8,0.0215072043869,mean_only,0.0330037839828,evaluated
region_block,1,core_plus_max,late_growth_fraction,9212,9212,5d7bb0be48293a8c4e786bf87e7586b1f3c9a7bbc422160606bd3076fd70eeb8,0.0383321521015,mean_only,0.052840560021,evaluated
region_block,1,core_plus_max,peak_timing,9212,9212,5d7bb0be48293a8c4e786bf87e7586b1f3c9a7bbc422160606bd3076fd70eeb8,0.000519519289857,mean_only,0.00139528830168,evaluated
region_block,1,core_plus_max,terminal_taper_fraction,9212,9212,5d7bb0be48293a8c4e786bf87e7586b1f3c9a7bbc422160606bd3076fd70eeb8,0.0802827657843,mean_only,0.101601529731,evaluated
region_block,1,core_plus_max,normalized_entropy,9212,9212,5d7bb0be48293a8c4e786bf87e7586b1f3c9a7bbc422160606bd3076fd70eeb8,0.0743717579533,mean_only,0.111862055291,evaluated
region_block,1,core_plus_max,pulse_count,9212,9212,5d7bb0be48293a8c4e786bf87e7586b1f3c9a7bbc422160606bd3076fd70eeb8,0.0191230708356,mean_only,0.0192083998927,evaluated
region_block,1,core_plus_max,reactivation_count,9212,9212,5d7bb0be48293a8c4e786bf87e7586b1f3c9a7bbc422160606bd3076fd70eeb8,0.0219626517475,mean_only,0.0230464762332,evaluated
region_block,1,core_plus_max,normalized_first_difference,9212,9212,5d7bb0be48293a8c4e786bf87e7586b1f3c9a7bbc422160606bd3076fd70eeb8,0.175542982495,mean_only,0.209007700341,evaluated
region_block,1,core_plus_max,normalized_second_difference,9212,9212,5d7bb0be48293a8c4e786bf87e7586b1f3c9a7bbc422160606bd3076fd70eeb8,0.160644578873,mean_only,0.19066990025,evaluated
region_block,1,core_plus_max,log_area,9212,9212,5d7bb0be48293a8c4e786bf87e7586b1f3c9a7bbc422160606bd3076fd70eeb8,0.206002375061,mean_only,0.264394016441,evaluated
region_block,1,core_plus_max,log_duration,9212,9212,5d7bb0be48293a8c4e786bf87e7586b1f3c9a7bbc422160606bd3076fd70eeb8,0.196175195949,mean_only,0.212855257667,evaluated
region_block,1,core_plus_max,shape_PC1_fold,9212,9212,5d7bb0be48293a8c4e786bf87e7586b1f3c9a7bbc422160606bd3076fd70eeb8,0.00664112694704,mean_only,0.0371323055074,evaluated
region_block,1,core_plus_max,shape_PC2_fold,9212,9212,5d7bb0be48293a8c4e786bf87e7586b1f3c9a7bbc422160606bd3076fd70eeb8,0.0142496484076,mean_only,0.0292492106684,evaluated
region_block,1,core_plus_max,shape_PC3_fold,9212,9212,5d7bb0be48293a8c4e786bf87e7586b1f3c9a7bbc422160606bd3076fd70eeb8,0.00453667275222,mean_only,0.0112446800302,evaluated
region_block,1,comprehensive_means,front_loaded_fraction,9212,9212,5d7bb0be48293a8c4e786bf87e7586b1f3c9a7bbc422160606bd3076fd70eeb8,0.0313829722581,mean_only,0.042879551854,evaluated
region_block,1,comprehensive_means,late_growth_fraction,9212,9212,5d7bb0be48293a8c4e786bf87e7586b1f3c9a7bbc422160606bd3076fd70eeb8,0.037297468912,mean_only,0.0518058768315,evaluated
region_block,1,comprehensive_means,peak_timing,9212,9212,5d7bb0be48293a8c4e786bf87e7586b1f3c9a7bbc422160606bd3076fd70eeb8,0.000696893502581,mean_only,0.0015726625144,evaluated
region_block,1,comprehensive_means,terminal_taper_fraction,9212,9212,5d7bb0be48293a8c4e786bf87e7586b1f3c9a7bbc422160606bd3076fd70eeb8,0.0618533536431,mean_only,0.0831721175895,evaluated
region_block,1,comprehensive_means,normalized_entropy,9212,9212,5d7bb0be48293a8c4e786bf87e7586b1f3c9a7bbc422160606bd3076fd70eeb8,0.0958511526125,mean_only,0.13334144995,evaluated
region_block,1,comprehensive_means,pulse_count,9212,9212,5d7bb0be48293a8c4e786bf87e7586b1f3c9a7bbc422160606bd3076fd70eeb8,-0.00100748438428,mean_only,-0.000922155327126,evaluated
region_block,1,comprehensive_means,reactivation_count,9212,9212,5d7bb0be48293a8c4e786bf87e7586b1f3c9a7bbc422160606bd3076fd70eeb8,-0.00121727190455,mean_only,-0.000133447418917,evaluated
region_block,1,comprehensive_means,normalized_first_difference,9212,9212,5d7bb0be48293a8c4e786bf87e7586b1f3c9a7bbc422160606bd3076fd70eeb8,0.106902580847,mean_only,0.140367298693,evaluated
region_block,1,comprehensive_means,normalized_second_difference,9212,9212,5d7bb0be48293a8c4e786bf87e7586b1f3c9a7bbc422160606bd3076fd70eeb8,0.09485090289,mean_only,0.124876224267,evaluated
region_block,1,comprehensive_means,log_area,9212,9212,5d7bb0be48293a8c4e786bf87e7586b1f3c9a7bbc422160606bd3076fd70eeb8,0.189730428998,mean_only,0.248122070379,evaluated
region_block,1,comprehensive_means,log_duration,9212,9212,5d7bb0be48293a8c4e786bf87e7586b1f3c9a7bbc422160606bd3076fd70eeb8,0.0701788150186,mean_only,0.0868588767372,evaluated
region_block,1,comprehensive_means,shape_PC1_fold,9212,9212,5d7bb0be48293a8c4e786bf87e7586b1f3c9a7bbc422160606bd3076fd70eeb8,0.01361550346,mean_only,0.0441066820203,evaluated
region_block,1,comprehensive_means,shape_PC2_fold,9212,9212,5d7bb0be48293a8c4e786bf87e7586b1f3c9a7bbc422160606bd3076fd70eeb8,0.0100958212239,mean_only,0.0250953834847,evaluated
region_block,1,comprehensive_means,shape_PC3_fold,9212,9212,5d7bb0be48293a8c4e786bf87e7586b1f3c9a7bbc422160606bd3076fd70eeb8,0.00607317623803,mean_only,0.012781183516,evaluated
region_block,1,comprehensive_plus_max,front_loaded_fraction,9212,9212,5d7bb0be48293a8c4e786bf87e7586b1f3c9a7bbc422160606bd3076fd70eeb8,0.0379006627549,mean_only,0.0493972423509,evaluated
region_block,1,comprehensive_plus_max,late_growth_fraction,9212,9212,5d7bb0be48293a8c4e786bf87e7586b1f3c9a7bbc422160606bd3076fd70eeb8,0.0542434080933,mean_only,0.0687518160128,evaluated
region_block,1,comprehensive_plus_max,peak_timing,9212,9212,5d7bb0be48293a8c4e786bf87e7586b1f3c9a7bbc422160606bd3076fd70eeb8,-0.000237093371935,mean_only,0.000638675639886,evaluated
region_block,1,comprehensive_plus_max,terminal_taper_fraction,9212,9212,5d7bb0be48293a8c4e786bf87e7586b1f3c9a7bbc422160606bd3076fd70eeb8,0.103894036803,mean_only,0.125212800749,evaluated
region_block,1,comprehensive_plus_max,normalized_entropy,9212,9212,5d7bb0be48293a8c4e786bf87e7586b1f3c9a7bbc422160606bd3076fd70eeb8,0.111447857771,mean_only,0.148938155108,evaluated
region_block,1,comprehensive_plus_max,pulse_count,9212,9212,5d7bb0be48293a8c4e786bf87e7586b1f3c9a7bbc422160606bd3076fd70eeb8,0.0153566967971,mean_only,0.0154420258543,evaluated
region_block,1,comprehensive_plus_max,reactivation_count,9212,9212,5d7bb0be48293a8c4e786bf87e7586b1f3c9a7bbc422160606bd3076fd70eeb8,0.0194456886481,mean_only,0.0205295131338,evaluated
region_block,1,comprehensive_plus_max,normalized_first_difference,9212,9212,5d7bb0be48293a8c4e786bf87e7586b1f3c9a7bbc422160606bd3076fd70eeb8,0.230243678013,mean_only,0.263708395859,evaluated
region_block,1,comprehensive_plus_max,normalized_second_difference,9212,9212,5d7bb0be48293a8c4e786bf87e7586b1f3c9a7bbc422160606bd3076fd70eeb8,0.208786994663,mean_only,0.23881231604,evaluated
region_block,1,comprehensive_plus_max,log_area,9212,9212,5d7bb0be48293a8c4e786bf87e7586b1f3c9a7bbc422160606bd3076fd70eeb8,0.300490674547,mean_only,0.358882315927,evaluated
region_block,1,comprehensive_plus_max,log_duration,9212,9212,5d7bb0be48293a8c4e786bf87e7586b1f3c9a7bbc422160606bd3076fd70eeb8,0.228974376047,mean_only,0.245654437766,evaluated
region_block,1,comprehensive_plus_max,shape_PC1_fold,9212,9212,5d7bb0be48293a8c4e786bf87e7586b1f3c9a7bbc422160606bd3076fd70eeb8,0.0218226137769,mean_only,0.0523137923373,evaluated
region_block,1,comprehensive_plus_max,shape_PC2_fold,9212,9212,5d7bb0be48293a8c4e786bf87e7586b1f3c9a7bbc422160606bd3076fd70eeb8,0.0241367345783,mean_only,0.039136296839,evaluated
region_block,1,comprehensive_plus_max,shape_PC3_fold,9212,9212,5d7bb0be48293a8c4e786bf87e7586b1f3c9a7bbc422160606bd3076fd70eeb8,0.00865467933284,mean_only,0.0153626866108,evaluated
region_block,1,length_only,front_loaded_fraction,9212,9212,5d7bb0be48293a8c4e786bf87e7586b1f3c9a7bbc422160606bd3076fd70eeb8,0.018702265932,mean_only,0.0301988455279,evaluated
region_block,1,length_only,late_growth_fraction,9212,9212,5d7bb0be48293a8c4e786bf87e7586b1f3c9a7bbc422160606bd3076fd70eeb8,0.0605577507259,mean_only,0.0750661586454,evaluated
region_block,1,length_only,peak_timing,9212,9212,5d7bb0be48293a8c4e786bf87e7586b1f3c9a7bbc422160606bd3076fd70eeb8,-0.00178782387455,mean_only,-0.000912054862726,evaluated
region_block,1,length_only,terminal_taper_fraction,9212,9212,5d7bb0be48293a8c4e786bf87e7586b1f3c9a7bbc422160606bd3076fd70eeb8,0.187161533182,mean_only,0.208480297128,evaluated
region_block,1,length_only,normalized_entropy,9212,9212,5d7bb0be48293a8c4e786bf87e7586b1f3c9a7bbc422160606bd3076fd70eeb8,0.0127862591176,mean_only,0.0502765564552,evaluated
region_block,1,length_only,pulse_count,9212,9212,5d7bb0be48293a8c4e786bf87e7586b1f3c9a7bbc422160606bd3076fd70eeb8,0.17217430342,mean_only,0.172259632477,evaluated
region_block,1,length_only,reactivation_count,9212,9212,5d7bb0be48293a8c4e786bf87e7586b1f3c9a7bbc422160606bd3076fd70eeb8,0.165051864435,mean_only,0.166135688921,evaluated
region_block,1,length_only,normalized_first_difference,9212,9212,5d7bb0be48293a8c4e786bf87e7586b1f3c9a7bbc422160606bd3076fd70eeb8,0.623562413373,mean_only,0.657027131219,evaluated
region_block,1,length_only,normalized_second_difference,9212,9212,5d7bb0be48293a8c4e786bf87e7586b1f3c9a7bbc422160606bd3076fd70eeb8,0.559321220801,mean_only,0.589346542178,evaluated
region_block,1,length_only,log_area,9212,9212,5d7bb0be48293a8c4e786bf87e7586b1f3c9a7bbc422160606bd3076fd70eeb8,0.477150355978,mean_only,0.535541997359,evaluated
region_block,1,length_only,log_duration,9212,9212,5d7bb0be48293a8c4e786bf87e7586b1f3c9a7bbc422160606bd3076fd70eeb8,,mean_only,,excluded_known_outcome
region_block,1,length_only,shape_PC1_fold,9212,9212,5d7bb0be48293a8c4e786bf87e7586b1f3c9a7bbc422160606bd3076fd70eeb8,0.00603214933338,mean_only,0.0365233278938,evaluated
region_block,1,length_only,shape_PC2_fold,9212,9212,5d7bb0be48293a8c4e786bf87e7586b1f3c9a7bbc422160606bd3076fd70eeb8,0.0468440456867,mean_only,0.0618436079474,evaluated
region_block,1,length_only,shape_PC3_fold,9212,9212,5d7bb0be48293a8c4e786bf87e7586b1f3c9a7bbc422160606bd3076fd70eeb8,0.00175545325565,mean_only,0.0084634605336,evaluated
region_block,1,length_plus_max,front_loaded_fraction,9212,9212,5d7bb0be48293a8c4e786bf87e7586b1f3c9a7bbc422160606bd3076fd70eeb8,0.0392982096382,mean_only,0.0507947892342,evaluated
region_block,1,length_plus_max,late_growth_fraction,9212,9212,5d7bb0be48293a8c4e786bf87e7586b1f3c9a7bbc422160606bd3076fd70eeb8,0.0777005233871,mean_only,0.0922089313066,evaluated
region_block,1,length_plus_max,peak_timing,9212,9212,5d7bb0be48293a8c4e786bf87e7586b1f3c9a7bbc422160606bd3076fd70eeb8,0.000405287704731,mean_only,0.00128105671655,evaluated
region_block,1,length_plus_max,terminal_taper_fraction,9212,9212,5d7bb0be48293a8c4e786bf87e7586b1f3c9a7bbc422160606bd3076fd70eeb8,0.199094429397,mean_only,0.220413193343,evaluated
region_block,1,length_plus_max,normalized_entropy,9212,9212,5d7bb0be48293a8c4e786bf87e7586b1f3c9a7bbc422160606bd3076fd70eeb8,0.0453815491716,mean_only,0.0828718465092,evaluated
region_block,1,length_plus_max,pulse_count,9212,9212,5d7bb0be48293a8c4e786bf87e7586b1f3c9a7bbc422160606bd3076fd70eeb8,0.18399104611,mean_only,0.184076375167,evaluated
region_block,1,length_plus_max,reactivation_count,9212,9212,5d7bb0be48293a8c4e786bf87e7586b1f3c9a7bbc422160606bd3076fd70eeb8,0.165883365467,mean_only,0.166967189953,evaluated
region_block,1,length_plus_max,normalized_first_difference,9212,9212,5d7bb0be48293a8c4e786bf87e7586b1f3c9a7bbc422160606bd3076fd70eeb8,0.632083644328,mean_only,0.665548362174,evaluated
region_block,1,length_plus_max,normalized_second_difference,9212,9212,5d7bb0be48293a8c4e786bf87e7586b1f3c9a7bbc422160606bd3076fd70eeb8,0.565846407698,mean_only,0.595871729075,evaluated
region_block,1,length_plus_max,log_area,9212,9212,5d7bb0be48293a8c4e786bf87e7586b1f3c9a7bbc422160606bd3076fd70eeb8,0.512394629561,mean_only,0.570786270942,evaluated
region_block,1,length_plus_max,log_duration,9212,9212,5d7bb0be48293a8c4e786bf87e7586b1f3c9a7bbc422160606bd3076fd70eeb8,,mean_only,,excluded_known_outcome
region_block,1,length_plus_max,shape_PC1_fold,9212,9212,5d7bb0be48293a8c4e786bf87e7586b1f3c9a7bbc422160606bd3076fd70eeb8,0.0270519591996,mean_only,0.05754313776,evaluated
region_block,1,length_plus_max,shape_PC2_fold,9212,9212,5d7bb0be48293a8c4e786bf87e7586b1f3c9a7bbc422160606bd3076fd70eeb8,0.0504049391429,mean_only,0.0654045014037,evaluated
region_block,1,length_plus_max,shape_PC3_fold,9212,9212,5d7bb0be48293a8c4e786bf87e7586b1f3c9a7bbc422160606bd3076fd70eeb8,0.00653208843199,mean_only,0.0132400957099,evaluated
region_block,1,length_plus_core,front_loaded_fraction,9212,9212,5d7bb0be48293a8c4e786bf87e7586b1f3c9a7bbc422160606bd3076fd70eeb8,0.0380061380513,mean_only,0.0495027176472,evaluated
region_block,1,length_plus_core,late_growth_fraction,9212,9212,5d7bb0be48293a8c4e786bf87e7586b1f3c9a7bbc422160606bd3076fd70eeb8,0.0847906548275,mean_only,0.099299062747,evaluated
region_block,1,length_plus_core,peak_timing,9212,9212,5d7bb0be48293a8c4e786bf87e7586b1f3c9a7bbc422160606bd3076fd70eeb8,0.00132058251037,mean_only,0.0021963515222,evaluated
region_block,1,length_plus_core,terminal_taper_fraction,9212,9212,5d7bb0be48293a8c4e786bf87e7586b1f3c9a7bbc422160606bd3076fd70eeb8,0.219114230635,mean_only,0.240432994581,evaluated
region_block,1,length_plus_core,normalized_entropy,9212,9212,5d7bb0be48293a8c4e786bf87e7586b1f3c9a7bbc422160606bd3076fd70eeb8,0.0890365625482,mean_only,0.126526859886,evaluated
region_block,1,length_plus_core,pulse_count,9212,9212,5d7bb0be48293a8c4e786bf87e7586b1f3c9a7bbc422160606bd3076fd70eeb8,0.182677477585,mean_only,0.182762806642,evaluated
region_block,1,length_plus_core,reactivation_count,9212,9212,5d7bb0be48293a8c4e786bf87e7586b1f3c9a7bbc422160606bd3076fd70eeb8,0.165065928598,mean_only,0.166149753084,evaluated
region_block,1,length_plus_core,normalized_first_difference,9212,9212,5d7bb0be48293a8c4e786bf87e7586b1f3c9a7bbc422160606bd3076fd70eeb8,0.64171158708,mean_only,0.675176304926,evaluated
region_block,1,length_plus_core,normalized_second_difference,9212,9212,5d7bb0be48293a8c4e786bf87e7586b1f3c9a7bbc422160606bd3076fd70eeb8,0.576119931646,mean_only,0.606145253023,evaluated
region_block,1,length_plus_core,log_area,9212,9212,5d7bb0be48293a8c4e786bf87e7586b1f3c9a7bbc422160606bd3076fd70eeb8,0.545967218744,mean_only,0.604358860124,evaluated
region_block,1,length_plus_core,log_duration,9212,9212,5d7bb0be48293a8c4e786bf87e7586b1f3c9a7bbc422160606bd3076fd70eeb8,,mean_only,,excluded_known_outcome
region_block,1,length_plus_core,shape_PC1_fold,9212,9212,5d7bb0be48293a8c4e786bf87e7586b1f3c9a7bbc422160606bd3076fd70eeb8,0.0273518478933,mean_only,0.0578430264537,evaluated
region_block,1,length_plus_core,shape_PC2_fold,9212,9212,5d7bb0be48293a8c4e786bf87e7586b1f3c9a7bbc422160606bd3076fd70eeb8,0.054945801559,mean_only,0.0699453638197,evaluated
region_block,1,length_plus_core,shape_PC3_fold,9212,9212,5d7bb0be48293a8c4e786bf87e7586b1f3c9a7bbc422160606bd3076fd70eeb8,0.00619144469562,mean_only,0.0128994519736,evaluated
region_block,1,length_plus_core_max,front_loaded_fraction,9212,9212,5d7bb0be48293a8c4e786bf87e7586b1f3c9a7bbc422160606bd3076fd70eeb8,0.0386313650847,mean_only,0.0501279446807,evaluated
region_block,1,length_plus_core_max,late_growth_fraction,9212,9212,5d7bb0be48293a8c4e786bf87e7586b1f3c9a7bbc422160606bd3076fd70eeb8,0.0850253948952,mean_only,0.0995338028147,evaluated
region_block,1,length_plus_core_max,peak_timing,9212,9212,5d7bb0be48293a8c4e786bf87e7586b1f3c9a7bbc422160606bd3076fd70eeb8,0.000293910724542,mean_only,0.00116967973636,evaluated
region_block,1,length_plus_core_max,terminal_taper_fraction,9212,9212,5d7bb0be48293a8c4e786bf87e7586b1f3c9a7bbc422160606bd3076fd70eeb8,0.219430462639,mean_only,0.240749226585,evaluated
region_block,1,length_plus_core_max,normalized_entropy,9212,9212,5d7bb0be48293a8c4e786bf87e7586b1f3c9a7bbc422160606bd3076fd70eeb8,0.0940669147034,mean_only,0.131557212041,evaluated
region_block,1,length_plus_core_max,pulse_count,9212,9212,5d7bb0be48293a8c4e786bf87e7586b1f3c9a7bbc422160606bd3076fd70eeb8,0.186492114154,mean_only,0.186577443211,evaluated
region_block,1,length_plus_core_max,reactivation_count,9212,9212,5d7bb0be48293a8c4e786bf87e7586b1f3c9a7bbc422160606bd3076fd70eeb8,0.165108106197,mean_only,0.166191930682,evaluated
region_block,1,length_plus_core_max,normalized_first_difference,9212,9212,5d7bb0be48293a8c4e786bf87e7586b1f3c9a7bbc422160606bd3076fd70eeb8,0.644534244368,mean_only,0.677998962214,evaluated
region_block,1,length_plus_core_max,normalized_second_difference,9212,9212,5d7bb0be48293a8c4e786bf87e7586b1f3c9a7bbc422160606bd3076fd70eeb8,0.578371084381,mean_only,0.608396405758,evaluated
region_block,1,length_plus_core_max,log_area,9212,9212,5d7bb0be48293a8c4e786bf87e7586b1f3c9a7bbc422160606bd3076fd70eeb8,0.552322615048,mean_only,0.610714256428,evaluated
region_block,1,length_plus_core_max,log_duration,9212,9212,5d7bb0be48293a8c4e786bf87e7586b1f3c9a7bbc422160606bd3076fd70eeb8,,mean_only,,excluded_known_outcome
region_block,1,length_plus_core_max,shape_PC1_fold,9212,9212,5d7bb0be48293a8c4e786bf87e7586b1f3c9a7bbc422160606bd3076fd70eeb8,0.0278411537963,mean_only,0.0583323323567,evaluated
region_block,1,length_plus_core_max,shape_PC2_fold,9212,9212,5d7bb0be48293a8c4e786bf87e7586b1f3c9a7bbc422160606bd3076fd70eeb8,0.0548351651638,mean_only,0.0698347274245,evaluated
region_block,1,length_plus_core_max,shape_PC3_fold,9212,9212,5d7bb0be48293a8c4e786bf87e7586b1f3c9a7bbc422160606bd3076fd70eeb8,0.00819646298806,mean_only,0.014904470266,evaluated
region_block,1,core_quantile_exceedance,front_loaded_fraction,9212,9212,5d7bb0be48293a8c4e786bf87e7586b1f3c9a7bbc422160606bd3076fd70eeb8,0.019751636203,mean_only,0.0312482157989,evaluated
region_block,1,core_quantile_exceedance,late_growth_fraction,9212,9212,5d7bb0be48293a8c4e786bf87e7586b1f3c9a7bbc422160606bd3076fd70eeb8,0.0358264683356,mean_only,0.0503348762551,evaluated
region_block,1,core_quantile_exceedance,peak_timing,9212,9212,5d7bb0be48293a8c4e786bf87e7586b1f3c9a7bbc422160606bd3076fd70eeb8,0.000750722890757,mean_only,0.00162649190258,evaluated
region_block,1,core_quantile_exceedance,terminal_taper_fraction,9212,9212,5d7bb0be48293a8c4e786bf87e7586b1f3c9a7bbc422160606bd3076fd70eeb8,0.0731488419922,mean_only,0.0944676059387,evaluated
region_block,1,core_quantile_exceedance,normalized_entropy,9212,9212,5d7bb0be48293a8c4e786bf87e7586b1f3c9a7bbc422160606bd3076fd70eeb8,0.066772774449,mean_only,0.104263071787,evaluated
region_block,1,core_quantile_exceedance,pulse_count,9212,9212,5d7bb0be48293a8c4e786bf87e7586b1f3c9a7bbc422160606bd3076fd70eeb8,0.0129363958465,mean_only,0.0130217249037,evaluated
region_block,1,core_quantile_exceedance,reactivation_count,9212,9212,5d7bb0be48293a8c4e786bf87e7586b1f3c9a7bbc422160606bd3076fd70eeb8,0.0105127956927,mean_only,0.0115966201783,evaluated
region_block,1,core_quantile_exceedance,normalized_first_difference,9212,9212,5d7bb0be48293a8c4e786bf87e7586b1f3c9a7bbc422160606bd3076fd70eeb8,0.149788453528,mean_only,0.183253171374,evaluated
region_block,1,core_quantile_exceedance,normalized_second_difference,9212,9212,5d7bb0be48293a8c4e786bf87e7586b1f3c9a7bbc422160606bd3076fd70eeb8,0.139986704394,mean_only,0.170012025771,evaluated
region_block,1,core_quantile_exceedance,log_area,9212,9212,5d7bb0be48293a8c4e786bf87e7586b1f3c9a7bbc422160606bd3076fd70eeb8,0.181239411548,mean_only,0.239631052929,evaluated
region_block,1,core_quantile_exceedance,log_duration,9212,9212,5d7bb0be48293a8c4e786bf87e7586b1f3c9a7bbc422160606bd3076fd70eeb8,0.162334414248,mean_only,0.179014475966,evaluated
region_block,1,core_quantile_exceedance,shape_PC1_fold,9212,9212,5d7bb0be48293a8c4e786bf87e7586b1f3c9a7bbc422160606bd3076fd70eeb8,0.00420576634066,mean_only,0.034696944901,evaluated
region_block,1,core_quantile_exceedance,shape_PC2_fold,9212,9212,5d7bb0be48293a8c4e786bf87e7586b1f3c9a7bbc422160606bd3076fd70eeb8,0.0137891394438,mean_only,0.0287887017045,evaluated
region_block,1,core_quantile_exceedance,shape_PC3_fold,9212,9212,5d7bb0be48293a8c4e786bf87e7586b1f3c9a7bbc422160606bd3076fd70eeb8,0.00411293225528,mean_only,0.0108209395332,evaluated
region_block,100,mean_only,front_loaded_fraction,9212,9212,5d7bb0be48293a8c4e786bf87e7586b1f3c9a7bbc422160606bd3076fd70eeb8,-0.011496579596,mean_only,0,evaluated
region_block,100,mean_only,late_growth_fraction,9212,9212,5d7bb0be48293a8c4e786bf87e7586b1f3c9a7bbc422160606bd3076fd70eeb8,-0.0145084079195,mean_only,0,evaluated
region_block,100,mean_only,peak_timing,9212,9212,5d7bb0be48293a8c4e786bf87e7586b1f3c9a7bbc422160606bd3076fd70eeb8,-0.000875769011822,mean_only,0,evaluated
region_block,100,mean_only,terminal_taper_fraction,9212,9212,5d7bb0be48293a8c4e786bf87e7586b1f3c9a7bbc422160606bd3076fd70eeb8,-0.0213187639465,mean_only,0,evaluated
region_block,100,mean_only,normalized_entropy,9212,9212,5d7bb0be48293a8c4e786bf87e7586b1f3c9a7bbc422160606bd3076fd70eeb8,-0.0374902973376,mean_only,0,evaluated
region_block,100,mean_only,pulse_count,9212,9212,5d7bb0be48293a8c4e786bf87e7586b1f3c9a7bbc422160606bd3076fd70eeb8,-8.53290571503e-05,mean_only,0,evaluated
region_block,100,mean_only,reactivation_count,9212,9212,5d7bb0be48293a8c4e786bf87e7586b1f3c9a7bbc422160606bd3076fd70eeb8,-0.00108382448563,mean_only,0,evaluated
region_block,100,mean_only,normalized_first_difference,9212,9212,5d7bb0be48293a8c4e786bf87e7586b1f3c9a7bbc422160606bd3076fd70eeb8,-0.033464717846,mean_only,0,evaluated
region_block,100,mean_only,normalized_second_difference,9212,9212,5d7bb0be48293a8c4e786bf87e7586b1f3c9a7bbc422160606bd3076fd70eeb8,-0.0300253213768,mean_only,0,evaluated
region_block,100,mean_only,log_area,9212,9212,5d7bb0be48293a8c4e786bf87e7586b1f3c9a7bbc422160606bd3076fd70eeb8,-0.0583916413807,mean_only,0,evaluated
region_block,100,mean_only,log_duration,9212,9212,5d7bb0be48293a8c4e786bf87e7586b1f3c9a7bbc422160606bd3076fd70eeb8,-0.0166800617186,mean_only,0,evaluated
region_block,100,mean_only,shape_PC1_fold,9212,9212,5d7bb0be48293a8c4e786bf87e7586b1f3c9a7bbc422160606bd3076fd70eeb8,-0.0304911785604,mean_only,0,evaluated
region_block,100,mean_only,shape_PC2_fold,9212,9212,5d7bb0be48293a8c4e786bf87e7586b1f3c9a7bbc422160606bd3076fd70eeb8,-0.0149995622607,mean_only,0,evaluated
region_block,100,mean_only,shape_PC3_fold,9212,9212,5d7bb0be48293a8c4e786bf87e7586b1f3c9a7bbc422160606bd3076fd70eeb8,-0.00670800727796,mean_only,0,evaluated
region_block,100,core_means,front_loaded_fraction,9212,9212,5d7bb0be48293a8c4e786bf87e7586b1f3c9a7bbc422160606bd3076fd70eeb8,0.0151086098117,mean_only,0.0266051894077,evaluated
region_block,100,core_means,late_growth_fraction,9212,9212,5d7bb0be48293a8c4e786bf87e7586b1f3c9a7bbc422160606bd3076fd70eeb8,0.0232587473722,mean_only,0.0377671552917,evaluated
region_block,100,core_means,peak_timing,9212,9212,5d7bb0be48293a8c4e786bf87e7586b1f3c9a7bbc422160606bd3076fd70eeb8,0.00233106119308,mean_only,0.0032068302049,evaluated
region_block,100,core_means,terminal_taper_fraction,9212,9212,5d7bb0be48293a8c4e786bf87e7586b1f3c9a7bbc422160606bd3076fd70eeb8,0.0353322296094,mean_only,0.0566509935559,evaluated
region_block,100,core_means,normalized_entropy,9212,9212,5d7bb0be48293a8c4e786bf87e7586b1f3c9a7bbc422160606bd3076fd70eeb8,0.0546018325229,mean_only,0.0920921298605,evaluated
region_block,100,core_means,pulse_count,9212,9212,5d7bb0be48293a8c4e786bf87e7586b1f3c9a7bbc422160606bd3076fd70eeb8,0.00068108337291,mean_only,0.000766412430061,evaluated
region_block,100,core_means,reactivation_count,9212,9212,5d7bb0be48293a8c4e786bf87e7586b1f3c9a7bbc422160606bd3076fd70eeb8,-0.00120474278836,mean_only,-0.000120918302725,evaluated
region_block,100,core_means,normalized_first_difference,9212,9212,5d7bb0be48293a8c4e786bf87e7586b1f3c9a7bbc422160606bd3076fd70eeb8,0.032138848377,mean_only,0.065603566223,evaluated
region_block,100,core_means,normalized_second_difference,9212,9212,5d7bb0be48293a8c4e786bf87e7586b1f3c9a7bbc422160606bd3076fd70eeb8,0.0293024506187,mean_only,0.0593277719955,evaluated
region_block,100,core_means,log_area,9212,9212,5d7bb0be48293a8c4e786bf87e7586b1f3c9a7bbc422160606bd3076fd70eeb8,0.0774206341517,mean_only,0.135812275532,evaluated
region_block,100,core_means,log_duration,9212,9212,5d7bb0be48293a8c4e786bf87e7586b1f3c9a7bbc422160606bd3076fd70eeb8,0.0134084574862,mean_only,0.0300885192049,evaluated
region_block,100,core_means,shape_PC1_fold,9212,9212,5d7bb0be48293a8c4e786bf87e7586b1f3c9a7bbc422160606bd3076fd70eeb8,-0.000774219898133,mean_only,0.0297169586622,evaluated
region_block,100,core_means,shape_PC2_fold,9212,9212,5d7bb0be48293a8c4e786bf87e7586b1f3c9a7bbc422160606bd3076fd70eeb8,0.00125551570889,mean_only,0.0162550779696,evaluated
region_block,100,core_means,shape_PC3_fold,9212,9212,5d7bb0be48293a8c4e786bf87e7586b1f3c9a7bbc422160606bd3076fd70eeb8,-0.000555368134082,mean_only,0.00615263914388,evaluated
region_block,100,max_vpd_only,front_loaded_fraction,9212,9212,5d7bb0be48293a8c4e786bf87e7586b1f3c9a7bbc422160606bd3076fd70eeb8,0.019793234428,mean_only,0.031289814024,evaluated
region_block,100,max_vpd_only,late_growth_fraction,9212,9212,5d7bb0be48293a8c4e786bf87e7586b1f3c9a7bbc422160606bd3076fd70eeb8,0.0225726637364,mean_only,0.0370810716559,evaluated
region_block,100,max_vpd_only,peak_timing,9212,9212,5d7bb0be48293a8c4e786bf87e7586b1f3c9a7bbc422160606bd3076fd70eeb8,0.00112850252871,mean_only,0.00200427154054,evaluated
region_block,100,max_vpd_only,terminal_taper_fraction,9212,9212,5d7bb0be48293a8c4e786bf87e7586b1f3c9a7bbc422160606bd3076fd70eeb8,0.0298377305423,mean_only,0.0511564944887,evaluated
region_block,100,max_vpd_only,normalized_entropy,9212,9212,5d7bb0be48293a8c4e786bf87e7586b1f3c9a7bbc422160606bd3076fd70eeb8,0.0154076519453,mean_only,0.0528979492829,evaluated
region_block,100,max_vpd_only,pulse_count,9212,9212,5d7bb0be48293a8c4e786bf87e7586b1f3c9a7bbc422160606bd3076fd70eeb8,-0.000991770002508,mean_only,-0.000906440945357,evaluated
region_block,100,max_vpd_only,reactivation_count,9212,9212,5d7bb0be48293a8c4e786bf87e7586b1f3c9a7bbc422160606bd3076fd70eeb8,0.00233321952179,mean_only,0.00341704400742,evaluated
region_block,100,max_vpd_only,normalized_first_difference,9212,9212,5d7bb0be48293a8c4e786bf87e7586b1f3c9a7bbc422160606bd3076fd70eeb8,0.0519074574303,mean_only,0.0853721752763,evaluated
region_block,100,max_vpd_only,normalized_second_difference,9212,9212,5d7bb0be48293a8c4e786bf87e7586b1f3c9a7bbc422160606bd3076fd70eeb8,0.0461855830812,mean_only,0.076210904458,evaluated
region_block,100,max_vpd_only,log_area,9212,9212,5d7bb0be48293a8c4e786bf87e7586b1f3c9a7bbc422160606bd3076fd70eeb8,0.0722393808554,mean_only,0.130631022236,evaluated
region_block,100,max_vpd_only,log_duration,9212,9212,5d7bb0be48293a8c4e786bf87e7586b1f3c9a7bbc422160606bd3076fd70eeb8,0.0471373040616,mean_only,0.0638173657802,evaluated
region_block,100,max_vpd_only,shape_PC1_fold,9212,9212,5d7bb0be48293a8c4e786bf87e7586b1f3c9a7bbc422160606bd3076fd70eeb8,0.00267576958593,mean_only,0.0331669481463,evaluated
region_block,100,max_vpd_only,shape_PC2_fold,9212,9212,5d7bb0be48293a8c4e786bf87e7586b1f3c9a7bbc422160606bd3076fd70eeb8,-0.000124038146946,mean_only,0.0148755241138,evaluated
region_block,100,max_vpd_only,shape_PC3_fold,9212,9212,5d7bb0be48293a8c4e786bf87e7586b1f3c9a7bbc422160606bd3076fd70eeb8,0.00130117549402,mean_only,0.00800918277198,evaluated
region_block,100,core_plus_max,front_loaded_fraction,9212,9212,5d7bb0be48293a8c4e786bf87e7586b1f3c9a7bbc422160606bd3076fd70eeb8,0.0232171256793,mean_only,0.0347137052753,evaluated
region_block,100,core_plus_max,late_growth_fraction,9212,9212,5d7bb0be48293a8c4e786bf87e7586b1f3c9a7bbc422160606bd3076fd70eeb8,0.0387694333296,mean_only,0.0532778412491,evaluated
region_block,100,core_plus_max,peak_timing,9212,9212,5d7bb0be48293a8c4e786bf87e7586b1f3c9a7bbc422160606bd3076fd70eeb8,0.00119568641561,mean_only,0.00207145542743,evaluated
region_block,100,core_plus_max,terminal_taper_fraction,9212,9212,5d7bb0be48293a8c4e786bf87e7586b1f3c9a7bbc422160606bd3076fd70eeb8,0.0781528071223,mean_only,0.0994715710688,evaluated
region_block,100,core_plus_max,normalized_entropy,9212,9212,5d7bb0be48293a8c4e786bf87e7586b1f3c9a7bbc422160606bd3076fd70eeb8,0.0740675700262,mean_only,0.111557867364,evaluated
region_block,100,core_plus_max,pulse_count,9212,9212,5d7bb0be48293a8c4e786bf87e7586b1f3c9a7bbc422160606bd3076fd70eeb8,0.0184078610994,mean_only,0.0184931901565,evaluated
region_block,100,core_plus_max,reactivation_count,9212,9212,5d7bb0be48293a8c4e786bf87e7586b1f3c9a7bbc422160606bd3076fd70eeb8,0.0218162713561,mean_only,0.0229000958417,evaluated
region_block,100,core_plus_max,normalized_first_difference,9212,9212,5d7bb0be48293a8c4e786bf87e7586b1f3c9a7bbc422160606bd3076fd70eeb8,0.167507583025,mean_only,0.200972300871,evaluated
region_block,100,core_plus_max,normalized_second_difference,9212,9212,5d7bb0be48293a8c4e786bf87e7586b1f3c9a7bbc422160606bd3076fd70eeb8,0.152697563056,mean_only,0.182722884432,evaluated
region_block,100,core_plus_max,log_area,9212,9212,5d7bb0be48293a8c4e786bf87e7586b1f3c9a7bbc422160606bd3076fd70eeb8,0.1981763045,mean_only,0.256567945881,evaluated
region_block,100,core_plus_max,log_duration,9212,9212,5d7bb0be48293a8c4e786bf87e7586b1f3c9a7bbc422160606bd3076fd70eeb8,0.18625343743,mean_only,0.202933499148,evaluated
region_block,100,core_plus_max,shape_PC1_fold,9212,9212,5d7bb0be48293a8c4e786bf87e7586b1f3c9a7bbc422160606bd3076fd70eeb8,0.00833037824834,mean_only,0.0388215568087,evaluated
region_block,100,core_plus_max,shape_PC2_fold,9212,9212,5d7bb0be48293a8c4e786bf87e7586b1f3c9a7bbc422160606bd3076fd70eeb8,0.013453523067,mean_only,0.0284530853277,evaluated
region_block,100,core_plus_max,shape_PC3_fold,9212,9212,5d7bb0be48293a8c4e786bf87e7586b1f3c9a7bbc422160606bd3076fd70eeb8,0.00443033545272,mean_only,0.0111383427307,evaluated
region_block,100,comprehensive_means,front_loaded_fraction,9212,9212,5d7bb0be48293a8c4e786bf87e7586b1f3c9a7bbc422160606bd3076fd70eeb8,0.0274099557098,mean_only,0.0389065353058,evaluated
region_block,100,comprehensive_means,late_growth_fraction,9212,9212,5d7bb0be48293a8c4e786bf87e7586b1f3c9a7bbc422160606bd3076fd70eeb8,0.035304866851,mean_only,0.0498132747705,evaluated
region_block,100,comprehensive_means,peak_timing,9212,9212,5d7bb0be48293a8c4e786bf87e7586b1f3c9a7bbc422160606bd3076fd70eeb8,0.000150276555127,mean_only,0.00102604556695,evaluated
region_block,100,comprehensive_means,terminal_taper_fraction,9212,9212,5d7bb0be48293a8c4e786bf87e7586b1f3c9a7bbc422160606bd3076fd70eeb8,0.0569918427422,mean_only,0.0783106066887,evaluated
region_block,100,comprehensive_means,normalized_entropy,9212,9212,5d7bb0be48293a8c4e786bf87e7586b1f3c9a7bbc422160606bd3076fd70eeb8,0.0892629166074,mean_only,0.126753213945,evaluated
region_block,100,comprehensive_means,pulse_count,9212,9212,5d7bb0be48293a8c4e786bf87e7586b1f3c9a7bbc422160606bd3076fd70eeb8,0.000873148609539,mean_only,0.000958477666689,evaluated
region_block,100,comprehensive_means,reactivation_count,9212,9212,5d7bb0be48293a8c4e786bf87e7586b1f3c9a7bbc422160606bd3076fd70eeb8,0.000465853726955,mean_only,0.00154967821259,evaluated
region_block,100,comprehensive_means,normalized_first_difference,9212,9212,5d7bb0be48293a8c4e786bf87e7586b1f3c9a7bbc422160606bd3076fd70eeb8,0.0962563494121,mean_only,0.129721067258,evaluated
region_block,100,comprehensive_means,normalized_second_difference,9212,9212,5d7bb0be48293a8c4e786bf87e7586b1f3c9a7bbc422160606bd3076fd70eeb8,0.0853999092998,mean_only,0.115425230677,evaluated
region_block,100,comprehensive_means,log_area,9212,9212,5d7bb0be48293a8c4e786bf87e7586b1f3c9a7bbc422160606bd3076fd70eeb8,0.173516188549,mean_only,0.23190782993,evaluated
region_block,100,comprehensive_means,log_duration,9212,9212,5d7bb0be48293a8c4e786bf87e7586b1f3c9a7bbc422160606bd3076fd70eeb8,0.0650382282864,mean_only,0.081718290005,evaluated
region_block,100,comprehensive_means,shape_PC1_fold,9212,9212,5d7bb0be48293a8c4e786bf87e7586b1f3c9a7bbc422160606bd3076fd70eeb8,0.0102637622184,mean_only,0.0407549407788,evaluated
region_block,100,comprehensive_means,shape_PC2_fold,9212,9212,5d7bb0be48293a8c4e786bf87e7586b1f3c9a7bbc422160606bd3076fd70eeb8,0.01013733926,mean_only,0.0251369015208,evaluated
region_block,100,comprehensive_means,shape_PC3_fold,9212,9212,5d7bb0be48293a8c4e786bf87e7586b1f3c9a7bbc422160606bd3076fd70eeb8,0.00483058024479,mean_only,0.0115385875227,evaluated
region_block,100,comprehensive_plus_max,front_loaded_fraction,9212,9212,5d7bb0be48293a8c4e786bf87e7586b1f3c9a7bbc422160606bd3076fd70eeb8,0.0325408824768,mean_only,0.0440374620728,evaluated
region_block,100,comprehensive_plus_max,late_growth_fraction,9212,9212,5d7bb0be48293a8c4e786bf87e7586b1f3c9a7bbc422160606bd3076fd70eeb8,0.0486176542549,mean_only,0.0631260621744,evaluated
region_block,100,comprehensive_plus_max,peak_timing,9212,9212,5d7bb0be48293a8c4e786bf87e7586b1f3c9a7bbc422160606bd3076fd70eeb8,-0.000733969513719,mean_only,0.000141799498102,evaluated
region_block,100,comprehensive_plus_max,terminal_taper_fraction,9212,9212,5d7bb0be48293a8c4e786bf87e7586b1f3c9a7bbc422160606bd3076fd70eeb8,0.0919167075836,mean_only,0.11323547153,evaluated
region_block,100,comprehensive_plus_max,normalized_entropy,9212,9212,5d7bb0be48293a8c4e786bf87e7586b1f3c9a7bbc422160606bd3076fd70eeb8,0.101074365881,mean_only,0.138564663219,evaluated
region_block,100,comprehensive_plus_max,pulse_count,9212,9212,5d7bb0be48293a8c4e786bf87e7586b1f3c9a7bbc422160606bd3076fd70eeb8,0.0170317787085,mean_only,0.0171171077656,evaluated
region_block,100,comprehensive_plus_max,reactivation_count,9212,9212,5d7bb0be48293a8c4e786bf87e7586b1f3c9a7bbc422160606bd3076fd70eeb8,0.020131681553,mean_only,0.0212155060386,evaluated
region_block,100,comprehensive_plus_max,normalized_first_difference,9212,9212,5d7bb0be48293a8c4e786bf87e7586b1f3c9a7bbc422160606bd3076fd70eeb8,0.204733730024,mean_only,0.23819844787,evaluated
region_block,100,comprehensive_plus_max,normalized_second_difference,9212,9212,5d7bb0be48293a8c4e786bf87e7586b1f3c9a7bbc422160606bd3076fd70eeb8,0.184690938182,mean_only,0.214716259559,evaluated
region_block,100,comprehensive_plus_max,log_area,9212,9212,5d7bb0be48293a8c4e786bf87e7586b1f3c9a7bbc422160606bd3076fd70eeb8,0.265775050908,mean_only,0.324166692288,evaluated
region_block,100,comprehensive_plus_max,log_duration,9212,9212,5d7bb0be48293a8c4e786bf87e7586b1f3c9a7bbc422160606bd3076fd70eeb8,0.210149562015,mean_only,0.226829623734,evaluated
region_block,100,comprehensive_plus_max,shape_PC1_fold,9212,9212,5d7bb0be48293a8c4e786bf87e7586b1f3c9a7bbc422160606bd3076fd70eeb8,0.0167251461361,mean_only,0.0472163246965,evaluated
region_block,100,comprehensive_plus_max,shape_PC2_fold,9212,9212,5d7bb0be48293a8c4e786bf87e7586b1f3c9a7bbc422160606bd3076fd70eeb8,0.0220165836404,mean_only,0.0370161459011,evaluated
region_block,100,comprehensive_plus_max,shape_PC3_fold,9212,9212,5d7bb0be48293a8c4e786bf87e7586b1f3c9a7bbc422160606bd3076fd70eeb8,0.00738154147445,mean_only,0.0140895487524,evaluated
region_block,100,length_only,front_loaded_fraction,9212,9212,5d7bb0be48293a8c4e786bf87e7586b1f3c9a7bbc422160606bd3076fd70eeb8,0.01872273395,mean_only,0.0302193135459,evaluated
region_block,100,length_only,late_growth_fraction,9212,9212,5d7bb0be48293a8c4e786bf87e7586b1f3c9a7bbc422160606bd3076fd70eeb8,0.060520180667,mean_only,0.0750285885865,evaluated
region_block,100,length_only,peak_timing,9212,9212,5d7bb0be48293a8c4e786bf87e7586b1f3c9a7bbc422160606bd3076fd70eeb8,-0.00177996387149,mean_only,-0.000904194859672,evaluated
region_block,100,length_only,terminal_taper_fraction,9212,9212,5d7bb0be48293a8c4e786bf87e7586b1f3c9a7bbc422160606bd3076fd70eeb8,0.187131556039,mean_only,0.208450319986,evaluated
region_block,100,length_only,normalized_entropy,9212,9212,5d7bb0be48293a8c4e786bf87e7586b1f3c9a7bbc422160606bd3076fd70eeb8,0.0127298563073,mean_only,0.0502201536449,evaluated
region_block,100,length_only,pulse_count,9212,9212,5d7bb0be48293a8c4e786bf87e7586b1f3c9a7bbc422160606bd3076fd70eeb8,0.172338863434,mean_only,0.172424192491,evaluated
region_block,100,length_only,reactivation_count,9212,9212,5d7bb0be48293a8c4e786bf87e7586b1f3c9a7bbc422160606bd3076fd70eeb8,0.165058018955,mean_only,0.16614184344,evaluated
region_block,100,length_only,normalized_first_difference,9212,9212,5d7bb0be48293a8c4e786bf87e7586b1f3c9a7bbc422160606bd3076fd70eeb8,0.623297525607,mean_only,0.656762243453,evaluated
region_block,100,length_only,normalized_second_difference,9212,9212,5d7bb0be48293a8c4e786bf87e7586b1f3c9a7bbc422160606bd3076fd70eeb8,0.559125663882,mean_only,0.589150985258,evaluated
region_block,100,length_only,log_area,9212,9212,5d7bb0be48293a8c4e786bf87e7586b1f3c9a7bbc422160606bd3076fd70eeb8,0.476770524067,mean_only,0.535162165448,evaluated
region_block,100,length_only,log_duration,9212,9212,5d7bb0be48293a8c4e786bf87e7586b1f3c9a7bbc422160606bd3076fd70eeb8,,mean_only,,excluded_known_outcome
region_block,100,length_only,shape_PC1_fold,9212,9212,5d7bb0be48293a8c4e786bf87e7586b1f3c9a7bbc422160606bd3076fd70eeb8,0.00604986232351,mean_only,0.0365410408839,evaluated
region_block,100,length_only,shape_PC2_fold,9212,9212,5d7bb0be48293a8c4e786bf87e7586b1f3c9a7bbc422160606bd3076fd70eeb8,0.0468076489499,mean_only,0.0618072112106,evaluated
region_block,100,length_only,shape_PC3_fold,9212,9212,5d7bb0be48293a8c4e786bf87e7586b1f3c9a7bbc422160606bd3076fd70eeb8,0.00175015221079,mean_only,0.00845815948874,evaluated
region_block,100,length_plus_max,front_loaded_fraction,9212,9212,5d7bb0be48293a8c4e786bf87e7586b1f3c9a7bbc422160606bd3076fd70eeb8,0.0393298198892,mean_only,0.0508263994851,evaluated
region_block,100,length_plus_max,late_growth_fraction,9212,9212,5d7bb0be48293a8c4e786bf87e7586b1f3c9a7bbc422160606bd3076fd70eeb8,0.0777226363917,mean_only,0.0922310443112,evaluated
region_block,100,length_plus_max,peak_timing,9212,9212,5d7bb0be48293a8c4e786bf87e7586b1f3c9a7bbc422160606bd3076fd70eeb8,0.000419829292515,mean_only,0.00129559830434,evaluated
region_block,100,length_plus_max,terminal_taper_fraction,9212,9212,5d7bb0be48293a8c4e786bf87e7586b1f3c9a7bbc422160606bd3076fd70eeb8,0.199147304555,mean_only,0.220466068502,evaluated
region_block,100,length_plus_max,normalized_entropy,9212,9212,5d7bb0be48293a8c4e786bf87e7586b1f3c9a7bbc422160606bd3076fd70eeb8,0.0454963241573,mean_only,0.082986621495,evaluated
region_block,100,length_plus_max,pulse_count,9212,9212,5d7bb0be48293a8c4e786bf87e7586b1f3c9a7bbc422160606bd3076fd70eeb8,0.184158449466,mean_only,0.184243778523,evaluated
region_block,100,length_plus_max,reactivation_count,9212,9212,5d7bb0be48293a8c4e786bf87e7586b1f3c9a7bbc422160606bd3076fd70eeb8,0.165930811297,mean_only,0.167014635783,evaluated
region_block,100,length_plus_max,normalized_first_difference,9212,9212,5d7bb0be48293a8c4e786bf87e7586b1f3c9a7bbc422160606bd3076fd70eeb8,0.631886504286,mean_only,0.665351222132,evaluated
region_block,100,length_plus_max,normalized_second_difference,9212,9212,5d7bb0be48293a8c4e786bf87e7586b1f3c9a7bbc422160606bd3076fd70eeb8,0.565725922112,mean_only,0.595751243488,evaluated
region_block,100,length_plus_max,log_area,9212,9212,5d7bb0be48293a8c4e786bf87e7586b1f3c9a7bbc422160606bd3076fd70eeb8,0.512147622928,mean_only,0.570539264309,evaluated
region_block,100,length_plus_max,log_duration,9212,9212,5d7bb0be48293a8c4e786bf87e7586b1f3c9a7bbc422160606bd3076fd70eeb8,,mean_only,,excluded_known_outcome
region_block,100,length_plus_max,shape_PC1_fold,9212,9212,5d7bb0be48293a8c4e786bf87e7586b1f3c9a7bbc422160606bd3076fd70eeb8,0.0270954889125,mean_only,0.0575866674729,evaluated
region_block,100,length_plus_max,shape_PC2_fold,9212,9212,5d7bb0be48293a8c4e786bf87e7586b1f3c9a7bbc422160606bd3076fd70eeb8,0.0503844941096,mean_only,0.0653840563704,evaluated
region_block,100,length_plus_max,shape_PC3_fold,9212,9212,5d7bb0be48293a8c4e786bf87e7586b1f3c9a7bbc422160606bd3076fd70eeb8,0.00650988227554,mean_only,0.0132178895535,evaluated
region_block,100,length_plus_core,front_loaded_fraction,9212,9212,5d7bb0be48293a8c4e786bf87e7586b1f3c9a7bbc422160606bd3076fd70eeb8,0.0385172421747,mean_only,0.0500138217707,evaluated
region_block,100,length_plus_core,late_growth_fraction,9212,9212,5d7bb0be48293a8c4e786bf87e7586b1f3c9a7bbc422160606bd3076fd70eeb8,0.0853813293415,mean_only,0.099889737261,evaluated
region_block,100,length_plus_core,peak_timing,9212,9212,5d7bb0be48293a8c4e786bf87e7586b1f3c9a7bbc422160606bd3076fd70eeb8,0.00154741687186,mean_only,0.00242318588369,evaluated
region_block,100,length_plus_core,terminal_taper_fraction,9212,9212,5d7bb0be48293a8c4e786bf87e7586b1f3c9a7bbc422160606bd3076fd70eeb8,0.219295846933,mean_only,0.240614610879,evaluated
region_block,100,length_plus_core,normalized_entropy,9212,9212,5d7bb0be48293a8c4e786bf87e7586b1f3c9a7bbc422160606bd3076fd70eeb8,0.0894478824308,mean_only,0.126938179768,evaluated
region_block,100,length_plus_core,pulse_count,9212,9212,5d7bb0be48293a8c4e786bf87e7586b1f3c9a7bbc422160606bd3076fd70eeb8,0.182976314551,mean_only,0.183061643608,evaluated
region_block,100,length_plus_core,reactivation_count,9212,9212,5d7bb0be48293a8c4e786bf87e7586b1f3c9a7bbc422160606bd3076fd70eeb8,0.165226252127,mean_only,0.166310076613,evaluated
region_block,100,length_plus_core,normalized_first_difference,9212,9212,5d7bb0be48293a8c4e786bf87e7586b1f3c9a7bbc422160606bd3076fd70eeb8,0.641667402928,mean_only,0.675132120774,evaluated
region_block,100,length_plus_core,normalized_second_difference,9212,9212,5d7bb0be48293a8c4e786bf87e7586b1f3c9a7bbc422160606bd3076fd70eeb8,0.576235499871,mean_only,0.606260821248,evaluated
region_block,100,length_plus_core,log_area,9212,9212,5d7bb0be48293a8c4e786bf87e7586b1f3c9a7bbc422160606bd3076fd70eeb8,0.546332719453,mean_only,0.604724360834,evaluated
region_block,100,length_plus_core,log_duration,9212,9212,5d7bb0be48293a8c4e786bf87e7586b1f3c9a7bbc422160606bd3076fd70eeb8,,mean_only,,excluded_known_outcome
region_block,100,length_plus_core,shape_PC1_fold,9212,9212,5d7bb0be48293a8c4e786bf87e7586b1f3c9a7bbc422160606bd3076fd70eeb8,0.0279106112367,mean_only,0.0584017897971,evaluated
region_block,100,length_plus_core,shape_PC2_fold,9212,9212,5d7bb0be48293a8c4e786bf87e7586b1f3c9a7bbc422160606bd3076fd70eeb8,0.0551062000634,mean_only,0.0701057623241,evaluated
region_block,100,length_plus_core,shape_PC3_fold,9212,9212,5d7bb0be48293a8c4e786bf87e7586b1f3c9a7bbc422160606bd3076fd70eeb8,0.00607349484314,mean_only,0.0127815021211,evaluated
region_block,100,length_plus_core_max,front_loaded_fraction,9212,9212,5d7bb0be48293a8c4e786bf87e7586b1f3c9a7bbc422160606bd3076fd70eeb8,0.0396458621436,mean_only,0.0511424417396,evaluated
region_block,100,length_plus_core_max,late_growth_fraction,9212,9212,5d7bb0be48293a8c4e786bf87e7586b1f3c9a7bbc422160606bd3076fd70eeb8,0.085850956085,mean_only,0.100359364004,evaluated
region_block,100,length_plus_core_max,peak_timing,9212,9212,5d7bb0be48293a8c4e786bf87e7586b1f3c9a7bbc422160606bd3076fd70eeb8,0.000855076935906,mean_only,0.00173084594773,evaluated
region_block,100,length_plus_core_max,terminal_taper_fraction,9212,9212,5d7bb0be48293a8c4e786bf87e7586b1f3c9a7bbc422160606bd3076fd70eeb8,0.21983798772,mean_only,0.241156751666,evaluated
region_block,100,length_plus_core_max,normalized_entropy,9212,9212,5d7bb0be48293a8c4e786bf87e7586b1f3c9a7bbc422160606bd3076fd70eeb8,0.0946785269597,mean_only,0.132168824297,evaluated
region_block,100,length_plus_core_max,pulse_count,9212,9212,5d7bb0be48293a8c4e786bf87e7586b1f3c9a7bbc422160606bd3076fd70eeb8,0.186526605657,mean_only,0.186611934714,evaluated
region_block,100,length_plus_core_max,reactivation_count,9212,9212,5d7bb0be48293a8c4e786bf87e7586b1f3c9a7bbc422160606bd3076fd70eeb8,0.165318416395,mean_only,0.166402240881,evaluated
region_block,100,length_plus_core_max,normalized_first_difference,9212,9212,5d7bb0be48293a8c4e786bf87e7586b1f3c9a7bbc422160606bd3076fd70eeb8,0.644455290001,mean_only,0.677920007847,evaluated
region_block,100,length_plus_core_max,normalized_second_difference,9212,9212,5d7bb0be48293a8c4e786bf87e7586b1f3c9a7bbc422160606bd3076fd70eeb8,0.578485304766,mean_only,0.608510626143,evaluated
region_block,100,length_plus_core_max,log_area,9212,9212,5d7bb0be48293a8c4e786bf87e7586b1f3c9a7bbc422160606bd3076fd70eeb8,0.552780749337,mean_only,0.611172390718,evaluated
region_block,100,length_plus_core_max,log_duration,9212,9212,5d7bb0be48293a8c4e786bf87e7586b1f3c9a7bbc422160606bd3076fd70eeb8,,mean_only,,excluded_known_outcome
region_block,100,length_plus_core_max,shape_PC1_fold,9212,9212,5d7bb0be48293a8c4e786bf87e7586b1f3c9a7bbc422160606bd3076fd70eeb8,0.0288904887111,mean_only,0.0593816672715,evaluated
region_block,100,length_plus_core_max,shape_PC2_fold,9212,9212,5d7bb0be48293a8c4e786bf87e7586b1f3c9a7bbc422160606bd3076fd70eeb8,0.0551643154179,mean_only,0.0701638776787,evaluated
region_block,100,length_plus_core_max,shape_PC3_fold,9212,9212,5d7bb0be48293a8c4e786bf87e7586b1f3c9a7bbc422160606bd3076fd70eeb8,0.00800995406603,mean_only,0.014717961344,evaluated
region_block,100,core_quantile_exceedance,front_loaded_fraction,9212,9212,5d7bb0be48293a8c4e786bf87e7586b1f3c9a7bbc422160606bd3076fd70eeb8,0.0215741735416,mean_only,0.0330707531376,evaluated
region_block,100,core_quantile_exceedance,late_growth_fraction,9212,9212,5d7bb0be48293a8c4e786bf87e7586b1f3c9a7bbc422160606bd3076fd70eeb8,0.035512563035,mean_only,0.0500209709545,evaluated
region_block,100,core_quantile_exceedance,peak_timing,9212,9212,5d7bb0be48293a8c4e786bf87e7586b1f3c9a7bbc422160606bd3076fd70eeb8,0.00149668724305,mean_only,0.00237245625487,evaluated
region_block,100,core_quantile_exceedance,terminal_taper_fraction,9212,9212,5d7bb0be48293a8c4e786bf87e7586b1f3c9a7bbc422160606bd3076fd70eeb8,0.0687464967391,mean_only,0.0900652606856,evaluated
region_block,100,core_quantile_exceedance,normalized_entropy,9212,9212,5d7bb0be48293a8c4e786bf87e7586b1f3c9a7bbc422160606bd3076fd70eeb8,0.0659626758339,mean_only,0.103452973172,evaluated
region_block,100,core_quantile_exceedance,pulse_count,9212,9212,5d7bb0be48293a8c4e786bf87e7586b1f3c9a7bbc422160606bd3076fd70eeb8,0.0112091499598,mean_only,0.0112944790169,evaluated
region_block,100,core_quantile_exceedance,reactivation_count,9212,9212,5d7bb0be48293a8c4e786bf87e7586b1f3c9a7bbc422160606bd3076fd70eeb8,0.00912614565127,mean_only,0.0102099701369,evaluated
region_block,100,core_quantile_exceedance,normalized_first_difference,9212,9212,5d7bb0be48293a8c4e786bf87e7586b1f3c9a7bbc422160606bd3076fd70eeb8,0.135025753531,mean_only,0.168490471377,evaluated
region_block,100,core_quantile_exceedance,normalized_second_difference,9212,9212,5d7bb0be48293a8c4e786bf87e7586b1f3c9a7bbc422160606bd3076fd70eeb8,0.1252718222,mean_only,0.155297143577,evaluated
region_block,100,core_quantile_exceedance,log_area,9212,9212,5d7bb0be48293a8c4e786bf87e7586b1f3c9a7bbc422160606bd3076fd70eeb8,0.167966361174,mean_only,0.226358002554,evaluated
region_block,100,core_quantile_exceedance,log_duration,9212,9212,5d7bb0be48293a8c4e786bf87e7586b1f3c9a7bbc422160606bd3076fd70eeb8,0.143021828674,mean_only,0.159701890392,evaluated
region_block,100,core_quantile_exceedance,shape_PC1_fold,9212,9212,5d7bb0be48293a8c4e786bf87e7586b1f3c9a7bbc422160606bd3076fd70eeb8,0.00599850737196,mean_only,0.0364896859323,evaluated
region_block,100,core_quantile_exceedance,shape_PC2_fold,9212,9212,5d7bb0be48293a8c4e786bf87e7586b1f3c9a7bbc422160606bd3076fd70eeb8,0.0121262169177,mean_only,0.0271257791785,evaluated
region_block,100,core_quantile_exceedance,shape_PC3_fold,9212,9212,5d7bb0be48293a8c4e786bf87e7586b1f3c9a7bbc422160606bd3076fd70eeb8,0.00380401632566,mean_only,0.0105120236036,evaluated
spatiotemporal,0.01,mean_only,front_loaded_fraction,9212,9212,5d7bb0be48293a8c4e786bf87e7586b1f3c9a7bbc422160606bd3076fd70eeb8,-0.0114873701972,mean_only,0,evaluated
spatiotemporal,0.01,mean_only,late_growth_fraction,9212,9212,5d7bb0be48293a8c4e786bf87e7586b1f3c9a7bbc422160606bd3076fd70eeb8,-0.0144380633099,mean_only,0,evaluated
spatiotemporal,0.01,mean_only,peak_timing,9212,9212,5d7bb0be48293a8c4e786bf87e7586b1f3c9a7bbc422160606bd3076fd70eeb8,-0.000837822133107,mean_only,0,evaluated
spatiotemporal,0.01,mean_only,terminal_taper_fraction,9212,9212,5d7bb0be48293a8c4e786bf87e7586b1f3c9a7bbc422160606bd3076fd70eeb8,-0.0213364443219,mean_only,0,evaluated
spatiotemporal,0.01,mean_only,normalized_entropy,9212,9212,5d7bb0be48293a8c4e786bf87e7586b1f3c9a7bbc422160606bd3076fd70eeb8,-0.0377842419292,mean_only,0,evaluated
spatiotemporal,0.01,mean_only,pulse_count,9212,9212,5d7bb0be48293a8c4e786bf87e7586b1f3c9a7bbc422160606bd3076fd70eeb8,-3.06646358357e-05,mean_only,0,evaluated
spatiotemporal,0.01,mean_only,reactivation_count,9212,9212,5d7bb0be48293a8c4e786bf87e7586b1f3c9a7bbc422160606bd3076fd70eeb8,-0.000924860977687,mean_only,0,evaluated
spatiotemporal,0.01,mean_only,normalized_first_difference,9212,9212,5d7bb0be48293a8c4e786bf87e7586b1f3c9a7bbc422160606bd3076fd70eeb8,-0.0332737310521,mean_only,0,evaluated
spatiotemporal,0.01,mean_only,normalized_second_difference,9212,9212,5d7bb0be48293a8c4e786bf87e7586b1f3c9a7bbc422160606bd3076fd70eeb8,-0.0299923195213,mean_only,0,evaluated
spatiotemporal,0.01,mean_only,log_area,9212,9212,5d7bb0be48293a8c4e786bf87e7586b1f3c9a7bbc422160606bd3076fd70eeb8,-0.0581078320333,mean_only,0,evaluated
spatiotemporal,0.01,mean_only,log_duration,9212,9212,5d7bb0be48293a8c4e786bf87e7586b1f3c9a7bbc422160606bd3076fd70eeb8,-0.0165671533717,mean_only,0,evaluated
spatiotemporal,0.01,mean_only,shape_PC1_fold,9212,9212,5d7bb0be48293a8c4e786bf87e7586b1f3c9a7bbc422160606bd3076fd70eeb8,-0.033753169987,mean_only,0,evaluated
spatiotemporal,0.01,mean_only,shape_PC2_fold,9212,9212,5d7bb0be48293a8c4e786bf87e7586b1f3c9a7bbc422160606bd3076fd70eeb8,-0.0181059781732,mean_only,0,evaluated
spatiotemporal,0.01,mean_only,shape_PC3_fold,9212,9212,5d7bb0be48293a8c4e786bf87e7586b1f3c9a7bbc422160606bd3076fd70eeb8,-0.0089721449274,mean_only,0,evaluated
spatiotemporal,0.01,core_means,front_loaded_fraction,9212,9212,5d7bb0be48293a8c4e786bf87e7586b1f3c9a7bbc422160606bd3076fd70eeb8,0.0150702890568,mean_only,0.026557659254,evaluated
spatiotemporal,0.01,core_means,late_growth_fraction,9212,9212,5d7bb0be48293a8c4e786bf87e7586b1f3c9a7bbc422160606bd3076fd70eeb8,0.0223286020945,mean_only,0.0367666654044,evaluated
spatiotemporal,0.01,core_means,peak_timing,9212,9212,5d7bb0be48293a8c4e786bf87e7586b1f3c9a7bbc422160606bd3076fd70eeb8,0.00189420182424,mean_only,0.00273202395735,evaluated
spatiotemporal,0.01,core_means,terminal_taper_fraction,9212,9212,5d7bb0be48293a8c4e786bf87e7586b1f3c9a7bbc422160606bd3076fd70eeb8,0.0345915970342,mean_only,0.0559280413561,evaluated
spatiotemporal,0.01,core_means,normalized_entropy,9212,9212,5d7bb0be48293a8c4e786bf87e7586b1f3c9a7bbc422160606bd3076fd70eeb8,0.0532477526893,mean_only,0.0910319946185,evaluated
spatiotemporal,0.01,core_means,pulse_count,9212,9212,5d7bb0be48293a8c4e786bf87e7586b1f3c9a7bbc422160606bd3076fd70eeb8,0.000555657793291,mean_only,0.000586322429127,evaluated
spatiotemporal,0.01,core_means,reactivation_count,9212,9212,5d7bb0be48293a8c4e786bf87e7586b1f3c9a7bbc422160606bd3076fd70eeb8,-0.00224693349762,mean_only,-0.00132207251993,evaluated
spatiotemporal,0.01,core_means,normalized_first_difference,9212,9212,5d7bb0be48293a8c4e786bf87e7586b1f3c9a7bbc422160606bd3076fd70eeb8,0.0304110989304,mean_only,0.0636848299825,evaluated
spatiotemporal,0.01,core_means,normalized_second_difference,9212,9212,5d7bb0be48293a8c4e786bf87e7586b1f3c9a7bbc422160606bd3076fd70eeb8,0.0279535058608,mean_only,0.0579458253821,evaluated
spatiotemporal,0.01,core_means,log_area,9212,9212,5d7bb0be48293a8c4e786bf87e7586b1f3c9a7bbc422160606bd3076fd70eeb8,0.0748952287858,mean_only,0.133003060819,evaluated
spatiotemporal,0.01,core_means,log_duration,9212,9212,5d7bb0be48293a8c4e786bf87e7586b1f3c9a7bbc422160606bd3076fd70eeb8,0.0110606660083,mean_only,0.02762781938,evaluated
spatiotemporal,0.01,core_means,shape_PC1_fold,9212,9212,5d7bb0be48293a8c4e786bf87e7586b1f3c9a7bbc422160606bd3076fd70eeb8,-0.00420585331177,mean_only,0.0295473166752,evaluated
spatiotemporal,0.01,core_means,shape_PC2_fold,9212,9212,5d7bb0be48293a8c4e786bf87e7586b1f3c9a7bbc422160606bd3076fd70eeb8,-0.00330482763095,mean_only,0.0148011505422,evaluated
spatiotemporal,0.01,core_means,shape_PC3_fold,9212,9212,5d7bb0be48293a8c4e786bf87e7586b1f3c9a7bbc422160606bd3076fd70eeb8,-0.00277434620446,mean_only,0.00619779872294,evaluated
spatiotemporal,0.01,max_vpd_only,front_loaded_fraction,9212,9212,5d7bb0be48293a8c4e786bf87e7586b1f3c9a7bbc422160606bd3076fd70eeb8,0.0194770000723,mean_only,0.0309643702695,evaluated
spatiotemporal,0.01,max_vpd_only,late_growth_fraction,9212,9212,5d7bb0be48293a8c4e786bf87e7586b1f3c9a7bbc422160606bd3076fd70eeb8,0.0223013501039,mean_only,0.0367394134138,evaluated
spatiotemporal,0.01,max_vpd_only,peak_timing,9212,9212,5d7bb0be48293a8c4e786bf87e7586b1f3c9a7bbc422160606bd3076fd70eeb8,0.00101506486145,mean_only,0.00185288699456,evaluated
spatiotemporal,0.01,max_vpd_only,terminal_taper_fraction,9212,9212,5d7bb0be48293a8c4e786bf87e7586b1f3c9a7bbc422160606bd3076fd70eeb8,0.0296092186967,mean_only,0.0509456630185,evaluated
spatiotemporal,0.01,max_vpd_only,normalized_entropy,9212,9212,5d7bb0be48293a8c4e786bf87e7586b1f3c9a7bbc422160606bd3076fd70eeb8,0.0154156762552,mean_only,0.0531999181844,evaluated
spatiotemporal,0.01,max_vpd_only,pulse_count,9212,9212,5d7bb0be48293a8c4e786bf87e7586b1f3c9a7bbc422160606bd3076fd70eeb8,-0.000890208226586,mean_only,-0.000859543590751,evaluated
spatiotemporal,0.01,max_vpd_only,reactivation_count,9212,9212,5d7bb0be48293a8c4e786bf87e7586b1f3c9a7bbc422160606bd3076fd70eeb8,0.002246430317,mean_only,0.00317129129469,evaluated
spatiotemporal,0.01,max_vpd_only,normalized_first_difference,9212,9212,5d7bb0be48293a8c4e786bf87e7586b1f3c9a7bbc422160606bd3076fd70eeb8,0.0503870181411,mean_only,0.0836607491932,evaluated
spatiotemporal,0.01,max_vpd_only,normalized_second_difference,9212,9212,5d7bb0be48293a8c4e786bf87e7586b1f3c9a7bbc422160606bd3076fd70eeb8,0.0453157145833,mean_only,0.0753080341046,evaluated
spatiotemporal,0.01,max_vpd_only,log_area,9212,9212,5d7bb0be48293a8c4e786bf87e7586b1f3c9a7bbc422160606bd3076fd70eeb8,0.0702881747835,mean_only,0.128396006817,evaluated
spatiotemporal,0.01,max_vpd_only,log_duration,9212,9212,5d7bb0be48293a8c4e786bf87e7586b1f3c9a7bbc422160606bd3076fd70eeb8,0.0448341948569,mean_only,0.0614013482286,evaluated
spatiotemporal,0.01,max_vpd_only,shape_PC1_fold,9212,9212,5d7bb0be48293a8c4e786bf87e7586b1f3c9a7bbc422160606bd3076fd70eeb8,-0.000929114804264,mean_only,0.0328240551827,evaluated
spatiotemporal,0.01,max_vpd_only,shape_PC2_fold,9212,9212,5d7bb0be48293a8c4e786bf87e7586b1f3c9a7bbc422160606bd3076fd70eeb8,-0.00354803721419,mean_only,0.014557940959,evaluated
spatiotemporal,0.01,max_vpd_only,shape_PC3_fold,9212,9212,5d7bb0be48293a8c4e786bf87e7586b1f3c9a7bbc422160606bd3076fd70eeb8,-0.000480647065871,mean_only,0.00849149786153,evaluated
spatiotemporal,0.01,core_plus_max,front_loaded_fraction,9212,9212,5d7bb0be48293a8c4e786bf87e7586b1f3c9a7bbc422160606bd3076fd70eeb8,0.0209632259386,mean_only,0.0324505961358,evaluated
spatiotemporal,0.01,core_plus_max,late_growth_fraction,9212,9212,5d7bb0be48293a8c4e786bf87e7586b1f3c9a7bbc422160606bd3076fd70eeb8,0.0369334123866,mean_only,0.0513714756965,evaluated
spatiotemporal,0.01,core_plus_max,peak_timing,9212,9212,5d7bb0be48293a8c4e786bf87e7586b1f3c9a7bbc422160606bd3076fd70eeb8,0.000298936414249,mean_only,0.00113675854736,evaluated
spatiotemporal,0.01,core_plus_max,terminal_taper_fraction,9212,9212,5d7bb0be48293a8c4e786bf87e7586b1f3c9a7bbc422160606bd3076fd70eeb8,0.0783135431062,mean_only,0.099649987428,evaluated
spatiotemporal,0.01,core_plus_max,normalized_entropy,9212,9212,5d7bb0be48293a8c4e786bf87e7586b1f3c9a7bbc422160606bd3076fd70eeb8,0.072524351698,mean_only,0.110308593627,evaluated
spatiotemporal,0.01,core_plus_max,pulse_count,9212,9212,5d7bb0be48293a8c4e786bf87e7586b1f3c9a7bbc422160606bd3076fd70eeb8,0.0182537286226,mean_only,0.0182843932584,evaluated
spatiotemporal,0.01,core_plus_max,reactivation_count,9212,9212,5d7bb0be48293a8c4e786bf87e7586b1f3c9a7bbc422160606bd3076fd70eeb8,0.0206623595519,mean_only,0.0215872205296,evaluated
spatiotemporal,0.01,core_plus_max,normalized_first_difference,9212,9212,5d7bb0be48293a8c4e786bf87e7586b1f3c9a7bbc422160606bd3076fd70eeb8,0.170227211122,mean_only,0.203500942175,evaluated
spatiotemporal,0.01,core_plus_max,normalized_second_difference,9212,9212,5d7bb0be48293a8c4e786bf87e7586b1f3c9a7bbc422160606bd3076fd70eeb8,0.156377012904,mean_only,0.186369332426,evaluated
spatiotemporal,0.01,core_plus_max,log_area,9212,9212,5d7bb0be48293a8c4e786bf87e7586b1f3c9a7bbc422160606bd3076fd70eeb8,0.200406931929,mean_only,0.258514763963,evaluated
spatiotemporal,0.01,core_plus_max,log_duration,9212,9212,5d7bb0be48293a8c4e786bf87e7586b1f3c9a7bbc422160606bd3076fd70eeb8,0.189676869925,mean_only,0.206244023297,evaluated
spatiotemporal,0.01,core_plus_max,shape_PC1_fold,9212,9212,5d7bb0be48293a8c4e786bf87e7586b1f3c9a7bbc422160606bd3076fd70eeb8,0.00280690398663,mean_only,0.0365600739736,evaluated
spatiotemporal,0.01,core_plus_max,shape_PC2_fold,9212,9212,5d7bb0be48293a8c4e786bf87e7586b1f3c9a7bbc422160606bd3076fd70eeb8,0.00995469375575,mean_only,0.0280606719289,evaluated
spatiotemporal,0.01,core_plus_max,shape_PC3_fold,9212,9212,5d7bb0be48293a8c4e786bf87e7586b1f3c9a7bbc422160606bd3076fd70eeb8,0.00234790691874,mean_only,0.0113200518461,evaluated
spatiotemporal,0.01,comprehensive_means,front_loaded_fraction,9212,9212,5d7bb0be48293a8c4e786bf87e7586b1f3c9a7bbc422160606bd3076fd70eeb8,0.0312216990249,mean_only,0.0427090692221,evaluated
spatiotemporal,0.01,comprehensive_means,late_growth_fraction,9212,9212,5d7bb0be48293a8c4e786bf87e7586b1f3c9a7bbc422160606bd3076fd70eeb8,0.0368190892925,mean_only,0.0512571526024,evaluated
spatiotemporal,0.01,comprehensive_means,peak_timing,9212,9212,5d7bb0be48293a8c4e786bf87e7586b1f3c9a7bbc422160606bd3076fd70eeb8,-0.00261703344119,mean_only,-0.00177921130809,evaluated
spatiotemporal,0.01,comprehensive_means,terminal_taper_fraction,9212,9212,5d7bb0be48293a8c4e786bf87e7586b1f3c9a7bbc422160606bd3076fd70eeb8,0.0615832085437,mean_only,0.0829196528656,evaluated
spatiotemporal,0.01,comprehensive_means,normalized_entropy,9212,9212,5d7bb0be48293a8c4e786bf87e7586b1f3c9a7bbc422160606bd3076fd70eeb8,0.0941655910194,mean_only,0.131949832949,evaluated
spatiotemporal,0.01,comprehensive_means,pulse_count,9212,9212,5d7bb0be48293a8c4e786bf87e7586b1f3c9a7bbc422160606bd3076fd70eeb8,-0.00181944112052,mean_only,-0.00178877648469,evaluated
spatiotemporal,0.01,comprehensive_means,reactivation_count,9212,9212,5d7bb0be48293a8c4e786bf87e7586b1f3c9a7bbc422160606bd3076fd70eeb8,-0.00564000743555,mean_only,-0.00471514645786,evaluated
spatiotemporal,0.01,comprehensive_means,normalized_first_difference,9212,9212,5d7bb0be48293a8c4e786bf87e7586b1f3c9a7bbc422160606bd3076fd70eeb8,0.105545093931,mean_only,0.138818824984,evaluated
spatiotemporal,0.01,comprehensive_means,normalized_second_difference,9212,9212,5d7bb0be48293a8c4e786bf87e7586b1f3c9a7bbc422160606bd3076fd70eeb8,0.0937650837713,mean_only,0.123757403293,evaluated
spatiotemporal,0.01,comprehensive_means,log_area,9212,9212,5d7bb0be48293a8c4e786bf87e7586b1f3c9a7bbc422160606bd3076fd70eeb8,0.188056112145,mean_only,0.246163944178,evaluated
spatiotemporal,0.01,comprehensive_means,log_duration,9212,9212,5d7bb0be48293a8c4e786bf87e7586b1f3c9a7bbc422160606bd3076fd70eeb8,0.0644027528598,mean_only,0.0809699062316,evaluated
spatiotemporal,0.01,comprehensive_means,shape_PC1_fold,9212,9212,5d7bb0be48293a8c4e786bf87e7586b1f3c9a7bbc422160606bd3076fd70eeb8,0.0100122662731,mean_only,0.04376543626,evaluated
spatiotemporal,0.01,comprehensive_means,shape_PC2_fold,9212,9212,5d7bb0be48293a8c4e786bf87e7586b1f3c9a7bbc422160606bd3076fd70eeb8,0.0046795257105,mean_only,0.0227855038837,evaluated
spatiotemporal,0.01,comprehensive_means,shape_PC3_fold,9212,9212,5d7bb0be48293a8c4e786bf87e7586b1f3c9a7bbc422160606bd3076fd70eeb8,0.00305439596178,mean_only,0.0120265408892,evaluated
spatiotemporal,0.01,comprehensive_plus_max,front_loaded_fraction,9212,9212,5d7bb0be48293a8c4e786bf87e7586b1f3c9a7bbc422160606bd3076fd70eeb8,0.037236429236,mean_only,0.0487237994331,evaluated
spatiotemporal,0.01,comprehensive_plus_max,late_growth_fraction,9212,9212,5d7bb0be48293a8c4e786bf87e7586b1f3c9a7bbc422160606bd3076fd70eeb8,0.0525209781364,mean_only,0.0669590414463,evaluated
spatiotemporal,0.01,comprehensive_plus_max,peak_timing,9212,9212,5d7bb0be48293a8c4e786bf87e7586b1f3c9a7bbc422160606bd3076fd70eeb8,-0.00370611526851,mean_only,-0.0028682931354,evaluated
spatiotemporal,0.01,comprehensive_plus_max,terminal_taper_fraction,9212,9212,5d7bb0be48293a8c4e786bf87e7586b1f3c9a7bbc422160606bd3076fd70eeb8,0.1024421541,mean_only,0.123778598422,evaluated
spatiotemporal,0.01,comprehensive_plus_max,normalized_entropy,9212,9212,5d7bb0be48293a8c4e786bf87e7586b1f3c9a7bbc422160606bd3076fd70eeb8,0.109737371795,mean_only,0.147521613724,evaluated
spatiotemporal,0.01,comprehensive_plus_max,pulse_count,9212,9212,5d7bb0be48293a8c4e786bf87e7586b1f3c9a7bbc422160606bd3076fd70eeb8,0.0133253181658,mean_only,0.0133559828016,evaluated
spatiotemporal,0.01,comprehensive_plus_max,reactivation_count,9212,9212,5d7bb0be48293a8c4e786bf87e7586b1f3c9a7bbc422160606bd3076fd70eeb8,0.0148586288227,mean_only,0.0157834898004,evaluated
spatiotemporal,0.01,comprehensive_plus_max,normalized_first_difference,9212,9212,5d7bb0be48293a8c4e786bf87e7586b1f3c9a7bbc422160606bd3076fd70eeb8,0.225415546701,mean_only,0.258689277753,evaluated
spatiotemporal,0.01,comprehensive_plus_max,normalized_second_difference,9212,9212,5d7bb0be48293a8c4e786bf87e7586b1f3c9a7bbc422160606bd3076fd70eeb8,0.204409425748,mean_only,0.234401745269,evaluated
spatiotemporal,0.01,comprehensive_plus_max,log_area,9212,9212,5d7bb0be48293a8c4e786bf87e7586b1f3c9a7bbc422160606bd3076fd70eeb8,0.296247119447,mean_only,0.354354951481,evaluated
spatiotemporal,0.01,comprehensive_plus_max,log_duration,9212,9212,5d7bb0be48293a8c4e786bf87e7586b1f3c9a7bbc422160606bd3076fd70eeb8,0.219644273336,mean_only,0.236211426707,evaluated
spatiotemporal,0.01,comprehensive_plus_max,shape_PC1_fold,9212,9212,5d7bb0be48293a8c4e786bf87e7586b1f3c9a7bbc422160606bd3076fd70eeb8,0.017567981698,mean_only,0.051321151685,evaluated
spatiotemporal,0.01,comprehensive_plus_max,shape_PC2_fold,9212,9212,5d7bb0be48293a8c4e786bf87e7586b1f3c9a7bbc422160606bd3076fd70eeb8,0.0186851158694,mean_only,0.0367910940426,evaluated
spatiotemporal,0.01,comprehensive_plus_max,shape_PC3_fold,9212,9212,5d7bb0be48293a8c4e786bf87e7586b1f3c9a7bbc422160606bd3076fd70eeb8,0.0059771740137,mean_only,0.0149493189411,evaluated
spatiotemporal,0.01,length_only,front_loaded_fraction,9212,9212,5d7bb0be48293a8c4e786bf87e7586b1f3c9a7bbc422160606bd3076fd70eeb8,0.0190817165159,mean_only,0.0305690867131,evaluated
spatiotemporal,0.01,length_only,late_growth_fraction,9212,9212,5d7bb0be48293a8c4e786bf87e7586b1f3c9a7bbc422160606bd3076fd70eeb8,0.0607168613451,mean_only,0.075154924655,evaluated
spatiotemporal,0.01,length_only,peak_timing,9212,9212,5d7bb0be48293a8c4e786bf87e7586b1f3c9a7bbc422160606bd3076fd70eeb8,-0.00197426248938,mean_only,-0.00113644035627,evaluated
spatiotemporal,0.01,length_only,terminal_taper_fraction,9212,9212,5d7bb0be48293a8c4e786bf87e7586b1f3c9a7bbc422160606bd3076fd70eeb8,0.187039512258,mean_only,0.20837595658,evaluated
spatiotemporal,0.01,length_only,normalized_entropy,9212,9212,5d7bb0be48293a8c4e786bf87e7586b1f3c9a7bbc422160606bd3076fd70eeb8,0.0124151086594,mean_only,0.0501993505886,evaluated
spatiotemporal,0.01,length_only,pulse_count,9212,9212,5d7bb0be48293a8c4e786bf87e7586b1f3c9a7bbc422160606bd3076fd70eeb8,0.173033114718,mean_only,0.173063779354,evaluated
spatiotemporal,0.01,length_only,reactivation_count,9212,9212,5d7bb0be48293a8c4e786bf87e7586b1f3c9a7bbc422160606bd3076fd70eeb8,0.164565329162,mean_only,0.165490190139,evaluated
spatiotemporal,0.01,length_only,normalized_first_difference,9212,9212,5d7bb0be48293a8c4e786bf87e7586b1f3c9a7bbc422160606bd3076fd70eeb8,0.623607426285,mean_only,0.656881157337,evaluated
spatiotemporal,0.01,length_only,normalized_second_difference,9212,9212,5d7bb0be48293a8c4e786bf87e7586b1f3c9a7bbc422160606bd3076fd70eeb8,0.559143991337,mean_only,0.589136310858,evaluated
spatiotemporal,0.01,length_only,log_area,9212,9212,5d7bb0be48293a8c4e786bf87e7586b1f3c9a7bbc422160606bd3076fd70eeb8,0.477792457832,mean_only,0.535900289865,evaluated
spatiotemporal,0.01,length_only,log_duration,9212,9212,5d7bb0be48293a8c4e786bf87e7586b1f3c9a7bbc422160606bd3076fd70eeb8,,mean_only,,excluded_known_outcome
spatiotemporal,0.01,length_only,shape_PC1_fold,9212,9212,5d7bb0be48293a8c4e786bf87e7586b1f3c9a7bbc422160606bd3076fd70eeb8,0.00317892389261,mean_only,0.0369320938796,evaluated
spatiotemporal,0.01,length_only,shape_PC2_fold,9212,9212,5d7bb0be48293a8c4e786bf87e7586b1f3c9a7bbc422160606bd3076fd70eeb8,0.0436824155244,mean_only,0.0617883936976,evaluated
spatiotemporal,0.01,length_only,shape_PC3_fold,9212,9212,5d7bb0be48293a8c4e786bf87e7586b1f3c9a7bbc422160606bd3076fd70eeb8,-0.000499000744699,mean_only,0.0084731441827,evaluated
spatiotemporal,0.01,length_plus_max,front_loaded_fraction,9212,9212,5d7bb0be48293a8c4e786bf87e7586b1f3c9a7bbc422160606bd3076fd70eeb8,0.0393744262847,mean_only,0.0508617964819,evaluated
spatiotemporal,0.01,length_plus_max,late_growth_fraction,9212,9212,5d7bb0be48293a8c4e786bf87e7586b1f3c9a7bbc422160606bd3076fd70eeb8,0.0776295603174,mean_only,0.0920676236273,evaluated
spatiotemporal,0.01,length_plus_max,peak_timing,9212,9212,5d7bb0be48293a8c4e786bf87e7586b1f3c9a7bbc422160606bd3076fd70eeb8,3.97467771676e-05,mean_only,0.000877568910274,evaluated
spatiotemporal,0.01,length_plus_max,terminal_taper_fraction,9212,9212,5d7bb0be48293a8c4e786bf87e7586b1f3c9a7bbc422160606bd3076fd70eeb8,0.198945590959,mean_only,0.220282035281,evaluated
spatiotemporal,0.01,length_plus_max,normalized_entropy,9212,9212,5d7bb0be48293a8c4e786bf87e7586b1f3c9a7bbc422160606bd3076fd70eeb8,0.0457301726345,mean_only,0.0835144145637,evaluated
spatiotemporal,0.01,length_plus_max,pulse_count,9212,9212,5d7bb0be48293a8c4e786bf87e7586b1f3c9a7bbc422160606bd3076fd70eeb8,0.184786005456,mean_only,0.184816670092,evaluated
spatiotemporal,0.01,length_plus_max,reactivation_count,9212,9212,5d7bb0be48293a8c4e786bf87e7586b1f3c9a7bbc422160606bd3076fd70eeb8,0.165220121414,mean_only,0.166144982391,evaluated
spatiotemporal,0.01,length_plus_max,normalized_first_difference,9212,9212,5d7bb0be48293a8c4e786bf87e7586b1f3c9a7bbc422160606bd3076fd70eeb8,0.632269962848,mean_only,0.665543693901,evaluated
spatiotemporal,0.01,length_plus_max,normalized_second_difference,9212,9212,5d7bb0be48293a8c4e786bf87e7586b1f3c9a7bbc422160606bd3076fd70eeb8,0.566056199383,mean_only,0.596048518904,evaluated
spatiotemporal,0.01,length_plus_max,log_area,9212,9212,5d7bb0be48293a8c4e786bf87e7586b1f3c9a7bbc422160606bd3076fd70eeb8,0.512726170102,mean_only,0.570834002135,evaluated
spatiotemporal,0.01,length_plus_max,log_duration,9212,9212,5d7bb0be48293a8c4e786bf87e7586b1f3c9a7bbc422160606bd3076fd70eeb8,,mean_only,,excluded_known_outcome
spatiotemporal,0.01,length_plus_max,shape_PC1_fold,9212,9212,5d7bb0be48293a8c4e786bf87e7586b1f3c9a7bbc422160606bd3076fd70eeb8,0.0238111962458,mean_only,0.0575643662328,evaluated
spatiotemporal,0.01,length_plus_max,shape_PC2_fold,9212,9212,5d7bb0be48293a8c4e786bf87e7586b1f3c9a7bbc422160606bd3076fd70eeb8,0.0471554283223,mean_only,0.0652614064954,evaluated
spatiotemporal,0.01,length_plus_max,shape_PC3_fold,9212,9212,5d7bb0be48293a8c4e786bf87e7586b1f3c9a7bbc422160606bd3076fd70eeb8,0.00484359160572,mean_only,0.0138157365331,evaluated
spatiotemporal,0.01,length_plus_core,front_loaded_fraction,9212,9212,5d7bb0be48293a8c4e786bf87e7586b1f3c9a7bbc422160606bd3076fd70eeb8,0.0388089804068,mean_only,0.050296350604,evaluated
spatiotemporal,0.01,length_plus_core,late_growth_fraction,9212,9212,5d7bb0be48293a8c4e786bf87e7586b1f3c9a7bbc422160606bd3076fd70eeb8,0.0847776078456,mean_only,0.0992156711555,evaluated
spatiotemporal,0.01,length_plus_core,peak_timing,9212,9212,5d7bb0be48293a8c4e786bf87e7586b1f3c9a7bbc422160606bd3076fd70eeb8,0.000865925491558,mean_only,0.00170374762466,evaluated
spatiotemporal,0.01,length_plus_core,terminal_taper_fraction,9212,9212,5d7bb0be48293a8c4e786bf87e7586b1f3c9a7bbc422160606bd3076fd70eeb8,0.219044635837,mean_only,0.240381080159,evaluated
spatiotemporal,0.01,length_plus_core,normalized_entropy,9212,9212,5d7bb0be48293a8c4e786bf87e7586b1f3c9a7bbc422160606bd3076fd70eeb8,0.0881172398908,mean_only,0.12590148182,evaluated
spatiotemporal,0.01,length_plus_core,pulse_count,9212,9212,5d7bb0be48293a8c4e786bf87e7586b1f3c9a7bbc422160606bd3076fd70eeb8,0.183397183919,mean_only,0.183427848554,evaluated
spatiotemporal,0.01,length_plus_core,reactivation_count,9212,9212,5d7bb0be48293a8c4e786bf87e7586b1f3c9a7bbc422160606bd3076fd70eeb8,0.164095157104,mean_only,0.165020018081,evaluated
spatiotemporal,0.01,length_plus_core,normalized_first_difference,9212,9212,5d7bb0be48293a8c4e786bf87e7586b1f3c9a7bbc422160606bd3076fd70eeb8,0.641538150981,mean_only,0.674811882033,evaluated
spatiotemporal,0.01,length_plus_core,normalized_second_difference,9212,9212,5d7bb0be48293a8c4e786bf87e7586b1f3c9a7bbc422160606bd3076fd70eeb8,0.576016569363,mean_only,0.606008888884,evaluated
spatiotemporal,0.01,length_plus_core,log_area,9212,9212,5d7bb0be48293a8c4e786bf87e7586b1f3c9a7bbc422160606bd3076fd70eeb8,0.545543122877,mean_only,0.60365095491,evaluated
spatiotemporal,0.01,length_plus_core,log_duration,9212,9212,5d7bb0be48293a8c4e786bf87e7586b1f3c9a7bbc422160606bd3076fd70eeb8,,mean_only,,excluded_known_outcome
spatiotemporal,0.01,length_plus_core,shape_PC1_fold,9212,9212,5d7bb0be48293a8c4e786bf87e7586b1f3c9a7bbc422160606bd3076fd70eeb8,0.0249383258585,mean_only,0.0586914958454,evaluated
spatiotemporal,0.01,length_plus_core,shape_PC2_fold,9212,9212,5d7bb0be48293a8c4e786bf87e7586b1f3c9a7bbc422160606bd3076fd70eeb8,0.0507391179757,mean_only,0.0688450961489,evaluated
spatiotemporal,0.01,length_plus_core,shape_PC3_fold,9212,9212,5d7bb0be48293a8c4e786bf87e7586b1f3c9a7bbc422160606bd3076fd70eeb8,0.0038894846366,mean_only,0.012861629564,evaluated
spatiotemporal,0.01,length_plus_core_max,front_loaded_fraction,9212,9212,5d7bb0be48293a8c4e786bf87e7586b1f3c9a7bbc422160606bd3076fd70eeb8,0.0388013504735,mean_only,0.0502887206706,evaluated
spatiotemporal,0.01,length_plus_core_max,late_growth_fraction,9212,9212,5d7bb0be48293a8c4e786bf87e7586b1f3c9a7bbc422160606bd3076fd70eeb8,0.084313601795,mean_only,0.0987516651049,evaluated
spatiotemporal,0.01,length_plus_core_max,peak_timing,9212,9212,5d7bb0be48293a8c4e786bf87e7586b1f3c9a7bbc422160606bd3076fd70eeb8,-0.00049257405595,mean_only,0.000345248077156,evaluated
spatiotemporal,0.01,length_plus_core_max,terminal_taper_fraction,9212,9212,5d7bb0be48293a8c4e786bf87e7586b1f3c9a7bbc422160606bd3076fd70eeb8,0.219017186462,mean_only,0.240353630783,evaluated
spatiotemporal,0.01,length_plus_core_max,normalized_entropy,9212,9212,5d7bb0be48293a8c4e786bf87e7586b1f3c9a7bbc422160606bd3076fd70eeb8,0.0925881434378,mean_only,0.130372385367,evaluated
spatiotemporal,0.01,length_plus_core_max,pulse_count,9212,9212,5d7bb0be48293a8c4e786bf87e7586b1f3c9a7bbc422160606bd3076fd70eeb8,0.187236442653,mean_only,0.187267107288,evaluated
spatiotemporal,0.01,length_plus_core_max,reactivation_count,9212,9212,5d7bb0be48293a8c4e786bf87e7586b1f3c9a7bbc422160606bd3076fd70eeb8,0.164181299912,mean_only,0.16510616089,evaluated
spatiotemporal,0.01,length_plus_core_max,normalized_first_difference,9212,9212,5d7bb0be48293a8c4e786bf87e7586b1f3c9a7bbc422160606bd3076fd70eeb8,0.644050010999,mean_only,0.677323742051,evaluated
spatiotemporal,0.01,length_plus_core_max,normalized_second_difference,9212,9212,5d7bb0be48293a8c4e786bf87e7586b1f3c9a7bbc422160606bd3076fd70eeb8,0.577988561421,mean_only,0.607980880942,evaluated
spatiotemporal,0.01,length_plus_core_max,log_area,9212,9212,5d7bb0be48293a8c4e786bf87e7586b1f3c9a7bbc422160606bd3076fd70eeb8,0.551692949412,mean_only,0.609800781446,evaluated
spatiotemporal,0.01,length_plus_core_max,log_duration,9212,9212,5d7bb0be48293a8c4e786bf87e7586b1f3c9a7bbc422160606bd3076fd70eeb8,,mean_only,,excluded_known_outcome
spatiotemporal,0.01,length_plus_core_max,shape_PC1_fold,9212,9212,5d7bb0be48293a8c4e786bf87e7586b1f3c9a7bbc422160606bd3076fd70eeb8,0.0245489123532,mean_only,0.0583020823402,evaluated
spatiotemporal,0.01,length_plus_core_max,shape_PC2_fold,9212,9212,5d7bb0be48293a8c4e786bf87e7586b1f3c9a7bbc422160606bd3076fd70eeb8,0.0507259224026,mean_only,0.0688319005758,evaluated
spatiotemporal,0.01,length_plus_core_max,shape_PC3_fold,9212,9212,5d7bb0be48293a8c4e786bf87e7586b1f3c9a7bbc422160606bd3076fd70eeb8,0.00596547304678,mean_only,0.0149376179742,evaluated
spatiotemporal,0.01,core_quantile_exceedance,front_loaded_fraction,9212,9212,5d7bb0be48293a8c4e786bf87e7586b1f3c9a7bbc422160606bd3076fd70eeb8,0.0197973404042,mean_only,0.0312847106014,evaluated
spatiotemporal,0.01,core_quantile_exceedance,late_growth_fraction,9212,9212,5d7bb0be48293a8c4e786bf87e7586b1f3c9a7bbc422160606bd3076fd70eeb8,0.034006362857,mean_only,0.0484444261669,evaluated
spatiotemporal,0.01,core_quantile_exceedance,peak_timing,9212,9212,5d7bb0be48293a8c4e786bf87e7586b1f3c9a7bbc422160606bd3076fd70eeb8,0.00102855149512,mean_only,0.00186637362823,evaluated
spatiotemporal,0.01,core_quantile_exceedance,terminal_taper_fraction,9212,9212,5d7bb0be48293a8c4e786bf87e7586b1f3c9a7bbc422160606bd3076fd70eeb8,0.0704942200745,mean_only,0.0918306643963,evaluated
spatiotemporal,0.01,core_quantile_exceedance,normalized_entropy,9212,9212,5d7bb0be48293a8c4e786bf87e7586b1f3c9a7bbc422160606bd3076fd70eeb8,0.0643415683055,mean_only,0.102125810235,evaluated
spatiotemporal,0.01,core_quantile_exceedance,pulse_count,9212,9212,5d7bb0be48293a8c4e786bf87e7586b1f3c9a7bbc422160606bd3076fd70eeb8,0.0118847266598,mean_only,0.0119153912957,evaluated
spatiotemporal,0.01,core_quantile_exceedance,reactivation_count,9212,9212,5d7bb0be48293a8c4e786bf87e7586b1f3c9a7bbc422160606bd3076fd70eeb8,0.00915396845949,mean_only,0.0100788294372,evaluated
spatiotemporal,0.01,core_quantile_exceedance,normalized_first_difference,9212,9212,5d7bb0be48293a8c4e786bf87e7586b1f3c9a7bbc422160606bd3076fd70eeb8,0.144518392827,mean_only,0.17779212388,evaluated
spatiotemporal,0.01,core_quantile_exceedance,normalized_second_difference,9212,9212,5d7bb0be48293a8c4e786bf87e7586b1f3c9a7bbc422160606bd3076fd70eeb8,0.135771623106,mean_only,0.165763942627,evaluated
spatiotemporal,0.01,core_quantile_exceedance,log_area,9212,9212,5d7bb0be48293a8c4e786bf87e7586b1f3c9a7bbc422160606bd3076fd70eeb8,0.175226048843,mean_only,0.233333880876,evaluated
spatiotemporal,0.01,core_quantile_exceedance,log_duration,9212,9212,5d7bb0be48293a8c4e786bf87e7586b1f3c9a7bbc422160606bd3076fd70eeb8,0.156056277154,mean_only,0.172623430526,evaluated
spatiotemporal,0.01,core_quantile_exceedance,shape_PC1_fold,9212,9212,5d7bb0be48293a8c4e786bf87e7586b1f3c9a7bbc422160606bd3076fd70eeb8,0.000872025440714,mean_only,0.0346251954277,evaluated
spatiotemporal,0.01,core_quantile_exceedance,shape_PC2_fold,9212,9212,5d7bb0be48293a8c4e786bf87e7586b1f3c9a7bbc422160606bd3076fd70eeb8,0.00891868062128,mean_only,0.0270246587945,evaluated
spatiotemporal,0.01,core_quantile_exceedance,shape_PC3_fold,9212,9212,5d7bb0be48293a8c4e786bf87e7586b1f3c9a7bbc422160606bd3076fd70eeb8,0.0016754416473,mean_only,0.0106475865747,evaluated
spatiotemporal,1,mean_only,front_loaded_fraction,9212,9212,5d7bb0be48293a8c4e786bf87e7586b1f3c9a7bbc422160606bd3076fd70eeb8,-0.0114873701972,mean_only,0,evaluated
spatiotemporal,1,mean_only,late_growth_fraction,9212,9212,5d7bb0be48293a8c4e786bf87e7586b1f3c9a7bbc422160606bd3076fd70eeb8,-0.0144380633099,mean_only,0,evaluated
spatiotemporal,1,mean_only,peak_timing,9212,9212,5d7bb0be48293a8c4e786bf87e7586b1f3c9a7bbc422160606bd3076fd70eeb8,-0.000837822133107,mean_only,0,evaluated
spatiotemporal,1,mean_only,terminal_taper_fraction,9212,9212,5d7bb0be48293a8c4e786bf87e7586b1f3c9a7bbc422160606bd3076fd70eeb8,-0.0213364443219,mean_only,0,evaluated
spatiotemporal,1,mean_only,normalized_entropy,9212,9212,5d7bb0be48293a8c4e786bf87e7586b1f3c9a7bbc422160606bd3076fd70eeb8,-0.0377842419292,mean_only,0,evaluated
spatiotemporal,1,mean_only,pulse_count,9212,9212,5d7bb0be48293a8c4e786bf87e7586b1f3c9a7bbc422160606bd3076fd70eeb8,-3.06646358357e-05,mean_only,0,evaluated
spatiotemporal,1,mean_only,reactivation_count,9212,9212,5d7bb0be48293a8c4e786bf87e7586b1f3c9a7bbc422160606bd3076fd70eeb8,-0.000924860977687,mean_only,0,evaluated
spatiotemporal,1,mean_only,normalized_first_difference,9212,9212,5d7bb0be48293a8c4e786bf87e7586b1f3c9a7bbc422160606bd3076fd70eeb8,-0.0332737310521,mean_only,0,evaluated
spatiotemporal,1,mean_only,normalized_second_difference,9212,9212,5d7bb0be48293a8c4e786bf87e7586b1f3c9a7bbc422160606bd3076fd70eeb8,-0.0299923195213,mean_only,0,evaluated
spatiotemporal,1,mean_only,log_area,9212,9212,5d7bb0be48293a8c4e786bf87e7586b1f3c9a7bbc422160606bd3076fd70eeb8,-0.0581078320333,mean_only,0,evaluated
spatiotemporal,1,mean_only,log_duration,9212,9212,5d7bb0be48293a8c4e786bf87e7586b1f3c9a7bbc422160606bd3076fd70eeb8,-0.0165671533717,mean_only,0,evaluated
spatiotemporal,1,mean_only,shape_PC1_fold,9212,9212,5d7bb0be48293a8c4e786bf87e7586b1f3c9a7bbc422160606bd3076fd70eeb8,-0.033753169987,mean_only,0,evaluated
spatiotemporal,1,mean_only,shape_PC2_fold,9212,9212,5d7bb0be48293a8c4e786bf87e7586b1f3c9a7bbc422160606bd3076fd70eeb8,-0.0181059781732,mean_only,0,evaluated
spatiotemporal,1,mean_only,shape_PC3_fold,9212,9212,5d7bb0be48293a8c4e786bf87e7586b1f3c9a7bbc422160606bd3076fd70eeb8,-0.0089721449274,mean_only,0,evaluated
spatiotemporal,1,core_means,front_loaded_fraction,9212,9212,5d7bb0be48293a8c4e786bf87e7586b1f3c9a7bbc422160606bd3076fd70eeb8,0.0150844141315,mean_only,0.0265717843287,evaluated
spatiotemporal,1,core_means,late_growth_fraction,9212,9212,5d7bb0be48293a8c4e786bf87e7586b1f3c9a7bbc422160606bd3076fd70eeb8,0.0223455905962,mean_only,0.0367836539062,evaluated
spatiotemporal,1,core_means,peak_timing,9212,9212,5d7bb0be48293a8c4e786bf87e7586b1f3c9a7bbc422160606bd3076fd70eeb8,0.00190033782187,mean_only,0.00273815995497,evaluated
spatiotemporal,1,core_means,terminal_taper_fraction,9212,9212,5d7bb0be48293a8c4e786bf87e7586b1f3c9a7bbc422160606bd3076fd70eeb8,0.0345994360868,mean_only,0.0559358804086,evaluated
spatiotemporal,1,core_means,normalized_entropy,9212,9212,5d7bb0be48293a8c4e786bf87e7586b1f3c9a7bbc422160606bd3076fd70eeb8,0.0532634864196,mean_only,0.0910477283488,evaluated
spatiotemporal,1,core_means,pulse_count,9212,9212,5d7bb0be48293a8c4e786bf87e7586b1f3c9a7bbc422160606bd3076fd70eeb8,0.000559533790871,mean_only,0.000590198426707,evaluated
spatiotemporal,1,core_means,reactivation_count,9212,9212,5d7bb0be48293a8c4e786bf87e7586b1f3c9a7bbc422160606bd3076fd70eeb8,-0.00224391158565,mean_only,-0.00131905060796,evaluated
spatiotemporal,1,core_means,normalized_first_difference,9212,9212,5d7bb0be48293a8c4e786bf87e7586b1f3c9a7bbc422160606bd3076fd70eeb8,0.0304189417673,mean_only,0.0636926728194,evaluated
spatiotemporal,1,core_means,normalized_second_difference,9212,9212,5d7bb0be48293a8c4e786bf87e7586b1f3c9a7bbc422160606bd3076fd70eeb8,0.027962395227,mean_only,0.0579547147482,evaluated
spatiotemporal,1,core_means,log_area,9212,9212,5d7bb0be48293a8c4e786bf87e7586b1f3c9a7bbc422160606bd3076fd70eeb8,0.074919051377,mean_only,0.13302688341,evaluated
spatiotemporal,1,core_means,log_duration,9212,9212,5d7bb0be48293a8c4e786bf87e7586b1f3c9a7bbc422160606bd3076fd70eeb8,0.0110620999586,mean_only,0.0276292533303,evaluated
spatiotemporal,1,core_means,shape_PC1_fold,9212,9212,5d7bb0be48293a8c4e786bf87e7586b1f3c9a7bbc422160606bd3076fd70eeb8,-0.00418988048522,mean_only,0.0295632895018,evaluated
spatiotemporal,1,core_means,shape_PC2_fold,9212,9212,5d7bb0be48293a8c4e786bf87e7586b1f3c9a7bbc422160606bd3076fd70eeb8,-0.00330054424982,mean_only,0.0148054339234,evaluated
spatiotemporal,1,core_means,shape_PC3_fold,9212,9212,5d7bb0be48293a8c4e786bf87e7586b1f3c9a7bbc422160606bd3076fd70eeb8,-0.00277491415392,mean_only,0.00619723077348,evaluated
spatiotemporal,1,max_vpd_only,front_loaded_fraction,9212,9212,5d7bb0be48293a8c4e786bf87e7586b1f3c9a7bbc422160606bd3076fd70eeb8,0.0194781103663,mean_only,0.0309654805635,evaluated
spatiotemporal,1,max_vpd_only,late_growth_fraction,9212,9212,5d7bb0be48293a8c4e786bf87e7586b1f3c9a7bbc422160606bd3076fd70eeb8,0.0223024919229,mean_only,0.0367405552328,evaluated
spatiotemporal,1,max_vpd_only,peak_timing,9212,9212,5d7bb0be48293a8c4e786bf87e7586b1f3c9a7bbc422160606bd3076fd70eeb8,0.00101527630107,mean_only,0.00185309843418,evaluated
spatiotemporal,1,max_vpd_only,terminal_taper_fraction,9212,9212,5d7bb0be48293a8c4e786bf87e7586b1f3c9a7bbc422160606bd3076fd70eeb8,0.0296098588991,mean_only,0.050946303221,evaluated
spatiotemporal,1,max_vpd_only,normalized_entropy,9212,9212,5d7bb0be48293a8c4e786bf87e7586b1f3c9a7bbc422160606bd3076fd70eeb8,0.015417900331,mean_only,0.0532021422601,evaluated
spatiotemporal,1,max_vpd_only,pulse_count,9212,9212,5d7bb0be48293a8c4e786bf87e7586b1f3c9a7bbc422160606bd3076fd70eeb8,-0.000889973497689,mean_only,-0.000859308861853,evaluated
spatiotemporal,1,max_vpd_only,reactivation_count,9212,9212,5d7bb0be48293a8c4e786bf87e7586b1f3c9a7bbc422160606bd3076fd70eeb8,0.00224654901065,mean_only,0.00317140998834,evaluated
spatiotemporal,1,max_vpd_only,normalized_first_difference,9212,9212,5d7bb0be48293a8c4e786bf87e7586b1f3c9a7bbc422160606bd3076fd70eeb8,0.0503881505285,mean_only,0.0836618815805,evaluated
spatiotemporal,1,max_vpd_only,normalized_second_difference,9212,9212,5d7bb0be48293a8c4e786bf87e7586b1f3c9a7bbc422160606bd3076fd70eeb8,0.0453166110093,mean_only,0.0753089305306,evaluated
spatiotemporal,1,max_vpd_only,log_area,9212,9212,5d7bb0be48293a8c4e786bf87e7586b1f3c9a7bbc422160606bd3076fd70eeb8,0.0702900134434,mean_only,0.128397845477,evaluated
spatiotemporal,1,max_vpd_only,log_duration,9212,9212,5d7bb0be48293a8c4e786bf87e7586b1f3c9a7bbc422160606bd3076fd70eeb8,0.0448354063967,mean_only,0.0614025597684,evaluated
spatiotemporal,1,max_vpd_only,shape_PC1_fold,9212,9212,5d7bb0be48293a8c4e786bf87e7586b1f3c9a7bbc422160606bd3076fd70eeb8,-0.000927680210714,mean_only,0.0328254897763,evaluated
spatiotemporal,1,max_vpd_only,shape_PC2_fold,9212,9212,5d7bb0be48293a8c4e786bf87e7586b1f3c9a7bbc422160606bd3076fd70eeb8,-0.00354798289315,mean_only,0.01455799528,evaluated
spatiotemporal,1,max_vpd_only,shape_PC3_fold,9212,9212,5d7bb0be48293a8c4e786bf87e7586b1f3c9a7bbc422160606bd3076fd70eeb8,-0.000481097496438,mean_only,0.00849104743096,evaluated
spatiotemporal,1,core_plus_max,front_loaded_fraction,9212,9212,5d7bb0be48293a8c4e786bf87e7586b1f3c9a7bbc422160606bd3076fd70eeb8,0.0210262464704,mean_only,0.0325136166675,evaluated
spatiotemporal,1,core_plus_max,late_growth_fraction,9212,9212,5d7bb0be48293a8c4e786bf87e7586b1f3c9a7bbc422160606bd3076fd70eeb8,0.0369800194728,mean_only,0.0514180827828,evaluated
spatiotemporal,1,core_plus_max,peak_timing,9212,9212,5d7bb0be48293a8c4e786bf87e7586b1f3c9a7bbc422160606bd3076fd70eeb8,0.000314405789068,mean_only,0.00115222792218,evaluated
spatiotemporal,1,core_plus_max,terminal_taper_fraction,9212,9212,5d7bb0be48293a8c4e786bf87e7586b1f3c9a7bbc422160606bd3076fd70eeb8,0.0783615074182,mean_only,0.09969795174,evaluated
spatiotemporal,1,core_plus_max,normalized_entropy,9212,9212,5d7bb0be48293a8c4e786bf87e7586b1f3c9a7bbc422160606bd3076fd70eeb8,0.0725435825706,mean_only,0.1103278245,evaluated
spatiotemporal,1,core_plus_max,pulse_count,9212,9212,5d7bb0be48293a8c4e786bf87e7586b1f3c9a7bbc422160606bd3076fd70eeb8,0.0183069663858,mean_only,0.0183376310216,evaluated
spatiotemporal,1,core_plus_max,reactivation_count,9212,9212,5d7bb0be48293a8c4e786bf87e7586b1f3c9a7bbc422160606bd3076fd70eeb8,0.0207556495016,mean_only,0.0216805104793,evaluated
spatiotemporal,1,core_plus_max,normalized_first_difference,9212,9212,5d7bb0be48293a8c4e786bf87e7586b1f3c9a7bbc422160606bd3076fd70eeb8,0.170413136792,mean_only,0.203686867844,evaluated
spatiotemporal,1,core_plus_max,normalized_second_difference,9212,9212,5d7bb0be48293a8c4e786bf87e7586b1f3c9a7bbc422160606bd3076fd70eeb8,0.156525634857,mean_only,0.186517954379,evaluated
spatiotemporal,1,core_plus_max,log_area,9212,9212,5d7bb0be48293a8c4e786bf87e7586b1f3c9a7bbc422160606bd3076fd70eeb8,0.200487170604,mean_only,0.258595002637,evaluated
spatiotemporal,1,core_plus_max,log_duration,9212,9212,5d7bb0be48293a8c4e786bf87e7586b1f3c9a7bbc422160606bd3076fd70eeb8,0.189990955609,mean_only,0.20655810898,evaluated
spatiotemporal,1,core_plus_max,shape_PC1_fold,9212,9212,5d7bb0be48293a8c4e786bf87e7586b1f3c9a7bbc422160606bd3076fd70eeb8,0.00287020906604,mean_only,0.036623379053,evaluated
spatiotemporal,1,core_plus_max,shape_PC2_fold,9212,9212,5d7bb0be48293a8c4e786bf87e7586b1f3c9a7bbc422160606bd3076fd70eeb8,0.00996168406962,mean_only,0.0280676622428,evaluated
spatiotemporal,1,core_plus_max,shape_PC3_fold,9212,9212,5d7bb0be48293a8c4e786bf87e7586b1f3c9a7bbc422160606bd3076fd70eeb8,0.00235776183781,mean_only,0.0113299067652,evaluated
spatiotemporal,1,comprehensive_means,front_loaded_fraction,9212,9212,5d7bb0be48293a8c4e786bf87e7586b1f3c9a7bbc422160606bd3076fd70eeb8,0.031249943002,mean_only,0.0427373131991,evaluated
spatiotemporal,1,comprehensive_means,late_growth_fraction,9212,9212,5d7bb0be48293a8c4e786bf87e7586b1f3c9a7bbc422160606bd3076fd70eeb8,0.0368931921553,mean_only,0.0513312554652,evaluated
spatiotemporal,1,comprehensive_means,peak_timing,9212,9212,5d7bb0be48293a8c4e786bf87e7586b1f3c9a7bbc422160606bd3076fd70eeb8,-0.00244527047807,mean_only,-0.00160744834497,evaluated
spatiotemporal,1,comprehensive_means,terminal_taper_fraction,9212,9212,5d7bb0be48293a8c4e786bf87e7586b1f3c9a7bbc422160606bd3076fd70eeb8,0.061429031082,mean_only,0.0827654754038,evaluated
spatiotemporal,1,comprehensive_means,normalized_entropy,9212,9212,5d7bb0be48293a8c4e786bf87e7586b1f3c9a7bbc422160606bd3076fd70eeb8,0.0938400914758,mean_only,0.131624333405,evaluated
spatiotemporal,1,comprehensive_means,pulse_count,9212,9212,5d7bb0be48293a8c4e786bf87e7586b1f3c9a7bbc422160606bd3076fd70eeb8,-0.00160922699761,mean_only,-0.00157856236177,evaluated
spatiotemporal,1,comprehensive_means,reactivation_count,9212,9212,5d7bb0be48293a8c4e786bf87e7586b1f3c9a7bbc422160606bd3076fd70eeb8,-0.0054717471694,mean_only,-0.00454688619171,evaluated
spatiotemporal,1,comprehensive_means,normalized_first_difference,9212,9212,5d7bb0be48293a8c4e786bf87e7586b1f3c9a7bbc422160606bd3076fd70eeb8,0.105248224732,mean_only,0.138521955784,evaluated
spatiotemporal,1,comprehensive_means,normalized_second_difference,9212,9212,5d7bb0be48293a8c4e786bf87e7586b1f3c9a7bbc422160606bd3076fd70eeb8,0.0934702990543,mean_only,0.123462618576,evaluated
spatiotemporal,1,comprehensive_means,log_area,9212,9212,5d7bb0be48293a8c4e786bf87e7586b1f3c9a7bbc422160606bd3076fd70eeb8,0.187638934208,mean_only,0.245746766241,evaluated
spatiotemporal,1,comprehensive_means,log_duration,9212,9212,5d7bb0be48293a8c4e786bf87e7586b1f3c9a7bbc422160606bd3076fd70eeb8,0.0645320816717,mean_only,0.0810992350434,evaluated
spatiotemporal,1,comprehensive_means,shape_PC1_fold,9212,9212,5d7bb0be48293a8c4e786bf87e7586b1f3c9a7bbc422160606bd3076fd70eeb8,0.0100909301831,mean_only,0.0438441001701,evaluated
spatiotemporal,1,comprehensive_means,shape_PC2_fold,9212,9212,5d7bb0be48293a8c4e786bf87e7586b1f3c9a7bbc422160606bd3076fd70eeb8,0.00463817199963,mean_only,0.0227441501728,evaluated
spatiotemporal,1,comprehensive_means,shape_PC3_fold,9212,9212,5d7bb0be48293a8c4e786bf87e7586b1f3c9a7bbc422160606bd3076fd70eeb8,0.00320483872949,mean_only,0.0121769836569,evaluated
spatiotemporal,1,comprehensive_plus_max,front_loaded_fraction,9212,9212,5d7bb0be48293a8c4e786bf87e7586b1f3c9a7bbc422160606bd3076fd70eeb8,0.0372748769508,mean_only,0.048762247148,evaluated
spatiotemporal,1,comprehensive_plus_max,late_growth_fraction,9212,9212,5d7bb0be48293a8c4e786bf87e7586b1f3c9a7bbc422160606bd3076fd70eeb8,0.0525981308983,mean_only,0.0670361942082,evaluated
spatiotemporal,1,comprehensive_plus_max,peak_timing,9212,9212,5d7bb0be48293a8c4e786bf87e7586b1f3c9a7bbc422160606bd3076fd70eeb8,-0.0035366076513,mean_only,-0.0026987855182,evaluated
spatiotemporal,1,comprehensive_plus_max,terminal_taper_fraction,9212,9212,5d7bb0be48293a8c4e786bf87e7586b1f3c9a7bbc422160606bd3076fd70eeb8,0.102304988143,mean_only,0.123641432464,evaluated
spatiotemporal,1,comprehensive_plus_max,normalized_entropy,9212,9212,5d7bb0be48293a8c4e786bf87e7586b1f3c9a7bbc422160606bd3076fd70eeb8,0.109367190293,mean_only,0.147151432222,evaluated
spatiotemporal,1,comprehensive_plus_max,pulse_count,9212,9212,5d7bb0be48293a8c4e786bf87e7586b1f3c9a7bbc422160606bd3076fd70eeb8,0.0137275076249,mean_only,0.0137581722607,evaluated
spatiotemporal,1,comprehensive_plus_max,reactivation_count,9212,9212,5d7bb0be48293a8c4e786bf87e7586b1f3c9a7bbc422160606bd3076fd70eeb8,0.0152380759361,mean_only,0.0161629369138,evaluated
spatiotemporal,1,comprehensive_plus_max,normalized_first_difference,9212,9212,5d7bb0be48293a8c4e786bf87e7586b1f3c9a7bbc422160606bd3076fd70eeb8,0.225530699679,mean_only,0.258804430731,evaluated
spatiotemporal,1,comprehensive_plus_max,normalized_second_difference,9212,9212,5d7bb0be48293a8c4e786bf87e7586b1f3c9a7bbc422160606bd3076fd70eeb8,0.204463938818,mean_only,0.234456258339,evaluated
spatiotemporal,1,comprehensive_plus_max,log_area,9212,9212,5d7bb0be48293a8c4e786bf87e7586b1f3c9a7bbc422160606bd3076fd70eeb8,0.296163268301,mean_only,0.354271100334,evaluated
spatiotemporal,1,comprehensive_plus_max,log_duration,9212,9212,5d7bb0be48293a8c4e786bf87e7586b1f3c9a7bbc422160606bd3076fd70eeb8,0.220446304949,mean_only,0.237013458321,evaluated
spatiotemporal,1,comprehensive_plus_max,shape_PC1_fold,9212,9212,5d7bb0be48293a8c4e786bf87e7586b1f3c9a7bbc422160606bd3076fd70eeb8,0.0176567615496,mean_only,0.0514099315365,evaluated
spatiotemporal,1,comprehensive_plus_max,shape_PC2_fold,9212,9212,5d7bb0be48293a8c4e786bf87e7586b1f3c9a7bbc422160606bd3076fd70eeb8,0.0186655757916,mean_only,0.0367715539648,evaluated
spatiotemporal,1,comprehensive_plus_max,shape_PC3_fold,9212,9212,5d7bb0be48293a8c4e786bf87e7586b1f3c9a7bbc422160606bd3076fd70eeb8,0.00614997240596,mean_only,0.0151221173334,evaluated
spatiotemporal,1,length_only,front_loaded_fraction,9212,9212,5d7bb0be48293a8c4e786bf87e7586b1f3c9a7bbc422160606bd3076fd70eeb8,0.0190819692626,mean_only,0.0305693394598,evaluated
spatiotemporal,1,length_only,late_growth_fraction,9212,9212,5d7bb0be48293a8c4e786bf87e7586b1f3c9a7bbc422160606bd3076fd70eeb8,0.0607163692963,mean_only,0.0751544326062,evaluated
spatiotemporal,1,length_only,peak_timing,9212,9212,5d7bb0be48293a8c4e786bf87e7586b1f3c9a7bbc422160606bd3076fd70eeb8,-0.00197413229259,mean_only,-0.00113631015948,evaluated
spatiotemporal,1,length_only,terminal_taper_fraction,9212,9212,5d7bb0be48293a8c4e786bf87e7586b1f3c9a7bbc422160606bd3076fd70eeb8,0.187039072355,mean_only,0.208375516677,evaluated
spatiotemporal,1,length_only,normalized_entropy,9212,9212,5d7bb0be48293a8c4e786bf87e7586b1f3c9a7bbc422160606bd3076fd70eeb8,0.0124144332162,mean_only,0.0501986751454,evaluated
spatiotemporal,1,length_only,pulse_count,9212,9212,5d7bb0be48293a8c4e786bf87e7586b1f3c9a7bbc422160606bd3076fd70eeb8,0.173034873699,mean_only,0.173065538334,evaluated
spatiotemporal,1,length_only,reactivation_count,9212,9212,5d7bb0be48293a8c4e786bf87e7586b1f3c9a7bbc422160606bd3076fd70eeb8,0.164566279572,mean_only,0.16549114055,evaluated
spatiotemporal,1,length_only,normalized_first_difference,9212,9212,5d7bb0be48293a8c4e786bf87e7586b1f3c9a7bbc422160606bd3076fd70eeb8,0.623604356519,mean_only,0.656878087571,evaluated
spatiotemporal,1,length_only,normalized_second_difference,9212,9212,5d7bb0be48293a8c4e786bf87e7586b1f3c9a7bbc422160606bd3076fd70eeb8,0.559141759883,mean_only,0.589134079404,evaluated
spatiotemporal,1,length_only,log_area,9212,9212,5d7bb0be48293a8c4e786bf87e7586b1f3c9a7bbc422160606bd3076fd70eeb8,0.477788054803,mean_only,0.535895886837,evaluated
spatiotemporal,1,length_only,log_duration,9212,9212,5d7bb0be48293a8c4e786bf87e7586b1f3c9a7bbc422160606bd3076fd70eeb8,,mean_only,,excluded_known_outcome
spatiotemporal,1,length_only,shape_PC1_fold,9212,9212,5d7bb0be48293a8c4e786bf87e7586b1f3c9a7bbc422160606bd3076fd70eeb8,0.00317915571181,mean_only,0.0369323256988,evaluated
spatiotemporal,1,length_only,shape_PC2_fold,9212,9212,5d7bb0be48293a8c4e786bf87e7586b1f3c9a7bbc422160606bd3076fd70eeb8,0.0436818466682,mean_only,0.0617878248413,evaluated
spatiotemporal,1,length_only,shape_PC3_fold,9212,9212,5d7bb0be48293a8c4e786bf87e7586b1f3c9a7bbc422160606bd3076fd70eeb8,-0.000499081276794,mean_only,0.00847306365061,evaluated
spatiotemporal,1,length_plus_max,front_loaded_fraction,9212,9212,5d7bb0be48293a8c4e786bf87e7586b1f3c9a7bbc422160606bd3076fd70eeb8,0.0393749547266,mean_only,0.0508623249238,evaluated
spatiotemporal,1,length_plus_max,late_growth_fraction,9212,9212,5d7bb0be48293a8c4e786bf87e7586b1f3c9a7bbc422160606bd3076fd70eeb8,0.0776299150505,mean_only,0.0920679783604,evaluated
spatiotemporal,1,length_plus_max,peak_timing,9212,9212,5d7bb0be48293a8c4e786bf87e7586b1f3c9a7bbc422160606bd3076fd70eeb8,4.00469909668e-05,mean_only,0.000877869124074,evaluated
spatiotemporal,1,length_plus_max,terminal_taper_fraction,9212,9212,5d7bb0be48293a8c4e786bf87e7586b1f3c9a7bbc422160606bd3076fd70eeb8,0.198946225467,mean_only,0.220282669788,evaluated
spatiotemporal,1,length_plus_max,normalized_entropy,9212,9212,5d7bb0be48293a8c4e786bf87e7586b1f3c9a7bbc422160606bd3076fd70eeb8,0.0457318010353,mean_only,0.0835160429645,evaluated
spatiotemporal,1,length_plus_max,pulse_count,9212,9212,5d7bb0be48293a8c4e786bf87e7586b1f3c9a7bbc422160606bd3076fd70eeb8,0.184788105682,mean_only,0.184818770318,evaluated
spatiotemporal,1,length_plus_max,reactivation_count,9212,9212,5d7bb0be48293a8c4e786bf87e7586b1f3c9a7bbc422160606bd3076fd70eeb8,0.165221729474,mean_only,0.166146590451,evaluated
spatiotemporal,1,length_plus_max,normalized_first_difference,9212,9212,5d7bb0be48293a8c4e786bf87e7586b1f3c9a7bbc422160606bd3076fd70eeb8,0.632267722443,mean_only,0.665541453495,evaluated
spatiotemporal,1,length_plus_max,normalized_second_difference,9212,9212,5d7bb0be48293a8c4e786bf87e7586b1f3c9a7bbc422160606bd3076fd70eeb8,0.566054873101,mean_only,0.596047192622,evaluated
spatiotemporal,1,length_plus_max,log_area,9212,9212,5d7bb0be48293a8c4e786bf87e7586b1f3c9a7bbc422160606bd3076fd70eeb8,0.512723593227,mean_only,0.57083142526,evaluated
spatiotemporal,1,length_plus_max,log_duration,9212,9212,5d7bb0be48293a8c4e786bf87e7586b1f3c9a7bbc422160606bd3076fd70eeb8,,mean_only,,excluded_known_outcome
spatiotemporal,1,length_plus_max,shape_PC1_fold,9212,9212,5d7bb0be48293a8c4e786bf87e7586b1f3c9a7bbc422160606bd3076fd70eeb8,0.0238119093093,mean_only,0.0575650792962,evaluated
spatiotemporal,1,length_plus_max,shape_PC2_fold,9212,9212,5d7bb0be48293a8c4e786bf87e7586b1f3c9a7bbc422160606bd3076fd70eeb8,0.0471551316382,mean_only,0.0652611098114,evaluated
spatiotemporal,1,length_plus_max,shape_PC3_fold,9212,9212,5d7bb0be48293a8c4e786bf87e7586b1f3c9a7bbc422160606bd3076fd70eeb8,0.00484322516883,mean_only,0.0138153700962,evaluated
spatiotemporal,1,length_plus_core,front_loaded_fraction,9212,9212,5d7bb0be48293a8c4e786bf87e7586b1f3c9a7bbc422160606bd3076fd70eeb8,0.0388194241581,mean_only,0.0503067943553,evaluated
spatiotemporal,1,length_plus_core,late_growth_fraction,9212,9212,5d7bb0be48293a8c4e786bf87e7586b1f3c9a7bbc422160606bd3076fd70eeb8,0.0847906701614,mean_only,0.0992287334713,evaluated
spatiotemporal,1,length_plus_core,peak_timing,9212,9212,5d7bb0be48293a8c4e786bf87e7586b1f3c9a7bbc422160606bd3076fd70eeb8,0.000871675201538,mean_only,0.00170949733464,evaluated
spatiotemporal,1,length_plus_core,terminal_taper_fraction,9212,9212,5d7bb0be48293a8c4e786bf87e7586b1f3c9a7bbc422160606bd3076fd70eeb8,0.219050419443,mean_only,0.240386863765,evaluated
spatiotemporal,1,length_plus_core,normalized_entropy,9212,9212,5d7bb0be48293a8c4e786bf87e7586b1f3c9a7bbc422160606bd3076fd70eeb8,0.088131816362,mean_only,0.125916058291,evaluated
spatiotemporal,1,length_plus_core,pulse_count,9212,9212,5d7bb0be48293a8c4e786bf87e7586b1f3c9a7bbc422160606bd3076fd70eeb8,0.183401990669,mean_only,0.183432655304,evaluated
spatiotemporal,1,length_plus_core,reactivation_count,9212,9212,5d7bb0be48293a8c4e786bf87e7586b1f3c9a7bbc422160606bd3076fd70eeb8,0.164100403884,mean_only,0.165025264862,evaluated
spatiotemporal,1,length_plus_core,normalized_first_difference,9212,9212,5d7bb0be48293a8c4e786bf87e7586b1f3c9a7bbc422160606bd3076fd70eeb8,0.641541217227,mean_only,0.674814948279,evaluated
spatiotemporal,1,length_plus_core,normalized_second_difference,9212,9212,5d7bb0be48293a8c4e786bf87e7586b1f3c9a7bbc422160606bd3076fd70eeb8,0.576021765173,mean_only,0.606014084694,evaluated
spatiotemporal,1,length_plus_core,log_area,9212,9212,5d7bb0be48293a8c4e786bf87e7586b1f3c9a7bbc422160606bd3076fd70eeb8,0.545559142575,mean_only,0.603666974609,evaluated
spatiotemporal,1,length_plus_core,log_duration,9212,9212,5d7bb0be48293a8c4e786bf87e7586b1f3c9a7bbc422160606bd3076fd70eeb8,,mean_only,,excluded_known_outcome
spatiotemporal,1,length_plus_core,shape_PC1_fold,9212,9212,5d7bb0be48293a8c4e786bf87e7586b1f3c9a7bbc422160606bd3076fd70eeb8,0.0249500251207,mean_only,0.0587031951077,evaluated
spatiotemporal,1,length_plus_core,shape_PC2_fold,9212,9212,5d7bb0be48293a8c4e786bf87e7586b1f3c9a7bbc422160606bd3076fd70eeb8,0.0507432596358,mean_only,0.068849237809,evaluated
spatiotemporal,1,length_plus_core,shape_PC3_fold,9212,9212,5d7bb0be48293a8c4e786bf87e7586b1f3c9a7bbc422160606bd3076fd70eeb8,0.0038886175736,mean_only,0.012860762501,evaluated
spatiotemporal,1,length_plus_core_max,front_loaded_fraction,9212,9212,5d7bb0be48293a8c4e786bf87e7586b1f3c9a7bbc422160606bd3076fd70eeb8,0.0388313285618,mean_only,0.050318698759,evaluated
spatiotemporal,1,length_plus_core_max,late_growth_fraction,9212,9212,5d7bb0be48293a8c4e786bf87e7586b1f3c9a7bbc422160606bd3076fd70eeb8,0.0843368231904,mean_only,0.0987748865003,evaluated
spatiotemporal,1,length_plus_core_max,peak_timing,9212,9212,5d7bb0be48293a8c4e786bf87e7586b1f3c9a7bbc422160606bd3076fd70eeb8,-0.000475000429294,mean_only,0.000362821703813,evaluated
spatiotemporal,1,length_plus_core_max,terminal_taper_fraction,9212,9212,5d7bb0be48293a8c4e786bf87e7586b1f3c9a7bbc422160606bd3076fd70eeb8,0.219030169748,mean_only,0.24036661407,evaluated
spatiotemporal,1,length_plus_core_max,normalized_entropy,9212,9212,5d7bb0be48293a8c4e786bf87e7586b1f3c9a7bbc422160606bd3076fd70eeb8,0.0926094833478,mean_only,0.130393725277,evaluated
spatiotemporal,1,length_plus_core_max,pulse_count,9212,9212,5d7bb0be48293a8c4e786bf87e7586b1f3c9a7bbc422160606bd3076fd70eeb8,0.187245652882,mean_only,0.187276317518,evaluated
spatiotemporal,1,length_plus_core_max,reactivation_count,9212,9212,5d7bb0be48293a8c4e786bf87e7586b1f3c9a7bbc422160606bd3076fd70eeb8,0.164187263838,mean_only,0.165112124816,evaluated
spatiotemporal,1,length_plus_core_max,normalized_first_difference,9212,9212,5d7bb0be48293a8c4e786bf87e7586b1f3c9a7bbc422160606bd3076fd70eeb8,0.644056569754,mean_only,0.677330300806,evaluated
spatiotemporal,1,length_plus_core_max,normalized_second_difference,9212,9212,5d7bb0be48293a8c4e786bf87e7586b1f3c9a7bbc422160606bd3076fd70eeb8,0.577997487044,mean_only,0.607989806566,evaluated
spatiotemporal,1,length_plus_core_max,log_area,9212,9212,5d7bb0be48293a8c4e786bf87e7586b1f3c9a7bbc422160606bd3076fd70eeb8,0.551707963761,mean_only,0.609815795795,evaluated
spatiotemporal,1,length_plus_core_max,log_duration,9212,9212,5d7bb0be48293a8c4e786bf87e7586b1f3c9a7bbc422160606bd3076fd70eeb8,,mean_only,,excluded_known_outcome
spatiotemporal,1,length_plus_core_max,shape_PC1_fold,9212,9212,5d7bb0be48293a8c4e786bf87e7586b1f3c9a7bbc422160606bd3076fd70eeb8,0.0245807616484,mean_only,0.0583339316354,evaluated
spatiotemporal,1,length_plus_core_max,shape_PC2_fold,9212,9212,5d7bb0be48293a8c4e786bf87e7586b1f3c9a7bbc422160606bd3076fd70eeb8,0.0507341452352,mean_only,0.0688401234084,evaluated
spatiotemporal,1,length_plus_core_max,shape_PC3_fold,9212,9212,5d7bb0be48293a8c4e786bf87e7586b1f3c9a7bbc422160606bd3076fd70eeb8,0.00596913585046,mean_only,0.0149412807779,evaluated
spatiotemporal,1,core_quantile_exceedance,front_loaded_fraction,9212,9212,5d7bb0be48293a8c4e786bf87e7586b1f3c9a7bbc422160606bd3076fd70eeb8,0.0199080425093,mean_only,0.0313954127065,evaluated
spatiotemporal,1,core_quantile_exceedance,late_growth_fraction,9212,9212,5d7bb0be48293a8c4e786bf87e7586b1f3c9a7bbc422160606bd3076fd70eeb8,0.0340870206737,mean_only,0.0485250839836,evaluated
spatiotemporal,1,core_quantile_exceedance,peak_timing,9212,9212,5d7bb0be48293a8c4e786bf87e7586b1f3c9a7bbc422160606bd3076fd70eeb8,0.00104765510188,mean_only,0.00188547723499,evaluated
spatiotemporal,1,core_quantile_exceedance,terminal_taper_fraction,9212,9212,5d7bb0be48293a8c4e786bf87e7586b1f3c9a7bbc422160606bd3076fd70eeb8,0.07058893134,mean_only,0.0919253756619,evaluated
spatiotemporal,1,core_quantile_exceedance,normalized_entropy,9212,9212,5d7bb0be48293a8c4e786bf87e7586b1f3c9a7bbc422160606bd3076fd70eeb8,0.0643782021287,mean_only,0.102162444058,evaluated
spatiotemporal,1,core_quantile_exceedance,pulse_count,9212,9212,5d7bb0be48293a8c4e786bf87e7586b1f3c9a7bbc422160606bd3076fd70eeb8,0.0119431808657,mean_only,0.0119738455015,evaluated
spatiotemporal,1,core_quantile_exceedance,reactivation_count,9212,9212,5d7bb0be48293a8c4e786bf87e7586b1f3c9a7bbc422160606bd3076fd70eeb8,0.00922461259803,mean_only,0.0101494735757,evaluated
spatiotemporal,1,core_quantile_exceedance,normalized_first_difference,9212,9212,5d7bb0be48293a8c4e786bf87e7586b1f3c9a7bbc422160606bd3076fd70eeb8,0.144817426884,mean_only,0.178091157936,evaluated
spatiotemporal,1,core_quantile_exceedance,normalized_second_difference,9212,9212,5d7bb0be48293a8c4e786bf87e7586b1f3c9a7bbc422160606bd3076fd70eeb8,0.13601936638,mean_only,0.166011685901,evaluated
spatiotemporal,1,core_quantile_exceedance,log_area,9212,9212,5d7bb0be48293a8c4e786bf87e7586b1f3c9a7bbc422160606bd3076fd70eeb8,0.175403710314,mean_only,0.233511542347,evaluated
spatiotemporal,1,core_quantile_exceedance,log_duration,9212,9212,5d7bb0be48293a8c4e786bf87e7586b1f3c9a7bbc422160606bd3076fd70eeb8,0.156520863854,mean_only,0.173088017226,evaluated
spatiotemporal,1,core_quantile_exceedance,shape_PC1_fold,9212,9212,5d7bb0be48293a8c4e786bf87e7586b1f3c9a7bbc422160606bd3076fd70eeb8,0.000983503225243,mean_only,0.0347366732122,evaluated
spatiotemporal,1,core_quantile_exceedance,shape_PC2_fold,9212,9212,5d7bb0be48293a8c4e786bf87e7586b1f3c9a7bbc422160606bd3076fd70eeb8,0.00893630514324,mean_only,0.0270422833164,evaluated
spatiotemporal,1,core_quantile_exceedance,shape_PC3_fold,9212,9212,5d7bb0be48293a8c4e786bf87e7586b1f3c9a7bbc422160606bd3076fd70eeb8,0.00169404066381,mean_only,0.0106661855912,evaluated
spatiotemporal,100,mean_only,front_loaded_fraction,9212,9212,5d7bb0be48293a8c4e786bf87e7586b1f3c9a7bbc422160606bd3076fd70eeb8,-0.0114873701972,mean_only,0,evaluated
spatiotemporal,100,mean_only,late_growth_fraction,9212,9212,5d7bb0be48293a8c4e786bf87e7586b1f3c9a7bbc422160606bd3076fd70eeb8,-0.0144380633099,mean_only,0,evaluated
spatiotemporal,100,mean_only,peak_timing,9212,9212,5d7bb0be48293a8c4e786bf87e7586b1f3c9a7bbc422160606bd3076fd70eeb8,-0.000837822133107,mean_only,0,evaluated
spatiotemporal,100,mean_only,terminal_taper_fraction,9212,9212,5d7bb0be48293a8c4e786bf87e7586b1f3c9a7bbc422160606bd3076fd70eeb8,-0.0213364443219,mean_only,0,evaluated
spatiotemporal,100,mean_only,normalized_entropy,9212,9212,5d7bb0be48293a8c4e786bf87e7586b1f3c9a7bbc422160606bd3076fd70eeb8,-0.0377842419292,mean_only,0,evaluated
spatiotemporal,100,mean_only,pulse_count,9212,9212,5d7bb0be48293a8c4e786bf87e7586b1f3c9a7bbc422160606bd3076fd70eeb8,-3.06646358357e-05,mean_only,0,evaluated
spatiotemporal,100,mean_only,reactivation_count,9212,9212,5d7bb0be48293a8c4e786bf87e7586b1f3c9a7bbc422160606bd3076fd70eeb8,-0.000924860977687,mean_only,0,evaluated
spatiotemporal,100,mean_only,normalized_first_difference,9212,9212,5d7bb0be48293a8c4e786bf87e7586b1f3c9a7bbc422160606bd3076fd70eeb8,-0.0332737310521,mean_only,0,evaluated
spatiotemporal,100,mean_only,normalized_second_difference,9212,9212,5d7bb0be48293a8c4e786bf87e7586b1f3c9a7bbc422160606bd3076fd70eeb8,-0.0299923195213,mean_only,0,evaluated
spatiotemporal,100,mean_only,log_area,9212,9212,5d7bb0be48293a8c4e786bf87e7586b1f3c9a7bbc422160606bd3076fd70eeb8,-0.0581078320333,mean_only,0,evaluated
spatiotemporal,100,mean_only,log_duration,9212,9212,5d7bb0be48293a8c4e786bf87e7586b1f3c9a7bbc422160606bd3076fd70eeb8,-0.0165671533717,mean_only,0,evaluated
spatiotemporal,100,mean_only,shape_PC1_fold,9212,9212,5d7bb0be48293a8c4e786bf87e7586b1f3c9a7bbc422160606bd3076fd70eeb8,-0.033753169987,mean_only,0,evaluated
spatiotemporal,100,mean_only,shape_PC2_fold,9212,9212,5d7bb0be48293a8c4e786bf87e7586b1f3c9a7bbc422160606bd3076fd70eeb8,-0.0181059781732,mean_only,0,evaluated
spatiotemporal,100,mean_only,shape_PC3_fold,9212,9212,5d7bb0be48293a8c4e786bf87e7586b1f3c9a7bbc422160606bd3076fd70eeb8,-0.0089721449274,mean_only,0,evaluated
spatiotemporal,100,core_means,front_loaded_fraction,9212,9212,5d7bb0be48293a8c4e786bf87e7586b1f3c9a7bbc422160606bd3076fd70eeb8,0.0159083208523,mean_only,0.0273956910495,evaluated
spatiotemporal,100,core_means,late_growth_fraction,9212,9212,5d7bb0be48293a8c4e786bf87e7586b1f3c9a7bbc422160606bd3076fd70eeb8,0.0233140943594,mean_only,0.0377521576694,evaluated
spatiotemporal,100,core_means,peak_timing,9212,9212,5d7bb0be48293a8c4e786bf87e7586b1f3c9a7bbc422160606bd3076fd70eeb8,0.0022801027185,mean_only,0.0031179248516,evaluated
spatiotemporal,100,core_means,terminal_taper_fraction,9212,9212,5d7bb0be48293a8c4e786bf87e7586b1f3c9a7bbc422160606bd3076fd70eeb8,0.0348398769908,mean_only,0.0561763213127,evaluated
spatiotemporal,100,core_means,normalized_entropy,9212,9212,5d7bb0be48293a8c4e786bf87e7586b1f3c9a7bbc422160606bd3076fd70eeb8,0.0538311122535,mean_only,0.0916153541827,evaluated
spatiotemporal,100,core_means,pulse_count,9212,9212,5d7bb0be48293a8c4e786bf87e7586b1f3c9a7bbc422160606bd3076fd70eeb8,0.00076897593648,mean_only,0.000799640572315,evaluated
spatiotemporal,100,core_means,reactivation_count,9212,9212,5d7bb0be48293a8c4e786bf87e7586b1f3c9a7bbc422160606bd3076fd70eeb8,-0.00208981463169,mean_only,-0.001164953654,evaluated
spatiotemporal,100,core_means,normalized_first_difference,9212,9212,5d7bb0be48293a8c4e786bf87e7586b1f3c9a7bbc422160606bd3076fd70eeb8,0.0301828021623,mean_only,0.0634565332144,evaluated
spatiotemporal,100,core_means,normalized_second_difference,9212,9212,5d7bb0be48293a8c4e786bf87e7586b1f3c9a7bbc422160606bd3076fd70eeb8,0.0279417117174,mean_only,0.0579340312386,evaluated
spatiotemporal,100,core_means,log_area,9212,9212,5d7bb0be48293a8c4e786bf87e7586b1f3c9a7bbc422160606bd3076fd70eeb8,0.0752422287893,mean_only,0.133350060823,evaluated
spatiotemporal,100,core_means,log_duration,9212,9212,5d7bb0be48293a8c4e786bf87e7586b1f3c9a7bbc422160606bd3076fd70eeb8,0.0106367055209,mean_only,0.0272038588926,evaluated
spatiotemporal,100,core_means,shape_PC1_fold,9212,9212,5d7bb0be48293a8c4e786bf87e7586b1f3c9a7bbc422160606bd3076fd70eeb8,-0.00326002718545,mean_only,0.0304931428015,evaluated
spatiotemporal,100,core_means,shape_PC2_fold,9212,9212,5d7bb0be48293a8c4e786bf87e7586b1f3c9a7bbc422160606bd3076fd70eeb8,-0.00309091587677,mean_only,0.0150150622964,evaluated
spatiotemporal,100,core_means,shape_PC3_fold,9212,9212,5d7bb0be48293a8c4e786bf87e7586b1f3c9a7bbc422160606bd3076fd70eeb8,-0.00289880763554,mean_only,0.00607333729186,evaluated
spatiotemporal,100,max_vpd_only,front_loaded_fraction,9212,9212,5d7bb0be48293a8c4e786bf87e7586b1f3c9a7bbc422160606bd3076fd70eeb8,0.0195724523932,mean_only,0.0310598225904,evaluated
spatiotemporal,100,max_vpd_only,late_growth_fraction,9212,9212,5d7bb0be48293a8c4e786bf87e7586b1f3c9a7bbc422160606bd3076fd70eeb8,0.0223975391397,mean_only,0.0368356024497,evaluated
spatiotemporal,100,max_vpd_only,peak_timing,9212,9212,5d7bb0be48293a8c4e786bf87e7586b1f3c9a7bbc422160606bd3076fd70eeb8,0.00103486601694,mean_only,0.00187268815005,evaluated
spatiotemporal,100,max_vpd_only,terminal_taper_fraction,9212,9212,5d7bb0be48293a8c4e786bf87e7586b1f3c9a7bbc422160606bd3076fd70eeb8,0.0296512310999,mean_only,0.0509876754217,evaluated
spatiotemporal,100,max_vpd_only,normalized_entropy,9212,9212,5d7bb0be48293a8c4e786bf87e7586b1f3c9a7bbc422160606bd3076fd70eeb8,0.0156099985816,mean_only,0.0533942405108,evaluated
spatiotemporal,100,max_vpd_only,pulse_count,9212,9212,5d7bb0be48293a8c4e786bf87e7586b1f3c9a7bbc422160606bd3076fd70eeb8,-0.000867094163587,mean_only,-0.000836429527751,evaluated
spatiotemporal,100,max_vpd_only,reactivation_count,9212,9212,5d7bb0be48293a8c4e786bf87e7586b1f3c9a7bbc422160606bd3076fd70eeb8,0.00225677709929,mean_only,0.00318163807697,evaluated
spatiotemporal,100,max_vpd_only,normalized_first_difference,9212,9212,5d7bb0be48293a8c4e786bf87e7586b1f3c9a7bbc422160606bd3076fd70eeb8,0.0504639308033,mean_only,0.0837376618554,evaluated
spatiotemporal,100,max_vpd_only,normalized_second_difference,9212,9212,5d7bb0be48293a8c4e786bf87e7586b1f3c9a7bbc422160606bd3076fd70eeb8,0.0453730280751,mean_only,0.0753653475963,evaluated
spatiotemporal,100,max_vpd_only,log_area,9212,9212,5d7bb0be48293a8c4e786bf87e7586b1f3c9a7bbc422160606bd3076fd70eeb8,0.0704158385911,mean_only,0.128523670624,evaluated
spatiotemporal,100,max_vpd_only,log_duration,9212,9212,5d7bb0be48293a8c4e786bf87e7586b1f3c9a7bbc422160606bd3076fd70eeb8,0.0449279393259,mean_only,0.0614950926977,evaluated
spatiotemporal,100,max_vpd_only,shape_PC1_fold,9212,9212,5d7bb0be48293a8c4e786bf87e7586b1f3c9a7bbc422160606bd3076fd70eeb8,-0.000803052229823,mean_only,0.0329501177572,evaluated
spatiotemporal,100,max_vpd_only,shape_PC2_fold,9212,9212,5d7bb0be48293a8c4e786bf87e7586b1f3c9a7bbc422160606bd3076fd70eeb8,-0.0035484845268,mean_only,0.0145574936464,evaluated
spatiotemporal,100,max_vpd_only,shape_PC3_fold,9212,9212,5d7bb0be48293a8c4e786bf87e7586b1f3c9a7bbc422160606bd3076fd70eeb8,-0.000527596992161,mean_only,0.00844454793524,evaluated
spatiotemporal,100,core_plus_max,front_loaded_fraction,9212,9212,5d7bb0be48293a8c4e786bf87e7586b1f3c9a7bbc422160606bd3076fd70eeb8,0.0233647608721,mean_only,0.0348521310693,evaluated
spatiotemporal,100,core_plus_max,late_growth_fraction,9212,9212,5d7bb0be48293a8c4e786bf87e7586b1f3c9a7bbc422160606bd3076fd70eeb8,0.0379382746822,mean_only,0.0523763379921,evaluated
spatiotemporal,100,core_plus_max,peak_timing,9212,9212,5d7bb0be48293a8c4e786bf87e7586b1f3c9a7bbc422160606bd3076fd70eeb8,0.00122990779937,mean_only,0.00206772993248,evaluated
spatiotemporal,100,core_plus_max,terminal_taper_fraction,9212,9212,5d7bb0be48293a8c4e786bf87e7586b1f3c9a7bbc422160606bd3076fd70eeb8,0.0760785240761,mean_only,0.0974149683979,evaluated
spatiotemporal,100,core_plus_max,normalized_entropy,9212,9212,5d7bb0be48293a8c4e786bf87e7586b1f3c9a7bbc422160606bd3076fd70eeb8,0.0726040216218,mean_only,0.110388263551,evaluated
spatiotemporal,100,core_plus_max,pulse_count,9212,9212,5d7bb0be48293a8c4e786bf87e7586b1f3c9a7bbc422160606bd3076fd70eeb8,0.0174288215365,mean_only,0.0174594861723,evaluated
spatiotemporal,100,core_plus_max,reactivation_count,9212,9212,5d7bb0be48293a8c4e786bf87e7586b1f3c9a7bbc422160606bd3076fd70eeb8,0.0207948134108,mean_only,0.0217196743885,evaluated
spatiotemporal,100,core_plus_max,normalized_first_difference,9212,9212,5d7bb0be48293a8c4e786bf87e7586b1f3c9a7bbc422160606bd3076fd70eeb8,0.160967954423,mean_only,0.194241685475,evaluated
spatiotemporal,100,core_plus_max,normalized_second_difference,9212,9212,5d7bb0be48293a8c4e786bf87e7586b1f3c9a7bbc422160606bd3076fd70eeb8,0.147199775439,mean_only,0.17719209496,evaluated
spatiotemporal,100,core_plus_max,log_area,9212,9212,5d7bb0be48293a8c4e786bf87e7586b1f3c9a7bbc422160606bd3076fd70eeb8,0.191605486028,mean_only,0.249713318062,evaluated
spatiotemporal,100,core_plus_max,log_duration,9212,9212,5d7bb0be48293a8c4e786bf87e7586b1f3c9a7bbc422160606bd3076fd70eeb8,0.177353378283,mean_only,0.193920531655,evaluated
spatiotemporal,100,core_plus_max,shape_PC1_fold,9212,9212,5d7bb0be48293a8c4e786bf87e7586b1f3c9a7bbc422160606bd3076fd70eeb8,0.00518804733258,mean_only,0.0389412173196,evaluated
spatiotemporal,100,core_plus_max,shape_PC2_fold,9212,9212,5d7bb0be48293a8c4e786bf87e7586b1f3c9a7bbc422160606bd3076fd70eeb8,0.00909327914041,mean_only,0.0271992573136,evaluated
spatiotemporal,100,core_plus_max,shape_PC3_fold,9212,9212,5d7bb0be48293a8c4e786bf87e7586b1f3c9a7bbc422160606bd3076fd70eeb8,0.00209010749657,mean_only,0.011062252424,evaluated
spatiotemporal,100,comprehensive_means,front_loaded_fraction,9212,9212,5d7bb0be48293a8c4e786bf87e7586b1f3c9a7bbc422160606bd3076fd70eeb8,0.0273483284072,mean_only,0.0388356986044,evaluated
spatiotemporal,100,comprehensive_means,late_growth_fraction,9212,9212,5d7bb0be48293a8c4e786bf87e7586b1f3c9a7bbc422160606bd3076fd70eeb8,0.0352765926264,mean_only,0.0497146559363,evaluated
spatiotemporal,100,comprehensive_means,peak_timing,9212,9212,5d7bb0be48293a8c4e786bf87e7586b1f3c9a7bbc422160606bd3076fd70eeb8,-0.00178551290179,mean_only,-0.000947690768682,evaluated
spatiotemporal,100,comprehensive_means,terminal_taper_fraction,9212,9212,5d7bb0be48293a8c4e786bf87e7586b1f3c9a7bbc422160606bd3076fd70eeb8,0.056344604662,mean_only,0.0776810489838,evaluated
spatiotemporal,100,comprehensive_means,normalized_entropy,9212,9212,5d7bb0be48293a8c4e786bf87e7586b1f3c9a7bbc422160606bd3076fd70eeb8,0.0870567115882,mean_only,0.124840953517,evaluated
spatiotemporal,100,comprehensive_means,pulse_count,9212,9212,5d7bb0be48293a8c4e786bf87e7586b1f3c9a7bbc422160606bd3076fd70eeb8,0.000872481843863,mean_only,0.000903146479699,evaluated
spatiotemporal,100,comprehensive_means,reactivation_count,9212,9212,5d7bb0be48293a8c4e786bf87e7586b1f3c9a7bbc422160606bd3076fd70eeb8,-0.0022542037247,mean_only,-0.00132934274701,evaluated
spatiotemporal,100,comprehensive_means,normalized_first_difference,9212,9212,5d7bb0be48293a8c4e786bf87e7586b1f3c9a7bbc422160606bd3076fd70eeb8,0.0936958321627,mean_only,0.126969563215,evaluated
spatiotemporal,100,comprehensive_means,normalized_second_difference,9212,9212,5d7bb0be48293a8c4e786bf87e7586b1f3c9a7bbc422160606bd3076fd70eeb8,0.0832656417661,mean_only,0.113257961287,evaluated
spatiotemporal,100,comprehensive_means,log_area,9212,9212,5d7bb0be48293a8c4e786bf87e7586b1f3c9a7bbc422160606bd3076fd70eeb8,0.170090447494,mean_only,0.228198279528,evaluated
spatiotemporal,100,comprehensive_means,log_duration,9212,9212,5d7bb0be48293a8c4e786bf87e7586b1f3c9a7bbc422160606bd3076fd70eeb8,0.0604913670862,mean_only,0.077058520458,evaluated
spatiotemporal,100,comprehensive_means,shape_PC1_fold,9212,9212,5d7bb0be48293a8c4e786bf87e7586b1f3c9a7bbc422160606bd3076fd70eeb8,0.00705893380917,mean_only,0.0408121037961,evaluated
spatiotemporal,100,comprehensive_means,shape_PC2_fold,9212,9212,5d7bb0be48293a8c4e786bf87e7586b1f3c9a7bbc422160606bd3076fd70eeb8,0.00519877413717,mean_only,0.0233047523104,evaluated
spatiotemporal,100,comprehensive_means,shape_PC3_fold,9212,9212,5d7bb0be48293a8c4e786bf87e7586b1f3c9a7bbc422160606bd3076fd70eeb8,0.00225906146275,mean_only,0.0112312063902,evaluated
spatiotemporal,100,comprehensive_plus_max,front_loaded_fraction,9212,9212,5d7bb0be48293a8c4e786bf87e7586b1f3c9a7bbc422160606bd3076fd70eeb8,0.0319257220918,mean_only,0.043413092289,evaluated
spatiotemporal,100,comprehensive_plus_max,late_growth_fraction,9212,9212,5d7bb0be48293a8c4e786bf87e7586b1f3c9a7bbc422160606bd3076fd70eeb8,0.0473891039249,mean_only,0.0618271672348,evaluated
spatiotemporal,100,comprehensive_plus_max,peak_timing,9212,9212,5d7bb0be48293a8c4e786bf87e7586b1f3c9a7bbc422160606bd3076fd70eeb8,-0.00268036404024,mean_only,-0.00184254190713,evaluated
spatiotemporal,100,comprehensive_plus_max,terminal_taper_fraction,9212,9212,5d7bb0be48293a8c4e786bf87e7586b1f3c9a7bbc422160606bd3076fd70eeb8,0.0892665958146,mean_only,0.110603040136,evaluated
spatiotemporal,100,comprehensive_plus_max,normalized_entropy,9212,9212,5d7bb0be48293a8c4e786bf87e7586b1f3c9a7bbc422160606bd3076fd70eeb8,0.0981204811293,mean_only,0.135904723059,evaluated
spatiotemporal,100,comprehensive_plus_max,pulse_count,9212,9212,5d7bb0be48293a8c4e786bf87e7586b1f3c9a7bbc422160606bd3076fd70eeb8,0.0157841315717,mean_only,0.0158147962075,evaluated
spatiotemporal,100,comprehensive_plus_max,reactivation_count,9212,9212,5d7bb0be48293a8c4e786bf87e7586b1f3c9a7bbc422160606bd3076fd70eeb8,0.0172712502881,mean_only,0.0181961112658,evaluated
spatiotemporal,100,comprehensive_plus_max,normalized_first_difference,9212,9212,5d7bb0be48293a8c4e786bf87e7586b1f3c9a7bbc422160606bd3076fd70eeb8,0.19652466924,mean_only,0.229798400292,evaluated
spatiotemporal,100,comprehensive_plus_max,normalized_second_difference,9212,9212,5d7bb0be48293a8c4e786bf87e7586b1f3c9a7bbc422160606bd3076fd70eeb8,0.177268258746,mean_only,0.207260578268,evaluated
spatiotemporal,100,comprehensive_plus_max,log_area,9212,9212,5d7bb0be48293a8c4e786bf87e7586b1f3c9a7bbc422160606bd3076fd70eeb8,0.256677682618,mean_only,0.314785514651,evaluated
spatiotemporal,100,comprehensive_plus_max,log_duration,9212,9212,5d7bb0be48293a8c4e786bf87e7586b1f3c9a7bbc422160606bd3076fd70eeb8,0.198722347753,mean_only,0.215289501124,evaluated
spatiotemporal,100,comprehensive_plus_max,shape_PC1_fold,9212,9212,5d7bb0be48293a8c4e786bf87e7586b1f3c9a7bbc422160606bd3076fd70eeb8,0.0128584451081,mean_only,0.0466116150951,evaluated
spatiotemporal,100,comprehensive_plus_max,shape_PC2_fold,9212,9212,5d7bb0be48293a8c4e786bf87e7586b1f3c9a7bbc422160606bd3076fd70eeb8,0.0168212275753,mean_only,0.0349272057485,evaluated
spatiotemporal,100,comprehensive_plus_max,shape_PC3_fold,9212,9212,5d7bb0be48293a8c4e786bf87e7586b1f3c9a7bbc422160606bd3076fd70eeb8,0.00491183040573,mean_only,0.0138839753331,evaluated
spatiotemporal,100,length_only,front_loaded_fraction,9212,9212,5d7bb0be48293a8c4e786bf87e7586b1f3c9a7bbc422160606bd3076fd70eeb8,0.0191037542722,mean_only,0.0305911244694,evaluated
spatiotemporal,100,length_only,late_growth_fraction,9212,9212,5d7bb0be48293a8c4e786bf87e7586b1f3c9a7bbc422160606bd3076fd70eeb8,0.0606610080805,mean_only,0.0750990713904,evaluated
spatiotemporal,100,length_only,peak_timing,9212,9212,5d7bb0be48293a8c4e786bf87e7586b1f3c9a7bbc422160606bd3076fd70eeb8,-0.00196125897946,mean_only,-0.00112343684635,evaluated
spatiotemporal,100,length_only,terminal_taper_fraction,9212,9212,5d7bb0be48293a8c4e786bf87e7586b1f3c9a7bbc422160606bd3076fd70eeb8,0.186976460016,mean_only,0.208312904338,evaluated
spatiotemporal,100,length_only,normalized_entropy,9212,9212,5d7bb0be48293a8c4e786bf87e7586b1f3c9a7bbc422160606bd3076fd70eeb8,0.012343421746,mean_only,0.0501276636752,evaluated
spatiotemporal,100,length_only,pulse_count,9212,9212,5d7bb0be48293a8c4e786bf87e7586b1f3c9a7bbc422160606bd3076fd70eeb8,0.173191406112,mean_only,0.173222070748,evaluated
spatiotemporal,100,length_only,reactivation_count,9212,9212,5d7bb0be48293a8c4e786bf87e7586b1f3c9a7bbc422160606bd3076fd70eeb8,0.164643867914,mean_only,0.165568728892,evaluated
spatiotemporal,100,length_only,normalized_first_difference,9212,9212,5d7bb0be48293a8c4e786bf87e7586b1f3c9a7bbc422160606bd3076fd70eeb8,0.623241954075,mean_only,0.656515685128,evaluated
spatiotemporal,100,length_only,normalized_second_difference,9212,9212,5d7bb0be48293a8c4e786bf87e7586b1f3c9a7bbc422160606bd3076fd70eeb8,0.558868034676,mean_only,0.588860354197,evaluated
spatiotemporal,100,length_only,log_area,9212,9212,5d7bb0be48293a8c4e786bf87e7586b1f3c9a7bbc422160606bd3076fd70eeb8,0.477306150636,mean_only,0.535413982669,evaluated
spatiotemporal,100,length_only,log_duration,9212,9212,5d7bb0be48293a8c4e786bf87e7586b1f3c9a7bbc422160606bd3076fd70eeb8,,mean_only,,excluded_known_outcome
spatiotemporal,100,length_only,shape_PC1_fold,9212,9212,5d7bb0be48293a8c4e786bf87e7586b1f3c9a7bbc422160606bd3076fd70eeb8,0.00319824948262,mean_only,0.0369514194696,evaluated
spatiotemporal,100,length_only,shape_PC2_fold,9212,9212,5d7bb0be48293a8c4e786bf87e7586b1f3c9a7bbc422160606bd3076fd70eeb8,0.0436203542629,mean_only,0.0617263324361,evaluated
spatiotemporal,100,length_only,shape_PC3_fold,9212,9212,5d7bb0be48293a8c4e786bf87e7586b1f3c9a7bbc422160606bd3076fd70eeb8,-0.000507804978622,mean_only,0.00846433994878,evaluated
spatiotemporal,100,length_plus_max,front_loaded_fraction,9212,9212,5d7bb0be48293a8c4e786bf87e7586b1f3c9a7bbc422160606bd3076fd70eeb8,0.0394173111629,mean_only,0.05090468136,evaluated
spatiotemporal,100,length_plus_max,late_growth_fraction,9212,9212,5d7bb0be48293a8c4e786bf87e7586b1f3c9a7bbc422160606bd3076fd70eeb8,0.077652889889,mean_only,0.0920909531989,evaluated
spatiotemporal,100,length_plus_max,peak_timing,9212,9212,5d7bb0be48293a8c4e786bf87e7586b1f3c9a7bbc422160606bd3076fd70eeb8,6.82864042095e-05,mean_only,0.000906108537316,evaluated
spatiotemporal,100,length_plus_max,terminal_taper_fraction,9212,9212,5d7bb0be48293a8c4e786bf87e7586b1f3c9a7bbc422160606bd3076fd70eeb8,0.19898850959,mean_only,0.220324953912,evaluated
spatiotemporal,100,length_plus_max,normalized_entropy,9212,9212,5d7bb0be48293a8c4e786bf87e7586b1f3c9a7bbc422160606bd3076fd70eeb8,0.0458710977531,mean_only,0.0836553396823,evaluated
spatiotemporal,100,length_plus_max,pulse_count,9212,9212,5d7bb0be48293a8c4e786bf87e7586b1f3c9a7bbc422160606bd3076fd70eeb8,0.184962469066,mean_only,0.184993133702,evaluated
spatiotemporal,100,length_plus_max,reactivation_count,9212,9212,5d7bb0be48293a8c4e786bf87e7586b1f3c9a7bbc422160606bd3076fd70eeb8,0.16535777488,mean_only,0.166282635857,evaluated
spatiotemporal,100,length_plus_max,normalized_first_difference,9212,9212,5d7bb0be48293a8c4e786bf87e7586b1f3c9a7bbc422160606bd3076fd70eeb8,0.631990068494,mean_only,0.665263799546,evaluated
spatiotemporal,100,length_plus_max,normalized_second_difference,9212,9212,5d7bb0be48293a8c4e786bf87e7586b1f3c9a7bbc422160606bd3076fd70eeb8,0.565873007568,mean_only,0.59586532709,evaluated
spatiotemporal,100,length_plus_max,log_area,9212,9212,5d7bb0be48293a8c4e786bf87e7586b1f3c9a7bbc422160606bd3076fd70eeb8,0.512419205338,mean_only,0.570527037371,evaluated
spatiotemporal,100,length_plus_max,log_duration,9212,9212,5d7bb0be48293a8c4e786bf87e7586b1f3c9a7bbc422160606bd3076fd70eeb8,,mean_only,,excluded_known_outcome
spatiotemporal,100,length_plus_max,shape_PC1_fold,9212,9212,5d7bb0be48293a8c4e786bf87e7586b1f3c9a7bbc422160606bd3076fd70eeb8,0.023871479409,mean_only,0.057624649396,evaluated
spatiotemporal,100,length_plus_max,shape_PC2_fold,9212,9212,5d7bb0be48293a8c4e786bf87e7586b1f3c9a7bbc422160606bd3076fd70eeb8,0.0471201941461,mean_only,0.0652261723192,evaluated
spatiotemporal,100,length_plus_max,shape_PC3_fold,9212,9212,5d7bb0be48293a8c4e786bf87e7586b1f3c9a7bbc422160606bd3076fd70eeb8,0.00480558049034,mean_only,0.0137777254177,evaluated
spatiotemporal,100,length_plus_core,front_loaded_fraction,9212,9212,5d7bb0be48293a8c4e786bf87e7586b1f3c9a7bbc422160606bd3076fd70eeb8,0.0394355778774,mean_only,0.0509229480746,evaluated
spatiotemporal,100,length_plus_core,late_growth_fraction,9212,9212,5d7bb0be48293a8c4e786bf87e7586b1f3c9a7bbc422160606bd3076fd70eeb8,0.0855197978813,mean_only,0.0999578611912,evaluated
spatiotemporal,100,length_plus_core,peak_timing,9212,9212,5d7bb0be48293a8c4e786bf87e7586b1f3c9a7bbc422160606bd3076fd70eeb8,0.00122982638565,mean_only,0.00206764851876,evaluated
spatiotemporal,100,length_plus_core,terminal_taper_fraction,9212,9212,5d7bb0be48293a8c4e786bf87e7586b1f3c9a7bbc422160606bd3076fd70eeb8,0.219288326713,mean_only,0.240624771035,evaluated
spatiotemporal,100,length_plus_core,normalized_entropy,9212,9212,5d7bb0be48293a8c4e786bf87e7586b1f3c9a7bbc422160606bd3076fd70eeb8,0.0887334650816,mean_only,0.126517707011,evaluated
spatiotemporal,100,length_plus_core,pulse_count,9212,9212,5d7bb0be48293a8c4e786bf87e7586b1f3c9a7bbc422160606bd3076fd70eeb8,0.183734254214,mean_only,0.18376491885,evaluated
spatiotemporal,100,length_plus_core,reactivation_count,9212,9212,5d7bb0be48293a8c4e786bf87e7586b1f3c9a7bbc422160606bd3076fd70eeb8,0.164475450865,mean_only,0.165400311843,evaluated
spatiotemporal,100,length_plus_core,normalized_first_difference,9212,9212,5d7bb0be48293a8c4e786bf87e7586b1f3c9a7bbc422160606bd3076fd70eeb8,0.641496980668,mean_only,0.67477071172,evaluated
spatiotemporal,100,length_plus_core,normalized_second_difference,9212,9212,5d7bb0be48293a8c4e786bf87e7586b1f3c9a7bbc422160606bd3076fd70eeb8,0.576175637871,mean_only,0.606167957392,evaluated
spatiotemporal,100,length_plus_core,log_area,9212,9212,5d7bb0be48293a8c4e786bf87e7586b1f3c9a7bbc422160606bd3076fd70eeb8,0.546034653344,mean_only,0.604142485377,evaluated
spatiotemporal,100,length_plus_core,log_duration,9212,9212,5d7bb0be48293a8c4e786bf87e7586b1f3c9a7bbc422160606bd3076fd70eeb8,,mean_only,,excluded_known_outcome
spatiotemporal,100,length_plus_core,shape_PC1_fold,9212,9212,5d7bb0be48293a8c4e786bf87e7586b1f3c9a7bbc422160606bd3076fd70eeb8,0.0256328075865,mean_only,0.0593859775734,evaluated
spatiotemporal,100,length_plus_core,shape_PC2_fold,9212,9212,5d7bb0be48293a8c4e786bf87e7586b1f3c9a7bbc422160606bd3076fd70eeb8,0.0509874223834,mean_only,0.0690934005566,evaluated
spatiotemporal,100,length_plus_core,shape_PC3_fold,9212,9212,5d7bb0be48293a8c4e786bf87e7586b1f3c9a7bbc422160606bd3076fd70eeb8,0.00377184408047,mean_only,0.0127439890079,evaluated
spatiotemporal,100,length_plus_core_max,front_loaded_fraction,9212,9212,5d7bb0be48293a8c4e786bf87e7586b1f3c9a7bbc422160606bd3076fd70eeb8,0.0403018623374,mean_only,0.0517892325346,evaluated
spatiotemporal,100,length_plus_core_max,late_growth_fraction,9212,9212,5d7bb0be48293a8c4e786bf87e7586b1f3c9a7bbc422160606bd3076fd70eeb8,0.0856320059094,mean_only,0.100070069219,evaluated
spatiotemporal,100,length_plus_core_max,peak_timing,9212,9212,5d7bb0be48293a8c4e786bf87e7586b1f3c9a7bbc422160606bd3076fd70eeb8,0.000452848218477,mean_only,0.00129067035158,evaluated
spatiotemporal,100,length_plus_core_max,terminal_taper_fraction,9212,9212,5d7bb0be48293a8c4e786bf87e7586b1f3c9a7bbc422160606bd3076fd70eeb8,0.219668752724,mean_only,0.241005197046,evaluated
spatiotemporal,100,length_plus_core_max,normalized_entropy,9212,9212,5d7bb0be48293a8c4e786bf87e7586b1f3c9a7bbc422160606bd3076fd70eeb8,0.0936790260001,mean_only,0.131463267929,evaluated
spatiotemporal,100,length_plus_core_max,pulse_count,9212,9212,5d7bb0be48293a8c4e786bf87e7586b1f3c9a7bbc422160606bd3076fd70eeb8,0.187256807415,mean_only,0.187287472051,evaluated
spatiotemporal,100,length_plus_core_max,reactivation_count,9212,9212,5d7bb0be48293a8c4e786bf87e7586b1f3c9a7bbc422160606bd3076fd70eeb8,0.164572481007,mean_only,0.165497341984,evaluated
spatiotemporal,100,length_plus_core_max,normalized_first_difference,9212,9212,5d7bb0be48293a8c4e786bf87e7586b1f3c9a7bbc422160606bd3076fd70eeb8,0.644140725082,mean_only,0.677414456134,evaluated
spatiotemporal,100,length_plus_core_max,normalized_second_difference,9212,9212,5d7bb0be48293a8c4e786bf87e7586b1f3c9a7bbc422160606bd3076fd70eeb8,0.578309799542,mean_only,0.608302119063,evaluated
spatiotemporal,100,length_plus_core_max,log_area,9212,9212,5d7bb0be48293a8c4e786bf87e7586b1f3c9a7bbc422160606bd3076fd70eeb8,0.552279863158,mean_only,0.610387695191,evaluated
spatiotemporal,100,length_plus_core_max,log_duration,9212,9212,5d7bb0be48293a8c4e786bf87e7586b1f3c9a7bbc422160606bd3076fd70eeb8,,mean_only,,excluded_known_outcome
spatiotemporal,100,length_plus_core_max,shape_PC1_fold,9212,9212,5d7bb0be48293a8c4e786bf87e7586b1f3c9a7bbc422160606bd3076fd70eeb8,0.0262217593721,mean_only,0.0599749293591,evaluated
spatiotemporal,100,length_plus_core_max,shape_PC2_fold,9212,9212,5d7bb0be48293a8c4e786bf87e7586b1f3c9a7bbc422160606bd3076fd70eeb8,0.0511641716908,mean_only,0.069270149864,evaluated
spatiotemporal,100,length_plus_core_max,shape_PC3_fold,9212,9212,5d7bb0be48293a8c4e786bf87e7586b1f3c9a7bbc422160606bd3076fd70eeb8,0.00574986167689,mean_only,0.0147220066043,evaluated
spatiotemporal,100,core_quantile_exceedance,front_loaded_fraction,9212,9212,5d7bb0be48293a8c4e786bf87e7586b1f3c9a7bbc422160606bd3076fd70eeb8,0.0220253056745,mean_only,0.0335126758717,evaluated
spatiotemporal,100,core_quantile_exceedance,late_growth_fraction,9212,9212,5d7bb0be48293a8c4e786bf87e7586b1f3c9a7bbc422160606bd3076fd70eeb8,0.0341735163485,mean_only,0.0486115796584,evaluated
spatiotemporal,100,core_quantile_exceedance,peak_timing,9212,9212,5d7bb0be48293a8c4e786bf87e7586b1f3c9a7bbc422160606bd3076fd70eeb8,0.00195220386514,mean_only,0.00279002599825,evaluated
spatiotemporal,100,core_quantile_exceedance,terminal_taper_fraction,9212,9212,5d7bb0be48293a8c4e786bf87e7586b1f3c9a7bbc422160606bd3076fd70eeb8,0.0657415212572,mean_only,0.0870779655791,evaluated
spatiotemporal,100,core_quantile_exceedance,normalized_entropy,9212,9212,5d7bb0be48293a8c4e786bf87e7586b1f3c9a7bbc422160606bd3076fd70eeb8,0.0638017252806,mean_only,0.10158596721,evaluated
spatiotemporal,100,core_quantile_exceedance,pulse_count,9212,9212,5d7bb0be48293a8c4e786bf87e7586b1f3c9a7bbc422160606bd3076fd70eeb8,0.0101964618942,mean_only,0.01022712653,evaluated
spatiotemporal,100,core_quantile_exceedance,reactivation_count,9212,9212,5d7bb0be48293a8c4e786bf87e7586b1f3c9a7bbc422160606bd3076fd70eeb8,0.00741427001415,mean_only,0.00833913099184,evaluated
spatiotemporal,100,core_quantile_exceedance,normalized_first_difference,9212,9212,5d7bb0be48293a8c4e786bf87e7586b1f3c9a7bbc422160606bd3076fd70eeb8,0.127480096258,mean_only,0.16075382731,evaluated
spatiotemporal,100,core_quantile_exceedance,normalized_second_difference,9212,9212,5d7bb0be48293a8c4e786bf87e7586b1f3c9a7bbc422160606bd3076fd70eeb8,0.118894428184,mean_only,0.148886747705,evaluated
spatiotemporal,100,core_quantile_exceedance,log_area,9212,9212,5d7bb0be48293a8c4e786bf87e7586b1f3c9a7bbc422160606bd3076fd70eeb8,0.160375289708,mean_only,0.218483121741,evaluated
spatiotemporal,100,core_quantile_exceedance,log_duration,9212,9212,5d7bb0be48293a8c4e786bf87e7586b1f3c9a7bbc422160606bd3076fd70eeb8,0.132860690828,mean_only,0.1494278442,evaluated
spatiotemporal,100,core_quantile_exceedance,shape_PC1_fold,9212,9212,5d7bb0be48293a8c4e786bf87e7586b1f3c9a7bbc422160606bd3076fd70eeb8,0.00308592219169,mean_only,0.0368390921787,evaluated
spatiotemporal,100,core_quantile_exceedance,shape_PC2_fold,9212,9212,5d7bb0be48293a8c4e786bf87e7586b1f3c9a7bbc422160606bd3076fd70eeb8,0.0072890960123,mean_only,0.0253950741855,evaluated
spatiotemporal,100,core_quantile_exceedance,shape_PC3_fold,9212,9212,5d7bb0be48293a8c4e786bf87e7586b1f3c9a7bbc422160606bd3076fd70eeb8,0.0010964763375,mean_only,0.0100686212649,evaluated
