kind,fold,stage,feature,center,scale,train_n,pc1_loading,pc1_evr
random_fire,0,outcome_pca,allocation_00,0.0462255874624,0.0337140344698,7341,-0.188858132899,0.343779926179
random_fire,0,outcome_pca,allocation_01,0.0464789122681,0.0337142581443,7341,-0.19146392125,0.343779926179
random_fire,0,outcome_pca,allocation_02,0.0479612530464,0.0341833312101,7341,-0.209034626587,0.343779926179
random_fire,0,outcome_pca,allocation_03,0.0509726485576,0.0366626592429,7341,-0.232919586549,0.343779926179
random_fire,0,outcome_pca,allocation_04,0.055060249284,0.0409253463437,7341,-0.242217076437,0.343779926179
random_fire,0,outcome_pca,allocation_05,0.0593495804624,0.0421870541129,7341,-0.241716134157,0.343779926179
random_fire,0,outcome_pca,allocation_06,0.0599449587823,0.0372991189078,7341,-0.226633721868,0.343779926179
random_fire,0,outcome_pca,allocation_07,0.0602301802117,0.0409162966361,7341,-0.124946071624,0.343779926179
random_fire,0,outcome_pca,allocation_08,0.0594154327687,0.0392566491809,7341,-0.0807403416482,0.343779926179
random_fire,0,outcome_pca,allocation_09,0.0590614482653,0.0402645425562,7341,-0.0662308197618,0.343779926179
random_fire,0,outcome_pca,allocation_10,0.0547288566464,0.0367602578128,7341,0.0490298348695,0.343779926179
random_fire,0,outcome_pca,allocation_11,0.0540069901829,0.0349922380319,7341,0.0665231892295,0.343779926179
random_fire,0,outcome_pca,allocation_12,0.0516434449622,0.0340666569051,7341,0.11084442752,0.343779926179
random_fire,0,outcome_pca,allocation_13,0.0483381813063,0.028434522335,7341,0.247033813494,0.343779926179
random_fire,0,outcome_pca,allocation_14,0.0459817526312,0.0310209130691,7341,0.276459936725,0.343779926179
random_fire,0,outcome_pca,allocation_15,0.0424941060127,0.0301850232771,7341,0.305697121847,0.343779926179
random_fire,0,outcome_pca,allocation_16,0.0406052572113,0.0286815192989,7341,0.313415843293,0.343779926179
random_fire,0,outcome_pca,allocation_17,0.0395083366782,0.0282471665999,7341,0.31200289118,0.343779926179
random_fire,0,outcome_pca,allocation_18,0.0390220924641,0.02838932915,7341,0.307735805568,0.343779926179
random_fire,0,outcome_pca,allocation_19,0.0389707307959,0.028458897425,7341,0.307331374228,0.343779926179
random_fire,0,core_means,mean_maximum_temperature_c,25.5634605403,7.32247685253,7341,,
random_fire,0,core_means,mean_minimum_temperature_c,10.107818678,7.37918853153,7341,,
random_fire,0,core_means,mean_vpd_kpa,1.34920990445,0.747472219115,7341,,
random_fire,0,core_means,mean_wind_speed_m_s,3.93473817788,1.2779223975,7341,,
random_fire,0,max_vpd_only,max_vpd,1.6387971666,0.856072873898,7341,,
random_fire,0,core_plus_max,mean_maximum_temperature_c,25.5634605403,7.32247685253,7341,,
random_fire,0,core_plus_max,mean_minimum_temperature_c,10.107818678,7.37918853153,7341,,
random_fire,0,core_plus_max,mean_vpd_kpa,1.34920990445,0.747472219115,7341,,
random_fire,0,core_plus_max,mean_wind_speed_m_s,3.93473817788,1.2779223975,7341,,
random_fire,0,core_plus_max,max_vpd,1.6387971666,0.856072873898,7341,,
random_fire,0,comprehensive_means,mean_maximum_temperature_c,25.5634605403,7.32247685253,7341,,
random_fire,0,comprehensive_means,mean_minimum_temperature_c,10.107818678,7.37918853153,7341,,
random_fire,0,comprehensive_means,mean_vpd_kpa,1.34920990445,0.747472219115,7341,,
random_fire,0,comprehensive_means,mean_wind_speed_m_s,3.93473817788,1.2779223975,7341,,
random_fire,0,comprehensive_means,mean_precipitation_mm,0.723350042337,2.13264993457,7341,,
random_fire,0,comprehensive_means,mean_maximum_relative_humidity_pct,76.9381892515,18.6158552931,7341,,
random_fire,0,comprehensive_means,mean_minimum_relative_humidity_pct,29.2623536467,12.4698558403,7341,,
random_fire,0,comprehensive_means,mean_specific_humidity_kg_kg,0.00732733408606,0.00389014646956,7341,,
random_fire,0,comprehensive_means,mean_fuel_moisture_100hr_pct,12.2127986452,4.01589089219,7341,,
random_fire,0,comprehensive_means,mean_fuel_moisture_1000hr_pct,14.5179381218,4.52680315387,7341,,
random_fire,0,comprehensive_means,mean_energy_release_component,44.7244069774,21.071817006,7341,,
random_fire,0,comprehensive_means,mean_burning_index,37.156181846,18.6049249804,7341,,
random_fire,0,comprehensive_means,mean_reference_evapotranspiration_mm,6.74426015865,2.57808906932,7341,,
random_fire,0,comprehensive_means,mean_potential_evapotranspiration_mm,4.88575877207,1.8719020488,7341,,
random_fire,0,comprehensive_means,mean_solar_radiation_w_m2,236.989802461,64.5223133398,7341,,
random_fire,0,comprehensive_plus_max,mean_maximum_temperature_c,25.5634605403,7.32247685253,7341,,
random_fire,0,comprehensive_plus_max,mean_minimum_temperature_c,10.107818678,7.37918853153,7341,,
random_fire,0,comprehensive_plus_max,mean_vpd_kpa,1.34920990445,0.747472219115,7341,,
random_fire,0,comprehensive_plus_max,mean_wind_speed_m_s,3.93473817788,1.2779223975,7341,,
random_fire,0,comprehensive_plus_max,mean_precipitation_mm,0.723350042337,2.13264993457,7341,,
random_fire,0,comprehensive_plus_max,mean_maximum_relative_humidity_pct,76.9381892515,18.6158552931,7341,,
random_fire,0,comprehensive_plus_max,mean_minimum_relative_humidity_pct,29.2623536467,12.4698558403,7341,,
random_fire,0,comprehensive_plus_max,mean_specific_humidity_kg_kg,0.00732733408606,0.00389014646956,7341,,
random_fire,0,comprehensive_plus_max,mean_fuel_moisture_100hr_pct,12.2127986452,4.01589089219,7341,,
random_fire,0,comprehensive_plus_max,mean_fuel_moisture_1000hr_pct,14.5179381218,4.52680315387,7341,,
random_fire,0,comprehensive_plus_max,mean_energy_release_component,44.7244069774,21.071817006,7341,,
random_fire,0,comprehensive_plus_max,mean_burning_index,37.156181846,18.6049249804,7341,,
random_fire,0,comprehensive_plus_max,mean_reference_evapotranspiration_mm,6.74426015865,2.57808906932,7341,,
random_fire,0,comprehensive_plus_max,mean_potential_evapotranspiration_mm,4.88575877207,1.8719020488,7341,,
random_fire,0,comprehensive_plus_max,mean_solar_radiation_w_m2,236.989802461,64.5223133398,7341,,
random_fire,0,comprehensive_plus_max,max_vpd,1.6387971666,0.856072873898,7341,,
random_fire,0,length_only,log_duration,1.6125086281,0.313977126184,7341,,
random_fire,0,length_only,log_observations,1.6125086281,0.313977126184,7341,,
random_fire,0,length_plus_max,log_duration,1.6125086281,0.313977126184,7341,,
random_fire,0,length_plus_max,log_observations,1.6125086281,0.313977126184,7341,,
random_fire,0,length_plus_max,max_vpd,1.6387971666,0.856072873898,7341,,
random_fire,0,length_plus_core,log_duration,1.6125086281,0.313977126184,7341,,
random_fire,0,length_plus_core,log_observations,1.6125086281,0.313977126184,7341,,
random_fire,0,length_plus_core,mean_maximum_temperature_c,25.5634605403,7.32247685253,7341,,
random_fire,0,length_plus_core,mean_minimum_temperature_c,10.107818678,7.37918853153,7341,,
random_fire,0,length_plus_core,mean_vpd_kpa,1.34920990445,0.747472219115,7341,,
random_fire,0,length_plus_core,mean_wind_speed_m_s,3.93473817788,1.2779223975,7341,,
random_fire,0,length_plus_core_max,log_duration,1.6125086281,0.313977126184,7341,,
random_fire,0,length_plus_core_max,log_observations,1.6125086281,0.313977126184,7341,,
random_fire,0,length_plus_core_max,mean_maximum_temperature_c,25.5634605403,7.32247685253,7341,,
random_fire,0,length_plus_core_max,mean_minimum_temperature_c,10.107818678,7.37918853153,7341,,
random_fire,0,length_plus_core_max,mean_vpd_kpa,1.34920990445,0.747472219115,7341,,
random_fire,0,length_plus_core_max,mean_wind_speed_m_s,3.93473817788,1.2779223975,7341,,
random_fire,0,length_plus_core_max,max_vpd,1.6387971666,0.856072873898,7341,,
random_fire,0,core_quantile_exceedance,mean_maximum_temperature_c,25.5634605403,7.32247685253,7341,,
random_fire,0,core_quantile_exceedance,mean_minimum_temperature_c,10.107818678,7.37918853153,7341,,
random_fire,0,core_quantile_exceedance,mean_vpd_kpa,1.34920990445,0.747472219115,7341,,
random_fire,0,core_quantile_exceedance,mean_wind_speed_m_s,3.93473817788,1.2779223975,7341,,
random_fire,0,core_quantile_exceedance,q90_vpd,1.57632938292,0.828274285979,7341,,
random_fire,0,core_quantile_exceedance,vpd_gt_2_fraction,0.186792609121,0.340113666888,7341,,
random_fire,0,core_quantile_exceedance,wet_fraction,0.154301606253,0.229540341879,7341,,
random_fire,1,outcome_pca,allocation_00,0.046466259381,0.0338605215435,7357,-0.198456357386,0.346630435647
random_fire,1,outcome_pca,allocation_01,0.0467524255304,0.0337842878639,7357,-0.201969883811,0.346630435647
random_fire,1,outcome_pca,allocation_02,0.0483507424476,0.0346757263793,7357,-0.219809477293,0.346630435647
random_fire,1,outcome_pca,allocation_03,0.0513658665391,0.0372232678077,7357,-0.242234513631,0.346630435647
random_fire,1,outcome_pca,allocation_04,0.0553694260443,0.0411841170932,7357,-0.250153052272,0.346630435647
random_fire,1,outcome_pca,allocation_05,0.0594271698465,0.041860184107,7357,-0.242158359041,0.346630435647
random_fire,1,outcome_pca,allocation_06,0.0599100081254,0.0367913622789,7357,-0.223043215389,0.346630435647
random_fire,1,outcome_pca,allocation_07,0.0602309918339,0.0404072172266,7357,-0.115230300596,0.346630435647
random_fire,1,outcome_pca,allocation_08,0.0595627527959,0.0391303690787,7357,-0.0661146493411,0.346630435647
random_fire,1,outcome_pca,allocation_09,0.0593076027082,0.0401191595063,7357,-0.0516937847407,0.346630435647
random_fire,1,outcome_pca,allocation_10,0.0545269026783,0.0365548149458,7357,0.0667227135837,0.346630435647
random_fire,1,outcome_pca,allocation_11,0.0537948195324,0.0349238533883,7357,0.082959382507,0.346630435647
random_fire,1,outcome_pca,allocation_12,0.0513459025221,0.0335556969401,7357,0.126393765306,0.346630435647
random_fire,1,outcome_pca,allocation_13,0.048195570557,0.027956298286,7357,0.257118246569,0.346630435647
random_fire,1,outcome_pca,allocation_14,0.0459666017456,0.0309877667639,7357,0.276932630524,0.346630435647
random_fire,1,outcome_pca,allocation_15,0.0424097001848,0.029730733877,7357,0.298406814514,0.346630435647
random_fire,1,outcome_pca,allocation_16,0.0402878618424,0.0280969529422,7357,0.305560805853,0.346630435647
random_fire,1,outcome_pca,allocation_17,0.0392484693896,0.0280242703087,7357,0.302433505297,0.346630435647
random_fire,1,outcome_pca,allocation_18,0.0387657472602,0.0282717724116,7357,0.298256661328,0.346630435647
random_fire,1,outcome_pca,allocation_19,0.0387151790354,0.0283299400753,7357,0.297648163576,0.346630435647
random_fire,1,core_means,mean_maximum_temperature_c,25.6118813096,7.39522091012,7357,,
random_fire,1,core_means,mean_minimum_temperature_c,10.1431777124,7.44269226699,7357,,
random_fire,1,core_means,mean_vpd_kpa,1.3492968843,0.746428086545,7357,,
random_fire,1,core_means,mean_wind_speed_m_s,3.93025092718,1.26341820546,7357,,
random_fire,1,max_vpd_only,max_vpd,1.63676634498,0.852752379703,7357,,
random_fire,1,core_plus_max,mean_maximum_temperature_c,25.6118813096,7.39522091012,7357,,
random_fire,1,core_plus_max,mean_minimum_temperature_c,10.1431777124,7.44269226699,7357,,
random_fire,1,core_plus_max,mean_vpd_kpa,1.3492968843,0.746428086545,7357,,
random_fire,1,core_plus_max,mean_wind_speed_m_s,3.93025092718,1.26341820546,7357,,
random_fire,1,core_plus_max,max_vpd,1.63676634498,0.852752379703,7357,,
random_fire,1,comprehensive_means,mean_maximum_temperature_c,25.6118813096,7.39522091012,7357,,
random_fire,1,comprehensive_means,mean_minimum_temperature_c,10.1431777124,7.44269226699,7357,,
random_fire,1,comprehensive_means,mean_vpd_kpa,1.3492968843,0.746428086545,7357,,
random_fire,1,comprehensive_means,mean_wind_speed_m_s,3.93025092718,1.26341820546,7357,,
random_fire,1,comprehensive_means,mean_precipitation_mm,0.73906782661,2.04492105526,7357,,
random_fire,1,comprehensive_means,mean_maximum_relative_humidity_pct,77.2338415507,18.6144625578,7357,,
random_fire,1,comprehensive_means,mean_minimum_relative_humidity_pct,29.3381046221,12.4015705276,7357,,
random_fire,1,comprehensive_means,mean_specific_humidity_kg_kg,0.007383267744,0.00392703701715,7357,,
random_fire,1,comprehensive_means,mean_fuel_moisture_100hr_pct,12.2643743118,4.01501453051,7357,,
random_fire,1,comprehensive_means,mean_fuel_moisture_1000hr_pct,14.549398095,4.51751131602,7357,,
random_fire,1,comprehensive_means,mean_energy_release_component,44.5339689862,21.0196589965,7357,,
random_fire,1,comprehensive_means,mean_burning_index,36.9252234108,18.5365068774,7357,,
random_fire,1,comprehensive_means,mean_reference_evapotranspiration_mm,6.74230232979,2.57672823343,7357,,
random_fire,1,comprehensive_means,mean_potential_evapotranspiration_mm,4.88691498708,1.87512992042,7357,,
random_fire,1,comprehensive_means,mean_solar_radiation_w_m2,237.044041522,64.5859960813,7357,,
random_fire,1,comprehensive_plus_max,mean_maximum_temperature_c,25.6118813096,7.39522091012,7357,,
random_fire,1,comprehensive_plus_max,mean_minimum_temperature_c,10.1431777124,7.44269226699,7357,,
random_fire,1,comprehensive_plus_max,mean_vpd_kpa,1.3492968843,0.746428086545,7357,,
random_fire,1,comprehensive_plus_max,mean_wind_speed_m_s,3.93025092718,1.26341820546,7357,,
random_fire,1,comprehensive_plus_max,mean_precipitation_mm,0.73906782661,2.04492105526,7357,,
random_fire,1,comprehensive_plus_max,mean_maximum_relative_humidity_pct,77.2338415507,18.6144625578,7357,,
random_fire,1,comprehensive_plus_max,mean_minimum_relative_humidity_pct,29.3381046221,12.4015705276,7357,,
random_fire,1,comprehensive_plus_max,mean_specific_humidity_kg_kg,0.007383267744,0.00392703701715,7357,,
random_fire,1,comprehensive_plus_max,mean_fuel_moisture_100hr_pct,12.2643743118,4.01501453051,7357,,
random_fire,1,comprehensive_plus_max,mean_fuel_moisture_1000hr_pct,14.549398095,4.51751131602,7357,,
random_fire,1,comprehensive_plus_max,mean_energy_release_component,44.5339689862,21.0196589965,7357,,
random_fire,1,comprehensive_plus_max,mean_burning_index,36.9252234108,18.5365068774,7357,,
random_fire,1,comprehensive_plus_max,mean_reference_evapotranspiration_mm,6.74230232979,2.57672823343,7357,,
random_fire,1,comprehensive_plus_max,mean_potential_evapotranspiration_mm,4.88691498708,1.87512992042,7357,,
random_fire,1,comprehensive_plus_max,mean_solar_radiation_w_m2,237.044041522,64.5859960813,7357,,
random_fire,1,comprehensive_plus_max,max_vpd,1.63676634498,0.852752379703,7357,,
random_fire,1,length_only,log_duration,1.61448010836,0.312775641212,7357,,
random_fire,1,length_only,log_observations,1.61448010836,0.312775641212,7357,,
random_fire,1,length_plus_max,log_duration,1.61448010836,0.312775641212,7357,,
random_fire,1,length_plus_max,log_observations,1.61448010836,0.312775641212,7357,,
random_fire,1,length_plus_max,max_vpd,1.63676634498,0.852752379703,7357,,
random_fire,1,length_plus_core,log_duration,1.61448010836,0.312775641212,7357,,
random_fire,1,length_plus_core,log_observations,1.61448010836,0.312775641212,7357,,
random_fire,1,length_plus_core,mean_maximum_temperature_c,25.6118813096,7.39522091012,7357,,
random_fire,1,length_plus_core,mean_minimum_temperature_c,10.1431777124,7.44269226699,7357,,
random_fire,1,length_plus_core,mean_vpd_kpa,1.3492968843,0.746428086545,7357,,
random_fire,1,length_plus_core,mean_wind_speed_m_s,3.93025092718,1.26341820546,7357,,
random_fire,1,length_plus_core_max,log_duration,1.61448010836,0.312775641212,7357,,
random_fire,1,length_plus_core_max,log_observations,1.61448010836,0.312775641212,7357,,
random_fire,1,length_plus_core_max,mean_maximum_temperature_c,25.6118813096,7.39522091012,7357,,
random_fire,1,length_plus_core_max,mean_minimum_temperature_c,10.1431777124,7.44269226699,7357,,
random_fire,1,length_plus_core_max,mean_vpd_kpa,1.3492968843,0.746428086545,7357,,
random_fire,1,length_plus_core_max,mean_wind_speed_m_s,3.93025092718,1.26341820546,7357,,
random_fire,1,length_plus_core_max,max_vpd,1.63676634498,0.852752379703,7357,,
random_fire,1,core_quantile_exceedance,mean_maximum_temperature_c,25.6118813096,7.39522091012,7357,,
random_fire,1,core_quantile_exceedance,mean_minimum_temperature_c,10.1431777124,7.44269226699,7357,,
random_fire,1,core_quantile_exceedance,mean_vpd_kpa,1.3492968843,0.746428086545,7357,,
random_fire,1,core_quantile_exceedance,mean_wind_speed_m_s,3.93025092718,1.26341820546,7357,,
random_fire,1,core_quantile_exceedance,q90_vpd,1.57478306375,0.825242190059,7357,,
random_fire,1,core_quantile_exceedance,vpd_gt_2_fraction,0.186614604413,0.340265735059,7357,,
random_fire,1,core_quantile_exceedance,wet_fraction,0.155968816904,0.229873011274,7357,,
random_fire,2,outcome_pca,allocation_00,0.04611789943,0.0334720123101,7312,-0.18403265502,0.343564947113
random_fire,2,outcome_pca,allocation_01,0.0464617416591,0.0334906025504,7312,-0.187580970045,0.343564947113
random_fire,2,outcome_pca,allocation_02,0.0480293939631,0.0343360772405,7312,-0.206042875493,0.343564947113
random_fire,2,outcome_pca,allocation_03,0.0509403007812,0.036696010712,7312,-0.230977762925,0.343564947113
random_fire,2,outcome_pca,allocation_04,0.055233533646,0.0411585964525,7312,-0.243739437313,0.343564947113
random_fire,2,outcome_pca,allocation_05,0.0597171625503,0.0421805752251,7312,-0.243199622243,0.343564947113
random_fire,2,outcome_pca,allocation_06,0.0601813910322,0.037249230549,7312,-0.228967857048,0.343564947113
random_fire,2,outcome_pca,allocation_07,0.0603686562263,0.0406982363473,7312,-0.128863115382,0.343564947113
random_fire,2,outcome_pca,allocation_08,0.0596374419308,0.0393199763333,7312,-0.0817526709492,0.343564947113
random_fire,2,outcome_pca,allocation_09,0.059285544722,0.0401067193519,7312,-0.0679353272214,0.343564947113
random_fire,2,outcome_pca,allocation_10,0.0546771427643,0.0365969075697,7312,0.0522668745703,0.343564947113
random_fire,2,outcome_pca,allocation_11,0.0538670582008,0.0350383090323,7312,0.0701539641979,0.343564947113
random_fire,2,outcome_pca,allocation_12,0.0511119473888,0.033339157037,7312,0.113190671883,0.343564947113
random_fire,2,outcome_pca,allocation_13,0.0480976127337,0.0277751625925,7312,0.250299296367,0.343564947113
random_fire,2,outcome_pca,allocation_14,0.0460009780488,0.0308203801621,7312,0.276653479083,0.343564947113
random_fire,2,outcome_pca,allocation_15,0.0423713668433,0.0296589477063,7312,0.304214809224,0.343564947113
random_fire,2,outcome_pca,allocation_16,0.0405558005657,0.0285511916082,7312,0.313382575176,0.343564947113
random_fire,2,outcome_pca,allocation_17,0.039485128346,0.0284070030938,7312,0.311275494866,0.343564947113
random_fire,2,outcome_pca,allocation_18,0.0389650052727,0.0285400485868,7312,0.307556972186,0.343564947113
random_fire,2,outcome_pca,allocation_19,0.038894893895,0.0285890058047,7312,0.307187038781,0.343564947113
random_fire,2,core_means,mean_maximum_temperature_c,25.6242173351,7.31564399934,7312,,
random_fire,2,core_means,mean_minimum_temperature_c,10.1617512322,7.36153604302,7312,,
random_fire,2,core_means,mean_vpd_kpa,1.34921574196,0.748228196195,7312,,
random_fire,2,core_means,mean_wind_speed_m_s,3.93146407491,1.2735487887,7312,,
random_fire,2,max_vpd_only,max_vpd,1.634577407,0.852027596335,7312,,
random_fire,2,core_plus_max,mean_maximum_temperature_c,25.6242173351,7.31564399934,7312,,
random_fire,2,core_plus_max,mean_minimum_temperature_c,10.1617512322,7.36153604302,7312,,
random_fire,2,core_plus_max,mean_vpd_kpa,1.34921574196,0.748228196195,7312,,
random_fire,2,core_plus_max,mean_wind_speed_m_s,3.93146407491,1.2735487887,7312,,
random_fire,2,core_plus_max,max_vpd,1.634577407,0.852027596335,7312,,
random_fire,2,comprehensive_means,mean_maximum_temperature_c,25.6242173351,7.31564399934,7312,,
random_fire,2,comprehensive_means,mean_minimum_temperature_c,10.1617512322,7.36153604302,7312,,
random_fire,2,comprehensive_means,mean_vpd_kpa,1.34921574196,0.748228196195,7312,,
random_fire,2,comprehensive_means,mean_wind_speed_m_s,3.93146407491,1.2735487887,7312,,
random_fire,2,comprehensive_means,mean_precipitation_mm,0.730590165538,2.11961375022,7312,,
random_fire,2,comprehensive_means,mean_maximum_relative_humidity_pct,77.2006572717,18.6593765524,7312,,
random_fire,2,comprehensive_means,mean_minimum_relative_humidity_pct,29.3956758582,12.4962773907,7312,,
random_fire,2,comprehensive_means,mean_specific_humidity_kg_kg,0.00737365331504,0.00390059097829,7312,,
random_fire,2,comprehensive_means,mean_fuel_moisture_100hr_pct,12.2706809498,4.02225769991,7312,,
random_fire,2,comprehensive_means,mean_fuel_moisture_1000hr_pct,14.563277674,4.52573214213,7312,,
random_fire,2,comprehensive_means,mean_energy_release_component,44.4937642659,21.083265973,7312,,
random_fire,2,comprehensive_means,mean_burning_index,36.9060852306,18.5062799697,7312,,
random_fire,2,comprehensive_means,mean_reference_evapotranspiration_mm,6.73683600867,2.56599435393,7312,,
random_fire,2,comprehensive_means,mean_potential_evapotranspiration_mm,4.88238550474,1.86500301597,7312,,
random_fire,2,comprehensive_means,mean_solar_radiation_w_m2,237.235754717,64.2792700543,7312,,
random_fire,2,comprehensive_plus_max,mean_maximum_temperature_c,25.6242173351,7.31564399934,7312,,
random_fire,2,comprehensive_plus_max,mean_minimum_temperature_c,10.1617512322,7.36153604302,7312,,
random_fire,2,comprehensive_plus_max,mean_vpd_kpa,1.34921574196,0.748228196195,7312,,
random_fire,2,comprehensive_plus_max,mean_wind_speed_m_s,3.93146407491,1.2735487887,7312,,
random_fire,2,comprehensive_plus_max,mean_precipitation_mm,0.730590165538,2.11961375022,7312,,
random_fire,2,comprehensive_plus_max,mean_maximum_relative_humidity_pct,77.2006572717,18.6593765524,7312,,
random_fire,2,comprehensive_plus_max,mean_minimum_relative_humidity_pct,29.3956758582,12.4962773907,7312,,
random_fire,2,comprehensive_plus_max,mean_specific_humidity_kg_kg,0.00737365331504,0.00390059097829,7312,,
random_fire,2,comprehensive_plus_max,mean_fuel_moisture_100hr_pct,12.2706809498,4.02225769991,7312,,
random_fire,2,comprehensive_plus_max,mean_fuel_moisture_1000hr_pct,14.563277674,4.52573214213,7312,,
random_fire,2,comprehensive_plus_max,mean_energy_release_component,44.4937642659,21.083265973,7312,,
random_fire,2,comprehensive_plus_max,mean_burning_index,36.9060852306,18.5062799697,7312,,
random_fire,2,comprehensive_plus_max,mean_reference_evapotranspiration_mm,6.73683600867,2.56599435393,7312,,
random_fire,2,comprehensive_plus_max,mean_potential_evapotranspiration_mm,4.88238550474,1.86500301597,7312,,
random_fire,2,comprehensive_plus_max,mean_solar_radiation_w_m2,237.235754717,64.2792700543,7312,,
random_fire,2,comprehensive_plus_max,max_vpd,1.634577407,0.852027596335,7312,,
random_fire,2,length_only,log_duration,1.61851068635,0.31998490858,7312,,
random_fire,2,length_only,log_observations,1.61851068635,0.31998490858,7312,,
random_fire,2,length_plus_max,log_duration,1.61851068635,0.31998490858,7312,,
random_fire,2,length_plus_max,log_observations,1.61851068635,0.31998490858,7312,,
random_fire,2,length_plus_max,max_vpd,1.634577407,0.852027596335,7312,,
random_fire,2,length_plus_core,log_duration,1.61851068635,0.31998490858,7312,,
random_fire,2,length_plus_core,log_observations,1.61851068635,0.31998490858,7312,,
random_fire,2,length_plus_core,mean_maximum_temperature_c,25.6242173351,7.31564399934,7312,,
random_fire,2,length_plus_core,mean_minimum_temperature_c,10.1617512322,7.36153604302,7312,,
random_fire,2,length_plus_core,mean_vpd_kpa,1.34921574196,0.748228196195,7312,,
random_fire,2,length_plus_core,mean_wind_speed_m_s,3.93146407491,1.2735487887,7312,,
random_fire,2,length_plus_core_max,log_duration,1.61851068635,0.31998490858,7312,,
random_fire,2,length_plus_core_max,log_observations,1.61851068635,0.31998490858,7312,,
random_fire,2,length_plus_core_max,mean_maximum_temperature_c,25.6242173351,7.31564399934,7312,,
random_fire,2,length_plus_core_max,mean_minimum_temperature_c,10.1617512322,7.36153604302,7312,,
random_fire,2,length_plus_core_max,mean_vpd_kpa,1.34921574196,0.748228196195,7312,,
random_fire,2,length_plus_core_max,mean_wind_speed_m_s,3.93146407491,1.2735487887,7312,,
random_fire,2,length_plus_core_max,max_vpd,1.634577407,0.852027596335,7312,,
random_fire,2,core_quantile_exceedance,mean_maximum_temperature_c,25.6242173351,7.31564399934,7312,,
random_fire,2,core_quantile_exceedance,mean_minimum_temperature_c,10.1617512322,7.36153604302,7312,,
random_fire,2,core_quantile_exceedance,mean_vpd_kpa,1.34921574196,0.748228196195,7312,,
random_fire,2,core_quantile_exceedance,mean_wind_speed_m_s,3.93146407491,1.2735487887,7312,,
random_fire,2,core_quantile_exceedance,q90_vpd,1.57289359956,0.825242342831,7312,,
random_fire,2,core_quantile_exceedance,vpd_gt_2_fraction,0.187723942933,0.341058564794,7312,,
random_fire,2,core_quantile_exceedance,wet_fraction,0.155187875792,0.229108368379,7312,,
random_fire,3,outcome_pca,allocation_00,0.0462126447125,0.0335228974035,7428,-0.185825544453,0.342140274076
random_fire,3,outcome_pca,allocation_01,0.0464955919726,0.0334847673435,7428,-0.189215997386,0.342140274076
random_fire,3,outcome_pca,allocation_02,0.0480709276521,0.0343752049373,7428,-0.207290740249,0.342140274076
random_fire,3,outcome_pca,allocation_03,0.0509860858334,0.0368385340941,7428,-0.231514974877,0.342140274076
random_fire,3,outcome_pca,allocation_04,0.0553739674554,0.0413180843614,7428,-0.244471462176,0.342140274076
random_fire,3,outcome_pca,allocation_05,0.059849092426,0.0423784956576,7428,-0.243330728584,0.342140274076
random_fire,3,outcome_pca,allocation_06,0.0601939201884,0.0375014367164,7428,-0.22815066131,0.342140274076
random_fire,3,outcome_pca,allocation_07,0.060279975784,0.0407295811804,7428,-0.127822691762,0.342140274076
random_fire,3,outcome_pca,allocation_08,0.0591943887893,0.0391387900649,7428,-0.0795480338765,0.342140274076
random_fire,3,outcome_pca,allocation_09,0.0589630319729,0.0402634673131,7428,-0.0651679782627,0.342140274076
random_fire,3,outcome_pca,allocation_10,0.0545284365247,0.0363274199016,7428,0.0539141665526,0.342140274076
random_fire,3,outcome_pca,allocation_11,0.0538410017093,0.0347259061854,7428,0.0716043268763,0.342140274076
random_fire,3,outcome_pca,allocation_12,0.0515246321268,0.033824810732,7428,0.116194307833,0.342140274076
random_fire,3,outcome_pca,allocation_13,0.0485206291044,0.0283796400603,7428,0.251337670969,0.342140274076
random_fire,3,outcome_pca,allocation_14,0.0464014641157,0.0312017133172,7428,0.277331614426,0.342140274076
random_fire,3,outcome_pca,allocation_15,0.0425172863497,0.0298673416462,7428,0.303811503183,0.342140274076
random_fire,3,outcome_pca,allocation_16,0.0403813827681,0.0283366897354,7428,0.312435017671,0.342140274076
random_fire,3,outcome_pca,allocation_17,0.0392389409972,0.0280959434307,7428,0.310349209195,0.342140274076
random_fire,3,outcome_pca,allocation_18,0.0387357724681,0.0282742598366,7428,0.306250237409,0.342140274076
random_fire,3,outcome_pca,allocation_19,0.0386908270494,0.0283345760108,7428,0.305800403787,0.342140274076
random_fire,3,core_means,mean_maximum_temperature_c,25.605378344,7.31678157166,7428,,
random_fire,3,core_means,mean_minimum_temperature_c,10.1360425796,7.37198840431,7428,,
random_fire,3,core_means,mean_vpd_kpa,1.34815147565,0.743431990271,7428,,
random_fire,3,core_means,mean_wind_speed_m_s,3.93614829646,1.27033447958,7428,,
random_fire,3,max_vpd_only,max_vpd,1.63308292946,0.848213381061,7428,,
random_fire,3,core_plus_max,mean_maximum_temperature_c,25.605378344,7.31678157166,7428,,
random_fire,3,core_plus_max,mean_minimum_temperature_c,10.1360425796,7.37198840431,7428,,
random_fire,3,core_plus_max,mean_vpd_kpa,1.34815147565,0.743431990271,7428,,
random_fire,3,core_plus_max,mean_wind_speed_m_s,3.93614829646,1.27033447958,7428,,
random_fire,3,core_plus_max,max_vpd,1.63308292946,0.848213381061,7428,,
random_fire,3,comprehensive_means,mean_maximum_temperature_c,25.605378344,7.31678157166,7428,,
random_fire,3,comprehensive_means,mean_minimum_temperature_c,10.1360425796,7.37198840431,7428,,
random_fire,3,comprehensive_means,mean_vpd_kpa,1.34815147565,0.743431990271,7428,,
random_fire,3,comprehensive_means,mean_wind_speed_m_s,3.93614829646,1.27033447958,7428,,
random_fire,3,comprehensive_means,mean_precipitation_mm,0.725495780845,2.1010771872,7428,,
random_fire,3,comprehensive_means,mean_maximum_relative_humidity_pct,77.1126318092,18.4988690483,7428,,
random_fire,3,comprehensive_means,mean_minimum_relative_humidity_pct,29.3093962074,12.3902682807,7428,,
random_fire,3,comprehensive_means,mean_specific_humidity_kg_kg,0.00736363834001,0.00389066624263,7428,,
random_fire,3,comprehensive_means,mean_fuel_moisture_100hr_pct,12.2379649728,3.98450508934,7428,,
random_fire,3,comprehensive_means,mean_fuel_moisture_1000hr_pct,14.5540155038,4.49735527261,7428,,
random_fire,3,comprehensive_means,mean_energy_release_component,44.5291518144,20.8937651483,7428,,
random_fire,3,comprehensive_means,mean_burning_index,36.9206685876,18.4181941392,7428,,
random_fire,3,comprehensive_means,mean_reference_evapotranspiration_mm,6.75255094959,2.55556326909,7428,,
random_fire,3,comprehensive_means,mean_potential_evapotranspiration_mm,4.89515918388,1.8583852624,7428,,
random_fire,3,comprehensive_means,mean_solar_radiation_w_m2,237.862239021,63.9353903722,7428,,
random_fire,3,comprehensive_plus_max,mean_maximum_temperature_c,25.605378344,7.31678157166,7428,,
random_fire,3,comprehensive_plus_max,mean_minimum_temperature_c,10.1360425796,7.37198840431,7428,,
random_fire,3,comprehensive_plus_max,mean_vpd_kpa,1.34815147565,0.743431990271,7428,,
random_fire,3,comprehensive_plus_max,mean_wind_speed_m_s,3.93614829646,1.27033447958,7428,,
random_fire,3,comprehensive_plus_max,mean_precipitation_mm,0.725495780845,2.1010771872,7428,,
random_fire,3,comprehensive_plus_max,mean_maximum_relative_humidity_pct,77.1126318092,18.4988690483,7428,,
random_fire,3,comprehensive_plus_max,mean_minimum_relative_humidity_pct,29.3093962074,12.3902682807,7428,,
random_fire,3,comprehensive_plus_max,mean_specific_humidity_kg_kg,0.00736363834001,0.00389066624263,7428,,
random_fire,3,comprehensive_plus_max,mean_fuel_moisture_100hr_pct,12.2379649728,3.98450508934,7428,,
random_fire,3,comprehensive_plus_max,mean_fuel_moisture_1000hr_pct,14.5540155038,4.49735527261,7428,,
random_fire,3,comprehensive_plus_max,mean_energy_release_component,44.5291518144,20.8937651483,7428,,
random_fire,3,comprehensive_plus_max,mean_burning_index,36.9206685876,18.4181941392,7428,,
random_fire,3,comprehensive_plus_max,mean_reference_evapotranspiration_mm,6.75255094959,2.55556326909,7428,,
random_fire,3,comprehensive_plus_max,mean_potential_evapotranspiration_mm,4.89515918388,1.8583852624,7428,,
random_fire,3,comprehensive_plus_max,mean_solar_radiation_w_m2,237.862239021,63.9353903722,7428,,
random_fire,3,comprehensive_plus_max,max_vpd,1.63308292946,0.848213381061,7428,,
random_fire,3,length_only,log_duration,1.61589336787,0.31515358867,7428,,
random_fire,3,length_only,log_observations,1.61589336787,0.31515358867,7428,,
random_fire,3,length_plus_max,log_duration,1.61589336787,0.31515358867,7428,,
random_fire,3,length_plus_max,log_observations,1.61589336787,0.31515358867,7428,,
random_fire,3,length_plus_max,max_vpd,1.63308292946,0.848213381061,7428,,
random_fire,3,length_plus_core,log_duration,1.61589336787,0.31515358867,7428,,
random_fire,3,length_plus_core,log_observations,1.61589336787,0.31515358867,7428,,
random_fire,3,length_plus_core,mean_maximum_temperature_c,25.605378344,7.31678157166,7428,,
random_fire,3,length_plus_core,mean_minimum_temperature_c,10.1360425796,7.37198840431,7428,,
random_fire,3,length_plus_core,mean_vpd_kpa,1.34815147565,0.743431990271,7428,,
random_fire,3,length_plus_core,mean_wind_speed_m_s,3.93614829646,1.27033447958,7428,,
random_fire,3,length_plus_core_max,log_duration,1.61589336787,0.31515358867,7428,,
random_fire,3,length_plus_core_max,log_observations,1.61589336787,0.31515358867,7428,,
random_fire,3,length_plus_core_max,mean_maximum_temperature_c,25.605378344,7.31678157166,7428,,
random_fire,3,length_plus_core_max,mean_minimum_temperature_c,10.1360425796,7.37198840431,7428,,
random_fire,3,length_plus_core_max,mean_vpd_kpa,1.34815147565,0.743431990271,7428,,
random_fire,3,length_plus_core_max,mean_wind_speed_m_s,3.93614829646,1.27033447958,7428,,
random_fire,3,length_plus_core_max,max_vpd,1.63308292946,0.848213381061,7428,,
random_fire,3,core_quantile_exceedance,mean_maximum_temperature_c,25.605378344,7.31678157166,7428,,
random_fire,3,core_quantile_exceedance,mean_minimum_temperature_c,10.1360425796,7.37198840431,7428,,
random_fire,3,core_quantile_exceedance,mean_vpd_kpa,1.34815147565,0.743431990271,7428,,
random_fire,3,core_quantile_exceedance,mean_wind_speed_m_s,3.93614829646,1.27033447958,7428,,
random_fire,3,core_quantile_exceedance,q90_vpd,1.57145786214,0.820703034043,7428,,
random_fire,3,core_quantile_exceedance,vpd_gt_2_fraction,0.186289253627,0.339887113669,7428,,
random_fire,3,core_quantile_exceedance,wet_fraction,0.155807514304,0.229250764352,7428,,
random_fire,4,outcome_pca,allocation_00,0.0462216741909,0.0338861064556,7410,-0.193779168716,0.345330829434
random_fire,4,outcome_pca,allocation_01,0.0465415421922,0.0338943465801,7410,-0.197293970434,0.345330829434
random_fire,4,outcome_pca,allocation_02,0.0481934030304,0.0347716366536,7410,-0.215756835164,0.345330829434
random_fire,4,outcome_pca,allocation_03,0.0512082359804,0.0374407880642,7410,-0.237702673326,0.345330829434
random_fire,4,outcome_pca,allocation_04,0.0555128166309,0.0411141980242,7410,-0.249988086879,0.345330829434
random_fire,4,outcome_pca,allocation_05,0.0594694552918,0.0424307322823,7410,-0.240534261402,0.345330829434
random_fire,4,outcome_pca,allocation_06,0.0598338841266,0.0372759474025,7410,-0.222621651919,0.345330829434
random_fire,4,outcome_pca,allocation_07,0.0599535620196,0.0405999538505,7410,-0.117574288779,0.345330829434
random_fire,4,outcome_pca,allocation_08,0.059482202691,0.0394831727617,7410,-0.073392360463,0.345330829434
random_fire,4,outcome_pca,allocation_09,0.0588903144032,0.0400432454715,7410,-0.059014877032,0.345330829434
random_fire,4,outcome_pca,allocation_10,0.0546791157381,0.036495243417,7410,0.0607317808287,0.345330829434
random_fire,4,outcome_pca,allocation_11,0.0539970229369,0.0350238319138,7410,0.0773644918378,0.345330829434
random_fire,4,outcome_pca,allocation_12,0.0514715054387,0.0338511597011,7410,0.120459636495,0.345330829434
random_fire,4,outcome_pca,allocation_13,0.0484250916024,0.0283996809328,7410,0.251924496834,0.345330829434
random_fire,4,outcome_pca,allocation_14,0.0462358898633,0.0311014356526,7410,0.276836731403,0.345330829434
random_fire,4,outcome_pca,allocation_15,0.0425198524398,0.0299127137204,7410,0.300932954528,0.345330829434
random_fire,4,outcome_pca,allocation_16,0.0403497860706,0.0282895794759,7410,0.309189190081,0.345330829434
random_fire,4,outcome_pca,allocation_17,0.0393145640661,0.0282701813116,7410,0.306430393403,0.345330829434
random_fire,4,outcome_pca,allocation_18,0.0388825760566,0.0285081103953,7410,0.30320666346,0.345330829434
random_fire,4,outcome_pca,allocation_19,0.0388175052303,0.028579172838,7410,0.302631685686,0.345330829434
random_fire,4,core_means,mean_maximum_temperature_c,25.6527697562,7.31629144947,7410,,
random_fire,4,core_means,mean_minimum_temperature_c,10.1635860621,7.36333959972,7410,,
random_fire,4,core_means,mean_vpd_kpa,1.35503142176,0.748434378267,7410,,
random_fire,4,core_means,mean_wind_speed_m_s,3.93608832133,1.2769284245,7410,,
random_fire,4,max_vpd_only,max_vpd,1.64266261808,0.854849259194,7410,,
random_fire,4,core_plus_max,mean_maximum_temperature_c,25.6527697562,7.31629144947,7410,,
random_fire,4,core_plus_max,mean_minimum_temperature_c,10.1635860621,7.36333959972,7410,,
random_fire,4,core_plus_max,mean_vpd_kpa,1.35503142176,0.748434378267,7410,,
random_fire,4,core_plus_max,mean_wind_speed_m_s,3.93608832133,1.2769284245,7410,,
random_fire,4,core_plus_max,max_vpd,1.64266261808,0.854849259194,7410,,
random_fire,4,comprehensive_means,mean_maximum_temperature_c,25.6527697562,7.31629144947,7410,,
random_fire,4,comprehensive_means,mean_minimum_temperature_c,10.1635860621,7.36333959972,7410,,
random_fire,4,comprehensive_means,mean_vpd_kpa,1.35503142176,0.748434378267,7410,,
random_fire,4,comprehensive_means,mean_wind_speed_m_s,3.93608832133,1.2769284245,7410,,
random_fire,4,comprehensive_means,mean_precipitation_mm,0.75739803208,2.21799791243,7410,,
random_fire,4,comprehensive_means,mean_maximum_relative_humidity_pct,77.0184999674,18.6592423056,7410,,
random_fire,4,comprehensive_means,mean_minimum_relative_humidity_pct,29.2488804252,12.4280902745,7410,,
random_fire,4,comprehensive_means,mean_specific_humidity_kg_kg,0.00735722804043,0.00389673950835,7410,,
random_fire,4,comprehensive_means,mean_fuel_moisture_100hr_pct,12.2091132627,4.01470547331,7410,,
random_fire,4,comprehensive_means,mean_fuel_moisture_1000hr_pct,14.4989955386,4.53245849579,7410,,
random_fire,4,comprehensive_means,mean_energy_release_component,44.7654996534,21.1292637673,7410,,
random_fire,4,comprehensive_means,mean_burning_index,37.0974906729,18.6447825874,7410,,
random_fire,4,comprehensive_means,mean_reference_evapotranspiration_mm,6.76310050621,2.57079252756,7410,,
random_fire,4,comprehensive_means,mean_potential_evapotranspiration_mm,4.90126446723,1.86728510412,7410,,
random_fire,4,comprehensive_means,mean_solar_radiation_w_m2,237.687163856,64.1823827613,7410,,
random_fire,4,comprehensive_plus_max,mean_maximum_temperature_c,25.6527697562,7.31629144947,7410,,
random_fire,4,comprehensive_plus_max,mean_minimum_temperature_c,10.1635860621,7.36333959972,7410,,
random_fire,4,comprehensive_plus_max,mean_vpd_kpa,1.35503142176,0.748434378267,7410,,
random_fire,4,comprehensive_plus_max,mean_wind_speed_m_s,3.93608832133,1.2769284245,7410,,
random_fire,4,comprehensive_plus_max,mean_precipitation_mm,0.75739803208,2.21799791243,7410,,
random_fire,4,comprehensive_plus_max,mean_maximum_relative_humidity_pct,77.0184999674,18.6592423056,7410,,
random_fire,4,comprehensive_plus_max,mean_minimum_relative_humidity_pct,29.2488804252,12.4280902745,7410,,
random_fire,4,comprehensive_plus_max,mean_specific_humidity_kg_kg,0.00735722804043,0.00389673950835,7410,,
random_fire,4,comprehensive_plus_max,mean_fuel_moisture_100hr_pct,12.2091132627,4.01470547331,7410,,
random_fire,4,comprehensive_plus_max,mean_fuel_moisture_1000hr_pct,14.4989955386,4.53245849579,7410,,
random_fire,4,comprehensive_plus_max,mean_energy_release_component,44.7654996534,21.1292637673,7410,,
random_fire,4,comprehensive_plus_max,mean_burning_index,37.0974906729,18.6447825874,7410,,
random_fire,4,comprehensive_plus_max,mean_reference_evapotranspiration_mm,6.76310050621,2.57079252756,7410,,
random_fire,4,comprehensive_plus_max,mean_potential_evapotranspiration_mm,4.90126446723,1.86728510412,7410,,
random_fire,4,comprehensive_plus_max,mean_solar_radiation_w_m2,237.687163856,64.1823827613,7410,,
random_fire,4,comprehensive_plus_max,max_vpd,1.64266261808,0.854849259194,7410,,
random_fire,4,length_only,log_duration,1.61657954433,0.314748929758,7410,,
random_fire,4,length_only,log_observations,1.61657954433,0.314748929758,7410,,
random_fire,4,length_plus_max,log_duration,1.61657954433,0.314748929758,7410,,
random_fire,4,length_plus_max,log_observations,1.61657954433,0.314748929758,7410,,
random_fire,4,length_plus_max,max_vpd,1.64266261808,0.854849259194,7410,,
random_fire,4,length_plus_core,log_duration,1.61657954433,0.314748929758,7410,,
random_fire,4,length_plus_core,log_observations,1.61657954433,0.314748929758,7410,,
random_fire,4,length_plus_core,mean_maximum_temperature_c,25.6527697562,7.31629144947,7410,,
random_fire,4,length_plus_core,mean_minimum_temperature_c,10.1635860621,7.36333959972,7410,,
random_fire,4,length_plus_core,mean_vpd_kpa,1.35503142176,0.748434378267,7410,,
random_fire,4,length_plus_core,mean_wind_speed_m_s,3.93608832133,1.2769284245,7410,,
random_fire,4,length_plus_core_max,log_duration,1.61657954433,0.314748929758,7410,,
random_fire,4,length_plus_core_max,log_observations,1.61657954433,0.314748929758,7410,,
random_fire,4,length_plus_core_max,mean_maximum_temperature_c,25.6527697562,7.31629144947,7410,,
random_fire,4,length_plus_core_max,mean_minimum_temperature_c,10.1635860621,7.36333959972,7410,,
random_fire,4,length_plus_core_max,mean_vpd_kpa,1.35503142176,0.748434378267,7410,,
random_fire,4,length_plus_core_max,mean_wind_speed_m_s,3.93608832133,1.2769284245,7410,,
random_fire,4,length_plus_core_max,max_vpd,1.64266261808,0.854849259194,7410,,
random_fire,4,core_quantile_exceedance,mean_maximum_temperature_c,25.6527697562,7.31629144947,7410,,
random_fire,4,core_quantile_exceedance,mean_minimum_temperature_c,10.1635860621,7.36333959972,7410,,
random_fire,4,core_quantile_exceedance,mean_vpd_kpa,1.35503142176,0.748434378267,7410,,
random_fire,4,core_quantile_exceedance,mean_wind_speed_m_s,3.93608832133,1.2769284245,7410,,
random_fire,4,core_quantile_exceedance,q90_vpd,1.58081565452,0.827317395501,7410,,
random_fire,4,core_quantile_exceedance,vpd_gt_2_fraction,0.188971799814,0.340607000902,7410,,
random_fire,4,core_quantile_exceedance,wet_fraction,0.157163411167,0.230072049186,7410,,
year_block,0,outcome_pca,allocation_00,0.0461067926774,0.0339942940987,7848,-0.188713000483,0.343673325281
year_block,0,outcome_pca,allocation_01,0.0463917488591,0.0340057692174,7848,-0.191719096722,0.343673325281
year_block,0,outcome_pca,allocation_02,0.0479255877053,0.0347060517189,7848,-0.209415839421,0.343673325281
year_block,0,outcome_pca,allocation_03,0.0509841253096,0.0370902052437,7848,-0.232955096249,0.343673325281
year_block,0,outcome_pca,allocation_04,0.0555253665664,0.0415271795275,7848,-0.24471007419,0.343673325281
year_block,0,outcome_pca,allocation_05,0.0600740692859,0.0429920327249,7848,-0.24111901176,0.343673325281
year_block,0,outcome_pca,allocation_06,0.0605349506139,0.0378124738177,7848,-0.227621461993,0.343673325281
year_block,0,outcome_pca,allocation_07,0.0607170917469,0.0414947042377,7848,-0.125378442351,0.343673325281
year_block,0,outcome_pca,allocation_08,0.0598693328811,0.0398989710412,7848,-0.0774212336297,0.343673325281
year_block,0,outcome_pca,allocation_09,0.0594960356698,0.0409509862443,7848,-0.0621932014576,0.343673325281
year_block,0,outcome_pca,allocation_10,0.0546923253335,0.0369502583583,7848,0.0587011374127,0.343673325281
year_block,0,outcome_pca,allocation_11,0.0540000701097,0.0353017960476,7848,0.0749684752069,0.343673325281
year_block,0,outcome_pca,allocation_12,0.0512751706293,0.0338128381251,7848,0.118231037778,0.343673325281
year_block,0,outcome_pca,allocation_13,0.0480920919478,0.0280429703086,7848,0.254542977092,0.343673325281
year_block,0,outcome_pca,allocation_14,0.0459353246842,0.0311238021318,7848,0.278785097806,0.343673325281
year_block,0,outcome_pca,allocation_15,0.0423102936477,0.0301819276412,7848,0.302894811218,0.343673325281
year_block,0,outcome_pca,allocation_16,0.0401788060975,0.0287112050135,7848,0.311001523898,0.343673325281
year_block,0,outcome_pca,allocation_17,0.0389798305661,0.0283551095568,7848,0.308517640998,0.343673325281
year_block,0,outcome_pca,allocation_18,0.0384840825116,0.028531341986,7848,0.304322712705,0.343673325281
year_block,0,outcome_pca,allocation_19,0.0384269031574,0.0285962718098,7848,0.303764385908,0.343673325281
year_block,0,core_means,mean_maximum_temperature_c,25.6030826178,7.31829424765,7848,,
year_block,0,core_means,mean_minimum_temperature_c,10.0969627654,7.38892920584,7848,,
year_block,0,core_means,mean_vpd_kpa,1.35953366946,0.75577110163,7848,,
year_block,0,core_means,mean_wind_speed_m_s,3.96107679549,1.28261090407,7848,,
year_block,0,max_vpd_only,max_vpd,1.65222094801,0.859193965141,7848,,
year_block,0,core_plus_max,mean_maximum_temperature_c,25.6030826178,7.31829424765,7848,,
year_block,0,core_plus_max,mean_minimum_temperature_c,10.0969627654,7.38892920584,7848,,
year_block,0,core_plus_max,mean_vpd_kpa,1.35953366946,0.75577110163,7848,,
year_block,0,core_plus_max,mean_wind_speed_m_s,3.96107679549,1.28261090407,7848,,
year_block,0,core_plus_max,max_vpd,1.65222094801,0.859193965141,7848,,
year_block,0,comprehensive_means,mean_maximum_temperature_c,25.6030826178,7.31829424765,7848,,
year_block,0,comprehensive_means,mean_minimum_temperature_c,10.0969627654,7.38892920584,7848,,
year_block,0,comprehensive_means,mean_vpd_kpa,1.35953366946,0.75577110163,7848,,
year_block,0,comprehensive_means,mean_wind_speed_m_s,3.96107679549,1.28261090407,7848,,
year_block,0,comprehensive_means,mean_precipitation_mm,0.75326499765,2.19497051896,7848,,
year_block,0,comprehensive_means,mean_maximum_relative_humidity_pct,76.6342934338,18.5451876132,7848,,
year_block,0,comprehensive_means,mean_minimum_relative_humidity_pct,28.9973965259,12.4469824531,7848,,
year_block,0,comprehensive_means,mean_specific_humidity_kg_kg,0.0072804803234,0.00386232971411,7848,,
year_block,0,comprehensive_means,mean_fuel_moisture_100hr_pct,12.1369382831,3.99809888326,7848,,
year_block,0,comprehensive_means,mean_fuel_moisture_1000hr_pct,14.4397164149,4.5230208012,7848,,
year_block,0,comprehensive_means,mean_energy_release_component,45.0727818802,21.179439297,7848,,
year_block,0,comprehensive_means,mean_burning_index,37.4615654614,18.7667698436,7848,,
year_block,0,comprehensive_means,mean_reference_evapotranspiration_mm,6.78582413999,2.56933737445,7848,,
year_block,0,comprehensive_means,mean_potential_evapotranspiration_mm,4.90691448698,1.8590284,7848,,
year_block,0,comprehensive_means,mean_solar_radiation_w_m2,237.246242018,63.8617658012,7848,,
year_block,0,comprehensive_plus_max,mean_maximum_temperature_c,25.6030826178,7.31829424765,7848,,
year_block,0,comprehensive_plus_max,mean_minimum_temperature_c,10.0969627654,7.38892920584,7848,,
year_block,0,comprehensive_plus_max,mean_vpd_kpa,1.35953366946,0.75577110163,7848,,
year_block,0,comprehensive_plus_max,mean_wind_speed_m_s,3.96107679549,1.28261090407,7848,,
year_block,0,comprehensive_plus_max,mean_precipitation_mm,0.75326499765,2.19497051896,7848,,
year_block,0,comprehensive_plus_max,mean_maximum_relative_humidity_pct,76.6342934338,18.5451876132,7848,,
year_block,0,comprehensive_plus_max,mean_minimum_relative_humidity_pct,28.9973965259,12.4469824531,7848,,
year_block,0,comprehensive_plus_max,mean_specific_humidity_kg_kg,0.0072804803234,0.00386232971411,7848,,
year_block,0,comprehensive_plus_max,mean_fuel_moisture_100hr_pct,12.1369382831,3.99809888326,7848,,
year_block,0,comprehensive_plus_max,mean_fuel_moisture_1000hr_pct,14.4397164149,4.5230208012,7848,,
year_block,0,comprehensive_plus_max,mean_energy_release_component,45.0727818802,21.179439297,7848,,
year_block,0,comprehensive_plus_max,mean_burning_index,37.4615654614,18.7667698436,7848,,
year_block,0,comprehensive_plus_max,mean_reference_evapotranspiration_mm,6.78582413999,2.56933737445,7848,,
year_block,0,comprehensive_plus_max,mean_potential_evapotranspiration_mm,4.90691448698,1.8590284,7848,,
year_block,0,comprehensive_plus_max,mean_solar_radiation_w_m2,237.246242018,63.8617658012,7848,,
year_block,0,comprehensive_plus_max,max_vpd,1.65222094801,0.859193965141,7848,,
year_block,0,length_only,log_duration,1.61817053088,0.31537885844,7848,,
year_block,0,length_only,log_observations,1.61817053088,0.31537885844,7848,,
year_block,0,length_plus_max,log_duration,1.61817053088,0.31537885844,7848,,
year_block,0,length_plus_max,log_observations,1.61817053088,0.31537885844,7848,,
year_block,0,length_plus_max,max_vpd,1.65222094801,0.859193965141,7848,,
year_block,0,length_plus_core,log_duration,1.61817053088,0.31537885844,7848,,
year_block,0,length_plus_core,log_observations,1.61817053088,0.31537885844,7848,,
year_block,0,length_plus_core,mean_maximum_temperature_c,25.6030826178,7.31829424765,7848,,
year_block,0,length_plus_core,mean_minimum_temperature_c,10.0969627654,7.38892920584,7848,,
year_block,0,length_plus_core,mean_vpd_kpa,1.35953366946,0.75577110163,7848,,
year_block,0,length_plus_core,mean_wind_speed_m_s,3.96107679549,1.28261090407,7848,,
year_block,0,length_plus_core_max,log_duration,1.61817053088,0.31537885844,7848,,
year_block,0,length_plus_core_max,log_observations,1.61817053088,0.31537885844,7848,,
year_block,0,length_plus_core_max,mean_maximum_temperature_c,25.6030826178,7.31829424765,7848,,
year_block,0,length_plus_core_max,mean_minimum_temperature_c,10.0969627654,7.38892920584,7848,,
year_block,0,length_plus_core_max,mean_vpd_kpa,1.35953366946,0.75577110163,7848,,
year_block,0,length_plus_core_max,mean_wind_speed_m_s,3.96107679549,1.28261090407,7848,,
year_block,0,length_plus_core_max,max_vpd,1.65222094801,0.859193965141,7848,,
year_block,0,core_quantile_exceedance,mean_maximum_temperature_c,25.6030826178,7.31829424765,7848,,
year_block,0,core_quantile_exceedance,mean_minimum_temperature_c,10.0969627654,7.38892920584,7848,,
year_block,0,core_quantile_exceedance,mean_vpd_kpa,1.35953366946,0.75577110163,7848,,
year_block,0,core_quantile_exceedance,mean_wind_speed_m_s,3.96107679549,1.28261090407,7848,,
year_block,0,core_quantile_exceedance,q90_vpd,1.58894087666,0.832417567969,7848,,
year_block,0,core_quantile_exceedance,vpd_gt_2_fraction,0.188100343109,0.342537920126,7848,,
year_block,0,core_quantile_exceedance,wet_fraction,0.152319735826,0.2266557164,7848,,
year_block,1,outcome_pca,allocation_00,0.0460540549062,0.0335718522478,6737,-0.183860418808,0.345821725118
year_block,1,outcome_pca,allocation_01,0.0463656754691,0.0335478641634,6737,-0.187088534561,0.345821725118
year_block,1,outcome_pca,allocation_02,0.047981972364,0.0344028093464,6737,-0.205892229584,0.345821725118
year_block,1,outcome_pca,allocation_03,0.0509254347866,0.0370050741111,6737,-0.228795052458,0.345821725118
year_block,1,outcome_pca,allocation_04,0.0550861976779,0.0412147319783,6737,-0.240134254767,0.345821725118
year_block,1,outcome_pca,allocation_05,0.0593125570818,0.0418107790901,6737,-0.239878430975,0.345821725118
year_block,1,outcome_pca,allocation_06,0.0597889372201,0.0370547507421,6737,-0.225806821377,0.345821725118
year_block,1,outcome_pca,allocation_07,0.0600307681065,0.0404753115759,6737,-0.12920460783,0.345821725118
year_block,1,outcome_pca,allocation_08,0.0592054809961,0.0389693842874,6737,-0.0848838524031,0.345821725118
year_block,1,outcome_pca,allocation_09,0.0589867742714,0.0401376315894,6737,-0.0716367965533,0.345821725118
year_block,1,outcome_pca,allocation_10,0.0549072922949,0.0369133186208,6737,0.0433760893197,0.345821725118
year_block,1,outcome_pca,allocation_11,0.0540897281036,0.0351058557568,6737,0.0615770587209,0.345821725118
year_block,1,outcome_pca,allocation_12,0.0515488872367,0.0336768320441,6737,0.106537314529,0.345821725118
year_block,1,outcome_pca,allocation_13,0.0484027076697,0.0280043538582,6737,0.246630391257,0.345821725118
year_block,1,outcome_pca,allocation_14,0.0462159489487,0.0309639243356,6737,0.275776754595,0.345821725118
year_block,1,outcome_pca,allocation_15,0.0425397773882,0.0298205458434,6737,0.307694495106,0.345821725118
year_block,1,outcome_pca,allocation_16,0.0406458659869,0.0286017291736,6737,0.315642676103,0.345821725118
year_block,1,outcome_pca,allocation_17,0.0396481017671,0.0283418027614,6737,0.315377213348,0.345821725118
year_block,1,outcome_pca,allocation_18,0.0391617452781,0.0285265549118,6737,0.311320458586,0.345821725118
year_block,1,outcome_pca,allocation_19,0.0391020924463,0.0285849197134,6737,0.310864062393,0.345821725118
year_block,1,core_means,mean_maximum_temperature_c,25.7421921907,7.31003840619,6737,,
year_block,1,core_means,mean_minimum_temperature_c,10.1574006028,7.39060141212,6737,,
year_block,1,core_means,mean_vpd_kpa,1.35482077491,0.735084759838,6737,,
year_block,1,core_means,mean_wind_speed_m_s,3.92878914416,1.28768795243,6737,,
year_block,1,max_vpd_only,max_vpd,1.65102271041,0.842090887621,6737,,
year_block,1,core_plus_max,mean_maximum_temperature_c,25.7421921907,7.31003840619,6737,,
year_block,1,core_plus_max,mean_minimum_temperature_c,10.1574006028,7.39060141212,6737,,
year_block,1,core_plus_max,mean_vpd_kpa,1.35482077491,0.735084759838,6737,,
year_block,1,core_plus_max,mean_wind_speed_m_s,3.92878914416,1.28768795243,6737,,
year_block,1,core_plus_max,max_vpd,1.65102271041,0.842090887621,6737,,
year_block,1,comprehensive_means,mean_maximum_temperature_c,25.7421921907,7.31003840619,6737,,
year_block,1,comprehensive_means,mean_minimum_temperature_c,10.1574006028,7.39060141212,6737,,
year_block,1,comprehensive_means,mean_vpd_kpa,1.35482077491,0.735084759838,6737,,
year_block,1,comprehensive_means,mean_wind_speed_m_s,3.92878914416,1.28768795243,6737,,
year_block,1,comprehensive_means,mean_precipitation_mm,0.706900540182,2.11954074823,6737,,
year_block,1,comprehensive_means,mean_maximum_relative_humidity_pct,77.4066700899,18.2960170331,6737,,
year_block,1,comprehensive_means,mean_minimum_relative_humidity_pct,29.0619440063,12.6504024073,6737,,
year_block,1,comprehensive_means,mean_specific_humidity_kg_kg,0.0074169382548,0.00392559195512,6737,,
year_block,1,comprehensive_means,mean_fuel_moisture_100hr_pct,12.2729461246,4.02832661737,6737,,
year_block,1,comprehensive_means,mean_fuel_moisture_1000hr_pct,14.5753556364,4.50956669611,6737,,
year_block,1,comprehensive_means,mean_energy_release_component,44.5761911929,20.929696229,6737,,
year_block,1,comprehensive_means,mean_burning_index,37.3072884812,18.5477963379,6737,,
year_block,1,comprehensive_means,mean_reference_evapotranspiration_mm,6.75297612351,2.56769313034,6737,,
year_block,1,comprehensive_means,mean_potential_evapotranspiration_mm,4.89106685649,1.85824110293,6737,,
year_block,1,comprehensive_means,mean_solar_radiation_w_m2,236.746771956,64.1429453659,6737,,
year_block,1,comprehensive_plus_max,mean_maximum_temperature_c,25.7421921907,7.31003840619,6737,,
year_block,1,comprehensive_plus_max,mean_minimum_temperature_c,10.1574006028,7.39060141212,6737,,
year_block,1,comprehensive_plus_max,mean_vpd_kpa,1.35482077491,0.735084759838,6737,,
year_block,1,comprehensive_plus_max,mean_wind_speed_m_s,3.92878914416,1.28768795243,6737,,
year_block,1,comprehensive_plus_max,mean_precipitation_mm,0.706900540182,2.11954074823,6737,,
year_block,1,comprehensive_plus_max,mean_maximum_relative_humidity_pct,77.4066700899,18.2960170331,6737,,
year_block,1,comprehensive_plus_max,mean_minimum_relative_humidity_pct,29.0619440063,12.6504024073,6737,,
year_block,1,comprehensive_plus_max,mean_specific_humidity_kg_kg,0.0074169382548,0.00392559195512,6737,,
year_block,1,comprehensive_plus_max,mean_fuel_moisture_100hr_pct,12.2729461246,4.02832661737,6737,,
year_block,1,comprehensive_plus_max,mean_fuel_moisture_1000hr_pct,14.5753556364,4.50956669611,6737,,
year_block,1,comprehensive_plus_max,mean_energy_release_component,44.5761911929,20.929696229,6737,,
year_block,1,comprehensive_plus_max,mean_burning_index,37.3072884812,18.5477963379,6737,,
year_block,1,comprehensive_plus_max,mean_reference_evapotranspiration_mm,6.75297612351,2.56769313034,6737,,
year_block,1,comprehensive_plus_max,mean_potential_evapotranspiration_mm,4.89106685649,1.85824110293,6737,,
year_block,1,comprehensive_plus_max,mean_solar_radiation_w_m2,236.746771956,64.1429453659,6737,,
year_block,1,comprehensive_plus_max,max_vpd,1.65102271041,0.842090887621,6737,,
year_block,1,length_only,log_duration,1.61242660712,0.314880729554,6737,,
year_block,1,length_only,log_observations,1.61242660712,0.314880729554,6737,,
year_block,1,length_plus_max,log_duration,1.61242660712,0.314880729554,6737,,
year_block,1,length_plus_max,log_observations,1.61242660712,0.314880729554,6737,,
year_block,1,length_plus_max,max_vpd,1.65102271041,0.842090887621,6737,,
year_block,1,length_plus_core,log_duration,1.61242660712,0.314880729554,6737,,
year_block,1,length_plus_core,log_observations,1.61242660712,0.314880729554,6737,,
year_block,1,length_plus_core,mean_maximum_temperature_c,25.7421921907,7.31003840619,6737,,
year_block,1,length_plus_core,mean_minimum_temperature_c,10.1574006028,7.39060141212,6737,,
year_block,1,length_plus_core,mean_vpd_kpa,1.35482077491,0.735084759838,6737,,
year_block,1,length_plus_core,mean_wind_speed_m_s,3.92878914416,1.28768795243,6737,,
year_block,1,length_plus_core_max,log_duration,1.61242660712,0.314880729554,6737,,
year_block,1,length_plus_core_max,log_observations,1.61242660712,0.314880729554,6737,,
year_block,1,length_plus_core_max,mean_maximum_temperature_c,25.7421921907,7.31003840619,6737,,
year_block,1,length_plus_core_max,mean_minimum_temperature_c,10.1574006028,7.39060141212,6737,,
year_block,1,length_plus_core_max,mean_vpd_kpa,1.35482077491,0.735084759838,6737,,
year_block,1,length_plus_core_max,mean_wind_speed_m_s,3.92878914416,1.28768795243,6737,,
year_block,1,length_plus_core_max,max_vpd,1.65102271041,0.842090887621,6737,,
year_block,1,core_quantile_exceedance,mean_maximum_temperature_c,25.7421921907,7.31003840619,6737,,
year_block,1,core_quantile_exceedance,mean_minimum_temperature_c,10.1574006028,7.39060141212,6737,,
year_block,1,core_quantile_exceedance,mean_vpd_kpa,1.35482077491,0.735084759838,6737,,
year_block,1,core_quantile_exceedance,mean_wind_speed_m_s,3.92878914416,1.28768795243,6737,,
year_block,1,core_quantile_exceedance,q90_vpd,1.58735030429,0.813369461286,6737,,
year_block,1,core_quantile_exceedance,vpd_gt_2_fraction,0.189968153782,0.339744011805,6737,,
year_block,1,core_quantile_exceedance,wet_fraction,0.14684846902,0.223122232363,6737,,
year_block,2,outcome_pca,allocation_00,0.046299483595,0.0335547165763,6868,-0.192671596526,0.342706368476
year_block,2,outcome_pca,allocation_01,0.0465754364155,0.0334619080734,6868,-0.196253590563,0.342706368476
year_block,2,outcome_pca,allocation_02,0.0481580787008,0.0341717544439,6868,-0.214788237358,0.342706368476
year_block,2,outcome_pca,allocation_03,0.0510793678234,0.036515902366,6868,-0.237789288112,0.342706368476
year_block,2,outcome_pca,allocation_04,0.0552404966586,0.0410691230029,6868,-0.246946932035,0.342706368476
year_block,2,outcome_pca,allocation_05,0.059294138247,0.0418653074339,6868,-0.242136673382,0.342706368476
year_block,2,outcome_pca,allocation_06,0.0597023705713,0.0367458949931,6868,-0.226177509134,0.342706368476
year_block,2,outcome_pca,allocation_07,0.0599033169931,0.0403083364261,6868,-0.122084594242,0.342706368476
year_block,2,outcome_pca,allocation_08,0.0591450722289,0.0388870742486,6868,-0.0746884452526,0.342706368476
year_block,2,outcome_pca,allocation_09,0.0588439231651,0.0397770579725,6868,-0.0600502441833,0.342706368476
year_block,2,outcome_pca,allocation_10,0.0544043940677,0.0361461198937,6868,0.05691051909,0.342706368476
year_block,2,outcome_pca,allocation_11,0.0536658279296,0.0344472809145,6868,0.0743747634676,0.342706368476
year_block,2,outcome_pca,allocation_12,0.0514800126318,0.0337015702561,6868,0.117958389198,0.342706368476
year_block,2,outcome_pca,allocation_13,0.0486006661319,0.0286290163635,6868,0.250214856213,0.342706368476
year_block,2,outcome_pca,allocation_14,0.0463706478119,0.0311359469296,6868,0.277182894067,0.342706368476
year_block,2,outcome_pca,allocation_15,0.0427988296394,0.0298457188382,6868,0.301650143355,0.342706368476
year_block,2,outcome_pca,allocation_16,0.0406480903885,0.0280768235189,6868,0.310070034726,0.342706368476
year_block,2,outcome_pca,allocation_17,0.0395835544486,0.0280412690423,6868,0.306740968612,0.342706368476
year_block,2,outcome_pca,allocation_18,0.0391289209412,0.0282950057637,6868,0.303118141718,0.342706368476
year_block,2,outcome_pca,allocation_19,0.0390773716107,0.0283624697962,6868,0.302649791018,0.342706368476
year_block,2,core_means,mean_maximum_temperature_c,25.364340816,7.28676850958,6868,,
year_block,2,core_means,mean_minimum_temperature_c,10.1879105115,7.43175343538,6868,,
year_block,2,core_means,mean_vpd_kpa,1.30755748131,0.724464576732,6868,,
year_block,2,core_means,mean_wind_speed_m_s,3.89728746583,1.24374375236,6868,,
year_block,2,max_vpd_only,max_vpd,1.58557221899,0.829869320078,6868,,
year_block,2,core_plus_max,mean_maximum_temperature_c,25.364340816,7.28676850958,6868,,
year_block,2,core_plus_max,mean_minimum_temperature_c,10.1879105115,7.43175343538,6868,,
year_block,2,core_plus_max,mean_vpd_kpa,1.30755748131,0.724464576732,6868,,
year_block,2,core_plus_max,mean_wind_speed_m_s,3.89728746583,1.24374375236,6868,,
year_block,2,core_plus_max,max_vpd,1.58557221899,0.829869320078,6868,,
year_block,2,comprehensive_means,mean_maximum_temperature_c,25.364340816,7.28676850958,6868,,
year_block,2,comprehensive_means,mean_minimum_temperature_c,10.1879105115,7.43175343538,6868,,
year_block,2,comprehensive_means,mean_vpd_kpa,1.30755748131,0.724464576732,6868,,
year_block,2,comprehensive_means,mean_wind_speed_m_s,3.89728746583,1.24374375236,6868,,
year_block,2,comprehensive_means,mean_precipitation_mm,0.702535281322,1.92302219855,6868,,
year_block,2,comprehensive_means,mean_maximum_relative_humidity_pct,77.8479630559,18.6016472879,6868,,
year_block,2,comprehensive_means,mean_minimum_relative_humidity_pct,30.3136615276,12.2469455155,6868,,
year_block,2,comprehensive_means,mean_specific_humidity_kg_kg,0.00747707035858,0.00394590267879,6868,,
year_block,2,comprehensive_means,mean_fuel_moisture_100hr_pct,12.4233723694,3.96832735486,6868,,
year_block,2,comprehensive_means,mean_fuel_moisture_1000hr_pct,14.7501597724,4.49225714548,6868,,
year_block,2,comprehensive_means,mean_energy_release_component,43.5885683208,20.717694173,6868,,
year_block,2,comprehensive_means,mean_burning_index,36.0355414003,17.7797916674,6868,,
year_block,2,comprehensive_means,mean_reference_evapotranspiration_mm,6.59998067464,2.47354663972,6868,,
year_block,2,comprehensive_means,mean_potential_evapotranspiration_mm,4.80806805756,1.82296354806,6868,,
year_block,2,comprehensive_means,mean_solar_radiation_w_m2,237.006209482,64.6459998526,6868,,
year_block,2,comprehensive_plus_max,mean_maximum_temperature_c,25.364340816,7.28676850958,6868,,
year_block,2,comprehensive_plus_max,mean_minimum_temperature_c,10.1879105115,7.43175343538,6868,,
year_block,2,comprehensive_plus_max,mean_vpd_kpa,1.30755748131,0.724464576732,6868,,
year_block,2,comprehensive_plus_max,mean_wind_speed_m_s,3.89728746583,1.24374375236,6868,,
year_block,2,comprehensive_plus_max,mean_precipitation_mm,0.702535281322,1.92302219855,6868,,
year_block,2,comprehensive_plus_max,mean_maximum_relative_humidity_pct,77.8479630559,18.6016472879,6868,,
year_block,2,comprehensive_plus_max,mean_minimum_relative_humidity_pct,30.3136615276,12.2469455155,6868,,
year_block,2,comprehensive_plus_max,mean_specific_humidity_kg_kg,0.00747707035858,0.00394590267879,6868,,
year_block,2,comprehensive_plus_max,mean_fuel_moisture_100hr_pct,12.4233723694,3.96832735486,6868,,
year_block,2,comprehensive_plus_max,mean_fuel_moisture_1000hr_pct,14.7501597724,4.49225714548,6868,,
year_block,2,comprehensive_plus_max,mean_energy_release_component,43.5885683208,20.717694173,6868,,
year_block,2,comprehensive_plus_max,mean_burning_index,36.0355414003,17.7797916674,6868,,
year_block,2,comprehensive_plus_max,mean_reference_evapotranspiration_mm,6.59998067464,2.47354663972,6868,,
year_block,2,comprehensive_plus_max,mean_potential_evapotranspiration_mm,4.80806805756,1.82296354806,6868,,
year_block,2,comprehensive_plus_max,mean_solar_radiation_w_m2,237.006209482,64.6459998526,6868,,
year_block,2,comprehensive_plus_max,max_vpd,1.58557221899,0.829869320078,6868,,
year_block,2,length_only,log_duration,1.61735388998,0.31771067767,6868,,
year_block,2,length_only,log_observations,1.61735388998,0.31771067767,6868,,
year_block,2,length_plus_max,log_duration,1.61735388998,0.31771067767,6868,,
year_block,2,length_plus_max,log_observations,1.61735388998,0.31771067767,6868,,
year_block,2,length_plus_max,max_vpd,1.58557221899,0.829869320078,6868,,
year_block,2,length_plus_core,log_duration,1.61735388998,0.31771067767,6868,,
year_block,2,length_plus_core,log_observations,1.61735388998,0.31771067767,6868,,
year_block,2,length_plus_core,mean_maximum_temperature_c,25.364340816,7.28676850958,6868,,
year_block,2,length_plus_core,mean_minimum_temperature_c,10.1879105115,7.43175343538,6868,,
year_block,2,length_plus_core,mean_vpd_kpa,1.30755748131,0.724464576732,6868,,
year_block,2,length_plus_core,mean_wind_speed_m_s,3.89728746583,1.24374375236,6868,,
year_block,2,length_plus_core_max,log_duration,1.61735388998,0.31771067767,6868,,
year_block,2,length_plus_core_max,log_observations,1.61735388998,0.31771067767,6868,,
year_block,2,length_plus_core_max,mean_maximum_temperature_c,25.364340816,7.28676850958,6868,,
year_block,2,length_plus_core_max,mean_minimum_temperature_c,10.1879105115,7.43175343538,6868,,
year_block,2,length_plus_core_max,mean_vpd_kpa,1.30755748131,0.724464576732,6868,,
year_block,2,length_plus_core_max,mean_wind_speed_m_s,3.89728746583,1.24374375236,6868,,
year_block,2,length_plus_core_max,max_vpd,1.58557221899,0.829869320078,6868,,
year_block,2,core_quantile_exceedance,mean_maximum_temperature_c,25.364340816,7.28676850958,6868,,
year_block,2,core_quantile_exceedance,mean_minimum_temperature_c,10.1879105115,7.43175343538,6868,,
year_block,2,core_quantile_exceedance,mean_vpd_kpa,1.30755748131,0.724464576732,6868,,
year_block,2,core_quantile_exceedance,mean_wind_speed_m_s,3.89728746583,1.24374375236,6868,,
year_block,2,core_quantile_exceedance,q90_vpd,1.52450291206,0.802768657409,6868,,
year_block,2,core_quantile_exceedance,vpd_gt_2_fraction,0.170034317641,0.327213258396,6868,,
year_block,2,core_quantile_exceedance,wet_fraction,0.15995120266,0.232386815922,6868,,
year_block,3,outcome_pca,allocation_00,0.0465037432848,0.033709435529,6901,-0.195948370308,0.344066638399
year_block,3,outcome_pca,allocation_01,0.0468237171407,0.0337304536857,6901,-0.199528260391,0.344066638399
year_block,3,outcome_pca,allocation_02,0.0484751544495,0.0347093789716,6901,-0.217402063361,0.344066638399
year_block,3,outcome_pca,allocation_03,0.0514976637574,0.0374352765813,6901,-0.241650178999,0.344066638399
year_block,3,outcome_pca,allocation_04,0.0554568333977,0.0409460909862,6901,-0.252316404909,0.344066638399
year_block,3,outcome_pca,allocation_05,0.0597197428676,0.042268484951,6901,-0.245064645119,0.344066638399
year_block,3,outcome_pca,allocation_06,0.0601516028348,0.0374097659959,6901,-0.223282421895,0.344066638399
year_block,3,outcome_pca,allocation_07,0.0602874078513,0.0406293671135,6901,-0.114265890469,0.344066638399
year_block,3,outcome_pca,allocation_08,0.0596266533664,0.039268062302,6901,-0.0673503529423,0.344066638399
year_block,3,outcome_pca,allocation_09,0.0591159153115,0.0400074632111,6901,-0.0532835238414,0.344066638399
year_block,3,outcome_pca,allocation_10,0.0543218766993,0.0359281301757,6901,0.0679550953843,0.344066638399
year_block,3,outcome_pca,allocation_11,0.0536867479508,0.0347270267098,6901,0.0846063045547,0.344066638399
year_block,3,outcome_pca,allocation_12,0.0513156381744,0.0337045764724,6901,0.126377878462,0.344066638399
year_block,3,outcome_pca,allocation_13,0.0481485865566,0.0282678595012,6901,0.253251120457,0.344066638399
year_block,3,outcome_pca,allocation_14,0.0458581317078,0.030996920173,6901,0.274731981305,0.344066638399
year_block,3,outcome_pca,allocation_15,0.0422060936521,0.0297650111154,6901,0.298393988376,0.344066638399
year_block,3,outcome_pca,allocation_16,0.0402742258353,0.028275075072,6901,0.306850937797,0.344066638399
year_block,3,outcome_pca,allocation_17,0.0392115781532,0.0281769396042,6901,0.303571146634,0.344066638399
year_block,3,outcome_pca,allocation_18,0.0386910315835,0.0282921216332,6901,0.299769375777,0.344066638399
year_block,3,outcome_pca,allocation_19,0.0386276554253,0.0283467787489,6901,0.299252712101,0.344066638399
year_block,3,core_means,mean_maximum_temperature_c,25.4930144927,7.46262049635,6901,,
year_block,3,core_means,mean_minimum_temperature_c,9.92345317752,7.3582887277,6901,,
year_block,3,core_means,mean_vpd_kpa,1.36045675472,0.769191162253,6901,,
year_block,3,core_means,mean_wind_speed_m_s,3.9602388577,1.26246273621,6901,,
year_block,3,max_vpd_only,max_vpd,1.64053325605,0.878016599202,6901,,
year_block,3,core_plus_max,mean_maximum_temperature_c,25.4930144927,7.46262049635,6901,,
year_block,3,core_plus_max,mean_minimum_temperature_c,9.92345317752,7.3582887277,6901,,
year_block,3,core_plus_max,mean_vpd_kpa,1.36045675472,0.769191162253,6901,,
year_block,3,core_plus_max,mean_wind_speed_m_s,3.9602388577,1.26246273621,6901,,
year_block,3,core_plus_max,max_vpd,1.64053325605,0.878016599202,6901,,
year_block,3,comprehensive_means,mean_maximum_temperature_c,25.4930144927,7.46262049635,6901,,
year_block,3,comprehensive_means,mean_minimum_temperature_c,9.92345317752,7.3582887277,6901,,
year_block,3,comprehensive_means,mean_vpd_kpa,1.36045675472,0.769191162253,6901,,
year_block,3,comprehensive_means,mean_wind_speed_m_s,3.9602388577,1.26246273621,6901,,
year_block,3,comprehensive_means,mean_precipitation_mm,0.75015081903,2.19298526529,6901,,
year_block,3,comprehensive_means,mean_maximum_relative_humidity_pct,76.6092437733,18.9419223604,6901,,
year_block,3,comprehensive_means,mean_minimum_relative_humidity_pct,28.949156237,12.3536793119,6901,,
year_block,3,comprehensive_means,mean_specific_humidity_kg_kg,0.00718665767609,0.00382508728944,6901,,
year_block,3,comprehensive_means,mean_fuel_moisture_100hr_pct,12.1518730406,4.04214844125,6901,,
year_block,3,comprehensive_means,mean_fuel_moisture_1000hr_pct,14.4463993136,4.57694028618,6901,,
year_block,3,comprehensive_means,mean_energy_release_component,45.0452440244,21.3752289135,6901,,
year_block,3,comprehensive_means,mean_burning_index,37.309141143,18.9727165265,6901,,
year_block,3,comprehensive_means,mean_reference_evapotranspiration_mm,6.78487105835,2.6521003537,6901,,
year_block,3,comprehensive_means,mean_potential_evapotranspiration_mm,4.90117199218,1.92393425681,6901,,
year_block,3,comprehensive_means,mean_solar_radiation_w_m2,236.895189463,64.7268637608,6901,,
year_block,3,comprehensive_plus_max,mean_maximum_temperature_c,25.4930144927,7.46262049635,6901,,
year_block,3,comprehensive_plus_max,mean_minimum_temperature_c,9.92345317752,7.3582887277,6901,,
year_block,3,comprehensive_plus_max,mean_vpd_kpa,1.36045675472,0.769191162253,6901,,
year_block,3,comprehensive_plus_max,mean_wind_speed_m_s,3.9602388577,1.26246273621,6901,,
year_block,3,comprehensive_plus_max,mean_precipitation_mm,0.75015081903,2.19298526529,6901,,
year_block,3,comprehensive_plus_max,mean_maximum_relative_humidity_pct,76.6092437733,18.9419223604,6901,,
year_block,3,comprehensive_plus_max,mean_minimum_relative_humidity_pct,28.949156237,12.3536793119,6901,,
year_block,3,comprehensive_plus_max,mean_specific_humidity_kg_kg,0.00718665767609,0.00382508728944,6901,,
year_block,3,comprehensive_plus_max,mean_fuel_moisture_100hr_pct,12.1518730406,4.04214844125,6901,,
year_block,3,comprehensive_plus_max,mean_fuel_moisture_1000hr_pct,14.4463993136,4.57694028618,6901,,
year_block,3,comprehensive_plus_max,mean_energy_release_component,45.0452440244,21.3752289135,6901,,
year_block,3,comprehensive_plus_max,mean_burning_index,37.309141143,18.9727165265,6901,,
year_block,3,comprehensive_plus_max,mean_reference_evapotranspiration_mm,6.78487105835,2.6521003537,6901,,
year_block,3,comprehensive_plus_max,mean_potential_evapotranspiration_mm,4.90117199218,1.92393425681,6901,,
year_block,3,comprehensive_plus_max,mean_solar_radiation_w_m2,236.895189463,64.7268637608,6901,,
year_block,3,comprehensive_plus_max,max_vpd,1.64053325605,0.878016599202,6901,,
year_block,3,length_only,log_duration,1.61553402076,0.317798355324,6901,,
year_block,3,length_only,log_observations,1.61553402076,0.317798355324,6901,,
year_block,3,length_plus_max,log_duration,1.61553402076,0.317798355324,6901,,
year_block,3,length_plus_max,log_observations,1.61553402076,0.317798355324,6901,,
year_block,3,length_plus_max,max_vpd,1.64053325605,0.878016599202,6901,,
year_block,3,length_plus_core,log_duration,1.61553402076,0.317798355324,6901,,
year_block,3,length_plus_core,log_observations,1.61553402076,0.317798355324,6901,,
year_block,3,length_plus_core,mean_maximum_temperature_c,25.4930144927,7.46262049635,6901,,
year_block,3,length_plus_core,mean_minimum_temperature_c,9.92345317752,7.3582887277,6901,,
year_block,3,length_plus_core,mean_vpd_kpa,1.36045675472,0.769191162253,6901,,
year_block,3,length_plus_core,mean_wind_speed_m_s,3.9602388577,1.26246273621,6901,,
year_block,3,length_plus_core_max,log_duration,1.61553402076,0.317798355324,6901,,
year_block,3,length_plus_core_max,log_observations,1.61553402076,0.317798355324,6901,,
year_block,3,length_plus_core_max,mean_maximum_temperature_c,25.4930144927,7.46262049635,6901,,
year_block,3,length_plus_core_max,mean_minimum_temperature_c,9.92345317752,7.3582887277,6901,,
year_block,3,length_plus_core_max,mean_vpd_kpa,1.36045675472,0.769191162253,6901,,
year_block,3,length_plus_core_max,mean_wind_speed_m_s,3.9602388577,1.26246273621,6901,,
year_block,3,length_plus_core_max,max_vpd,1.64053325605,0.878016599202,6901,,
year_block,3,core_quantile_exceedance,mean_maximum_temperature_c,25.4930144927,7.46262049635,6901,,
year_block,3,core_quantile_exceedance,mean_minimum_temperature_c,9.92345317752,7.3582887277,6901,,
year_block,3,core_quantile_exceedance,mean_vpd_kpa,1.36045675472,0.769191162253,6901,,
year_block,3,core_quantile_exceedance,mean_wind_speed_m_s,3.9602388577,1.26246273621,6901,,
year_block,3,core_quantile_exceedance,q90_vpd,1.58096246921,0.850373347542,6901,,
year_block,3,core_quantile_exceedance,vpd_gt_2_fraction,0.195553285232,0.347839501326,6901,,
year_block,3,core_quantile_exceedance,wet_fraction,0.160022958625,0.233623666402,6901,,
year_block,4,outcome_pca,allocation_00,0.0462866796051,0.0336012907398,8494,-0.190873736669,0.345076456731
year_block,4,outcome_pca,allocation_01,0.046582418112,0.0335906985729,8494,-0.194116996025,0.345076456731
year_block,4,outcome_pca,allocation_02,0.0480955475646,0.0343465114328,8494,-0.211782682518,0.345076456731
year_block,4,outcome_pca,allocation_03,0.051016658971,0.0368336384362,8494,-0.235281335012,0.345076456731
year_block,4,outcome_pca,allocation_04,0.0552280937152,0.0409378601655,8494,-0.246917662063,0.345076456731
year_block,4,outcome_pca,allocation_05,0.0593786783294,0.0420163562241,8494,-0.242805083672,0.345076456731
year_block,4,outcome_pca,allocation_06,0.059845922916,0.0370410204517,8494,-0.225909820474,0.345076456731
year_block,4,outcome_pca,allocation_07,0.0600783995077,0.0403760340852,8494,-0.122397876601,0.345076456731
year_block,4,outcome_pca,allocation_08,0.0593932353036,0.0392113669591,8494,-0.0760781503937,0.345076456731
year_block,4,outcome_pca,allocation_09,0.0590215301393,0.0398675305843,8494,-0.0619107766317,0.345076456731
year_block,4,outcome_pca,allocation_10,0.0547759894863,0.0366966275308,8494,0.0563457048174,0.345076456731
year_block,4,outcome_pca,allocation_11,0.0540257158195,0.0350411146757,8494,0.0737605475373,0.345076456731
year_block,4,outcome_pca,allocation_12,0.0514880360442,0.0337367412459,8494,0.118269734926,0.345076456731
year_block,4,outcome_pca,allocation_13,0.0483609321438,0.0280562992978,8494,0.252682318745,0.345076456731
year_block,4,outcome_pca,allocation_14,0.0462170536452,0.0309247487687,8494,0.277258741283,0.345076456731
year_block,4,outcome_pca,allocation_15,0.0424792867169,0.0297285986895,8494,0.302160215701,0.345076456731
year_block,4,outcome_pca,allocation_16,0.0404652514479,0.0282720387004,8494,0.309968520904,0.345076456731
year_block,4,outcome_pca,allocation_17,0.0394163875795,0.0281249411993,8494,0.30782783375,0.345076456731
year_block,4,outcome_pca,allocation_18,0.0389477411029,0.0283313061393,8494,0.304060057,0.345076456731
year_block,4,outcome_pca,allocation_19,0.0388964418499,0.0283933090558,8494,0.303646037565,0.345076456731
year_block,4,core_means,mean_maximum_temperature_c,25.8121378732,7.289462701,8494,,
year_block,4,core_means,mean_minimum_temperature_c,10.3139375961,7.35056073837,8494,,
year_block,4,core_means,mean_vpd_kpa,1.36399575506,0.745766775655,8494,,
year_block,4,core_means,mean_wind_speed_m_s,3.92039045567,1.28084102192,8494,,
year_block,4,max_vpd_only,max_vpd,1.6513068048,0.851160725954,8494,,
year_block,4,core_plus_max,mean_maximum_temperature_c,25.8121378732,7.289462701,8494,,
year_block,4,core_plus_max,mean_minimum_temperature_c,10.3139375961,7.35056073837,8494,,
year_block,4,core_plus_max,mean_vpd_kpa,1.36399575506,0.745766775655,8494,,
year_block,4,core_plus_max,mean_wind_speed_m_s,3.92039045567,1.28084102192,8494,,
year_block,4,core_plus_max,max_vpd,1.6513068048,0.851160725954,8494,,
year_block,4,comprehensive_means,mean_maximum_temperature_c,25.8121378732,7.289462701,8494,,
year_block,4,comprehensive_means,mean_minimum_temperature_c,10.3139375961,7.35056073837,8494,,
year_block,4,comprehensive_means,mean_vpd_kpa,1.36399575506,0.745766775655,8494,,
year_block,4,comprehensive_means,mean_wind_speed_m_s,3.92039045567,1.28084102192,8494,,
year_block,4,comprehensive_means,mean_precipitation_mm,0.755238553614,2.15841942496,8494,,
year_block,4,comprehensive_means,mean_maximum_relative_humidity_pct,77.0836668919,18.6256041678,8494,,
year_block,4,comprehensive_means,mean_minimum_relative_humidity_pct,29.2802820121,12.4352733138,8494,,
year_block,4,comprehensive_means,mean_specific_humidity_kg_kg,0.00743892303757,0.00393533732395,8494,,
year_block,4,comprehensive_means,mean_fuel_moisture_100hr_pct,12.2277115484,4.01042150602,8494,,
year_block,4,comprehensive_means,mean_fuel_moisture_1000hr_pct,14.4963281924,4.49521456489,8494,,
year_block,4,comprehensive_means,mean_energy_release_component,44.6794289348,20.9524466159,8494,,
year_block,4,comprehensive_means,mean_burning_index,36.8635245258,18.5501727509,8494,,
year_block,4,comprehensive_means,mean_reference_evapotranspiration_mm,6.79820929163,2.57434660285,8494,,
year_block,4,comprehensive_means,mean_potential_evapotranspiration_mm,4.93214292361,1.86984475753,8494,,
year_block,4,comprehensive_means,mean_solar_radiation_w_m2,238.639242785,64.1886449453,8494,,
year_block,4,comprehensive_plus_max,mean_maximum_temperature_c,25.8121378732,7.289462701,8494,,
year_block,4,comprehensive_plus_max,mean_minimum_temperature_c,10.3139375961,7.35056073837,8494,,
year_block,4,comprehensive_plus_max,mean_vpd_kpa,1.36399575506,0.745766775655,8494,,
year_block,4,comprehensive_plus_max,mean_wind_speed_m_s,3.92039045567,1.28084102192,8494,,
year_block,4,comprehensive_plus_max,mean_precipitation_mm,0.755238553614,2.15841942496,8494,,
year_block,4,comprehensive_plus_max,mean_maximum_relative_humidity_pct,77.0836668919,18.6256041678,8494,,
year_block,4,comprehensive_plus_max,mean_minimum_relative_humidity_pct,29.2802820121,12.4352733138,8494,,
year_block,4,comprehensive_plus_max,mean_specific_humidity_kg_kg,0.00743892303757,0.00393533732395,8494,,
year_block,4,comprehensive_plus_max,mean_fuel_moisture_100hr_pct,12.2277115484,4.01042150602,8494,,
year_block,4,comprehensive_plus_max,mean_fuel_moisture_1000hr_pct,14.4963281924,4.49521456489,8494,,
year_block,4,comprehensive_plus_max,mean_energy_release_component,44.6794289348,20.9524466159,8494,,
year_block,4,comprehensive_plus_max,mean_burning_index,36.8635245258,18.5501727509,8494,,
year_block,4,comprehensive_plus_max,mean_reference_evapotranspiration_mm,6.79820929163,2.57434660285,8494,,
year_block,4,comprehensive_plus_max,mean_potential_evapotranspiration_mm,4.93214292361,1.86984475753,8494,,
year_block,4,comprehensive_plus_max,mean_solar_radiation_w_m2,238.639242785,64.1886449453,8494,,
year_block,4,comprehensive_plus_max,max_vpd,1.6513068048,0.851160725954,8494,,
year_block,4,length_only,log_duration,1.61435240436,0.311679229659,8494,,
year_block,4,length_only,log_observations,1.61435240436,0.311679229659,8494,,
year_block,4,length_plus_max,log_duration,1.61435240436,0.311679229659,8494,,
year_block,4,length_plus_max,log_observations,1.61435240436,0.311679229659,8494,,
year_block,4,length_plus_max,max_vpd,1.6513068048,0.851160725954,8494,,
year_block,4,length_plus_core,log_duration,1.61435240436,0.311679229659,8494,,
year_block,4,length_plus_core,log_observations,1.61435240436,0.311679229659,8494,,
year_block,4,length_plus_core,mean_maximum_temperature_c,25.8121378732,7.289462701,8494,,
year_block,4,length_plus_core,mean_minimum_temperature_c,10.3139375961,7.35056073837,8494,,
year_block,4,length_plus_core,mean_vpd_kpa,1.36399575506,0.745766775655,8494,,
year_block,4,length_plus_core,mean_wind_speed_m_s,3.92039045567,1.28084102192,8494,,
year_block,4,length_plus_core_max,log_duration,1.61435240436,0.311679229659,8494,,
year_block,4,length_plus_core_max,log_observations,1.61435240436,0.311679229659,8494,,
year_block,4,length_plus_core_max,mean_maximum_temperature_c,25.8121378732,7.289462701,8494,,
year_block,4,length_plus_core_max,mean_minimum_temperature_c,10.3139375961,7.35056073837,8494,,
year_block,4,length_plus_core_max,mean_vpd_kpa,1.36399575506,0.745766775655,8494,,
year_block,4,length_plus_core_max,mean_wind_speed_m_s,3.92039045567,1.28084102192,8494,,
year_block,4,length_plus_core_max,max_vpd,1.6513068048,0.851160725954,8494,,
year_block,4,core_quantile_exceedance,mean_maximum_temperature_c,25.8121378732,7.289462701,8494,,
year_block,4,core_quantile_exceedance,mean_minimum_temperature_c,10.3139375961,7.35056073837,8494,,
year_block,4,core_quantile_exceedance,mean_vpd_kpa,1.36399575506,0.745766775655,8494,,
year_block,4,core_quantile_exceedance,mean_wind_speed_m_s,3.92039045567,1.28084102192,8494,,
year_block,4,core_quantile_exceedance,q90_vpd,1.58943360019,0.824059388301,8494,,
year_block,4,core_quantile_exceedance,vpd_gt_2_fraction,0.191606712011,0.342746347515,8494,,
year_block,4,core_quantile_exceedance,wet_fraction,0.158848222082,0.231429227356,8494,,
region_block,central,outcome_pca,allocation_00,0.0457604632722,0.034852404407,6873,-0.170693996475,0.341389423604
region_block,central,outcome_pca,allocation_01,0.0461422845456,0.0348518442854,6873,-0.1745885465,0.341389423604
region_block,central,outcome_pca,allocation_02,0.0480969181727,0.0358752393953,6873,-0.196188803841,0.341389423604
region_block,central,outcome_pca,allocation_03,0.0517368882005,0.0389782802333,6873,-0.225339370328,0.341389423604
region_block,central,outcome_pca,allocation_04,0.0566472052048,0.0437787707572,6873,-0.241490132603,0.341389423604
region_block,central,outcome_pca,allocation_05,0.0615835271926,0.0450467305748,6873,-0.244636673797,0.341389423604
region_block,central,outcome_pca,allocation_06,0.0618288716034,0.0398743614438,6873,-0.230673506641,0.341389423604
region_block,central,outcome_pca,allocation_07,0.0615606824844,0.0428149221571,6873,-0.133317992286,0.341389423604
region_block,central,outcome_pca,allocation_08,0.0603915394187,0.0410028353001,6873,-0.0827450432867,0.341389423604
region_block,central,outcome_pca,allocation_09,0.0598729753898,0.0418093239027,6873,-0.0658072141733,0.341389423604
region_block,central,outcome_pca,allocation_10,0.0547054447032,0.0379835890651,6873,0.057996171126,0.341389423604
region_block,central,outcome_pca,allocation_11,0.0538229239325,0.0360875193996,6873,0.0769655055504,0.341389423604
region_block,central,outcome_pca,allocation_12,0.0510872547871,0.0348196923485,6873,0.123218047218,0.341389423604
region_block,central,outcome_pca,allocation_13,0.0478218426882,0.0293686134048,6873,0.25489835785,0.341389423604
region_block,central,outcome_pca,allocation_14,0.0453346013266,0.0317228303973,6873,0.281682608813,0.341389423604
region_block,central,outcome_pca,allocation_15,0.0412824519496,0.0302137781227,6873,0.305642698805,0.341389423604
region_block,central,outcome_pca,allocation_16,0.0392842672698,0.0286168343044,6873,0.314821576372,0.341389423604
region_block,central,outcome_pca,allocation_17,0.0380828652728,0.0283713919875,6873,0.313409544178,0.341389423604
region_block,central,outcome_pca,allocation_18,0.0375088067157,0.028533377926,6873,0.309488182026,0.341389423604
region_block,central,outcome_pca,allocation_19,0.0374481858698,0.0286073628524,6873,0.308969076551,0.341389423604
region_block,central,core_means,mean_maximum_temperature_c,25.9352762916,7.28642692296,6873,,
region_block,central,core_means,mean_minimum_temperature_c,10.0399437205,7.23760180891,6873,,
region_block,central,core_means,mean_vpd_kpa,1.44918522619,0.789006819992,6873,,
region_block,central,core_means,mean_wind_speed_m_s,3.95711893873,1.30169779022,6873,,
region_block,central,max_vpd_only,max_vpd,1.75818565401,0.900174391425,6873,,
region_block,central,core_plus_max,mean_maximum_temperature_c,25.9352762916,7.28642692296,6873,,
region_block,central,core_plus_max,mean_minimum_temperature_c,10.0399437205,7.23760180891,6873,,
region_block,central,core_plus_max,mean_vpd_kpa,1.44918522619,0.789006819992,6873,,
region_block,central,core_plus_max,mean_wind_speed_m_s,3.95711893873,1.30169779022,6873,,
region_block,central,core_plus_max,max_vpd,1.75818565401,0.900174391425,6873,,
region_block,central,comprehensive_means,mean_maximum_temperature_c,25.9352762916,7.28642692296,6873,,
region_block,central,comprehensive_means,mean_minimum_temperature_c,10.0399437205,7.23760180891,6873,,
region_block,central,comprehensive_means,mean_vpd_kpa,1.44918522619,0.789006819992,6873,,
region_block,central,comprehensive_means,mean_wind_speed_m_s,3.95711893873,1.30169779022,6873,,
region_block,central,comprehensive_means,mean_precipitation_mm,0.617496746157,1.72260832672,6873,,
region_block,central,comprehensive_means,mean_maximum_relative_humidity_pct,74.1002667811,19.8869311892,6873,,
region_block,central,comprehensive_means,mean_minimum_relative_humidity_pct,26.8397164722,12.3619197652,6873,,
region_block,central,comprehensive_means,mean_specific_humidity_kg_kg,0.00698766669504,0.00368204283176,6873,,
region_block,central,comprehensive_means,mean_fuel_moisture_100hr_pct,11.5101472405,4.19739781435,6873,,
region_block,central,comprehensive_means,mean_fuel_moisture_1000hr_pct,13.5354654532,4.63849735467,6873,,
region_block,central,comprehensive_means,mean_energy_release_component,49.116041315,22.097540456,6873,,
region_block,central,comprehensive_means,mean_burning_index,40.7197650785,19.4618399309,6873,,
region_block,central,comprehensive_means,mean_reference_evapotranspiration_mm,7.10506438747,2.67951378096,6873,,
region_block,central,comprehensive_means,mean_potential_evapotranspiration_mm,5.12679466411,1.92742041655,6873,,
region_block,central,comprehensive_means,mean_solar_radiation_w_m2,244.031316309,64.8454573655,6873,,
region_block,central,comprehensive_plus_max,mean_maximum_temperature_c,25.9352762916,7.28642692296,6873,,
region_block,central,comprehensive_plus_max,mean_minimum_temperature_c,10.0399437205,7.23760180891,6873,,
region_block,central,comprehensive_plus_max,mean_vpd_kpa,1.44918522619,0.789006819992,6873,,
region_block,central,comprehensive_plus_max,mean_wind_speed_m_s,3.95711893873,1.30169779022,6873,,
region_block,central,comprehensive_plus_max,mean_precipitation_mm,0.617496746157,1.72260832672,6873,,
region_block,central,comprehensive_plus_max,mean_maximum_relative_humidity_pct,74.1002667811,19.8869311892,6873,,
region_block,central,comprehensive_plus_max,mean_minimum_relative_humidity_pct,26.8397164722,12.3619197652,6873,,
region_block,central,comprehensive_plus_max,mean_specific_humidity_kg_kg,0.00698766669504,0.00368204283176,6873,,
region_block,central,comprehensive_plus_max,mean_fuel_moisture_100hr_pct,11.5101472405,4.19739781435,6873,,
region_block,central,comprehensive_plus_max,mean_fuel_moisture_1000hr_pct,13.5354654532,4.63849735467,6873,,
region_block,central,comprehensive_plus_max,mean_energy_release_component,49.116041315,22.097540456,6873,,
region_block,central,comprehensive_plus_max,mean_burning_index,40.7197650785,19.4618399309,6873,,
region_block,central,comprehensive_plus_max,mean_reference_evapotranspiration_mm,7.10506438747,2.67951378096,6873,,
region_block,central,comprehensive_plus_max,mean_potential_evapotranspiration_mm,5.12679466411,1.92742041655,6873,,
region_block,central,comprehensive_plus_max,mean_solar_radiation_w_m2,244.031316309,64.8454573655,6873,,
region_block,central,comprehensive_plus_max,max_vpd,1.75818565401,0.900174391425,6873,,
region_block,central,length_only,log_duration,1.63166046669,0.332686895193,6873,,
region_block,central,length_only,log_observations,1.63166046669,0.332686895193,6873,,
region_block,central,length_plus_max,log_duration,1.63166046669,0.332686895193,6873,,
region_block,central,length_plus_max,log_observations,1.63166046669,0.332686895193,6873,,
region_block,central,length_plus_max,max_vpd,1.75818565401,0.900174391425,6873,,
region_block,central,length_plus_core,log_duration,1.63166046669,0.332686895193,6873,,
region_block,central,length_plus_core,log_observations,1.63166046669,0.332686895193,6873,,
region_block,central,length_plus_core,mean_maximum_temperature_c,25.9352762916,7.28642692296,6873,,
region_block,central,length_plus_core,mean_minimum_temperature_c,10.0399437205,7.23760180891,6873,,
region_block,central,length_plus_core,mean_vpd_kpa,1.44918522619,0.789006819992,6873,,
region_block,central,length_plus_core,mean_wind_speed_m_s,3.95711893873,1.30169779022,6873,,
region_block,central,length_plus_core_max,log_duration,1.63166046669,0.332686895193,6873,,
region_block,central,length_plus_core_max,log_observations,1.63166046669,0.332686895193,6873,,
region_block,central,length_plus_core_max,mean_maximum_temperature_c,25.9352762916,7.28642692296,6873,,
region_block,central,length_plus_core_max,mean_minimum_temperature_c,10.0399437205,7.23760180891,6873,,
region_block,central,length_plus_core_max,mean_vpd_kpa,1.44918522619,0.789006819992,6873,,
region_block,central,length_plus_core_max,mean_wind_speed_m_s,3.95711893873,1.30169779022,6873,,
region_block,central,length_plus_core_max,max_vpd,1.75818565401,0.900174391425,6873,,
region_block,central,core_quantile_exceedance,mean_maximum_temperature_c,25.9352762916,7.28642692296,6873,,
region_block,central,core_quantile_exceedance,mean_minimum_temperature_c,10.0399437205,7.23760180891,6873,,
region_block,central,core_quantile_exceedance,mean_vpd_kpa,1.44918522619,0.789006819992,6873,,
region_block,central,core_quantile_exceedance,mean_wind_speed_m_s,3.95711893873,1.30169779022,6873,,
region_block,central,core_quantile_exceedance,q90_vpd,1.69098705078,0.871177320157,6873,,
region_block,central,core_quantile_exceedance,vpd_gt_2_fraction,0.232016898475,0.366170849961,6873,,
region_block,central,core_quantile_exceedance,wet_fraction,0.152697651767,0.23023044688,6873,,
region_block,east,outcome_pca,allocation_00,0.0458799153294,0.0347309647941,7794,-0.191284285384,0.342054108319
region_block,east,outcome_pca,allocation_01,0.0462260002732,0.0347224410192,7794,-0.194790545928,0.342054108319
region_block,east,outcome_pca,allocation_02,0.0480356267058,0.0356752283938,7794,-0.213745792561,0.342054108319
region_block,east,outcome_pca,allocation_03,0.0512273217163,0.0383105831641,7794,-0.238481934953,0.342054108319
region_block,east,outcome_pca,allocation_04,0.0558713145713,0.0428394730512,7794,-0.249374667247,0.342054108319
region_block,east,outcome_pca,allocation_05,0.0604355070817,0.0439291278591,7794,-0.24288423064,0.342054108319
region_block,east,outcome_pca,allocation_06,0.0609641128742,0.0386926511416,7794,-0.224267630949,0.342054108319
region_block,east,outcome_pca,allocation_07,0.0612477594297,0.0419521979139,7794,-0.118171528161,0.342054108319
region_block,east,outcome_pca,allocation_08,0.060466404592,0.0404673633399,7794,-0.0677153510283,0.342054108319
region_block,east,outcome_pca,allocation_09,0.0600750300099,0.0414735977797,7794,-0.0530083562986,0.342054108319
region_block,east,outcome_pca,allocation_10,0.0551804870457,0.0377003573814,7794,0.0683191051707,0.342054108319
region_block,east,outcome_pca,allocation_11,0.0545031000111,0.0361337200261,7794,0.0861751701907,0.342054108319
region_block,east,outcome_pca,allocation_12,0.0515793485567,0.0346728288261,7794,0.12845273731,0.342054108319
region_block,east,outcome_pca,allocation_13,0.0479118048355,0.0288943626817,7794,0.254239448252,0.342054108319
region_block,east,outcome_pca,allocation_14,0.0453929628692,0.0314480833394,7794,0.277010710202,0.342054108319
region_block,east,outcome_pca,allocation_15,0.0415126554831,0.0301161542735,7794,0.300052749137,0.342054108319
region_block,east,outcome_pca,allocation_16,0.0394858873288,0.0287301101891,7794,0.308042608406,0.342054108319
region_block,east,outcome_pca,allocation_17,0.0383812174931,0.02849272764,7794,0.305741963782,0.342054108319
region_block,east,outcome_pca,allocation_18,0.0378480233172,0.0286632217504,7794,0.301660031351,0.342054108319
region_block,east,outcome_pca,allocation_19,0.0377755204761,0.0287214437317,7794,0.301172108453,0.342054108319
region_block,east,core_means,mean_maximum_temperature_c,25.5093252242,7.67819058408,7794,,
region_block,east,core_means,mean_minimum_temperature_c,9.69462276889,7.50018449367,7794,,
region_block,east,core_means,mean_vpd_kpa,1.42172497395,0.781353231836,7794,,
region_block,east,core_means,mean_wind_speed_m_s,3.99864400496,1.30562563866,7794,,
region_block,east,max_vpd_only,max_vpd,1.73052989479,0.885600248298,7794,,
region_block,east,core_plus_max,mean_maximum_temperature_c,25.5093252242,7.67819058408,7794,,
region_block,east,core_plus_max,mean_minimum_temperature_c,9.69462276889,7.50018449367,7794,,
region_block,east,core_plus_max,mean_vpd_kpa,1.42172497395,0.781353231836,7794,,
region_block,east,core_plus_max,mean_wind_speed_m_s,3.99864400496,1.30562563866,7794,,
region_block,east,core_plus_max,max_vpd,1.73052989479,0.885600248298,7794,,
region_block,east,comprehensive_means,mean_maximum_temperature_c,25.5093252242,7.67819058408,7794,,
region_block,east,comprehensive_means,mean_minimum_temperature_c,9.69462276889,7.50018449367,7794,,
region_block,east,comprehensive_means,mean_vpd_kpa,1.42172497395,0.781353231836,7794,,
region_block,east,comprehensive_means,mean_wind_speed_m_s,3.99864400496,1.30562563866,7794,,
region_block,east,comprehensive_means,mean_precipitation_mm,0.664723083431,2.0315667976,7794,,
region_block,east,comprehensive_means,mean_maximum_relative_humidity_pct,74.1511415393,18.5067564652,7794,,
region_block,east,comprehensive_means,mean_minimum_relative_humidity_pct,27.2776918338,11.9505666911,7794,,
region_block,east,comprehensive_means,mean_specific_humidity_kg_kg,0.00690026142391,0.00376752984321,7794,,
region_block,east,comprehensive_means,mean_fuel_moisture_100hr_pct,11.5273491855,3.85650934418,7794,,
region_block,east,comprehensive_means,mean_fuel_moisture_1000hr_pct,13.858553241,4.52656796899,7794,,
region_block,east,comprehensive_means,mean_energy_release_component,47.8255071329,21.1281978609,7794,,
region_block,east,comprehensive_means,mean_burning_index,39.6579541131,18.6557905306,7794,,
region_block,east,comprehensive_means,mean_reference_evapotranspiration_mm,7.01505025954,2.6331639603,7794,,
region_block,east,comprehensive_means,mean_potential_evapotranspiration_mm,5.055632954,1.91291188146,7794,,
region_block,east,comprehensive_means,mean_solar_radiation_w_m2,241.123862005,64.459931692,7794,,
region_block,east,comprehensive_plus_max,mean_maximum_temperature_c,25.5093252242,7.67819058408,7794,,
region_block,east,comprehensive_plus_max,mean_minimum_temperature_c,9.69462276889,7.50018449367,7794,,
region_block,east,comprehensive_plus_max,mean_vpd_kpa,1.42172497395,0.781353231836,7794,,
region_block,east,comprehensive_plus_max,mean_wind_speed_m_s,3.99864400496,1.30562563866,7794,,
region_block,east,comprehensive_plus_max,mean_precipitation_mm,0.664723083431,2.0315667976,7794,,
region_block,east,comprehensive_plus_max,mean_maximum_relative_humidity_pct,74.1511415393,18.5067564652,7794,,
region_block,east,comprehensive_plus_max,mean_minimum_relative_humidity_pct,27.2776918338,11.9505666911,7794,,
region_block,east,comprehensive_plus_max,mean_specific_humidity_kg_kg,0.00690026142391,0.00376752984321,7794,,
region_block,east,comprehensive_plus_max,mean_fuel_moisture_100hr_pct,11.5273491855,3.85650934418,7794,,
region_block,east,comprehensive_plus_max,mean_fuel_moisture_1000hr_pct,13.858553241,4.52656796899,7794,,
region_block,east,comprehensive_plus_max,mean_energy_release_component,47.8255071329,21.1281978609,7794,,
region_block,east,comprehensive_plus_max,mean_burning_index,39.6579541131,18.6557905306,7794,,
region_block,east,comprehensive_plus_max,mean_reference_evapotranspiration_mm,7.01505025954,2.6331639603,7794,,
region_block,east,comprehensive_plus_max,mean_potential_evapotranspiration_mm,5.055632954,1.91291188146,7794,,
region_block,east,comprehensive_plus_max,mean_solar_radiation_w_m2,241.123862005,64.459931692,7794,,
region_block,east,comprehensive_plus_max,max_vpd,1.73052989479,0.885600248298,7794,,
region_block,east,length_only,log_duration,1.62293732822,0.322952320496,7794,,
region_block,east,length_only,log_observations,1.62293732822,0.322952320496,7794,,
region_block,east,length_plus_max,log_duration,1.62293732822,0.322952320496,7794,,
region_block,east,length_plus_max,log_observations,1.62293732822,0.322952320496,7794,,
region_block,east,length_plus_max,max_vpd,1.73052989479,0.885600248298,7794,,
region_block,east,length_plus_core,log_duration,1.62293732822,0.322952320496,7794,,
region_block,east,length_plus_core,log_observations,1.62293732822,0.322952320496,7794,,
region_block,east,length_plus_core,mean_maximum_temperature_c,25.5093252242,7.67819058408,7794,,
region_block,east,length_plus_core,mean_minimum_temperature_c,9.69462276889,7.50018449367,7794,,
region_block,east,length_plus_core,mean_vpd_kpa,1.42172497395,0.781353231836,7794,,
region_block,east,length_plus_core,mean_wind_speed_m_s,3.99864400496,1.30562563866,7794,,
region_block,east,length_plus_core_max,log_duration,1.62293732822,0.322952320496,7794,,
region_block,east,length_plus_core_max,log_observations,1.62293732822,0.322952320496,7794,,
region_block,east,length_plus_core_max,mean_maximum_temperature_c,25.5093252242,7.67819058408,7794,,
region_block,east,length_plus_core_max,mean_minimum_temperature_c,9.69462276889,7.50018449367,7794,,
region_block,east,length_plus_core_max,mean_vpd_kpa,1.42172497395,0.781353231836,7794,,
region_block,east,length_plus_core_max,mean_wind_speed_m_s,3.99864400496,1.30562563866,7794,,
region_block,east,length_plus_core_max,max_vpd,1.73052989479,0.885600248298,7794,,
region_block,east,core_quantile_exceedance,mean_maximum_temperature_c,25.5093252242,7.67819058408,7794,,
region_block,east,core_quantile_exceedance,mean_minimum_temperature_c,9.69462276889,7.50018449367,7794,,
region_block,east,core_quantile_exceedance,mean_vpd_kpa,1.42172497395,0.781353231836,7794,,
region_block,east,core_quantile_exceedance,mean_wind_speed_m_s,3.99864400496,1.30562563866,7794,,
region_block,east,core_quantile_exceedance,q90_vpd,1.66341891198,0.858547482815,7794,,
region_block,east,core_quantile_exceedance,vpd_gt_2_fraction,0.219767304777,0.359052427427,7794,,
region_block,east,core_quantile_exceedance,wet_fraction,0.145081280009,0.221197276059,7794,,
region_block,intermountain,outcome_pca,allocation_00,0.0464555737409,0.0332172260438,5953,-0.177632493577,0.344288422233
region_block,intermountain,outcome_pca,allocation_01,0.0467169599407,0.0331366961222,5953,-0.181389033707,0.344288422233
region_block,intermountain,outcome_pca,allocation_02,0.0482772501274,0.0338484385469,5953,-0.200915402449,0.344288422233
region_block,intermountain,outcome_pca,allocation_03,0.0512010152727,0.0363431155068,5953,-0.225784634984,0.344288422233
region_block,intermountain,outcome_pca,allocation_04,0.0553963823448,0.0411368479212,5953,-0.238906174307,0.344288422233
region_block,intermountain,outcome_pca,allocation_05,0.0589361414637,0.0419802574315,5953,-0.238465291687,0.344288422233
region_block,intermountain,outcome_pca,allocation_06,0.0594415263659,0.0369584106347,5953,-0.226786634363,0.344288422233
region_block,intermountain,outcome_pca,allocation_07,0.0596281991378,0.0400657911492,5953,-0.132166053706,0.344288422233
region_block,intermountain,outcome_pca,allocation_08,0.0591476263139,0.0391047318753,5953,-0.0903900780784,0.344288422233
region_block,intermountain,outcome_pca,allocation_09,0.0586581490928,0.0401813290008,5953,-0.0760484279036,0.344288422233
region_block,intermountain,outcome_pca,allocation_10,0.0540898712517,0.0354280031342,5953,0.0428543837744,0.344288422233
region_block,intermountain,outcome_pca,allocation_11,0.0532844644467,0.0338792084637,5953,0.059906000122,0.344288422233
region_block,intermountain,outcome_pca,allocation_12,0.0506884560969,0.0327692837122,5953,0.109145143895,0.344288422233
region_block,intermountain,outcome_pca,allocation_13,0.0479967329495,0.0275290938814,5953,0.249278219951,0.344288422233
region_block,intermountain,outcome_pca,allocation_14,0.0462398267418,0.0304494047057,5953,0.27706226507,0.344288422233
region_block,intermountain,outcome_pca,allocation_15,0.0430678645501,0.0295511425178,5953,0.307993701772,0.344288422233
region_block,intermountain,outcome_pca,allocation_16,0.0411118183089,0.0280780006839,5953,0.317037015809,0.344288422233
region_block,intermountain,outcome_pca,allocation_17,0.0401549053761,0.0280363937844,5953,0.315847118269,0.344288422233
region_block,intermountain,outcome_pca,allocation_18,0.0397754093724,0.0283003711244,5953,0.31328888157,0.344288422233
region_block,intermountain,outcome_pca,allocation_19,0.0397318271054,0.0283694936387,5953,0.312858518628,0.344288422233
region_block,intermountain,core_means,mean_maximum_temperature_c,25.7497915722,6.93649227306,5953,,
region_block,intermountain,core_means,mean_minimum_temperature_c,10.6432553664,7.02668516892,5953,,
region_block,intermountain,core_means,mean_vpd_kpa,1.2936286724,0.720784777371,5953,,
region_block,intermountain,core_means,mean_wind_speed_m_s,3.58298351441,1.08798093714,5953,,
region_block,intermountain,max_vpd_only,max_vpd,1.55493196708,0.823372993904,5953,,
region_block,intermountain,core_plus_max,mean_maximum_temperature_c,25.7497915722,6.93649227306,5953,,
region_block,intermountain,core_plus_max,mean_minimum_temperature_c,10.6432553664,7.02668516892,5953,,
region_block,intermountain,core_plus_max,mean_vpd_kpa,1.2936286724,0.720784777371,5953,,
region_block,intermountain,core_plus_max,mean_wind_speed_m_s,3.58298351441,1.08798093714,5953,,
region_block,intermountain,core_plus_max,max_vpd,1.55493196708,0.823372993904,5953,,
region_block,intermountain,comprehensive_means,mean_maximum_temperature_c,25.7497915722,6.93649227306,5953,,
region_block,intermountain,comprehensive_means,mean_minimum_temperature_c,10.6432553664,7.02668516892,5953,,
region_block,intermountain,comprehensive_means,mean_vpd_kpa,1.2936286724,0.720784777371,5953,,
region_block,intermountain,comprehensive_means,mean_wind_speed_m_s,3.58298351441,1.08798093714,5953,,
region_block,intermountain,comprehensive_means,mean_precipitation_mm,0.79230108427,2.35463356402,5953,,
region_block,intermountain,comprehensive_means,mean_maximum_relative_humidity_pct,79.2532589581,18.3764266391,5953,,
region_block,intermountain,comprehensive_means,mean_minimum_relative_humidity_pct,31.6593749433,12.713983231,5953,,
region_block,intermountain,comprehensive_means,mean_specific_humidity_kg_kg,0.00769000459832,0.00386759427022,5953,,
region_block,intermountain,comprehensive_means,mean_fuel_moisture_100hr_pct,12.8191380742,4.14026340702,5953,,
region_block,intermountain,comprehensive_means,mean_fuel_moisture_1000hr_pct,14.9522107082,4.75483139421,5953,,
region_block,intermountain,comprehensive_means,mean_energy_release_component,42.6494281682,21.7733784274,5953,,
region_block,intermountain,comprehensive_means,mean_burning_index,33.8411936988,17.655895132,5953,,
region_block,intermountain,comprehensive_means,mean_reference_evapotranspiration_mm,6.24863186849,2.32246362593,5953,,
region_block,intermountain,comprehensive_means,mean_potential_evapotranspiration_mm,4.58644143146,1.73267931602,5953,,
region_block,intermountain,comprehensive_means,mean_solar_radiation_w_m2,232.957137821,65.5002029909,5953,,
region_block,intermountain,comprehensive_plus_max,mean_maximum_temperature_c,25.7497915722,6.93649227306,5953,,
region_block,intermountain,comprehensive_plus_max,mean_minimum_temperature_c,10.6432553664,7.02668516892,5953,,
region_block,intermountain,comprehensive_plus_max,mean_vpd_kpa,1.2936286724,0.720784777371,5953,,
region_block,intermountain,comprehensive_plus_max,mean_wind_speed_m_s,3.58298351441,1.08798093714,5953,,
region_block,intermountain,comprehensive_plus_max,mean_precipitation_mm,0.79230108427,2.35463356402,5953,,
region_block,intermountain,comprehensive_plus_max,mean_maximum_relative_humidity_pct,79.2532589581,18.3764266391,5953,,
region_block,intermountain,comprehensive_plus_max,mean_minimum_relative_humidity_pct,31.6593749433,12.713983231,5953,,
region_block,intermountain,comprehensive_plus_max,mean_specific_humidity_kg_kg,0.00769000459832,0.00386759427022,5953,,
region_block,intermountain,comprehensive_plus_max,mean_fuel_moisture_100hr_pct,12.8191380742,4.14026340702,5953,,
region_block,intermountain,comprehensive_plus_max,mean_fuel_moisture_1000hr_pct,14.9522107082,4.75483139421,5953,,
region_block,intermountain,comprehensive_plus_max,mean_energy_release_component,42.6494281682,21.7733784274,5953,,
region_block,intermountain,comprehensive_plus_max,mean_burning_index,33.8411936988,17.655895132,5953,,
region_block,intermountain,comprehensive_plus_max,mean_reference_evapotranspiration_mm,6.24863186849,2.32246362593,5953,,
region_block,intermountain,comprehensive_plus_max,mean_potential_evapotranspiration_mm,4.58644143146,1.73267931602,5953,,
region_block,intermountain,comprehensive_plus_max,mean_solar_radiation_w_m2,232.957137821,65.5002029909,5953,,
region_block,intermountain,comprehensive_plus_max,max_vpd,1.55493196708,0.823372993904,5953,,
region_block,intermountain,length_only,log_duration,1.61695312322,0.316834478064,5953,,
region_block,intermountain,length_only,log_observations,1.61695312322,0.316834478064,5953,,
region_block,intermountain,length_plus_max,log_duration,1.61695312322,0.316834478064,5953,,
region_block,intermountain,length_plus_max,log_observations,1.61695312322,0.316834478064,5953,,
region_block,intermountain,length_plus_max,max_vpd,1.55493196708,0.823372993904,5953,,
region_block,intermountain,length_plus_core,log_duration,1.61695312322,0.316834478064,5953,,
region_block,intermountain,length_plus_core,log_observations,1.61695312322,0.316834478064,5953,,
region_block,intermountain,length_plus_core,mean_maximum_temperature_c,25.7497915722,6.93649227306,5953,,
region_block,intermountain,length_plus_core,mean_minimum_temperature_c,10.6432553664,7.02668516892,5953,,
region_block,intermountain,length_plus_core,mean_vpd_kpa,1.2936286724,0.720784777371,5953,,
region_block,intermountain,length_plus_core,mean_wind_speed_m_s,3.58298351441,1.08798093714,5953,,
region_block,intermountain,length_plus_core_max,log_duration,1.61695312322,0.316834478064,5953,,
region_block,intermountain,length_plus_core_max,log_observations,1.61695312322,0.316834478064,5953,,
region_block,intermountain,length_plus_core_max,mean_maximum_temperature_c,25.7497915722,6.93649227306,5953,,
region_block,intermountain,length_plus_core_max,mean_minimum_temperature_c,10.6432553664,7.02668516892,5953,,
region_block,intermountain,length_plus_core_max,mean_vpd_kpa,1.2936286724,0.720784777371,5953,,
region_block,intermountain,length_plus_core_max,mean_wind_speed_m_s,3.58298351441,1.08798093714,5953,,
region_block,intermountain,length_plus_core_max,max_vpd,1.55493196708,0.823372993904,5953,,
region_block,intermountain,core_quantile_exceedance,mean_maximum_temperature_c,25.7497915722,6.93649227306,5953,,
region_block,intermountain,core_quantile_exceedance,mean_minimum_temperature_c,10.6432553664,7.02668516892,5953,,
region_block,intermountain,core_quantile_exceedance,mean_vpd_kpa,1.2936286724,0.720784777371,5953,,
region_block,intermountain,core_quantile_exceedance,mean_wind_speed_m_s,3.58298351441,1.08798093714,5953,,
region_block,intermountain,core_quantile_exceedance,q90_vpd,1.49917335797,0.796843227594,5953,,
region_block,intermountain,core_quantile_exceedance,vpd_gt_2_fraction,0.164024333304,0.326375546139,5953,,
region_block,intermountain,core_quantile_exceedance,wet_fraction,0.154130613873,0.231699147837,5953,,
region_block,west,outcome_pca,allocation_00,0.0469618207993,0.0316902585416,7016,-0.22628281029,0.352198799602
region_block,west,outcome_pca,allocation_01,0.0471521938031,0.0317033269121,7016,-0.22810604536,0.352198799602
region_block,west,outcome_pca,allocation_02,0.0481081651556,0.0321466251574,7016,-0.239331324425,0.352198799602
region_block,west,outcome_pca,allocation_03,0.0502285508892,0.0338298753151,7016,-0.25346147641,0.352198799602
region_block,west,outcome_pca,allocation_04,0.0533056209302,0.0361777976764,7016,-0.257130101675,0.352198799602
region_block,west,outcome_pca,allocation_05,0.0571455466711,0.0371450786234,7016,-0.243050747025,0.352198799602
region_block,west,outcome_pca,allocation_06,0.0576614532846,0.0326888321081,7016,-0.220791598251,0.352198799602
region_block,west,outcome_pca,allocation_07,0.0582364551705,0.0373550042843,7016,-0.103163826946,0.352198799602
region_block,west,outcome_pca,allocation_08,0.0576857018092,0.0361171518253,7016,-0.060729083597,0.352198799602
region_block,west,outcome_pca,allocation_09,0.0576377264825,0.036821750641,7016,-0.0500939359939,0.352198799602
region_block,west,outcome_pca,allocation_10,0.0543944605483,0.0346879805833,7016,0.058219725472,0.352198799602
region_block,west,outcome_pca,allocation_11,0.0538333009999,0.0332881943586,7016,0.0728063955162,0.352198799602
region_block,west,outcome_pca,allocation_12,0.0521898180343,0.0323390758064,7016,0.10942568368,0.352198799602
region_block,west,outcome_pca,allocation_13,0.0495208876551,0.0267066996392,7016,0.246814479925,0.352198799602
region_block,west,outcome_pca,allocation_14,0.0475885081727,0.0302929255672,7016,0.268606685588,0.352198799602
region_block,west,outcome_pca,allocation_15,0.0441610003677,0.0294364127792,7016,0.293215907969,0.352198799602
region_block,west,outcome_pca,allocation_16,0.0420446045016,0.0279602528074,7016,0.299379502467,0.352198799602
region_block,west,outcome_pca,allocation_17,0.0410183361912,0.027770177215,7016,0.29504510981,0.352198799602
region_block,west,outcome_pca,allocation_18,0.0405855255152,0.027927047535,7016,0.290133717848,0.352198799602
region_block,west,outcome_pca,allocation_19,0.0405403230187,0.0279720657689,7016,0.28965282993,0.352198799602
region_block,west,core_means,mean_maximum_temperature_c,25.2908602518,7.29881378215,7016,,
region_block,west,core_means,mean_minimum_temperature_c,10.3155623958,7.65387034492,7016,,
region_block,west,core_means,mean_vpd_kpa,1.22171998969,0.658359888461,7016,,
region_block,west,core_means,mean_wind_speed_m_s,4.1363822786,1.29192494014,7016,,
region_block,west,max_vpd_only,max_vpd,1.48472491448,0.75586613811,7016,,
region_block,west,core_plus_max,mean_maximum_temperature_c,25.2908602518,7.29881378215,7016,,
region_block,west,core_plus_max,mean_minimum_temperature_c,10.3155623958,7.65387034492,7016,,
region_block,west,core_plus_max,mean_vpd_kpa,1.22171998969,0.658359888461,7016,,
region_block,west,core_plus_max,mean_wind_speed_m_s,4.1363822786,1.29192494014,7016,,
region_block,west,core_plus_max,max_vpd,1.48472491448,0.75586613811,7016,,
region_block,west,comprehensive_means,mean_maximum_temperature_c,25.2908602518,7.29881378215,7016,,
region_block,west,comprehensive_means,mean_minimum_temperature_c,10.3155623958,7.65387034492,7016,,
region_block,west,comprehensive_means,mean_vpd_kpa,1.22171998969,0.658359888461,7016,,
region_block,west,comprehensive_means,mean_wind_speed_m_s,4.1363822786,1.29192494014,7016,,
region_block,west,comprehensive_means,mean_precipitation_mm,0.880363999259,2.35230157399,7016,,
region_block,west,comprehensive_means,mean_maximum_relative_humidity_pct,81.4898622038,16.3722462146,7016,,
region_block,west,comprehensive_means,mean_minimum_relative_humidity_pct,31.9969719934,11.8878420443,7016,,
region_block,west,comprehensive_means,mean_specific_humidity_kg_kg,0.00795948773356,0.00416914362291,7016,,
region_block,west,comprehensive_means,mean_fuel_moisture_100hr_pct,13.2509836314,3.55493104653,7016,,
region_block,west,comprehensive_means,mean_fuel_moisture_1000hr_pct,15.9182374044,3.72905183313,7016,,
region_block,west,comprehensive_means,mean_energy_release_component,38.2853596021,17.1039524631,7016,,
region_block,west,comprehensive_means,mean_burning_index,33.0881491395,16.9404641252,7016,,
region_block,west,comprehensive_means,mean_reference_evapotranspiration_mm,6.52469146986,2.49544804965,7016,,
region_block,west,comprehensive_means,mean_potential_evapotranspiration_mm,4.73291104846,1.81613117501,7016,,
region_block,west,comprehensive_means,mean_solar_radiation_w_m2,230.401044995,61.5384241689,7016,,
region_block,west,comprehensive_plus_max,mean_maximum_temperature_c,25.2908602518,7.29881378215,7016,,
region_block,west,comprehensive_plus_max,mean_minimum_temperature_c,10.3155623958,7.65387034492,7016,,
region_block,west,comprehensive_plus_max,mean_vpd_kpa,1.22171998969,0.658359888461,7016,,
region_block,west,comprehensive_plus_max,mean_wind_speed_m_s,4.1363822786,1.29192494014,7016,,
region_block,west,comprehensive_plus_max,mean_precipitation_mm,0.880363999259,2.35230157399,7016,,
region_block,west,comprehensive_plus_max,mean_maximum_relative_humidity_pct,81.4898622038,16.3722462146,7016,,
region_block,west,comprehensive_plus_max,mean_minimum_relative_humidity_pct,31.9969719934,11.8878420443,7016,,
region_block,west,comprehensive_plus_max,mean_specific_humidity_kg_kg,0.00795948773356,0.00416914362291,7016,,
region_block,west,comprehensive_plus_max,mean_fuel_moisture_100hr_pct,13.2509836314,3.55493104653,7016,,
region_block,west,comprehensive_plus_max,mean_fuel_moisture_1000hr_pct,15.9182374044,3.72905183313,7016,,
region_block,west,comprehensive_plus_max,mean_energy_release_component,38.2853596021,17.1039524631,7016,,
region_block,west,comprehensive_plus_max,mean_burning_index,33.0881491395,16.9404641252,7016,,
region_block,west,comprehensive_plus_max,mean_reference_evapotranspiration_mm,6.52469146986,2.49544804965,7016,,
region_block,west,comprehensive_plus_max,mean_potential_evapotranspiration_mm,4.73291104846,1.81613117501,7016,,
region_block,west,comprehensive_plus_max,mean_solar_radiation_w_m2,230.401044995,61.5384241689,7016,,
region_block,west,comprehensive_plus_max,max_vpd,1.48472491448,0.75586613811,7016,,
region_block,west,length_only,log_duration,1.59054511187,0.285097392728,7016,,
region_block,west,length_only,log_observations,1.59054511187,0.285097392728,7016,,
region_block,west,length_plus_max,log_duration,1.59054511187,0.285097392728,7016,,
region_block,west,length_plus_max,log_observations,1.59054511187,0.285097392728,7016,,
region_block,west,length_plus_max,max_vpd,1.48472491448,0.75586613811,7016,,
region_block,west,length_plus_core,log_duration,1.59054511187,0.285097392728,7016,,
region_block,west,length_plus_core,log_observations,1.59054511187,0.285097392728,7016,,
region_block,west,length_plus_core,mean_maximum_temperature_c,25.2908602518,7.29881378215,7016,,
region_block,west,length_plus_core,mean_minimum_temperature_c,10.3155623958,7.65387034492,7016,,
region_block,west,length_plus_core,mean_vpd_kpa,1.22171998969,0.658359888461,7016,,
region_block,west,length_plus_core,mean_wind_speed_m_s,4.1363822786,1.29192494014,7016,,
region_block,west,length_plus_core_max,log_duration,1.59054511187,0.285097392728,7016,,
region_block,west,length_plus_core_max,log_observations,1.59054511187,0.285097392728,7016,,
region_block,west,length_plus_core_max,mean_maximum_temperature_c,25.2908602518,7.29881378215,7016,,
region_block,west,length_plus_core_max,mean_minimum_temperature_c,10.3155623958,7.65387034492,7016,,
region_block,west,length_plus_core_max,mean_vpd_kpa,1.22171998969,0.658359888461,7016,,
region_block,west,length_plus_core_max,mean_wind_speed_m_s,4.1363822786,1.29192494014,7016,,
region_block,west,length_plus_core_max,max_vpd,1.48472491448,0.75586613811,7016,,
region_block,west,core_quantile_exceedance,mean_maximum_temperature_c,25.2908602518,7.29881378215,7016,,
region_block,west,core_quantile_exceedance,mean_minimum_temperature_c,10.3155623958,7.65387034492,7016,,
region_block,west,core_quantile_exceedance,mean_vpd_kpa,1.22171998969,0.658359888461,7016,,
region_block,west,core_quantile_exceedance,mean_wind_speed_m_s,4.1363822786,1.29192494014,7016,,
region_block,west,core_quantile_exceedance,q90_vpd,1.42851168757,0.73077726531,7016,,
region_block,west,core_quantile_exceedance,vpd_gt_2_fraction,0.127091944245,0.290216007665,7016,,
region_block,west,core_quantile_exceedance,wet_fraction,0.171727285821,0.235317836356,7016,,
spatiotemporal,central:2000-2004,outcome_pca,allocation_00,0.0456795837645,0.0354036006549,5763,-0.169545067726,0.341791812505
spatiotemporal,central:2000-2004,outcome_pca,allocation_01,0.0460487251165,0.0354424378416,5763,-0.173059663046,0.341791812505
spatiotemporal,central:2000-2004,outcome_pca,allocation_02,0.0479493966571,0.0362989425613,5763,-0.1941905236,0.341791812505
spatiotemporal,central:2000-2004,outcome_pca,allocation_03,0.0517322141744,0.0393709565281,5763,-0.222881203749,0.341791812505
spatiotemporal,central:2000-2004,outcome_pca,allocation_04,0.0570489318705,0.044479039043,5763,-0.239570872852,0.341791812505
spatiotemporal,central:2000-2004,outcome_pca,allocation_05,0.06235382901,0.046166324872,5763,-0.242794075254,0.341791812505
spatiotemporal,central:2000-2004,outcome_pca,allocation_06,0.0625630057591,0.04069219932,5763,-0.231486501186,0.341791812505
spatiotemporal,central:2000-2004,outcome_pca,allocation_07,0.0621910761683,0.0438962887635,5763,-0.134708022202,0.341791812505
spatiotemporal,central:2000-2004,outcome_pca,allocation_08,0.060873777694,0.0417880724257,5763,-0.0829915485204,0.341791812505
spatiotemporal,central:2000-2004,outcome_pca,allocation_09,0.0603495625645,0.0428368024117,5763,-0.0650346872488,0.341791812505
spatiotemporal,central:2000-2004,outcome_pca,allocation_10,0.054780580177,0.0385404277193,5763,0.0611615576102,0.341791812505
spatiotemporal,central:2000-2004,outcome_pca,allocation_11,0.0538876812218,0.0364901052984,5763,0.0791653820488,0.341791812505
spatiotemporal,central:2000-2004,outcome_pca,allocation_12,0.05079915786,0.0348828457604,5763,0.125059284489,0.341791812505
spatiotemporal,central:2000-2004,outcome_pca,allocation_13,0.0474429329546,0.0291834313897,5763,0.259475473064,0.341791812505
spatiotemporal,central:2000-2004,outcome_pca,allocation_14,0.0450163084222,0.0318540774209,5763,0.284539457009,0.341791812505
spatiotemporal,central:2000-2004,outcome_pca,allocation_15,0.041008429234,0.030591151366,5763,0.305565168742,0.341791812505
spatiotemporal,central:2000-2004,outcome_pca,allocation_16,0.0388872287243,0.0289970381851,5763,0.314568178544,0.341791812505
spatiotemporal,central:2000-2004,outcome_pca,allocation_17,0.0375369547019,0.0285822338993,5763,0.31306271145,0.341791812505
spatiotemporal,central:2000-2004,outcome_pca,allocation_18,0.0369549323978,0.028720446252,5763,0.308895771896,0.341791812505
spatiotemporal,central:2000-2004,outcome_pca,allocation_19,0.0368956915275,0.0287993415319,5763,0.308286059781,0.341791812505
spatiotemporal,central:2000-2004,core_means,mean_maximum_temperature_c,25.8674792578,7.25260339232,5763,,
spatiotemporal,central:2000-2004,core_means,mean_minimum_temperature_c,9.92156823269,7.21419093793,5763,,
spatiotemporal,central:2000-2004,core_means,mean_vpd_kpa,1.45976606008,0.802139923624,5763,,
spatiotemporal,central:2000-2004,core_means,mean_wind_speed_m_s,3.98861833681,1.31622194056,5763,,
spatiotemporal,central:2000-2004,max_vpd_only,max_vpd,1.77489328475,0.911155592182,5763,,
spatiotemporal,central:2000-2004,core_plus_max,mean_maximum_temperature_c,25.8674792578,7.25260339232,5763,,
spatiotemporal,central:2000-2004,core_plus_max,mean_minimum_temperature_c,9.92156823269,7.21419093793,5763,,
spatiotemporal,central:2000-2004,core_plus_max,mean_vpd_kpa,1.45976606008,0.802139923624,5763,,
spatiotemporal,central:2000-2004,core_plus_max,mean_wind_speed_m_s,3.98861833681,1.31622194056,5763,,
spatiotemporal,central:2000-2004,core_plus_max,max_vpd,1.77489328475,0.911155592182,5763,,
spatiotemporal,central:2000-2004,comprehensive_means,mean_maximum_temperature_c,25.8674792578,7.25260339232,5763,,
spatiotemporal,central:2000-2004,comprehensive_means,mean_minimum_temperature_c,9.92156823269,7.21419093793,5763,,
spatiotemporal,central:2000-2004,comprehensive_means,mean_vpd_kpa,1.45976606008,0.802139923624,5763,,
spatiotemporal,central:2000-2004,comprehensive_means,mean_wind_speed_m_s,3.98861833681,1.31622194056,5763,,
spatiotemporal,central:2000-2004,comprehensive_means,mean_precipitation_mm,0.628563848135,1.76415135001,5763,,
spatiotemporal,central:2000-2004,comprehensive_means,mean_maximum_relative_humidity_pct,73.3545176655,19.7994521716,5763,,
spatiotemporal,central:2000-2004,comprehensive_means,mean_minimum_relative_humidity_pct,26.3990047306,12.3722049143,5763,,
spatiotemporal,central:2000-2004,comprehensive_means,mean_specific_humidity_kg_kg,0.00683825656336,0.00357961214278,5763,,
spatiotemporal,central:2000-2004,comprehensive_means,mean_fuel_moisture_100hr_pct,11.3562217192,4.18554455298,5763,,
spatiotemporal,central:2000-2004,comprehensive_means,mean_fuel_moisture_1000hr_pct,13.3843378101,4.64881308509,5763,,
spatiotemporal,central:2000-2004,comprehensive_means,mean_energy_release_component,49.8784767138,22.2949128739,5763,,
spatiotemporal,central:2000-2004,comprehensive_means,mean_burning_index,41.46983494,19.750144489,5763,,
spatiotemporal,central:2000-2004,comprehensive_means,mean_reference_evapotranspiration_mm,7.1503364127,2.68794783313,5763,,
spatiotemporal,central:2000-2004,comprehensive_means,mean_potential_evapotranspiration_mm,5.14506260125,1.92150348545,5763,,
spatiotemporal,central:2000-2004,comprehensive_means,mean_solar_radiation_w_m2,243.996909976,64.4455530966,5763,,
spatiotemporal,central:2000-2004,comprehensive_plus_max,mean_maximum_temperature_c,25.8674792578,7.25260339232,5763,,
spatiotemporal,central:2000-2004,comprehensive_plus_max,mean_minimum_temperature_c,9.92156823269,7.21419093793,5763,,
spatiotemporal,central:2000-2004,comprehensive_plus_max,mean_vpd_kpa,1.45976606008,0.802139923624,5763,,
spatiotemporal,central:2000-2004,comprehensive_plus_max,mean_wind_speed_m_s,3.98861833681,1.31622194056,5763,,
spatiotemporal,central:2000-2004,comprehensive_plus_max,mean_precipitation_mm,0.628563848135,1.76415135001,5763,,
spatiotemporal,central:2000-2004,comprehensive_plus_max,mean_maximum_relative_humidity_pct,73.3545176655,19.7994521716,5763,,
spatiotemporal,central:2000-2004,comprehensive_plus_max,mean_minimum_relative_humidity_pct,26.3990047306,12.3722049143,5763,,
spatiotemporal,central:2000-2004,comprehensive_plus_max,mean_specific_humidity_kg_kg,0.00683825656336,0.00357961214278,5763,,
spatiotemporal,central:2000-2004,comprehensive_plus_max,mean_fuel_moisture_100hr_pct,11.3562217192,4.18554455298,5763,,
spatiotemporal,central:2000-2004,comprehensive_plus_max,mean_fuel_moisture_1000hr_pct,13.3843378101,4.64881308509,5763,,
spatiotemporal,central:2000-2004,comprehensive_plus_max,mean_energy_release_component,49.8784767138,22.2949128739,5763,,
spatiotemporal,central:2000-2004,comprehensive_plus_max,mean_burning_index,41.46983494,19.750144489,5763,,
spatiotemporal,central:2000-2004,comprehensive_plus_max,mean_reference_evapotranspiration_mm,7.1503364127,2.68794783313,5763,,
spatiotemporal,central:2000-2004,comprehensive_plus_max,mean_potential_evapotranspiration_mm,5.14506260125,1.92150348545,5763,,
spatiotemporal,central:2000-2004,comprehensive_plus_max,mean_solar_radiation_w_m2,243.996909976,64.4455530966,5763,,
spatiotemporal,central:2000-2004,comprehensive_plus_max,max_vpd,1.77489328475,0.911155592182,5763,,
spatiotemporal,central:2000-2004,length_only,log_duration,1.63484388018,0.333016545992,5763,,
spatiotemporal,central:2000-2004,length_only,log_observations,1.63484388018,0.333016545992,5763,,
spatiotemporal,central:2000-2004,length_plus_max,log_duration,1.63484388018,0.333016545992,5763,,
spatiotemporal,central:2000-2004,length_plus_max,log_observations,1.63484388018,0.333016545992,5763,,
spatiotemporal,central:2000-2004,length_plus_max,max_vpd,1.77489328475,0.911155592182,5763,,
spatiotemporal,central:2000-2004,length_plus_core,log_duration,1.63484388018,0.333016545992,5763,,
spatiotemporal,central:2000-2004,length_plus_core,log_observations,1.63484388018,0.333016545992,5763,,
spatiotemporal,central:2000-2004,length_plus_core,mean_maximum_temperature_c,25.8674792578,7.25260339232,5763,,
spatiotemporal,central:2000-2004,length_plus_core,mean_minimum_temperature_c,9.92156823269,7.21419093793,5763,,
spatiotemporal,central:2000-2004,length_plus_core,mean_vpd_kpa,1.45976606008,0.802139923624,5763,,
spatiotemporal,central:2000-2004,length_plus_core,mean_wind_speed_m_s,3.98861833681,1.31622194056,5763,,
spatiotemporal,central:2000-2004,length_plus_core_max,log_duration,1.63484388018,0.333016545992,5763,,
spatiotemporal,central:2000-2004,length_plus_core_max,log_observations,1.63484388018,0.333016545992,5763,,
spatiotemporal,central:2000-2004,length_plus_core_max,mean_maximum_temperature_c,25.8674792578,7.25260339232,5763,,
spatiotemporal,central:2000-2004,length_plus_core_max,mean_minimum_temperature_c,9.92156823269,7.21419093793,5763,,
spatiotemporal,central:2000-2004,length_plus_core_max,mean_vpd_kpa,1.45976606008,0.802139923624,5763,,
spatiotemporal,central:2000-2004,length_plus_core_max,mean_wind_speed_m_s,3.98861833681,1.31622194056,5763,,
spatiotemporal,central:2000-2004,length_plus_core_max,max_vpd,1.77489328475,0.911155592182,5763,,
spatiotemporal,central:2000-2004,core_quantile_exceedance,mean_maximum_temperature_c,25.8674792578,7.25260339232,5763,,
spatiotemporal,central:2000-2004,core_quantile_exceedance,mean_minimum_temperature_c,9.92156823269,7.21419093793,5763,,
spatiotemporal,central:2000-2004,core_quantile_exceedance,mean_vpd_kpa,1.45976606008,0.802139923624,5763,,
spatiotemporal,central:2000-2004,core_quantile_exceedance,mean_wind_speed_m_s,3.98861833681,1.31622194056,5763,,
spatiotemporal,central:2000-2004,core_quantile_exceedance,q90_vpd,1.70614471629,0.882793760404,5763,,
spatiotemporal,central:2000-2004,core_quantile_exceedance,vpd_gt_2_fraction,0.233730028005,0.369225793079,5763,,
spatiotemporal,central:2000-2004,core_quantile_exceedance,wet_fraction,0.148550290561,0.227525137743,5763,,
spatiotemporal,central:2005-2009,outcome_pca,allocation_00,0.0455207876004,0.0347938710916,4982,-0.163693350674,0.342509061858
spatiotemporal,central:2005-2009,outcome_pca,allocation_01,0.045926129525,0.0347866369363,4982,-0.167494274738,0.342509061858
spatiotemporal,central:2005-2009,outcome_pca,allocation_02,0.0479236800786,0.0358647427123,4982,-0.190122903931,0.342509061858
spatiotemporal,central:2005-2009,outcome_pca,allocation_03,0.0515799033479,0.0389927703039,4982,-0.219142398728,0.342509061858
spatiotemporal,central:2005-2009,outcome_pca,allocation_04,0.0566458087626,0.0439338756023,4982,-0.235597853996,0.342509061858
spatiotemporal,central:2005-2009,outcome_pca,allocation_05,0.0616108984259,0.044693228925,4982,-0.242885187468,0.342509061858
spatiotemporal,central:2005-2009,outcome_pca,allocation_06,0.0618264981684,0.0398106047588,4982,-0.230678228099,0.342509061858
spatiotemporal,central:2005-2009,outcome_pca,allocation_07,0.0614812426683,0.0426650006604,4982,-0.138791960481,0.342509061858
spatiotemporal,central:2005-2009,outcome_pca,allocation_08,0.0602060809132,0.0407381950704,4982,-0.0895802254044,0.342509061858
spatiotemporal,central:2005-2009,outcome_pca,allocation_09,0.0598729723954,0.0420668975641,4982,-0.0735342253212,0.342509061858
spatiotemporal,central:2005-2009,outcome_pca,allocation_10,0.0549813949087,0.0385530706807,4982,0.0457260412953,0.342509061858
spatiotemporal,central:2005-2009,outcome_pca,allocation_11,0.0539392791317,0.0362575068123,4982,0.0662550154831,0.342509061858
spatiotemporal,central:2005-2009,outcome_pca,allocation_12,0.0512209776415,0.0347385009879,4982,0.114705166724,0.342509061858
spatiotemporal,central:2005-2009,outcome_pca,allocation_13,0.0479291404589,0.029220323459,4982,0.251547727842,0.342509061858
spatiotemporal,central:2005-2009,outcome_pca,allocation_14,0.0454327567356,0.031701793876,4982,0.281085511992,0.342509061858
spatiotemporal,central:2005-2009,outcome_pca,allocation_15,0.041275056018,0.0301028576018,4982,0.31046303357,0.342509061858
spatiotemporal,central:2005-2009,outcome_pca,allocation_16,0.0393276653207,0.0286986802333,4982,0.318824219006,0.342509061858
spatiotemporal,central:2005-2009,outcome_pca,allocation_17,0.0381629345909,0.0283295001589,4982,0.319478530432,0.342509061858
spatiotemporal,central:2005-2009,outcome_pca,allocation_18,0.0376020452389,0.0284995404078,4982,0.315310212412,0.342509061858
spatiotemporal,central:2005-2009,outcome_pca,allocation_19,0.0375347480693,0.0285727865442,4982,0.31484360091,0.342509061858
spatiotemporal,central:2005-2009,core_means,mean_maximum_temperature_c,25.9476871307,7.29800975773,4982,,
spatiotemporal,central:2005-2009,core_means,mean_minimum_temperature_c,9.9287861698,7.2580048955,4982,,
spatiotemporal,central:2005-2009,core_means,mean_vpd_kpa,1.4445654485,0.775244595381,4982,,
spatiotemporal,central:2005-2009,core_means,mean_wind_speed_m_s,3.95825893246,1.31781434757,4982,,
spatiotemporal,central:2005-2009,max_vpd_only,max_vpd,1.76223404255,0.888663202375,4982,,
spatiotemporal,central:2005-2009,core_plus_max,mean_maximum_temperature_c,25.9476871307,7.29800975773,4982,,
spatiotemporal,central:2005-2009,core_plus_max,mean_minimum_temperature_c,9.9287861698,7.2580048955,4982,,
spatiotemporal,central:2005-2009,core_plus_max,mean_vpd_kpa,1.4445654485,0.775244595381,4982,,
spatiotemporal,central:2005-2009,core_plus_max,mean_wind_speed_m_s,3.95825893246,1.31781434757,4982,,
spatiotemporal,central:2005-2009,core_plus_max,max_vpd,1.76223404255,0.888663202375,4982,,
spatiotemporal,central:2005-2009,comprehensive_means,mean_maximum_temperature_c,25.9476871307,7.29800975773,4982,,
spatiotemporal,central:2005-2009,comprehensive_means,mean_minimum_temperature_c,9.9287861698,7.2580048955,4982,,
spatiotemporal,central:2005-2009,comprehensive_means,mean_vpd_kpa,1.4445654485,0.775244595381,4982,,
spatiotemporal,central:2005-2009,comprehensive_means,mean_wind_speed_m_s,3.95825893246,1.31781434757,4982,,
spatiotemporal,central:2005-2009,comprehensive_means,mean_precipitation_mm,0.572098420911,1.65430540074,4982,,
spatiotemporal,central:2005-2009,comprehensive_means,mean_maximum_relative_humidity_pct,74.4207339925,19.5365321926,4982,,
spatiotemporal,central:2005-2009,comprehensive_means,mean_minimum_relative_humidity_pct,26.6189563407,12.5833487261,4982,,
spatiotemporal,central:2005-2009,comprehensive_means,mean_specific_humidity_kg_kg,0.00700474943738,0.00369453413836,4982,,
spatiotemporal,central:2005-2009,comprehensive_means,mean_fuel_moisture_100hr_pct,11.5433958785,4.22353931895,4982,,
spatiotemporal,central:2005-2009,comprehensive_means,mean_fuel_moisture_1000hr_pct,13.5787552779,4.63586143591,4982,,
spatiotemporal,central:2005-2009,comprehensive_means,mean_energy_release_component,49.0930481947,22.0215374554,4982,,
spatiotemporal,central:2005-2009,comprehensive_means,mean_burning_index,41.1114992957,19.4739963191,4982,,
spatiotemporal,central:2005-2009,comprehensive_means,mean_reference_evapotranspiration_mm,7.08549692112,2.69104245358,4982,,
spatiotemporal,central:2005-2009,comprehensive_means,mean_potential_evapotranspiration_mm,5.10880018631,1.92984353784,4982,,
spatiotemporal,central:2005-2009,comprehensive_means,mean_solar_radiation_w_m2,243.035578836,65.1141662577,4982,,
spatiotemporal,central:2005-2009,comprehensive_plus_max,mean_maximum_temperature_c,25.9476871307,7.29800975773,4982,,
spatiotemporal,central:2005-2009,comprehensive_plus_max,mean_minimum_temperature_c,9.9287861698,7.2580048955,4982,,
spatiotemporal,central:2005-2009,comprehensive_plus_max,mean_vpd_kpa,1.4445654485,0.775244595381,4982,,
spatiotemporal,central:2005-2009,comprehensive_plus_max,mean_wind_speed_m_s,3.95825893246,1.31781434757,4982,,
spatiotemporal,central:2005-2009,comprehensive_plus_max,mean_precipitation_mm,0.572098420911,1.65430540074,4982,,
spatiotemporal,central:2005-2009,comprehensive_plus_max,mean_maximum_relative_humidity_pct,74.4207339925,19.5365321926,4982,,
spatiotemporal,central:2005-2009,comprehensive_plus_max,mean_minimum_relative_humidity_pct,26.6189563407,12.5833487261,4982,,
spatiotemporal,central:2005-2009,comprehensive_plus_max,mean_specific_humidity_kg_kg,0.00700474943738,0.00369453413836,4982,,
spatiotemporal,central:2005-2009,comprehensive_plus_max,mean_fuel_moisture_100hr_pct,11.5433958785,4.22353931895,4982,,
spatiotemporal,central:2005-2009,comprehensive_plus_max,mean_fuel_moisture_1000hr_pct,13.5787552779,4.63586143591,4982,,
spatiotemporal,central:2005-2009,comprehensive_plus_max,mean_energy_release_component,49.0930481947,22.0215374554,4982,,
spatiotemporal,central:2005-2009,comprehensive_plus_max,mean_burning_index,41.1114992957,19.4739963191,4982,,
spatiotemporal,central:2005-2009,comprehensive_plus_max,mean_reference_evapotranspiration_mm,7.08549692112,2.69104245358,4982,,
spatiotemporal,central:2005-2009,comprehensive_plus_max,mean_potential_evapotranspiration_mm,5.10880018631,1.92984353784,4982,,
spatiotemporal,central:2005-2009,comprehensive_plus_max,mean_solar_radiation_w_m2,243.035578836,65.1141662577,4982,,
spatiotemporal,central:2005-2009,comprehensive_plus_max,max_vpd,1.76223404255,0.888663202375,4982,,
spatiotemporal,central:2005-2009,length_only,log_duration,1.63238988083,0.334643316628,4982,,
spatiotemporal,central:2005-2009,length_only,log_observations,1.63238988083,0.334643316628,4982,,
spatiotemporal,central:2005-2009,length_plus_max,log_duration,1.63238988083,0.334643316628,4982,,
spatiotemporal,central:2005-2009,length_plus_max,log_observations,1.63238988083,0.334643316628,4982,,
spatiotemporal,central:2005-2009,length_plus_max,max_vpd,1.76223404255,0.888663202375,4982,,
spatiotemporal,central:2005-2009,length_plus_core,log_duration,1.63238988083,0.334643316628,4982,,
spatiotemporal,central:2005-2009,length_plus_core,log_observations,1.63238988083,0.334643316628,4982,,
spatiotemporal,central:2005-2009,length_plus_core,mean_maximum_temperature_c,25.9476871307,7.29800975773,4982,,
spatiotemporal,central:2005-2009,length_plus_core,mean_minimum_temperature_c,9.9287861698,7.2580048955,4982,,
spatiotemporal,central:2005-2009,length_plus_core,mean_vpd_kpa,1.4445654485,0.775244595381,4982,,
spatiotemporal,central:2005-2009,length_plus_core,mean_wind_speed_m_s,3.95825893246,1.31781434757,4982,,
spatiotemporal,central:2005-2009,length_plus_core_max,log_duration,1.63238988083,0.334643316628,4982,,
spatiotemporal,central:2005-2009,length_plus_core_max,log_observations,1.63238988083,0.334643316628,4982,,
spatiotemporal,central:2005-2009,length_plus_core_max,mean_maximum_temperature_c,25.9476871307,7.29800975773,4982,,
spatiotemporal,central:2005-2009,length_plus_core_max,mean_minimum_temperature_c,9.9287861698,7.2580048955,4982,,
spatiotemporal,central:2005-2009,length_plus_core_max,mean_vpd_kpa,1.4445654485,0.775244595381,4982,,
spatiotemporal,central:2005-2009,length_plus_core_max,mean_wind_speed_m_s,3.95825893246,1.31781434757,4982,,
spatiotemporal,central:2005-2009,length_plus_core_max,max_vpd,1.76223404255,0.888663202375,4982,,
spatiotemporal,central:2005-2009,core_quantile_exceedance,mean_maximum_temperature_c,25.9476871307,7.29800975773,4982,,
spatiotemporal,central:2005-2009,core_quantile_exceedance,mean_minimum_temperature_c,9.9287861698,7.2580048955,4982,,
spatiotemporal,central:2005-2009,core_quantile_exceedance,mean_vpd_kpa,1.4445654485,0.775244595381,4982,,
spatiotemporal,central:2005-2009,core_quantile_exceedance,mean_wind_speed_m_s,3.95825893246,1.31781434757,4982,,
spatiotemporal,central:2005-2009,core_quantile_exceedance,q90_vpd,1.69323484544,0.858043972473,4982,,
spatiotemporal,central:2005-2009,core_quantile_exceedance,vpd_gt_2_fraction,0.233020228296,0.363862302993,4982,,
spatiotemporal,central:2005-2009,core_quantile_exceedance,wet_fraction,0.142086841418,0.222094989979,4982,,
spatiotemporal,central:2010-2014,outcome_pca,allocation_00,0.0457536376453,0.034549328065,5225,-0.171053186267,0.338495346174
spatiotemporal,central:2010-2014,outcome_pca,allocation_01,0.0461011099844,0.034449417722,5225,-0.175259770921,0.338495346174
spatiotemporal,central:2010-2014,outcome_pca,allocation_02,0.0480961549215,0.0354675746404,5225,-0.197363219144,0.338495346174
spatiotemporal,central:2010-2014,outcome_pca,allocation_03,0.0516315128646,0.038403667288,5225,-0.225956858037,0.338495346174
spatiotemporal,central:2010-2014,outcome_pca,allocation_04,0.0563109949353,0.0435060628128,5225,-0.240540833495,0.338495346174
spatiotemporal,central:2010-2014,outcome_pca,allocation_05,0.0607876153723,0.0443398810132,5225,-0.242293747388,0.338495346174
spatiotemporal,central:2010-2014,outcome_pca,allocation_06,0.0611019406326,0.0390988519202,5225,-0.230996635323,0.338495346174
spatiotemporal,central:2010-2014,outcome_pca,allocation_07,0.0611140651147,0.0423207976218,5225,-0.135807998687,0.338495346174
spatiotemporal,central:2010-2014,outcome_pca,allocation_08,0.0600104553046,0.0405782941345,5225,-0.0861481546198,0.338495346174
spatiotemporal,central:2010-2014,outcome_pca,allocation_09,0.0595341529042,0.0412669307615,5225,-0.0688318097433,0.338495346174
spatiotemporal,central:2010-2014,outcome_pca,allocation_10,0.0546397410889,0.0374834554787,5225,0.0527332681872,0.338495346174
spatiotemporal,central:2010-2014,outcome_pca,allocation_11,0.0538081089757,0.0356559766495,5225,0.0715656035515,0.338495346174
spatiotemporal,central:2010-2014,outcome_pca,allocation_12,0.0513961291904,0.034845323957,5225,0.118701200741,0.338495346174
spatiotemporal,central:2010-2014,outcome_pca,allocation_13,0.0483119041365,0.0298348401202,5225,0.250514204435,0.338495346174
spatiotemporal,central:2010-2014,outcome_pca,allocation_14,0.0457227089779,0.0318343438007,5225,0.280905284631,0.338495346174
spatiotemporal,central:2010-2014,outcome_pca,allocation_15,0.0416961694111,0.0302135892945,5225,0.307016707227,0.338495346174
spatiotemporal,central:2010-2014,outcome_pca,allocation_16,0.039616626532,0.0282898933451,5225,0.317033076902,0.338495346174
spatiotemporal,central:2010-2014,outcome_pca,allocation_17,0.0384960863401,0.0282883178955,5225,0.314179618758,0.338495346174
spatiotemporal,central:2010-2014,outcome_pca,allocation_18,0.0379595390354,0.0285548898663,5225,0.310334003924,0.338495346174
spatiotemporal,central:2010-2014,outcome_pca,allocation_19,0.0379113466325,0.0286325086133,5225,0.309910525768,0.338495346174
spatiotemporal,central:2010-2014,core_means,mean_maximum_temperature_c,25.7480415915,7.30499062697,5225,,
spatiotemporal,central:2010-2014,core_means,mean_minimum_temperature_c,10.1314870091,7.31014327516,5225,,
spatiotemporal,central:2010-2014,core_means,mean_vpd_kpa,1.41376894645,0.772046169741,5225,,
spatiotemporal,central:2010-2014,core_means,mean_wind_speed_m_s,3.91894503812,1.27087372218,5225,,
spatiotemporal,central:2010-2014,max_vpd_only,max_vpd,1.71315215311,0.882035204631,5225,,
spatiotemporal,central:2010-2014,core_plus_max,mean_maximum_temperature_c,25.7480415915,7.30499062697,5225,,
spatiotemporal,central:2010-2014,core_plus_max,mean_minimum_temperature_c,10.1314870091,7.31014327516,5225,,
spatiotemporal,central:2010-2014,core_plus_max,mean_vpd_kpa,1.41376894645,0.772046169741,5225,,
spatiotemporal,central:2010-2014,core_plus_max,mean_wind_speed_m_s,3.91894503812,1.27087372218,5225,,
spatiotemporal,central:2010-2014,core_plus_max,max_vpd,1.71315215311,0.882035204631,5225,,
spatiotemporal,central:2010-2014,comprehensive_means,mean_maximum_temperature_c,25.7480415915,7.30499062697,5225,,
spatiotemporal,central:2010-2014,comprehensive_means,mean_minimum_temperature_c,10.1314870091,7.31014327516,5225,,
spatiotemporal,central:2010-2014,comprehensive_means,mean_vpd_kpa,1.41376894645,0.772046169741,5225,,
spatiotemporal,central:2010-2014,comprehensive_means,mean_wind_speed_m_s,3.91894503812,1.27087372218,5225,,
spatiotemporal,central:2010-2014,comprehensive_means,mean_precipitation_mm,0.605740750475,1.65941414262,5225,,
spatiotemporal,central:2010-2014,comprehensive_means,mean_maximum_relative_humidity_pct,74.9280313743,19.8131630576,5225,,
spatiotemporal,central:2010-2014,comprehensive_means,mean_minimum_relative_humidity_pct,27.7318252713,12.1177998489,5225,,
spatiotemporal,central:2010-2014,comprehensive_means,mean_specific_humidity_kg_kg,0.00712037396124,0.00373964829461,5225,,
spatiotemporal,central:2010-2014,comprehensive_means,mean_fuel_moisture_100hr_pct,11.6858463999,4.12129624656,5225,,
spatiotemporal,central:2010-2014,comprehensive_means,mean_fuel_moisture_1000hr_pct,13.7179375524,4.55179004228,5225,,
spatiotemporal,central:2010-2014,comprehensive_means,mean_energy_release_component,48.0554059966,21.5633330037,5225,,
spatiotemporal,central:2010-2014,comprehensive_means,mean_burning_index,39.5317053084,18.5027216075,5225,,
spatiotemporal,central:2010-2014,comprehensive_means,mean_reference_evapotranspiration_mm,6.96734149745,2.58040077732,5225,,
spatiotemporal,central:2010-2014,comprehensive_means,mean_potential_evapotranspiration_mm,5.05096125197,1.88475540959,5225,,
spatiotemporal,central:2010-2014,comprehensive_means,mean_solar_radiation_w_m2,243.598849758,65.2172793626,5225,,
spatiotemporal,central:2010-2014,comprehensive_plus_max,mean_maximum_temperature_c,25.7480415915,7.30499062697,5225,,
spatiotemporal,central:2010-2014,comprehensive_plus_max,mean_minimum_temperature_c,10.1314870091,7.31014327516,5225,,
spatiotemporal,central:2010-2014,comprehensive_plus_max,mean_vpd_kpa,1.41376894645,0.772046169741,5225,,
spatiotemporal,central:2010-2014,comprehensive_plus_max,mean_wind_speed_m_s,3.91894503812,1.27087372218,5225,,
spatiotemporal,central:2010-2014,comprehensive_plus_max,mean_precipitation_mm,0.605740750475,1.65941414262,5225,,
spatiotemporal,central:2010-2014,comprehensive_plus_max,mean_maximum_relative_humidity_pct,74.9280313743,19.8131630576,5225,,
spatiotemporal,central:2010-2014,comprehensive_plus_max,mean_minimum_relative_humidity_pct,27.7318252713,12.1177998489,5225,,
spatiotemporal,central:2010-2014,comprehensive_plus_max,mean_specific_humidity_kg_kg,0.00712037396124,0.00373964829461,5225,,
spatiotemporal,central:2010-2014,comprehensive_plus_max,mean_fuel_moisture_100hr_pct,11.6858463999,4.12129624656,5225,,
spatiotemporal,central:2010-2014,comprehensive_plus_max,mean_fuel_moisture_1000hr_pct,13.7179375524,4.55179004228,5225,,
spatiotemporal,central:2010-2014,comprehensive_plus_max,mean_energy_release_component,48.0554059966,21.5633330037,5225,,
spatiotemporal,central:2010-2014,comprehensive_plus_max,mean_burning_index,39.5317053084,18.5027216075,5225,,
spatiotemporal,central:2010-2014,comprehensive_plus_max,mean_reference_evapotranspiration_mm,6.96734149745,2.58040077732,5225,,
spatiotemporal,central:2010-2014,comprehensive_plus_max,mean_potential_evapotranspiration_mm,5.05096125197,1.88475540959,5225,,
spatiotemporal,central:2010-2014,comprehensive_plus_max,mean_solar_radiation_w_m2,243.598849758,65.2172793626,5225,,
spatiotemporal,central:2010-2014,comprehensive_plus_max,max_vpd,1.71315215311,0.882035204631,5225,,
spatiotemporal,central:2010-2014,length_only,log_duration,1.63169724298,0.333956994643,5225,,
spatiotemporal,central:2010-2014,length_only,log_observations,1.63169724298,0.333956994643,5225,,
spatiotemporal,central:2010-2014,length_plus_max,log_duration,1.63169724298,0.333956994643,5225,,
spatiotemporal,central:2010-2014,length_plus_max,log_observations,1.63169724298,0.333956994643,5225,,
spatiotemporal,central:2010-2014,length_plus_max,max_vpd,1.71315215311,0.882035204631,5225,,
spatiotemporal,central:2010-2014,length_plus_core,log_duration,1.63169724298,0.333956994643,5225,,
spatiotemporal,central:2010-2014,length_plus_core,log_observations,1.63169724298,0.333956994643,5225,,
spatiotemporal,central:2010-2014,length_plus_core,mean_maximum_temperature_c,25.7480415915,7.30499062697,5225,,
spatiotemporal,central:2010-2014,length_plus_core,mean_minimum_temperature_c,10.1314870091,7.31014327516,5225,,
spatiotemporal,central:2010-2014,length_plus_core,mean_vpd_kpa,1.41376894645,0.772046169741,5225,,
spatiotemporal,central:2010-2014,length_plus_core,mean_wind_speed_m_s,3.91894503812,1.27087372218,5225,,
spatiotemporal,central:2010-2014,length_plus_core_max,log_duration,1.63169724298,0.333956994643,5225,,
spatiotemporal,central:2010-2014,length_plus_core_max,log_observations,1.63169724298,0.333956994643,5225,,
spatiotemporal,central:2010-2014,length_plus_core_max,mean_maximum_temperature_c,25.7480415915,7.30499062697,5225,,
spatiotemporal,central:2010-2014,length_plus_core_max,mean_minimum_temperature_c,10.1314870091,7.31014327516,5225,,
spatiotemporal,central:2010-2014,length_plus_core_max,mean_vpd_kpa,1.41376894645,0.772046169741,5225,,
spatiotemporal,central:2010-2014,length_plus_core_max,mean_wind_speed_m_s,3.91894503812,1.27087372218,5225,,
spatiotemporal,central:2010-2014,length_plus_core_max,max_vpd,1.71315215311,0.882035204631,5225,,
spatiotemporal,central:2010-2014,core_quantile_exceedance,mean_maximum_temperature_c,25.7480415915,7.30499062697,5225,,
spatiotemporal,central:2010-2014,core_quantile_exceedance,mean_minimum_temperature_c,10.1314870091,7.31014327516,5225,,
spatiotemporal,central:2010-2014,core_quantile_exceedance,mean_vpd_kpa,1.41376894645,0.772046169741,5225,,
spatiotemporal,central:2010-2014,core_quantile_exceedance,mean_wind_speed_m_s,3.91894503812,1.27087372218,5225,,
spatiotemporal,central:2010-2014,core_quantile_exceedance,q90_vpd,1.6470445933,0.853681780701,5225,,
spatiotemporal,central:2010-2014,core_quantile_exceedance,vpd_gt_2_fraction,0.217250485894,0.357521136099,5225,,
spatiotemporal,central:2010-2014,core_quantile_exceedance,wet_fraction,0.157342647094,0.233038345537,5225,,
spatiotemporal,central:2015-2019,outcome_pca,allocation_00,0.0461108009334,0.034744013749,5188,-0.177778417568,0.342731585005
spatiotemporal,central:2015-2019,outcome_pca,allocation_01,0.0465242182557,0.0347921759336,5188,-0.18202597301,0.342731585005
spatiotemporal,central:2015-2019,outcome_pca,allocation_02,0.0485597409739,0.0360171363669,5188,-0.203284856477,0.342731585005
spatiotemporal,central:2015-2019,outcome_pca,allocation_03,0.0521936524549,0.0393129133298,5188,-0.233429899887,0.342731585005
spatiotemporal,central:2015-2019,outcome_pca,allocation_04,0.0566919931888,0.0433891259908,5188,-0.248919728542,0.342731585005
spatiotemporal,central:2015-2019,outcome_pca,allocation_05,0.0616952315617,0.0450256309423,5188,-0.248853220644,0.342731585005
spatiotemporal,central:2015-2019,outcome_pca,allocation_06,0.0619310794395,0.0399554290466,5188,-0.228359033047,0.342731585005
spatiotemporal,central:2015-2019,outcome_pca,allocation_07,0.0615177109742,0.0426023954336,5188,-0.123392876017,0.342731585005
spatiotemporal,central:2015-2019,outcome_pca,allocation_08,0.0603971542662,0.0407866563953,5188,-0.0720414538348,0.342731585005
spatiotemporal,central:2015-2019,outcome_pca,allocation_09,0.0596779051744,0.0413237315051,5188,-0.0557341876072,0.342731585005
spatiotemporal,central:2015-2019,outcome_pca,allocation_10,0.0540470440131,0.0369169381873,5188,0.0706178500994,0.342731585005
spatiotemporal,central:2015-2019,outcome_pca,allocation_11,0.053317529959,0.0355913864151,5188,0.0887730022353,0.342731585005
spatiotemporal,central:2015-2019,outcome_pca,allocation_12,0.0507334484973,0.0346204023473,5188,0.131123537516,0.342731585005
spatiotemporal,central:2015-2019,outcome_pca,allocation_13,0.0475586143913,0.0292858077381,5188,0.255535827419,0.342731585005
spatiotemporal,central:2015-2019,outcome_pca,allocation_14,0.0450952931557,0.0315276794316,5188,0.279003110758,0.342731585005
spatiotemporal,central:2015-2019,outcome_pca,allocation_15,0.0412321083972,0.0301147171883,5188,0.300610959403,0.342731585005
spatiotemporal,central:2015-2019,outcome_pca,allocation_16,0.0394019147596,0.0286476304877,5188,0.310192652643,0.342731585005
spatiotemporal,central:2015-2019,outcome_pca,allocation_17,0.0382008092828,0.0283753525415,5188,0.308385900145,0.342731585005
spatiotemporal,central:2015-2019,outcome_pca,allocation_18,0.0375928088111,0.0285085782808,5188,0.304405237164,0.342731585005
spatiotemporal,central:2015-2019,outcome_pca,allocation_19,0.0375209415103,0.0285724457736,5188,0.303867084349,0.342731585005
spatiotemporal,central:2015-2019,core_means,mean_maximum_temperature_c,25.9602438291,7.39345629274,5188,,
spatiotemporal,central:2015-2019,core_means,mean_minimum_temperature_c,9.99978782838,7.2595743391,5188,,
spatiotemporal,central:2015-2019,core_means,mean_vpd_kpa,1.46292192529,0.806108354857,5188,,
spatiotemporal,central:2015-2019,core_means,mean_wind_speed_m_s,3.97315520807,1.28823508958,5188,,
spatiotemporal,central:2015-2019,max_vpd_only,max_vpd,1.76660562837,0.919338906856,5188,,
spatiotemporal,central:2015-2019,core_plus_max,mean_maximum_temperature_c,25.9602438291,7.39345629274,5188,,
spatiotemporal,central:2015-2019,core_plus_max,mean_minimum_temperature_c,9.99978782838,7.2595743391,5188,,
spatiotemporal,central:2015-2019,core_plus_max,mean_vpd_kpa,1.46292192529,0.806108354857,5188,,
spatiotemporal,central:2015-2019,core_plus_max,mean_wind_speed_m_s,3.97315520807,1.28823508958,5188,,
spatiotemporal,central:2015-2019,core_plus_max,max_vpd,1.76660562837,0.919338906856,5188,,
spatiotemporal,central:2015-2019,comprehensive_means,mean_maximum_temperature_c,25.9602438291,7.39345629274,5188,,
spatiotemporal,central:2015-2019,comprehensive_means,mean_minimum_temperature_c,9.99978782838,7.2595743391,5188,,
spatiotemporal,central:2015-2019,comprehensive_means,mean_vpd_kpa,1.46292192529,0.806108354857,5188,,
spatiotemporal,central:2015-2019,comprehensive_means,mean_wind_speed_m_s,3.97315520807,1.28823508958,5188,,
spatiotemporal,central:2015-2019,comprehensive_means,mean_precipitation_mm,0.637790894028,1.75895142997,5188,,
spatiotemporal,central:2015-2019,comprehensive_means,mean_maximum_relative_humidity_pct,73.7720436145,20.3196818433,5188,,
spatiotemporal,central:2015-2019,comprehensive_means,mean_minimum_relative_humidity_pct,26.644207983,12.3241716754,5188,,
spatiotemporal,central:2015-2019,comprehensive_means,mean_specific_humidity_kg_kg,0.00692457437463,0.00369393530906,5188,,
spatiotemporal,central:2015-2019,comprehensive_means,mean_fuel_moisture_100hr_pct,11.4740697821,4.24690579226,5188,,
spatiotemporal,central:2015-2019,comprehensive_means,mean_fuel_moisture_1000hr_pct,13.499863918,4.72650939937,5188,,
spatiotemporal,central:2015-2019,comprehensive_means,mean_energy_release_component,49.3532639317,22.5155900575,5188,,
spatiotemporal,central:2015-2019,comprehensive_means,mean_burning_index,40.8961002534,19.9718010535,5188,,
spatiotemporal,central:2015-2019,comprehensive_means,mean_reference_evapotranspiration_mm,7.1532276852,2.74685496992,5188,,
spatiotemporal,central:2015-2019,comprehensive_means,mean_potential_evapotranspiration_mm,5.15108832011,1.97129339884,5188,,
spatiotemporal,central:2015-2019,comprehensive_means,mean_solar_radiation_w_m2,243.842507801,64.9747096318,5188,,
spatiotemporal,central:2015-2019,comprehensive_plus_max,mean_maximum_temperature_c,25.9602438291,7.39345629274,5188,,
spatiotemporal,central:2015-2019,comprehensive_plus_max,mean_minimum_temperature_c,9.99978782838,7.2595743391,5188,,
spatiotemporal,central:2015-2019,comprehensive_plus_max,mean_vpd_kpa,1.46292192529,0.806108354857,5188,,
spatiotemporal,central:2015-2019,comprehensive_plus_max,mean_wind_speed_m_s,3.97315520807,1.28823508958,5188,,
spatiotemporal,central:2015-2019,comprehensive_plus_max,mean_precipitation_mm,0.637790894028,1.75895142997,5188,,
spatiotemporal,central:2015-2019,comprehensive_plus_max,mean_maximum_relative_humidity_pct,73.7720436145,20.3196818433,5188,,
spatiotemporal,central:2015-2019,comprehensive_plus_max,mean_minimum_relative_humidity_pct,26.644207983,12.3241716754,5188,,
spatiotemporal,central:2015-2019,comprehensive_plus_max,mean_specific_humidity_kg_kg,0.00692457437463,0.00369393530906,5188,,
spatiotemporal,central:2015-2019,comprehensive_plus_max,mean_fuel_moisture_100hr_pct,11.4740697821,4.24690579226,5188,,
spatiotemporal,central:2015-2019,comprehensive_plus_max,mean_fuel_moisture_1000hr_pct,13.499863918,4.72650939937,5188,,
spatiotemporal,central:2015-2019,comprehensive_plus_max,mean_energy_release_component,49.3532639317,22.5155900575,5188,,
spatiotemporal,central:2015-2019,comprehensive_plus_max,mean_burning_index,40.8961002534,19.9718010535,5188,,
spatiotemporal,central:2015-2019,comprehensive_plus_max,mean_reference_evapotranspiration_mm,7.1532276852,2.74685496992,5188,,
spatiotemporal,central:2015-2019,comprehensive_plus_max,mean_potential_evapotranspiration_mm,5.15108832011,1.97129339884,5188,,
spatiotemporal,central:2015-2019,comprehensive_plus_max,mean_solar_radiation_w_m2,243.842507801,64.9747096318,5188,,
spatiotemporal,central:2015-2019,comprehensive_plus_max,max_vpd,1.76660562837,0.919338906856,5188,,
spatiotemporal,central:2015-2019,length_only,log_duration,1.62932385407,0.334786697129,5188,,
spatiotemporal,central:2015-2019,length_only,log_observations,1.62932385407,0.334786697129,5188,,
spatiotemporal,central:2015-2019,length_plus_max,log_duration,1.62932385407,0.334786697129,5188,,
spatiotemporal,central:2015-2019,length_plus_max,log_observations,1.62932385407,0.334786697129,5188,,
spatiotemporal,central:2015-2019,length_plus_max,max_vpd,1.76660562837,0.919338906856,5188,,
spatiotemporal,central:2015-2019,length_plus_core,log_duration,1.62932385407,0.334786697129,5188,,
spatiotemporal,central:2015-2019,length_plus_core,log_observations,1.62932385407,0.334786697129,5188,,
spatiotemporal,central:2015-2019,length_plus_core,mean_maximum_temperature_c,25.9602438291,7.39345629274,5188,,
spatiotemporal,central:2015-2019,length_plus_core,mean_minimum_temperature_c,9.99978782838,7.2595743391,5188,,
spatiotemporal,central:2015-2019,length_plus_core,mean_vpd_kpa,1.46292192529,0.806108354857,5188,,
spatiotemporal,central:2015-2019,length_plus_core,mean_wind_speed_m_s,3.97315520807,1.28823508958,5188,,
spatiotemporal,central:2015-2019,length_plus_core_max,log_duration,1.62932385407,0.334786697129,5188,,
spatiotemporal,central:2015-2019,length_plus_core_max,log_observations,1.62932385407,0.334786697129,5188,,
spatiotemporal,central:2015-2019,length_plus_core_max,mean_maximum_temperature_c,25.9602438291,7.39345629274,5188,,
spatiotemporal,central:2015-2019,length_plus_core_max,mean_minimum_temperature_c,9.99978782838,7.2595743391,5188,,
spatiotemporal,central:2015-2019,length_plus_core_max,mean_vpd_kpa,1.46292192529,0.806108354857,5188,,
spatiotemporal,central:2015-2019,length_plus_core_max,mean_wind_speed_m_s,3.97315520807,1.28823508958,5188,,
spatiotemporal,central:2015-2019,length_plus_core_max,max_vpd,1.76660562837,0.919338906856,5188,,
spatiotemporal,central:2015-2019,core_quantile_exceedance,mean_maximum_temperature_c,25.9602438291,7.39345629274,5188,,
spatiotemporal,central:2015-2019,core_quantile_exceedance,mean_minimum_temperature_c,9.99978782838,7.2595743391,5188,,
spatiotemporal,central:2015-2019,core_quantile_exceedance,mean_vpd_kpa,1.46292192529,0.806108354857,5188,,
spatiotemporal,central:2015-2019,core_quantile_exceedance,mean_wind_speed_m_s,3.97315520807,1.28823508958,5188,,
spatiotemporal,central:2015-2019,core_quantile_exceedance,q90_vpd,1.70145046261,0.890156289097,5188,,
spatiotemporal,central:2015-2019,core_quantile_exceedance,vpd_gt_2_fraction,0.23874963727,0.371117032697,5188,,
spatiotemporal,central:2015-2019,core_quantile_exceedance,wet_fraction,0.15854946001,0.234970669514,5188,,
spatiotemporal,central:2020-2024,outcome_pca,allocation_00,0.0457412471234,0.0347280954965,6334,-0.171167940991,0.341594292375
spatiotemporal,central:2020-2024,outcome_pca,allocation_01,0.0461185605633,0.0347374894912,6334,-0.174955655554,0.341594292375
spatiotemporal,central:2020-2024,outcome_pca,allocation_02,0.0479889456392,0.0357100414606,6334,-0.196011041113,0.341594292375
spatiotemporal,central:2020-2024,outcome_pca,allocation_03,0.0515774199538,0.0387997575531,6334,-0.225277750559,0.341594292375
spatiotemporal,central:2020-2024,outcome_pca,allocation_04,0.0565234516362,0.0435527886891,6334,-0.242477191212,0.341594292375
spatiotemporal,central:2020-2024,outcome_pca,allocation_05,0.0614262023007,0.0448756428577,6334,-0.245925799324,0.341594292375
spatiotemporal,central:2020-2024,outcome_pca,allocation_06,0.0616787246794,0.0397274909229,6334,-0.231198070263,0.341594292375
spatiotemporal,central:2020-2024,outcome_pca,allocation_07,0.0614532183727,0.0425077723184,6334,-0.13340695705,0.341594292375
spatiotemporal,central:2020-2024,outcome_pca,allocation_08,0.0604084086579,0.0410096461753,6334,-0.0827989381346,0.341594292375
spatiotemporal,central:2020-2024,outcome_pca,allocation_09,0.0598786297622,0.0414945537073,6334,-0.0659524836191,0.341594292375
spatiotemporal,central:2020-2024,outcome_pca,allocation_10,0.0550135114076,0.0382851756792,6334,0.0588521609855,0.341594292375
spatiotemporal,central:2020-2024,outcome_pca,allocation_11,0.0540986603113,0.0363375751292,6334,0.0781664921387,0.341594292375
spatiotemporal,central:2020-2024,outcome_pca,allocation_12,0.051279198836,0.0349628683561,6334,0.125394111463,0.341594292375
spatiotemporal,central:2020-2024,outcome_pca,allocation_13,0.0478935440836,0.0293261566323,6334,0.25637621772,0.341594292375
spatiotemporal,central:2020-2024,outcome_pca,allocation_14,0.0454228520487,0.0316824907702,6334,0.28214628872,0.341594292375
spatiotemporal,central:2020-2024,outcome_pca,allocation_15,0.0412375432117,0.0300324454594,6334,0.304670597065,0.341594292375
spatiotemporal,central:2020-2024,outcome_pca,allocation_16,0.0392408494812,0.0284421706847,6334,0.313501233788,0.341594292375
spatiotemporal,central:2020-2024,outcome_pca,allocation_17,0.0380791083541,0.0282692194842,6334,0.312028809334,0.341594292375
spatiotemporal,central:2020-2024,outcome_pca,allocation_18,0.0374987947374,0.028383321049,6334,0.308563900922,0.341594292375
spatiotemporal,central:2020-2024,outcome_pca,allocation_19,0.0374411288395,0.0284586005728,6334,0.308023063048,0.341594292375
spatiotemporal,central:2020-2024,core_means,mean_maximum_temperature_c,26.121201967,7.19916122501,6334,,
spatiotemporal,central:2020-2024,core_means,mean_minimum_temperature_c,10.1924539732,7.16049386146,6334,,
spatiotemporal,central:2020-2024,core_means,mean_vpd_kpa,1.46115593244,0.786446160435,6334,,
spatiotemporal,central:2020-2024,core_means,mean_wind_speed_m_s,3.94591779972,1.31078063803,6334,,
spatiotemporal,central:2020-2024,max_vpd_only,max_vpd,1.77005209978,0.896872709595,6334,,
spatiotemporal,central:2020-2024,core_plus_max,mean_maximum_temperature_c,26.121201967,7.19916122501,6334,,
spatiotemporal,central:2020-2024,core_plus_max,mean_minimum_temperature_c,10.1924539732,7.16049386146,6334,,
spatiotemporal,central:2020-2024,core_plus_max,mean_vpd_kpa,1.46115593244,0.786446160435,6334,,
spatiotemporal,central:2020-2024,core_plus_max,mean_wind_speed_m_s,3.94591779972,1.31078063803,6334,,
spatiotemporal,central:2020-2024,core_plus_max,max_vpd,1.77005209978,0.896872709595,6334,,
spatiotemporal,central:2020-2024,comprehensive_means,mean_maximum_temperature_c,26.121201967,7.19916122501,6334,,
spatiotemporal,central:2020-2024,comprehensive_means,mean_minimum_temperature_c,10.1924539732,7.16049386146,6334,,
spatiotemporal,central:2020-2024,comprehensive_means,mean_vpd_kpa,1.46115593244,0.786446160435,6334,,
spatiotemporal,central:2020-2024,comprehensive_means,mean_wind_speed_m_s,3.94591779972,1.31078063803,6334,,
spatiotemporal,central:2020-2024,comprehensive_means,mean_precipitation_mm,0.636210637213,1.75702559751,6334,,
spatiotemporal,central:2020-2024,comprehensive_means,mean_maximum_relative_humidity_pct,74.1127290949,19.9107553231,6334,,
spatiotemporal,central:2020-2024,comprehensive_means,mean_minimum_relative_humidity_pct,26.8385605375,12.370572591,6334,,
spatiotemporal,central:2020-2024,comprehensive_means,mean_specific_humidity_kg_kg,0.00705237649278,0.00370063344374,6334,,
spatiotemporal,central:2020-2024,comprehensive_means,mean_fuel_moisture_100hr_pct,11.5086584198,4.20312394267,6334,,
spatiotemporal,central:2020-2024,comprehensive_means,mean_fuel_moisture_1000hr_pct,13.517556193,4.62372964039,6334,,
spatiotemporal,central:2020-2024,comprehensive_means,mean_energy_release_component,49.1210531758,22.0324188938,6334,,
spatiotemporal,central:2020-2024,comprehensive_means,mean_burning_index,40.5648097468,19.4890885104,6334,,
spatiotemporal,central:2020-2024,comprehensive_means,mean_reference_evapotranspiration_mm,7.15342456236,2.68302065972,6334,,
spatiotemporal,central:2020-2024,comprehensive_means,mean_potential_evapotranspiration_mm,5.16698482163,1.92742999646,6334,,
spatiotemporal,central:2020-2024,comprehensive_means,mean_solar_radiation_w_m2,245.35721212,64.5612112433,6334,,
spatiotemporal,central:2020-2024,comprehensive_plus_max,mean_maximum_temperature_c,26.121201967,7.19916122501,6334,,
spatiotemporal,central:2020-2024,comprehensive_plus_max,mean_minimum_temperature_c,10.1924539732,7.16049386146,6334,,
spatiotemporal,central:2020-2024,comprehensive_plus_max,mean_vpd_kpa,1.46115593244,0.786446160435,6334,,
spatiotemporal,central:2020-2024,comprehensive_plus_max,mean_wind_speed_m_s,3.94591779972,1.31078063803,6334,,
spatiotemporal,central:2020-2024,comprehensive_plus_max,mean_precipitation_mm,0.636210637213,1.75702559751,6334,,
spatiotemporal,central:2020-2024,comprehensive_plus_max,mean_maximum_relative_humidity_pct,74.1127290949,19.9107553231,6334,,
spatiotemporal,central:2020-2024,comprehensive_plus_max,mean_minimum_relative_humidity_pct,26.8385605375,12.370572591,6334,,
spatiotemporal,central:2020-2024,comprehensive_plus_max,mean_specific_humidity_kg_kg,0.00705237649278,0.00370063344374,6334,,
spatiotemporal,central:2020-2024,comprehensive_plus_max,mean_fuel_moisture_100hr_pct,11.5086584198,4.20312394267,6334,,
spatiotemporal,central:2020-2024,comprehensive_plus_max,mean_fuel_moisture_1000hr_pct,13.517556193,4.62372964039,6334,,
spatiotemporal,central:2020-2024,comprehensive_plus_max,mean_energy_release_component,49.1210531758,22.0324188938,6334,,
spatiotemporal,central:2020-2024,comprehensive_plus_max,mean_burning_index,40.5648097468,19.4890885104,6334,,
spatiotemporal,central:2020-2024,comprehensive_plus_max,mean_reference_evapotranspiration_mm,7.15342456236,2.68302065972,6334,,
spatiotemporal,central:2020-2024,comprehensive_plus_max,mean_potential_evapotranspiration_mm,5.16698482163,1.92742999646,6334,,
spatiotemporal,central:2020-2024,comprehensive_plus_max,mean_solar_radiation_w_m2,245.35721212,64.5612112433,6334,,
spatiotemporal,central:2020-2024,comprehensive_plus_max,max_vpd,1.77005209978,0.896872709595,6334,,
spatiotemporal,central:2020-2024,length_only,log_duration,1.63007382901,0.328010571632,6334,,
spatiotemporal,central:2020-2024,length_only,log_observations,1.63007382901,0.328010571632,6334,,
spatiotemporal,central:2020-2024,length_plus_max,log_duration,1.63007382901,0.328010571632,6334,,
spatiotemporal,central:2020-2024,length_plus_max,log_observations,1.63007382901,0.328010571632,6334,,
spatiotemporal,central:2020-2024,length_plus_max,max_vpd,1.77005209978,0.896872709595,6334,,
spatiotemporal,central:2020-2024,length_plus_core,log_duration,1.63007382901,0.328010571632,6334,,
spatiotemporal,central:2020-2024,length_plus_core,log_observations,1.63007382901,0.328010571632,6334,,
spatiotemporal,central:2020-2024,length_plus_core,mean_maximum_temperature_c,26.121201967,7.19916122501,6334,,
spatiotemporal,central:2020-2024,length_plus_core,mean_minimum_temperature_c,10.1924539732,7.16049386146,6334,,
spatiotemporal,central:2020-2024,length_plus_core,mean_vpd_kpa,1.46115593244,0.786446160435,6334,,
spatiotemporal,central:2020-2024,length_plus_core,mean_wind_speed_m_s,3.94591779972,1.31078063803,6334,,
spatiotemporal,central:2020-2024,length_plus_core_max,log_duration,1.63007382901,0.328010571632,6334,,
spatiotemporal,central:2020-2024,length_plus_core_max,log_observations,1.63007382901,0.328010571632,6334,,
spatiotemporal,central:2020-2024,length_plus_core_max,mean_maximum_temperature_c,26.121201967,7.19916122501,6334,,
spatiotemporal,central:2020-2024,length_plus_core_max,mean_minimum_temperature_c,10.1924539732,7.16049386146,6334,,
spatiotemporal,central:2020-2024,length_plus_core_max,mean_vpd_kpa,1.46115593244,0.786446160435,6334,,
spatiotemporal,central:2020-2024,length_plus_core_max,mean_wind_speed_m_s,3.94591779972,1.31078063803,6334,,
spatiotemporal,central:2020-2024,length_plus_core_max,max_vpd,1.77005209978,0.896872709595,6334,,
spatiotemporal,central:2020-2024,core_quantile_exceedance,mean_maximum_temperature_c,26.121201967,7.19916122501,6334,,
spatiotemporal,central:2020-2024,core_quantile_exceedance,mean_minimum_temperature_c,10.1924539732,7.16049386146,6334,,
spatiotemporal,central:2020-2024,core_quantile_exceedance,mean_vpd_kpa,1.46115593244,0.786446160435,6334,,
spatiotemporal,central:2020-2024,core_quantile_exceedance,mean_wind_speed_m_s,3.94591779972,1.31078063803,6334,,
spatiotemporal,central:2020-2024,core_quantile_exceedance,q90_vpd,1.70310625197,0.868185329989,6334,,
spatiotemporal,central:2020-2024,core_quantile_exceedance,vpd_gt_2_fraction,0.236335449505,0.367831851109,6334,,
spatiotemporal,central:2020-2024,core_quantile_exceedance,wet_fraction,0.156192286759,0.232348204913,6334,,
spatiotemporal,east:2000-2004,outcome_pca,allocation_00,0.0456729853979,0.0350289373263,6664,-0.189060289708,0.341610636156
spatiotemporal,east:2000-2004,outcome_pca,allocation_01,0.0459994307425,0.0350556063963,6664,-0.192203023954,0.341610636156
spatiotemporal,east:2000-2004,outcome_pca,allocation_02,0.0477291334118,0.0358656667243,6664,-0.210767476077,0.341610636156
spatiotemporal,east:2000-2004,outcome_pca,allocation_03,0.0510088484703,0.0383643806515,6664,-0.235793331095,0.341610636156
spatiotemporal,east:2000-2004,outcome_pca,allocation_04,0.056037567011,0.0432126375127,6664,-0.247477049616,0.341610636156
spatiotemporal,east:2000-2004,outcome_pca,allocation_05,0.0609632842256,0.0447223434243,6664,-0.24150841409,0.341610636156
spatiotemporal,east:2000-2004,outcome_pca,allocation_06,0.061525244711,0.0392637447898,6664,-0.226346795937,0.341610636156
spatiotemporal,east:2000-2004,outcome_pca,allocation_07,0.0618693680684,0.0428158584298,6664,-0.121651889353,0.341610636156
spatiotemporal,east:2000-2004,outcome_pca,allocation_08,0.0609559962261,0.0411690686747,6664,-0.0702142009121,0.341610636156
spatiotemporal,east:2000-2004,outcome_pca,allocation_09,0.0605396373957,0.0422816159691,6664,-0.054607983371,0.341610636156
spatiotemporal,east:2000-2004,outcome_pca,allocation_10,0.0552447947963,0.0380751018553,6664,0.0698960585287,0.341610636156
spatiotemporal,east:2000-2004,outcome_pca,allocation_11,0.0546128253371,0.0364729226073,6664,0.0869151628161,0.341610636156
spatiotemporal,east:2000-2004,outcome_pca,allocation_12,0.0514694775913,0.0347331711327,6664,0.129194556081,0.341610636156
spatiotemporal,east:2000-2004,outcome_pca,allocation_13,0.0477280137419,0.0287356600641,6664,0.257391664771,0.341610636156
spatiotemporal,east:2000-2004,outcome_pca,allocation_14,0.0452569750477,0.0315699149749,6664,0.279208792027,0.341610636156
spatiotemporal,east:2000-2004,outcome_pca,allocation_15,0.0413749193801,0.0304443246684,6664,0.300449836724,0.341610636156
spatiotemporal,east:2000-2004,outcome_pca,allocation_16,0.0392107560621,0.0290548018989,6664,0.308397036225,0.341610636156
spatiotemporal,east:2000-2004,outcome_pca,allocation_17,0.0379798074617,0.0286296613863,6664,0.305885677581,0.341610636156
spatiotemporal,east:2000-2004,outcome_pca,allocation_18,0.0374466978794,0.0287872985374,6664,0.301521587723,0.341610636156
spatiotemporal,east:2000-2004,outcome_pca,allocation_19,0.0373742370422,0.0288465567969,6664,0.30096236942,0.341610636156
spatiotemporal,east:2000-2004,core_means,mean_maximum_temperature_c,25.465607627,7.65289335722,6664,,
spatiotemporal,east:2000-2004,core_means,mean_minimum_temperature_c,9.62377147382,7.49468824184,6664,,
spatiotemporal,east:2000-2004,core_means,mean_vpd_kpa,1.42732962463,0.791488487331,6664,,
spatiotemporal,east:2000-2004,core_means,mean_wind_speed_m_s,4.02662991396,1.31489709716,6664,,
spatiotemporal,east:2000-2004,max_vpd_only,max_vpd,1.74101290516,0.893526712207,6664,,
spatiotemporal,east:2000-2004,core_plus_max,mean_maximum_temperature_c,25.465607627,7.65289335722,6664,,
spatiotemporal,east:2000-2004,core_plus_max,mean_minimum_temperature_c,9.62377147382,7.49468824184,6664,,
spatiotemporal,east:2000-2004,core_plus_max,mean_vpd_kpa,1.42732962463,0.791488487331,6664,,
spatiotemporal,east:2000-2004,core_plus_max,mean_wind_speed_m_s,4.02662991396,1.31489709716,6664,,
spatiotemporal,east:2000-2004,core_plus_max,max_vpd,1.74101290516,0.893526712207,6664,,
spatiotemporal,east:2000-2004,comprehensive_means,mean_maximum_temperature_c,25.465607627,7.65289335722,6664,,
spatiotemporal,east:2000-2004,comprehensive_means,mean_minimum_temperature_c,9.62377147382,7.49468824184,6664,,
spatiotemporal,east:2000-2004,comprehensive_means,mean_vpd_kpa,1.42732962463,0.791488487331,6664,,
spatiotemporal,east:2000-2004,comprehensive_means,mean_wind_speed_m_s,4.02662991396,1.31489709716,6664,,
spatiotemporal,east:2000-2004,comprehensive_means,mean_precipitation_mm,0.685338566909,2.10696633032,6664,,
spatiotemporal,east:2000-2004,comprehensive_means,mean_maximum_relative_humidity_pct,73.7298114289,18.4063126879,6664,,
spatiotemporal,east:2000-2004,comprehensive_means,mean_minimum_relative_humidity_pct,27.0163801777,11.9973103446,6664,,
spatiotemporal,east:2000-2004,comprehensive_means,mean_specific_humidity_kg_kg,0.00680904663538,0.00371166201929,6664,,
spatiotemporal,east:2000-2004,comprehensive_means,mean_fuel_moisture_100hr_pct,11.4485115628,3.85482030157,6664,,
spatiotemporal,east:2000-2004,comprehensive_means,mean_fuel_moisture_1000hr_pct,13.7817978198,4.53720661593,6664,,
spatiotemporal,east:2000-2004,comprehensive_means,mean_energy_release_component,48.2167696818,21.2933425965,6664,,
spatiotemporal,east:2000-2004,comprehensive_means,mean_burning_index,40.0763613839,18.8947831578,6664,,
spatiotemporal,east:2000-2004,comprehensive_means,mean_reference_evapotranspiration_mm,7.03596200787,2.63642346449,6664,,
spatiotemporal,east:2000-2004,comprehensive_means,mean_potential_evapotranspiration_mm,5.05792358699,1.90612939366,6664,,
spatiotemporal,east:2000-2004,comprehensive_means,mean_solar_radiation_w_m2,240.411399819,64.050179091,6664,,
spatiotemporal,east:2000-2004,comprehensive_plus_max,mean_maximum_temperature_c,25.465607627,7.65289335722,6664,,
spatiotemporal,east:2000-2004,comprehensive_plus_max,mean_minimum_temperature_c,9.62377147382,7.49468824184,6664,,
spatiotemporal,east:2000-2004,comprehensive_plus_max,mean_vpd_kpa,1.42732962463,0.791488487331,6664,,
spatiotemporal,east:2000-2004,comprehensive_plus_max,mean_wind_speed_m_s,4.02662991396,1.31489709716,6664,,
spatiotemporal,east:2000-2004,comprehensive_plus_max,mean_precipitation_mm,0.685338566909,2.10696633032,6664,,
spatiotemporal,east:2000-2004,comprehensive_plus_max,mean_maximum_relative_humidity_pct,73.7298114289,18.4063126879,6664,,
spatiotemporal,east:2000-2004,comprehensive_plus_max,mean_minimum_relative_humidity_pct,27.0163801777,11.9973103446,6664,,
spatiotemporal,east:2000-2004,comprehensive_plus_max,mean_specific_humidity_kg_kg,0.00680904663538,0.00371166201929,6664,,
spatiotemporal,east:2000-2004,comprehensive_plus_max,mean_fuel_moisture_100hr_pct,11.4485115628,3.85482030157,6664,,
spatiotemporal,east:2000-2004,comprehensive_plus_max,mean_fuel_moisture_1000hr_pct,13.7817978198,4.53720661593,6664,,
spatiotemporal,east:2000-2004,comprehensive_plus_max,mean_energy_release_component,48.2167696818,21.2933425965,6664,,
spatiotemporal,east:2000-2004,comprehensive_plus_max,mean_burning_index,40.0763613839,18.8947831578,6664,,
spatiotemporal,east:2000-2004,comprehensive_plus_max,mean_reference_evapotranspiration_mm,7.03596200787,2.63642346449,6664,,
spatiotemporal,east:2000-2004,comprehensive_plus_max,mean_potential_evapotranspiration_mm,5.05792358699,1.90612939366,6664,,
spatiotemporal,east:2000-2004,comprehensive_plus_max,mean_solar_radiation_w_m2,240.411399819,64.050179091,6664,,
spatiotemporal,east:2000-2004,comprehensive_plus_max,max_vpd,1.74101290516,0.893526712207,6664,,
spatiotemporal,east:2000-2004,length_only,log_duration,1.62523769356,0.322429742119,6664,,
spatiotemporal,east:2000-2004,length_only,log_observations,1.62523769356,0.322429742119,6664,,
spatiotemporal,east:2000-2004,length_plus_max,log_duration,1.62523769356,0.322429742119,6664,,
spatiotemporal,east:2000-2004,length_plus_max,log_observations,1.62523769356,0.322429742119,6664,,
spatiotemporal,east:2000-2004,length_plus_max,max_vpd,1.74101290516,0.893526712207,6664,,
spatiotemporal,east:2000-2004,length_plus_core,log_duration,1.62523769356,0.322429742119,6664,,
spatiotemporal,east:2000-2004,length_plus_core,log_observations,1.62523769356,0.322429742119,6664,,
spatiotemporal,east:2000-2004,length_plus_core,mean_maximum_temperature_c,25.465607627,7.65289335722,6664,,
spatiotemporal,east:2000-2004,length_plus_core,mean_minimum_temperature_c,9.62377147382,7.49468824184,6664,,
spatiotemporal,east:2000-2004,length_plus_core,mean_vpd_kpa,1.42732962463,0.791488487331,6664,,
spatiotemporal,east:2000-2004,length_plus_core,mean_wind_speed_m_s,4.02662991396,1.31489709716,6664,,
spatiotemporal,east:2000-2004,length_plus_core_max,log_duration,1.62523769356,0.322429742119,6664,,
spatiotemporal,east:2000-2004,length_plus_core_max,log_observations,1.62523769356,0.322429742119,6664,,
spatiotemporal,east:2000-2004,length_plus_core_max,mean_maximum_temperature_c,25.465607627,7.65289335722,6664,,
spatiotemporal,east:2000-2004,length_plus_core_max,mean_minimum_temperature_c,9.62377147382,7.49468824184,6664,,
spatiotemporal,east:2000-2004,length_plus_core_max,mean_vpd_kpa,1.42732962463,0.791488487331,6664,,
spatiotemporal,east:2000-2004,length_plus_core_max,mean_wind_speed_m_s,4.02662991396,1.31489709716,6664,,
spatiotemporal,east:2000-2004,length_plus_core_max,max_vpd,1.74101290516,0.893526712207,6664,,
spatiotemporal,east:2000-2004,core_quantile_exceedance,mean_maximum_temperature_c,25.465607627,7.65289335722,6664,,
spatiotemporal,east:2000-2004,core_quantile_exceedance,mean_minimum_temperature_c,9.62377147382,7.49468824184,6664,,
spatiotemporal,east:2000-2004,core_quantile_exceedance,mean_vpd_kpa,1.42732962463,0.791488487331,6664,,
spatiotemporal,east:2000-2004,core_quantile_exceedance,mean_wind_speed_m_s,4.02662991396,1.31489709716,6664,,
spatiotemporal,east:2000-2004,core_quantile_exceedance,q90_vpd,1.6727342437,0.867081462526,6664,,
spatiotemporal,east:2000-2004,core_quantile_exceedance,vpd_gt_2_fraction,0.219792974431,0.360847862094,6664,,
spatiotemporal,east:2000-2004,core_quantile_exceedance,wet_fraction,0.142066546956,0.217801444814,6664,,
spatiotemporal,east:2005-2009,outcome_pca,allocation_00,0.0456401620213,0.03462707209,5695,-0.180735341768,0.342930550589
spatiotemporal,east:2005-2009,outcome_pca,allocation_01,0.0459993212256,0.034613551661,5695,-0.184092396566,0.342930550589
spatiotemporal,east:2005-2009,outcome_pca,allocation_02,0.047860484252,0.0356259293383,5695,-0.204238027274,0.342930550589
spatiotemporal,east:2005-2009,outcome_pca,allocation_03,0.0510898171271,0.0384375450955,5695,-0.229000951003,0.342930550589
spatiotemporal,east:2005-2009,outcome_pca,allocation_04,0.0556333421074,0.0430086277166,5695,-0.241528804265,0.342930550589
spatiotemporal,east:2005-2009,outcome_pca,allocation_05,0.0601339394019,0.0434992317276,5695,-0.240756987063,0.342930550589
spatiotemporal,east:2005-2009,outcome_pca,allocation_06,0.0606699975666,0.0385527311995,5695,-0.225976647054,0.342930550589
spatiotemporal,east:2005-2009,outcome_pca,allocation_07,0.0610681384367,0.0418709548677,5695,-0.129190670474,0.342930550589
spatiotemporal,east:2005-2009,outcome_pca,allocation_08,0.0602363549418,0.0402912545439,5695,-0.0811246874687,0.342930550589
spatiotemporal,east:2005-2009,outcome_pca,allocation_09,0.0599970266947,0.041588935012,5695,-0.0673109671042,0.342930550589
spatiotemporal,east:2005-2009,outcome_pca,allocation_10,0.0554988928701,0.0382163776847,5695,0.0523194237229,0.342930550589
spatiotemporal,east:2005-2009,outcome_pca,allocation_11,0.0546678937134,0.0364046868664,5695,0.0716061866684,0.342930550589
spatiotemporal,east:2005-2009,outcome_pca,allocation_12,0.0517114855059,0.0347582340857,5695,0.116211166488,0.342930550589
spatiotemporal,east:2005-2009,outcome_pca,allocation_13,0.0480466421659,0.0288499820046,5695,0.248450692392,0.342930550589
spatiotemporal,east:2005-2009,outcome_pca,allocation_14,0.045553288719,0.03142896473,5695,0.276640887835,0.342930550589
spatiotemporal,east:2005-2009,outcome_pca,allocation_15,0.0416503570899,0.0301247668505,5695,0.306848215018,0.342930550589
spatiotemporal,east:2005-2009,outcome_pca,allocation_16,0.039729025736,0.0289839651208,5695,0.314494036136,0.342930550589
spatiotemporal,east:2005-2009,outcome_pca,allocation_17,0.0386538101521,0.0286315543905,5695,0.314586635513,0.342930550589
spatiotemporal,east:2005-2009,outcome_pca,allocation_18,0.0381184117691,0.0288009952905,5695,0.310420787935,0.342930550589
spatiotemporal,east:2005-2009,outcome_pca,allocation_19,0.0380416085034,0.0288516753312,5695,0.310010482791,0.342930550589
spatiotemporal,east:2005-2009,core_means,mean_maximum_temperature_c,25.6074018449,7.66059900447,5695,,
spatiotemporal,east:2005-2009,core_means,mean_minimum_temperature_c,9.65344359602,7.49083005961,5695,,
spatiotemporal,east:2005-2009,core_means,mean_vpd_kpa,1.42690353393,0.767699550195,5695,,
spatiotemporal,east:2005-2009,core_means,mean_wind_speed_m_s,3.9928111454,1.32218832056,5695,,
spatiotemporal,east:2005-2009,max_vpd_only,max_vpd,1.74580158033,0.872481703161,5695,,
spatiotemporal,east:2005-2009,core_plus_max,mean_maximum_temperature_c,25.6074018449,7.66059900447,5695,,
spatiotemporal,east:2005-2009,core_plus_max,mean_minimum_temperature_c,9.65344359602,7.49083005961,5695,,
spatiotemporal,east:2005-2009,core_plus_max,mean_vpd_kpa,1.42690353393,0.767699550195,5695,,
spatiotemporal,east:2005-2009,core_plus_max,mean_wind_speed_m_s,3.9928111454,1.32218832056,5695,,
spatiotemporal,east:2005-2009,core_plus_max,max_vpd,1.74580158033,0.872481703161,5695,,
spatiotemporal,east:2005-2009,comprehensive_means,mean_maximum_temperature_c,25.6074018449,7.66059900447,5695,,
spatiotemporal,east:2005-2009,comprehensive_means,mean_minimum_temperature_c,9.65344359602,7.49083005961,5695,,
spatiotemporal,east:2005-2009,comprehensive_means,mean_vpd_kpa,1.42690353393,0.767699550195,5695,,
spatiotemporal,east:2005-2009,comprehensive_means,mean_wind_speed_m_s,3.9928111454,1.32218832056,5695,,
spatiotemporal,east:2005-2009,comprehensive_means,mean_precipitation_mm,0.628277475588,2.02744312562,5695,,
spatiotemporal,east:2005-2009,comprehensive_means,mean_maximum_relative_humidity_pct,74.3930016952,18.1081628295,5695,,
spatiotemporal,east:2005-2009,comprehensive_means,mean_minimum_relative_humidity_pct,26.9136498498,12.0670405838,5695,,
spatiotemporal,east:2005-2009,comprehensive_means,mean_specific_humidity_kg_kg,0.00691882969148,0.00376706783989,5695,,
spatiotemporal,east:2005-2009,comprehensive_means,mean_fuel_moisture_100hr_pct,11.5292148523,3.85150118466,5695,,
spatiotemporal,east:2005-2009,comprehensive_means,mean_fuel_moisture_1000hr_pct,13.8605825274,4.48706561185,5695,,
spatiotemporal,east:2005-2009,comprehensive_means,mean_energy_release_component,47.9303639941,20.8962733433,5695,,
spatiotemporal,east:2005-2009,comprehensive_means,mean_burning_index,40.093955086,18.5625809127,5695,,
spatiotemporal,east:2005-2009,comprehensive_means,mean_reference_evapotranspiration_mm,7.02085302485,2.63156038397,5695,,
spatiotemporal,east:2005-2009,comprehensive_means,mean_potential_evapotranspiration_mm,5.05389427876,1.90333874021,5695,,
spatiotemporal,east:2005-2009,comprehensive_means,mean_solar_radiation_w_m2,240.314220535,64.1960273476,5695,,
spatiotemporal,east:2005-2009,comprehensive_plus_max,mean_maximum_temperature_c,25.6074018449,7.66059900447,5695,,
spatiotemporal,east:2005-2009,comprehensive_plus_max,mean_minimum_temperature_c,9.65344359602,7.49083005961,5695,,
spatiotemporal,east:2005-2009,comprehensive_plus_max,mean_vpd_kpa,1.42690353393,0.767699550195,5695,,
spatiotemporal,east:2005-2009,comprehensive_plus_max,mean_wind_speed_m_s,3.9928111454,1.32218832056,5695,,
spatiotemporal,east:2005-2009,comprehensive_plus_max,mean_precipitation_mm,0.628277475588,2.02744312562,5695,,
spatiotemporal,east:2005-2009,comprehensive_plus_max,mean_maximum_relative_humidity_pct,74.3930016952,18.1081628295,5695,,
spatiotemporal,east:2005-2009,comprehensive_plus_max,mean_minimum_relative_humidity_pct,26.9136498498,12.0670405838,5695,,
spatiotemporal,east:2005-2009,comprehensive_plus_max,mean_specific_humidity_kg_kg,0.00691882969148,0.00376706783989,5695,,
spatiotemporal,east:2005-2009,comprehensive_plus_max,mean_fuel_moisture_100hr_pct,11.5292148523,3.85150118466,5695,,
spatiotemporal,east:2005-2009,comprehensive_plus_max,mean_fuel_moisture_1000hr_pct,13.8605825274,4.48706561185,5695,,
spatiotemporal,east:2005-2009,comprehensive_plus_max,mean_energy_release_component,47.9303639941,20.8962733433,5695,,
spatiotemporal,east:2005-2009,comprehensive_plus_max,mean_burning_index,40.093955086,18.5625809127,5695,,
spatiotemporal,east:2005-2009,comprehensive_plus_max,mean_reference_evapotranspiration_mm,7.02085302485,2.63156038397,5695,,
spatiotemporal,east:2005-2009,comprehensive_plus_max,mean_potential_evapotranspiration_mm,5.05389427876,1.90333874021,5695,,
spatiotemporal,east:2005-2009,comprehensive_plus_max,mean_solar_radiation_w_m2,240.314220535,64.1960273476,5695,,
spatiotemporal,east:2005-2009,comprehensive_plus_max,max_vpd,1.74580158033,0.872481703161,5695,,
spatiotemporal,east:2005-2009,length_only,log_duration,1.62069655537,0.323328234024,5695,,
spatiotemporal,east:2005-2009,length_only,log_observations,1.62069655537,0.323328234024,5695,,
spatiotemporal,east:2005-2009,length_plus_max,log_duration,1.62069655537,0.323328234024,5695,,
spatiotemporal,east:2005-2009,length_plus_max,log_observations,1.62069655537,0.323328234024,5695,,
spatiotemporal,east:2005-2009,length_plus_max,max_vpd,1.74580158033,0.872481703161,5695,,
spatiotemporal,east:2005-2009,length_plus_core,log_duration,1.62069655537,0.323328234024,5695,,
spatiotemporal,east:2005-2009,length_plus_core,log_observations,1.62069655537,0.323328234024,5695,,
spatiotemporal,east:2005-2009,length_plus_core,mean_maximum_temperature_c,25.6074018449,7.66059900447,5695,,
spatiotemporal,east:2005-2009,length_plus_core,mean_minimum_temperature_c,9.65344359602,7.49083005961,5695,,
spatiotemporal,east:2005-2009,length_plus_core,mean_vpd_kpa,1.42690353393,0.767699550195,5695,,
spatiotemporal,east:2005-2009,length_plus_core,mean_wind_speed_m_s,3.9928111454,1.32218832056,5695,,
spatiotemporal,east:2005-2009,length_plus_core_max,log_duration,1.62069655537,0.323328234024,5695,,
spatiotemporal,east:2005-2009,length_plus_core_max,log_observations,1.62069655537,0.323328234024,5695,,
spatiotemporal,east:2005-2009,length_plus_core_max,mean_maximum_temperature_c,25.6074018449,7.66059900447,5695,,
spatiotemporal,east:2005-2009,length_plus_core_max,mean_minimum_temperature_c,9.65344359602,7.49083005961,5695,,
spatiotemporal,east:2005-2009,length_plus_core_max,mean_vpd_kpa,1.42690353393,0.767699550195,5695,,
spatiotemporal,east:2005-2009,length_plus_core_max,mean_wind_speed_m_s,3.9928111454,1.32218832056,5695,,
spatiotemporal,east:2005-2009,length_plus_core_max,max_vpd,1.74580158033,0.872481703161,5695,,
spatiotemporal,east:2005-2009,core_quantile_exceedance,mean_maximum_temperature_c,25.6074018449,7.66059900447,5695,,
spatiotemporal,east:2005-2009,core_quantile_exceedance,mean_minimum_temperature_c,9.65344359602,7.49083005961,5695,,
spatiotemporal,east:2005-2009,core_quantile_exceedance,mean_vpd_kpa,1.42690353393,0.767699550195,5695,,
spatiotemporal,east:2005-2009,core_quantile_exceedance,mean_wind_speed_m_s,3.9928111454,1.32218832056,5695,,
spatiotemporal,east:2005-2009,core_quantile_exceedance,q90_vpd,1.67661738367,0.844261875255,5695,,
spatiotemporal,east:2005-2009,core_quantile_exceedance,vpd_gt_2_fraction,0.223129237504,0.358125977937,5695,,
spatiotemporal,east:2005-2009,core_quantile_exceedance,wet_fraction,0.134138311894,0.212565027849,5695,,
spatiotemporal,east:2010-2014,outcome_pca,allocation_00,0.045935101551,0.0346237241986,5804,-0.197670216627,0.341158523578
spatiotemporal,east:2010-2014,outcome_pca,allocation_01,0.0462679404927,0.0345241725318,5804,-0.201537567639,0.341158523578
spatiotemporal,east:2010-2014,outcome_pca,allocation_02,0.0481144656672,0.0353894591911,5804,-0.220583194647,0.341158523578
spatiotemporal,east:2010-2014,outcome_pca,allocation_03,0.0511880512277,0.0377998260279,5804,-0.24403558442,0.341158523578
spatiotemporal,east:2010-2014,outcome_pca,allocation_04,0.0557656996165,0.0427859034825,5804,-0.251835522667,0.341158523578
spatiotemporal,east:2010-2014,outcome_pca,allocation_05,0.0600285265497,0.0436058556871,5804,-0.242570593712,0.341158523578
spatiotemporal,east:2010-2014,outcome_pca,allocation_06,0.0605804655991,0.0382052246446,5804,-0.222528186748,0.341158523578
spatiotemporal,east:2010-2014,outcome_pca,allocation_07,0.0608497360903,0.0415308462291,5804,-0.112815408305,0.341158523578
spatiotemporal,east:2010-2014,outcome_pca,allocation_08,0.0600279301134,0.0399666323752,5804,-0.0616737906293,0.341158523578
spatiotemporal,east:2010-2014,outcome_pca,allocation_09,0.0596996775051,0.0410590892491,5804,-0.0471030914372,0.341158523578
spatiotemporal,east:2010-2014,outcome_pca,allocation_10,0.0549609864305,0.0372825761942,5804,0.0703455264367,0.341158523578
spatiotemporal,east:2010-2014,outcome_pca,allocation_11,0.0542957298443,0.0355809933169,5804,0.0883995995428,0.341158523578
spatiotemporal,east:2010-2014,outcome_pca,allocation_12,0.0516837001326,0.0345909250153,5804,0.128917638882,0.341158523578
spatiotemporal,east:2010-2014,outcome_pca,allocation_13,0.0482368560967,0.0293133126803,5804,0.252969026584,0.341158523578
spatiotemporal,east:2010-2014,outcome_pca,allocation_14,0.0456708432205,0.0316003127585,5804,0.276531765455,0.341158523578
spatiotemporal,east:2010-2014,outcome_pca,allocation_15,0.0418647769421,0.0301083163822,5804,0.297613891211,0.341158523578
spatiotemporal,east:2010-2014,outcome_pca,allocation_16,0.0397362579959,0.0284473018453,5804,0.305900281674,0.341158523578
spatiotemporal,east:2010-2014,outcome_pca,allocation_17,0.0387221733406,0.0284196382169,5804,0.302516716565,0.341158523578
spatiotemporal,east:2010-2014,outcome_pca,allocation_18,0.0382208758039,0.0286738363335,5804,0.298606652572,0.341158523578
spatiotemporal,east:2010-2014,outcome_pca,allocation_19,0.0381502057801,0.0287366752653,5804,0.298146772212,0.341158523578
spatiotemporal,east:2010-2014,core_means,mean_maximum_temperature_c,25.2237857505,7.65601517274,5804,,
spatiotemporal,east:2010-2014,core_means,mean_minimum_temperature_c,9.69965784307,7.57256448098,5804,,
spatiotemporal,east:2010-2014,core_means,mean_vpd_kpa,1.37507826264,0.760828104093,5804,,
spatiotemporal,east:2010-2014,core_means,mean_wind_speed_m_s,3.95522478294,1.27482937253,5804,,
spatiotemporal,east:2010-2014,max_vpd_only,max_vpd,1.67475878704,0.864583569614,5804,,
spatiotemporal,east:2010-2014,core_plus_max,mean_maximum_temperature_c,25.2237857505,7.65601517274,5804,,
spatiotemporal,east:2010-2014,core_plus_max,mean_minimum_temperature_c,9.69965784307,7.57256448098,5804,,
spatiotemporal,east:2010-2014,core_plus_max,mean_vpd_kpa,1.37507826264,0.760828104093,5804,,
spatiotemporal,east:2010-2014,core_plus_max,mean_wind_speed_m_s,3.95522478294,1.27482937253,5804,,
spatiotemporal,east:2010-2014,core_plus_max,max_vpd,1.67475878704,0.864583569614,5804,,
spatiotemporal,east:2010-2014,comprehensive_means,mean_maximum_temperature_c,25.2237857505,7.65601517274,5804,,
spatiotemporal,east:2010-2014,comprehensive_means,mean_minimum_temperature_c,9.69965784307,7.57256448098,5804,,
spatiotemporal,east:2010-2014,comprehensive_means,mean_vpd_kpa,1.37507826264,0.760828104093,5804,,
spatiotemporal,east:2010-2014,comprehensive_means,mean_wind_speed_m_s,3.95522478294,1.27482937253,5804,,
spatiotemporal,east:2010-2014,comprehensive_means,mean_precipitation_mm,0.640927860569,1.83507864289,5804,,
spatiotemporal,east:2010-2014,comprehensive_means,mean_maximum_relative_humidity_pct,74.9947955704,18.6225649246,5804,,
spatiotemporal,east:2010-2014,comprehensive_means,mean_minimum_relative_humidity_pct,28.3082349757,11.7989451724,5804,,
spatiotemporal,east:2010-2014,comprehensive_means,mean_specific_humidity_kg_kg,0.00701631964743,0.00383853415086,5804,,
spatiotemporal,east:2010-2014,comprehensive_means,mean_fuel_moisture_100hr_pct,11.7335792978,3.83461261332,5804,,
spatiotemporal,east:2010-2014,comprehensive_means,mean_fuel_moisture_1000hr_pct,14.1112442393,4.53115154355,5804,,
spatiotemporal,east:2010-2014,comprehensive_means,mean_energy_release_component,46.6541376287,20.9111379471,5804,,
spatiotemporal,east:2010-2014,comprehensive_means,mean_burning_index,38.5696252603,17.8932531952,5804,,
spatiotemporal,east:2010-2014,comprehensive_means,mean_reference_evapotranspiration_mm,6.85028777819,2.54054051148,5804,,
spatiotemporal,east:2010-2014,comprehensive_means,mean_potential_evapotranspiration_mm,4.96449057842,1.87069842962,5804,,
spatiotemporal,east:2010-2014,comprehensive_means,mean_solar_radiation_w_m2,240.829438798,64.7319371989,5804,,
spatiotemporal,east:2010-2014,comprehensive_plus_max,mean_maximum_temperature_c,25.2237857505,7.65601517274,5804,,
spatiotemporal,east:2010-2014,comprehensive_plus_max,mean_minimum_temperature_c,9.69965784307,7.57256448098,5804,,
spatiotemporal,east:2010-2014,comprehensive_plus_max,mean_vpd_kpa,1.37507826264,0.760828104093,5804,,
spatiotemporal,east:2010-2014,comprehensive_plus_max,mean_wind_speed_m_s,3.95522478294,1.27482937253,5804,,
spatiotemporal,east:2010-2014,comprehensive_plus_max,mean_precipitation_mm,0.640927860569,1.83507864289,5804,,
spatiotemporal,east:2010-2014,comprehensive_plus_max,mean_maximum_relative_humidity_pct,74.9947955704,18.6225649246,5804,,
spatiotemporal,east:2010-2014,comprehensive_plus_max,mean_minimum_relative_humidity_pct,28.3082349757,11.7989451724,5804,,
spatiotemporal,east:2010-2014,comprehensive_plus_max,mean_specific_humidity_kg_kg,0.00701631964743,0.00383853415086,5804,,
spatiotemporal,east:2010-2014,comprehensive_plus_max,mean_fuel_moisture_100hr_pct,11.7335792978,3.83461261332,5804,,
spatiotemporal,east:2010-2014,comprehensive_plus_max,mean_fuel_moisture_1000hr_pct,14.1112442393,4.53115154355,5804,,
spatiotemporal,east:2010-2014,comprehensive_plus_max,mean_energy_release_component,46.6541376287,20.9111379471,5804,,
spatiotemporal,east:2010-2014,comprehensive_plus_max,mean_burning_index,38.5696252603,17.8932531952,5804,,
spatiotemporal,east:2010-2014,comprehensive_plus_max,mean_reference_evapotranspiration_mm,6.85028777819,2.54054051148,5804,,
spatiotemporal,east:2010-2014,comprehensive_plus_max,mean_potential_evapotranspiration_mm,4.96449057842,1.87069842962,5804,,
spatiotemporal,east:2010-2014,comprehensive_plus_max,mean_solar_radiation_w_m2,240.829438798,64.7319371989,5804,,
spatiotemporal,east:2010-2014,comprehensive_plus_max,max_vpd,1.67475878704,0.864583569614,5804,,
spatiotemporal,east:2010-2014,length_only,log_duration,1.62360843387,0.325844387783,5804,,
spatiotemporal,east:2010-2014,length_only,log_observations,1.62360843387,0.325844387783,5804,,
spatiotemporal,east:2010-2014,length_plus_max,log_duration,1.62360843387,0.325844387783,5804,,
spatiotemporal,east:2010-2014,length_plus_max,log_observations,1.62360843387,0.325844387783,5804,,
spatiotemporal,east:2010-2014,length_plus_max,max_vpd,1.67475878704,0.864583569614,5804,,
spatiotemporal,east:2010-2014,length_plus_core,log_duration,1.62360843387,0.325844387783,5804,,
spatiotemporal,east:2010-2014,length_plus_core,log_observations,1.62360843387,0.325844387783,5804,,
spatiotemporal,east:2010-2014,length_plus_core,mean_maximum_temperature_c,25.2237857505,7.65601517274,5804,,
spatiotemporal,east:2010-2014,length_plus_core,mean_minimum_temperature_c,9.69965784307,7.57256448098,5804,,
spatiotemporal,east:2010-2014,length_plus_core,mean_vpd_kpa,1.37507826264,0.760828104093,5804,,
spatiotemporal,east:2010-2014,length_plus_core,mean_wind_speed_m_s,3.95522478294,1.27482937253,5804,,
spatiotemporal,east:2010-2014,length_plus_core_max,log_duration,1.62360843387,0.325844387783,5804,,
spatiotemporal,east:2010-2014,length_plus_core_max,log_observations,1.62360843387,0.325844387783,5804,,
spatiotemporal,east:2010-2014,length_plus_core_max,mean_maximum_temperature_c,25.2237857505,7.65601517274,5804,,
spatiotemporal,east:2010-2014,length_plus_core_max,mean_minimum_temperature_c,9.69965784307,7.57256448098,5804,,
spatiotemporal,east:2010-2014,length_plus_core_max,mean_vpd_kpa,1.37507826264,0.760828104093,5804,,
spatiotemporal,east:2010-2014,length_plus_core_max,mean_wind_speed_m_s,3.95522478294,1.27482937253,5804,,
spatiotemporal,east:2010-2014,length_plus_core_max,max_vpd,1.67475878704,0.864583569614,5804,,
spatiotemporal,east:2010-2014,core_quantile_exceedance,mean_maximum_temperature_c,25.2237857505,7.65601517274,5804,,
spatiotemporal,east:2010-2014,core_quantile_exceedance,mean_minimum_temperature_c,9.69965784307,7.57256448098,5804,,
spatiotemporal,east:2010-2014,core_quantile_exceedance,mean_vpd_kpa,1.37507826264,0.760828104093,5804,,
spatiotemporal,east:2010-2014,core_quantile_exceedance,mean_wind_speed_m_s,3.95522478294,1.27482937253,5804,,
spatiotemporal,east:2010-2014,core_quantile_exceedance,q90_vpd,1.60855858029,0.837798695316,5804,,
spatiotemporal,east:2010-2014,core_quantile_exceedance,vpd_gt_2_fraction,0.199990643273,0.346432825323,5804,,
spatiotemporal,east:2010-2014,core_quantile_exceedance,wet_fraction,0.149347921062,0.224817195785,5804,,
spatiotemporal,east:2015-2019,outcome_pca,allocation_00,0.0461799765032,0.0346651221637,5836,-0.197368636697,0.341660840818
spatiotemporal,east:2015-2019,outcome_pca,allocation_01,0.0465500225557,0.0347019024958,5836,-0.201178101517,0.341660840818
spatiotemporal,east:2015-2019,outcome_pca,allocation_02,0.0484538188639,0.0359063885963,5836,-0.219986038337,0.341660840818
spatiotemporal,east:2015-2019,outcome_pca,allocation_03,0.0516618686975,0.0387698794019,5836,-0.24543076183,0.341660840818
spatiotemporal,east:2015-2019,outcome_pca,allocation_04,0.056033260025,0.0425288951359,5836,-0.256127743815,0.341660840818
spatiotemporal,east:2015-2019,outcome_pca,allocation_05,0.060706756587,0.0439676908781,5836,-0.246080516085,0.341660840818
spatiotemporal,east:2015-2019,outcome_pca,allocation_06,0.0611696709156,0.0388491419085,5836,-0.221578932918,0.341660840818
spatiotemporal,east:2015-2019,outcome_pca,allocation_07,0.061277854045,0.041796231426,5836,-0.108536372051,0.341660840818
spatiotemporal,east:2015-2019,outcome_pca,allocation_08,0.0606257971975,0.0403718375649,5836,-0.0569835471789,0.341660840818
spatiotemporal,east:2015-2019,outcome_pca,allocation_09,0.0601054201545,0.041262036715,5836,-0.0425504148386,0.341660840818
spatiotemporal,east:2015-2019,outcome_pca,allocation_10,0.0548460617773,0.0369749878164,5836,0.0812256977881,0.341660840818
spatiotemporal,east:2015-2019,outcome_pca,allocation_11,0.0542707702696,0.0358756976508,5836,0.0981383803878,0.341660840818
spatiotemporal,east:2015-2019,outcome_pca,allocation_12,0.0514514983829,0.0346043402807,5836,0.138818872118,0.341660840818
spatiotemporal,east:2015-2019,outcome_pca,allocation_13,0.0476775492887,0.0289048739447,5836,0.25634891012,0.341660840818
spatiotemporal,east:2015-2019,outcome_pca,allocation_14,0.0450778947897,0.0313594336689,5836,0.274416030988,0.341660840818
spatiotemporal,east:2015-2019,outcome_pca,allocation_15,0.0412349089295,0.0299678853373,5836,0.295035133314,0.341660840818
spatiotemporal,east:2015-2019,outcome_pca,allocation_16,0.0393098700209,0.0285356544617,5836,0.303242767237,0.341660840818
spatiotemporal,east:2015-2019,outcome_pca,allocation_17,0.0382032461765,0.0283555325451,5836,0.299686736452,0.341660840818
spatiotemporal,east:2015-2019,outcome_pca,allocation_18,0.0376203046886,0.0284313670238,5836,0.295702288069,0.341660840818
spatiotemporal,east:2015-2019,outcome_pca,allocation_19,0.0375434501313,0.0284916373947,5836,0.295090764953,0.341660840818
spatiotemporal,east:2015-2019,core_means,mean_maximum_temperature_c,25.4456082385,7.80161805933,5836,,
spatiotemporal,east:2015-2019,core_means,mean_minimum_temperature_c,9.55244515581,7.47995683147,5836,,
spatiotemporal,east:2015-2019,core_means,mean_vpd_kpa,1.43559583689,0.804427564762,5836,,
spatiotemporal,east:2015-2019,core_means,mean_wind_speed_m_s,4.02970634538,1.29356962479,5836,,
spatiotemporal,east:2015-2019,max_vpd_only,max_vpd,1.73687628513,0.912295904173,5836,,
spatiotemporal,east:2015-2019,core_plus_max,mean_maximum_temperature_c,25.4456082385,7.80161805933,5836,,
spatiotemporal,east:2015-2019,core_plus_max,mean_minimum_temperature_c,9.55244515581,7.47995683147,5836,,
spatiotemporal,east:2015-2019,core_plus_max,mean_vpd_kpa,1.43559583689,0.804427564762,5836,,
spatiotemporal,east:2015-2019,core_plus_max,mean_wind_speed_m_s,4.02970634538,1.29356962479,5836,,
spatiotemporal,east:2015-2019,core_plus_max,max_vpd,1.73687628513,0.912295904173,5836,,
spatiotemporal,east:2015-2019,comprehensive_means,mean_maximum_temperature_c,25.4456082385,7.80161805933,5836,,
spatiotemporal,east:2015-2019,comprehensive_means,mean_minimum_temperature_c,9.55244515581,7.47995683147,5836,,
spatiotemporal,east:2015-2019,comprehensive_means,mean_vpd_kpa,1.43559583689,0.804427564762,5836,,
spatiotemporal,east:2015-2019,comprehensive_means,mean_wind_speed_m_s,4.02970634538,1.29356962479,5836,,
spatiotemporal,east:2015-2019,comprehensive_means,mean_precipitation_mm,0.674213945826,2.08916512025,5836,,
spatiotemporal,east:2015-2019,comprehensive_means,mean_maximum_relative_humidity_pct,73.60219271,18.8347947132,5836,,
spatiotemporal,east:2015-2019,comprehensive_means,mean_minimum_relative_humidity_pct,26.9583693042,11.893260222,5836,,
spatiotemporal,east:2015-2019,comprehensive_means,mean_specific_humidity_kg_kg,0.0067566193436,0.00369426038054,5836,,
spatiotemporal,east:2015-2019,comprehensive_means,mean_fuel_moisture_100hr_pct,11.4334029341,3.88487907129,5836,,
spatiotemporal,east:2015-2019,comprehensive_means,mean_fuel_moisture_1000hr_pct,13.7526233323,4.57839152007,5836,,
spatiotemporal,east:2015-2019,comprehensive_means,mean_energy_release_component,48.3234915273,21.4635318847,5836,,
spatiotemporal,east:2015-2019,comprehensive_means,mean_burning_index,40.014005116,19.1193945453,5836,,
spatiotemporal,east:2015-2019,comprehensive_means,mean_reference_evapotranspiration_mm,7.06989036508,2.71592710692,5836,,
spatiotemporal,east:2015-2019,comprehensive_means,mean_potential_evapotranspiration_mm,5.08035074501,1.97026094007,5836,,
spatiotemporal,east:2015-2019,comprehensive_means,mean_solar_radiation_w_m2,241.060542913,65.0479554817,5836,,
spatiotemporal,east:2015-2019,comprehensive_plus_max,mean_maximum_temperature_c,25.4456082385,7.80161805933,5836,,
spatiotemporal,east:2015-2019,comprehensive_plus_max,mean_minimum_temperature_c,9.55244515581,7.47995683147,5836,,
spatiotemporal,east:2015-2019,comprehensive_plus_max,mean_vpd_kpa,1.43559583689,0.804427564762,5836,,
spatiotemporal,east:2015-2019,comprehensive_plus_max,mean_wind_speed_m_s,4.02970634538,1.29356962479,5836,,
spatiotemporal,east:2015-2019,comprehensive_plus_max,mean_precipitation_mm,0.674213945826,2.08916512025,5836,,
spatiotemporal,east:2015-2019,comprehensive_plus_max,mean_maximum_relative_humidity_pct,73.60219271,18.8347947132,5836,,
spatiotemporal,east:2015-2019,comprehensive_plus_max,mean_minimum_relative_humidity_pct,26.9583693042,11.893260222,5836,,
spatiotemporal,east:2015-2019,comprehensive_plus_max,mean_specific_humidity_kg_kg,0.0067566193436,0.00369426038054,5836,,
spatiotemporal,east:2015-2019,comprehensive_plus_max,mean_fuel_moisture_100hr_pct,11.4334029341,3.88487907129,5836,,
spatiotemporal,east:2015-2019,comprehensive_plus_max,mean_fuel_moisture_1000hr_pct,13.7526233323,4.57839152007,5836,,
spatiotemporal,east:2015-2019,comprehensive_plus_max,mean_energy_release_component,48.3234915273,21.4635318847,5836,,
spatiotemporal,east:2015-2019,comprehensive_plus_max,mean_burning_index,40.014005116,19.1193945453,5836,,
spatiotemporal,east:2015-2019,comprehensive_plus_max,mean_reference_evapotranspiration_mm,7.06989036508,2.71592710692,5836,,
spatiotemporal,east:2015-2019,comprehensive_plus_max,mean_potential_evapotranspiration_mm,5.08035074501,1.97026094007,5836,,
spatiotemporal,east:2015-2019,comprehensive_plus_max,mean_solar_radiation_w_m2,241.060542913,65.0479554817,5836,,
spatiotemporal,east:2015-2019,comprehensive_plus_max,max_vpd,1.73687628513,0.912295904173,5836,,
spatiotemporal,east:2015-2019,length_only,log_duration,1.62292657087,0.3248932716,5836,,
spatiotemporal,east:2015-2019,length_only,log_observations,1.62292657087,0.3248932716,5836,,
spatiotemporal,east:2015-2019,length_plus_max,log_duration,1.62292657087,0.3248932716,5836,,
spatiotemporal,east:2015-2019,length_plus_max,log_observations,1.62292657087,0.3248932716,5836,,
spatiotemporal,east:2015-2019,length_plus_max,max_vpd,1.73687628513,0.912295904173,5836,,
spatiotemporal,east:2015-2019,length_plus_core,log_duration,1.62292657087,0.3248932716,5836,,
spatiotemporal,east:2015-2019,length_plus_core,log_observations,1.62292657087,0.3248932716,5836,,
spatiotemporal,east:2015-2019,length_plus_core,mean_maximum_temperature_c,25.4456082385,7.80161805933,5836,,
spatiotemporal,east:2015-2019,length_plus_core,mean_minimum_temperature_c,9.55244515581,7.47995683147,5836,,
spatiotemporal,east:2015-2019,length_plus_core,mean_vpd_kpa,1.43559583689,0.804427564762,5836,,
spatiotemporal,east:2015-2019,length_plus_core,mean_wind_speed_m_s,4.02970634538,1.29356962479,5836,,
spatiotemporal,east:2015-2019,length_plus_core_max,log_duration,1.62292657087,0.3248932716,5836,,
spatiotemporal,east:2015-2019,length_plus_core_max,log_observations,1.62292657087,0.3248932716,5836,,
spatiotemporal,east:2015-2019,length_plus_core_max,mean_maximum_temperature_c,25.4456082385,7.80161805933,5836,,
spatiotemporal,east:2015-2019,length_plus_core_max,mean_minimum_temperature_c,9.55244515581,7.47995683147,5836,,
spatiotemporal,east:2015-2019,length_plus_core_max,mean_vpd_kpa,1.43559583689,0.804427564762,5836,,
spatiotemporal,east:2015-2019,length_plus_core_max,mean_wind_speed_m_s,4.02970634538,1.29356962479,5836,,
spatiotemporal,east:2015-2019,length_plus_core_max,max_vpd,1.73687628513,0.912295904173,5836,,
spatiotemporal,east:2015-2019,core_quantile_exceedance,mean_maximum_temperature_c,25.4456082385,7.80161805933,5836,,
spatiotemporal,east:2015-2019,core_quantile_exceedance,mean_minimum_temperature_c,9.55244515581,7.47995683147,5836,,
spatiotemporal,east:2015-2019,core_quantile_exceedance,mean_vpd_kpa,1.43559583689,0.804427564762,5836,,
spatiotemporal,east:2015-2019,core_quantile_exceedance,mean_wind_speed_m_s,4.02970634538,1.29356962479,5836,,
spatiotemporal,east:2015-2019,core_quantile_exceedance,q90_vpd,1.67233190541,0.88480949012,5836,,
spatiotemporal,east:2015-2019,core_quantile_exceedance,vpd_gt_2_fraction,0.229632529748,0.366609803644,5836,,
spatiotemporal,east:2015-2019,core_quantile_exceedance,wet_fraction,0.150328721867,0.22612372855,5836,,
spatiotemporal,east:2020-2024,outcome_pca,allocation_00,0.0459736757186,0.0346730072238,7177,-0.191790760321,0.343032299484
spatiotemporal,east:2020-2024,outcome_pca,allocation_01,0.0463188498558,0.0346717670201,7177,-0.195221292916,0.343032299484
spatiotemporal,east:2020-2024,outcome_pca,allocation_02,0.0480553782479,0.0355748453457,7177,-0.213610405069,0.343032299484
spatiotemporal,east:2020-2024,outcome_pca,allocation_03,0.0512176943067,0.0381912785067,7177,-0.238462938482,0.343032299484
spatiotemporal,east:2020-2024,outcome_pca,allocation_04,0.0558595021779,0.0426503110438,7177,-0.249815797751,0.343032299484
spatiotemporal,east:2020-2024,outcome_pca,allocation_05,0.0602933061543,0.0437479374623,7177,-0.243282416699,0.343032299484
spatiotemporal,east:2020-2024,outcome_pca,allocation_06,0.0608195756262,0.0385262045694,7177,-0.224092612018,0.343032299484
spatiotemporal,east:2020-2024,outcome_pca,allocation_07,0.0611105205937,0.0416647165319,7177,-0.117574662261,0.343032299484
spatiotemporal,east:2020-2024,outcome_pca,allocation_08,0.0604193354455,0.0404241281537,7177,-0.0675665912479,0.343032299484
spatiotemporal,east:2020-2024,outcome_pca,allocation_09,0.0599843618082,0.0411240778906,7177,-0.0527113588572,0.343032299484
spatiotemporal,east:2020-2024,outcome_pca,allocation_10,0.055317566524,0.0378551414563,7177,0.067869094104,0.343032299484
spatiotemporal,east:2020-2024,outcome_pca,allocation_11,0.0546270714634,0.0362521471944,7177,0.0859326236362,0.343032299484
spatiotemporal,east:2020-2024,outcome_pca,allocation_12,0.0515960877589,0.0346700071482,7177,0.128855136829,0.343032299484
spatiotemporal,east:2020-2024,outcome_pca,allocation_13,0.0479030829605,0.0287231468507,7177,0.255134375133,0.343032299484
spatiotemporal,east:2020-2024,outcome_pca,allocation_14,0.0454234891172,0.0312952263368,7177,0.27737241866,0.343032299484
spatiotemporal,east:2020-2024,outcome_pca,allocation_15,0.0414723710574,0.029925674078,7177,0.299797292321,0.343032299484
spatiotemporal,east:2020-2024,outcome_pca,allocation_16,0.0394890762922,0.0286061368269,7177,0.307456974369,0.343032299484
spatiotemporal,east:2020-2024,outcome_pca,allocation_17,0.0384066200459,0.0284193032247,7177,0.305294406622,0.343032299484
spatiotemporal,east:2020-2024,outcome_pca,allocation_18,0.0378897539243,0.028610967334,7177,0.301362047693,0.343032299484
spatiotemporal,east:2020-2024,outcome_pca,allocation_19,0.0378226809214,0.0286688391008,7177,0.300959173479,0.343032299484
spatiotemporal,east:2020-2024,core_means,mean_maximum_temperature_c,25.754819323,7.62307543443,7177,,
spatiotemporal,east:2020-2024,core_means,mean_minimum_temperature_c,9.90462602918,7.46579802022,7177,,
spatiotemporal,east:2020-2024,core_means,mean_vpd_kpa,1.43885551111,0.778510171452,7177,,
spatiotemporal,east:2020-2024,core_means,mean_wind_speed_m_s,3.9871413414,1.31685740133,7177,,
spatiotemporal,east:2020-2024,max_vpd_only,max_vpd,1.74861920022,0.881504582916,7177,,
spatiotemporal,east:2020-2024,core_plus_max,mean_maximum_temperature_c,25.754819323,7.62307543443,7177,,
spatiotemporal,east:2020-2024,core_plus_max,mean_minimum_temperature_c,9.90462602918,7.46579802022,7177,,
spatiotemporal,east:2020-2024,core_plus_max,mean_vpd_kpa,1.43885551111,0.778510171452,7177,,
spatiotemporal,east:2020-2024,core_plus_max,mean_wind_speed_m_s,3.9871413414,1.31685740133,7177,,
spatiotemporal,east:2020-2024,core_plus_max,max_vpd,1.74861920022,0.881504582916,7177,,
spatiotemporal,east:2020-2024,comprehensive_means,mean_maximum_temperature_c,25.754819323,7.62307543443,7177,,
spatiotemporal,east:2020-2024,comprehensive_means,mean_minimum_temperature_c,9.90462602918,7.46579802022,7177,,
spatiotemporal,east:2020-2024,comprehensive_means,mean_vpd_kpa,1.43885551111,0.778510171452,7177,,
spatiotemporal,east:2020-2024,comprehensive_means,mean_wind_speed_m_s,3.9871413414,1.31685740133,7177,,
spatiotemporal,east:2020-2024,comprehensive_means,mean_precipitation_mm,0.68602654662,2.06634427104,7177,,
spatiotemporal,east:2020-2024,comprehensive_means,mean_maximum_relative_humidity_pct,74.1145590731,18.5216717634,7177,,
spatiotemporal,east:2020-2024,comprehensive_means,mean_minimum_relative_humidity_pct,27.2354588483,11.9359923969,7177,,
spatiotemporal,east:2020-2024,comprehensive_means,mean_specific_humidity_kg_kg,0.00699316964715,0.00381425524088,7177,,
spatiotemporal,east:2020-2024,comprehensive_means,mean_fuel_moisture_100hr_pct,11.5086867495,3.85036405901,7177,,
spatiotemporal,east:2020-2024,comprehensive_means,mean_fuel_moisture_1000hr_pct,13.8099994906,4.4941033566,7177,,
spatiotemporal,east:2020-2024,comprehensive_means,mean_energy_release_component,47.9213491596,21.0219875807,7177,,
spatiotemporal,east:2020-2024,comprehensive_means,mean_burning_index,39.5140855629,18.6912062635,7177,,
spatiotemporal,east:2020-2024,comprehensive_means,mean_reference_evapotranspiration_mm,7.07967781236,2.63112848464,7177,,
spatiotemporal,east:2020-2024,comprehensive_means,mean_potential_evapotranspiration_mm,5.10849268602,1.91058484663,7177,,
spatiotemporal,east:2020-2024,comprehensive_means,mean_solar_radiation_w_m2,242.717441312,64.3192887394,7177,,
spatiotemporal,east:2020-2024,comprehensive_plus_max,mean_maximum_temperature_c,25.754819323,7.62307543443,7177,,
spatiotemporal,east:2020-2024,comprehensive_plus_max,mean_minimum_temperature_c,9.90462602918,7.46579802022,7177,,
spatiotemporal,east:2020-2024,comprehensive_plus_max,mean_vpd_kpa,1.43885551111,0.778510171452,7177,,
spatiotemporal,east:2020-2024,comprehensive_plus_max,mean_wind_speed_m_s,3.9871413414,1.31685740133,7177,,
spatiotemporal,east:2020-2024,comprehensive_plus_max,mean_precipitation_mm,0.68602654662,2.06634427104,7177,,
spatiotemporal,east:2020-2024,comprehensive_plus_max,mean_maximum_relative_humidity_pct,74.1145590731,18.5216717634,7177,,
spatiotemporal,east:2020-2024,comprehensive_plus_max,mean_minimum_relative_humidity_pct,27.2354588483,11.9359923969,7177,,
spatiotemporal,east:2020-2024,comprehensive_plus_max,mean_specific_humidity_kg_kg,0.00699316964715,0.00381425524088,7177,,
spatiotemporal,east:2020-2024,comprehensive_plus_max,mean_fuel_moisture_100hr_pct,11.5086867495,3.85036405901,7177,,
spatiotemporal,east:2020-2024,comprehensive_plus_max,mean_fuel_moisture_1000hr_pct,13.8099994906,4.4941033566,7177,,
spatiotemporal,east:2020-2024,comprehensive_plus_max,mean_energy_release_component,47.9213491596,21.0219875807,7177,,
spatiotemporal,east:2020-2024,comprehensive_plus_max,mean_burning_index,39.5140855629,18.6912062635,7177,,
spatiotemporal,east:2020-2024,comprehensive_plus_max,mean_reference_evapotranspiration_mm,7.07967781236,2.63112848464,7177,,
spatiotemporal,east:2020-2024,comprehensive_plus_max,mean_potential_evapotranspiration_mm,5.10849268602,1.91058484663,7177,,
spatiotemporal,east:2020-2024,comprehensive_plus_max,mean_solar_radiation_w_m2,242.717441312,64.3192887394,7177,,
spatiotemporal,east:2020-2024,comprehensive_plus_max,max_vpd,1.74861920022,0.881504582916,7177,,
spatiotemporal,east:2020-2024,length_only,log_duration,1.62204548616,0.319168650049,7177,,
spatiotemporal,east:2020-2024,length_only,log_observations,1.62204548616,0.319168650049,7177,,
spatiotemporal,east:2020-2024,length_plus_max,log_duration,1.62204548616,0.319168650049,7177,,
spatiotemporal,east:2020-2024,length_plus_max,log_observations,1.62204548616,0.319168650049,7177,,
spatiotemporal,east:2020-2024,length_plus_max,max_vpd,1.74861920022,0.881504582916,7177,,
spatiotemporal,east:2020-2024,length_plus_core,log_duration,1.62204548616,0.319168650049,7177,,
spatiotemporal,east:2020-2024,length_plus_core,log_observations,1.62204548616,0.319168650049,7177,,
spatiotemporal,east:2020-2024,length_plus_core,mean_maximum_temperature_c,25.754819323,7.62307543443,7177,,
spatiotemporal,east:2020-2024,length_plus_core,mean_minimum_temperature_c,9.90462602918,7.46579802022,7177,,
spatiotemporal,east:2020-2024,length_plus_core,mean_vpd_kpa,1.43885551111,0.778510171452,7177,,
spatiotemporal,east:2020-2024,length_plus_core,mean_wind_speed_m_s,3.9871413414,1.31685740133,7177,,
spatiotemporal,east:2020-2024,length_plus_core_max,log_duration,1.62204548616,0.319168650049,7177,,
spatiotemporal,east:2020-2024,length_plus_core_max,log_observations,1.62204548616,0.319168650049,7177,,
spatiotemporal,east:2020-2024,length_plus_core_max,mean_maximum_temperature_c,25.754819323,7.62307543443,7177,,
spatiotemporal,east:2020-2024,length_plus_core_max,mean_minimum_temperature_c,9.90462602918,7.46579802022,7177,,
spatiotemporal,east:2020-2024,length_plus_core_max,mean_vpd_kpa,1.43885551111,0.778510171452,7177,,
spatiotemporal,east:2020-2024,length_plus_core_max,mean_wind_speed_m_s,3.9871413414,1.31685740133,7177,,
spatiotemporal,east:2020-2024,length_plus_core_max,max_vpd,1.74861920022,0.881504582916,7177,,
spatiotemporal,east:2020-2024,core_quantile_exceedance,mean_maximum_temperature_c,25.754819323,7.62307543443,7177,,
spatiotemporal,east:2020-2024,core_quantile_exceedance,mean_minimum_temperature_c,9.90462602918,7.46579802022,7177,,
spatiotemporal,east:2020-2024,core_quantile_exceedance,mean_vpd_kpa,1.43885551111,0.778510171452,7177,,
spatiotemporal,east:2020-2024,core_quantile_exceedance,mean_wind_speed_m_s,3.9871413414,1.31685740133,7177,,
spatiotemporal,east:2020-2024,core_quantile_exceedance,q90_vpd,1.68141396127,0.854941910432,7177,,
spatiotemporal,east:2020-2024,core_quantile_exceedance,vpd_gt_2_fraction,0.225047090341,0.361322290626,7177,,
spatiotemporal,east:2020-2024,core_quantile_exceedance,wet_fraction,0.148846464505,0.223676641811,7177,,
spatiotemporal,intermountain:2000-2004,outcome_pca,allocation_00,0.0463315763209,0.0333597980536,5096,-0.170822650574,0.342326483632
spatiotemporal,intermountain:2000-2004,outcome_pca,allocation_01,0.0465930060058,0.033284961738,5096,-0.174583018009,0.342326483632
spatiotemporal,intermountain:2000-2004,outcome_pca,allocation_02,0.0482052009124,0.0341114961548,5096,-0.193932373658,0.342326483632
spatiotemporal,intermountain:2000-2004,outcome_pca,allocation_03,0.051177300798,0.0364959062123,5096,-0.218969545436,0.342326483632
spatiotemporal,intermountain:2000-2004,outcome_pca,allocation_04,0.0555590064669,0.0413048451152,5096,-0.2346026575,0.342326483632
spatiotemporal,intermountain:2000-2004,outcome_pca,allocation_05,0.0592408429134,0.0424604665172,5096,-0.236400390551,0.342326483632
spatiotemporal,intermountain:2000-2004,outcome_pca,allocation_06,0.0597494509686,0.0372791592347,5096,-0.228997815103,0.342326483632
spatiotemporal,intermountain:2000-2004,outcome_pca,allocation_07,0.0599817467045,0.0406391954615,5096,-0.138821928777,0.342326483632
spatiotemporal,intermountain:2000-2004,outcome_pca,allocation_08,0.0595451276577,0.0396915995962,5096,-0.0964453135698,0.342326483632
spatiotemporal,intermountain:2000-2004,outcome_pca,allocation_09,0.0590509432149,0.0408886103162,5096,-0.0815512238141,0.342326483632
spatiotemporal,intermountain:2000-2004,outcome_pca,allocation_10,0.0541019748018,0.0357369566162,5096,0.0383693894275,0.342326483632
spatiotemporal,intermountain:2000-2004,outcome_pca,allocation_11,0.0533374894344,0.0342276789651,5096,0.0540772479504,0.342326483632
spatiotemporal,intermountain:2000-2004,outcome_pca,allocation_12,0.0504156351475,0.0325508982486,5096,0.104273853145,0.342326483632
spatiotemporal,intermountain:2000-2004,outcome_pca,allocation_13,0.0477002568608,0.0270943084893,5096,0.25019172066,0.342326483632
spatiotemporal,intermountain:2000-2004,outcome_pca,allocation_14,0.046024354479,0.0303982078424,5096,0.278270495474,0.342326483632
spatiotemporal,intermountain:2000-2004,outcome_pca,allocation_15,0.0430470456929,0.0298367258941,5096,0.310925281403,0.342326483632
spatiotemporal,intermountain:2000-2004,outcome_pca,allocation_16,0.0410067933796,0.0283819401235,5096,0.320070696289,0.342326483632
spatiotemporal,intermountain:2000-2004,outcome_pca,allocation_17,0.0399256245052,0.028139344866,5096,0.318946722321,0.342326483632
spatiotemporal,intermountain:2000-2004,outcome_pca,allocation_18,0.0395263750371,0.0284137171725,5096,0.316501396886,0.342326483632
spatiotemporal,intermountain:2000-2004,outcome_pca,allocation_19,0.0394802486985,0.0284850173106,5096,0.31603116454,0.342326483632
spatiotemporal,intermountain:2000-2004,core_means,mean_maximum_temperature_c,25.8957214321,6.98046737476,5096,,
spatiotemporal,intermountain:2000-2004,core_means,mean_minimum_temperature_c,10.7991521234,7.07205489785,5096,,
spatiotemporal,intermountain:2000-2004,core_means,mean_vpd_kpa,1.31009852296,0.727729545119,5096,,
spatiotemporal,intermountain:2000-2004,core_means,mean_wind_speed_m_s,3.60250649438,1.09531368796,5096,,
spatiotemporal,intermountain:2000-2004,max_vpd_only,max_vpd,1.576183281,0.827100278945,5096,,
spatiotemporal,intermountain:2000-2004,core_plus_max,mean_maximum_temperature_c,25.8957214321,6.98046737476,5096,,
spatiotemporal,intermountain:2000-2004,core_plus_max,mean_minimum_temperature_c,10.7991521234,7.07205489785,5096,,
spatiotemporal,intermountain:2000-2004,core_plus_max,mean_vpd_kpa,1.31009852296,0.727729545119,5096,,
spatiotemporal,intermountain:2000-2004,core_plus_max,mean_wind_speed_m_s,3.60250649438,1.09531368796,5096,,
spatiotemporal,intermountain:2000-2004,core_plus_max,max_vpd,1.576183281,0.827100278945,5096,,
spatiotemporal,intermountain:2000-2004,comprehensive_means,mean_maximum_temperature_c,25.8957214321,6.98046737476,5096,,
spatiotemporal,intermountain:2000-2004,comprehensive_means,mean_minimum_temperature_c,10.7991521234,7.07205489785,5096,,
spatiotemporal,intermountain:2000-2004,comprehensive_means,mean_vpd_kpa,1.31009852296,0.727729545119,5096,,
spatiotemporal,intermountain:2000-2004,comprehensive_means,mean_wind_speed_m_s,3.60250649438,1.09531368796,5096,,
spatiotemporal,intermountain:2000-2004,comprehensive_means,mean_precipitation_mm,0.80898892532,2.43657618209,5096,,
spatiotemporal,intermountain:2000-2004,comprehensive_means,mean_maximum_relative_humidity_pct,78.9988461736,18.3871257415,5096,,
spatiotemporal,intermountain:2000-2004,comprehensive_means,mean_minimum_relative_humidity_pct,31.4779441499,12.612280262,5096,,
spatiotemporal,intermountain:2000-2004,comprehensive_means,mean_specific_humidity_kg_kg,0.00773833869233,0.00390354484057,5096,,
spatiotemporal,intermountain:2000-2004,comprehensive_means,mean_fuel_moisture_100hr_pct,12.7407864439,4.11346508091,5096,,
spatiotemporal,intermountain:2000-2004,comprehensive_means,mean_fuel_moisture_1000hr_pct,14.8978822368,4.74936617779,5096,,
spatiotemporal,intermountain:2000-2004,comprehensive_means,mean_energy_release_component,42.928337356,21.8415101504,5096,,
spatiotemporal,intermountain:2000-2004,comprehensive_means,mean_burning_index,34.1033838193,17.6784007091,5096,,
spatiotemporal,intermountain:2000-2004,comprehensive_means,mean_reference_evapotranspiration_mm,6.31456368687,2.31893680071,5096,,
spatiotemporal,intermountain:2000-2004,comprehensive_means,mean_potential_evapotranspiration_mm,4.63400787277,1.73259884116,5096,,
spatiotemporal,intermountain:2000-2004,comprehensive_means,mean_solar_radiation_w_m2,234.114288622,65.4513832384,5096,,
spatiotemporal,intermountain:2000-2004,comprehensive_plus_max,mean_maximum_temperature_c,25.8957214321,6.98046737476,5096,,
spatiotemporal,intermountain:2000-2004,comprehensive_plus_max,mean_minimum_temperature_c,10.7991521234,7.07205489785,5096,,
spatiotemporal,intermountain:2000-2004,comprehensive_plus_max,mean_vpd_kpa,1.31009852296,0.727729545119,5096,,
spatiotemporal,intermountain:2000-2004,comprehensive_plus_max,mean_wind_speed_m_s,3.60250649438,1.09531368796,5096,,
spatiotemporal,intermountain:2000-2004,comprehensive_plus_max,mean_precipitation_mm,0.80898892532,2.43657618209,5096,,
spatiotemporal,intermountain:2000-2004,comprehensive_plus_max,mean_maximum_relative_humidity_pct,78.9988461736,18.3871257415,5096,,
spatiotemporal,intermountain:2000-2004,comprehensive_plus_max,mean_minimum_relative_humidity_pct,31.4779441499,12.612280262,5096,,
spatiotemporal,intermountain:2000-2004,comprehensive_plus_max,mean_specific_humidity_kg_kg,0.00773833869233,0.00390354484057,5096,,
spatiotemporal,intermountain:2000-2004,comprehensive_plus_max,mean_fuel_moisture_100hr_pct,12.7407864439,4.11346508091,5096,,
spatiotemporal,intermountain:2000-2004,comprehensive_plus_max,mean_fuel_moisture_1000hr_pct,14.8978822368,4.74936617779,5096,,
spatiotemporal,intermountain:2000-2004,comprehensive_plus_max,mean_energy_release_component,42.928337356,21.8415101504,5096,,
spatiotemporal,intermountain:2000-2004,comprehensive_plus_max,mean_burning_index,34.1033838193,17.6784007091,5096,,
spatiotemporal,intermountain:2000-2004,comprehensive_plus_max,mean_reference_evapotranspiration_mm,6.31456368687,2.31893680071,5096,,
spatiotemporal,intermountain:2000-2004,comprehensive_plus_max,mean_potential_evapotranspiration_mm,4.63400787277,1.73259884116,5096,,
spatiotemporal,intermountain:2000-2004,comprehensive_plus_max,mean_solar_radiation_w_m2,234.114288622,65.4513832384,5096,,
spatiotemporal,intermountain:2000-2004,comprehensive_plus_max,max_vpd,1.576183281,0.827100278945,5096,,
spatiotemporal,intermountain:2000-2004,length_only,log_duration,1.61929479396,0.318327454332,5096,,
spatiotemporal,intermountain:2000-2004,length_only,log_observations,1.61929479396,0.318327454332,5096,,
spatiotemporal,intermountain:2000-2004,length_plus_max,log_duration,1.61929479396,0.318327454332,5096,,
spatiotemporal,intermountain:2000-2004,length_plus_max,log_observations,1.61929479396,0.318327454332,5096,,
spatiotemporal,intermountain:2000-2004,length_plus_max,max_vpd,1.576183281,0.827100278945,5096,,
spatiotemporal,intermountain:2000-2004,length_plus_core,log_duration,1.61929479396,0.318327454332,5096,,
spatiotemporal,intermountain:2000-2004,length_plus_core,log_observations,1.61929479396,0.318327454332,5096,,
spatiotemporal,intermountain:2000-2004,length_plus_core,mean_maximum_temperature_c,25.8957214321,6.98046737476,5096,,
spatiotemporal,intermountain:2000-2004,length_plus_core,mean_minimum_temperature_c,10.7991521234,7.07205489785,5096,,
spatiotemporal,intermountain:2000-2004,length_plus_core,mean_vpd_kpa,1.31009852296,0.727729545119,5096,,
spatiotemporal,intermountain:2000-2004,length_plus_core,mean_wind_speed_m_s,3.60250649438,1.09531368796,5096,,
spatiotemporal,intermountain:2000-2004,length_plus_core_max,log_duration,1.61929479396,0.318327454332,5096,,
spatiotemporal,intermountain:2000-2004,length_plus_core_max,log_observations,1.61929479396,0.318327454332,5096,,
spatiotemporal,intermountain:2000-2004,length_plus_core_max,mean_maximum_temperature_c,25.8957214321,6.98046737476,5096,,
spatiotemporal,intermountain:2000-2004,length_plus_core_max,mean_minimum_temperature_c,10.7991521234,7.07205489785,5096,,
spatiotemporal,intermountain:2000-2004,length_plus_core_max,mean_vpd_kpa,1.31009852296,0.727729545119,5096,,
spatiotemporal,intermountain:2000-2004,length_plus_core_max,mean_wind_speed_m_s,3.60250649438,1.09531368796,5096,,
spatiotemporal,intermountain:2000-2004,length_plus_core_max,max_vpd,1.576183281,0.827100278945,5096,,
spatiotemporal,intermountain:2000-2004,core_quantile_exceedance,mean_maximum_temperature_c,25.8957214321,6.98046737476,5096,,
spatiotemporal,intermountain:2000-2004,core_quantile_exceedance,mean_minimum_temperature_c,10.7991521234,7.07205489785,5096,,
spatiotemporal,intermountain:2000-2004,core_quantile_exceedance,mean_vpd_kpa,1.31009852296,0.727729545119,5096,,
spatiotemporal,intermountain:2000-2004,core_quantile_exceedance,mean_wind_speed_m_s,3.60250649438,1.09531368796,5096,,
spatiotemporal,intermountain:2000-2004,core_quantile_exceedance,q90_vpd,1.51913343799,0.801004540924,5096,,
spatiotemporal,intermountain:2000-2004,core_quantile_exceedance,vpd_gt_2_fraction,0.167924371794,0.330208327051,5096,,
spatiotemporal,intermountain:2000-2004,core_quantile_exceedance,wet_fraction,0.151312837553,0.229342947639,5096,,
spatiotemporal,intermountain:2005-2009,outcome_pca,allocation_00,0.0462273140822,0.032887060637,4353,-0.179145107667,0.34609732856
spatiotemporal,intermountain:2005-2009,outcome_pca,allocation_01,0.0464675413042,0.0327543225572,4353,-0.182669595827,0.34609732856
spatiotemporal,intermountain:2005-2009,outcome_pca,allocation_02,0.0479906286005,0.0334649302203,4353,-0.201703602326,0.34609732856
spatiotemporal,intermountain:2005-2009,outcome_pca,allocation_03,0.0508367132554,0.0360161023558,4353,-0.225683288296,0.34609732856
spatiotemporal,intermountain:2005-2009,outcome_pca,allocation_04,0.0549685856316,0.0412156576072,4353,-0.2359286862,0.34609732856
spatiotemporal,intermountain:2005-2009,outcome_pca,allocation_05,0.0583128574934,0.041183178327,4353,-0.235608008843,0.34609732856
spatiotemporal,intermountain:2005-2009,outcome_pca,allocation_06,0.058877603076,0.0360589805752,4353,-0.224625267134,0.34609732856
spatiotemporal,intermountain:2005-2009,outcome_pca,allocation_07,0.0592728926539,0.039457384233,4353,-0.130777361175,0.34609732856
spatiotemporal,intermountain:2005-2009,outcome_pca,allocation_08,0.0589788670181,0.0385626366029,4353,-0.0929345851814,0.34609732856
spatiotemporal,intermountain:2005-2009,outcome_pca,allocation_09,0.0586300826548,0.0398708218442,4353,-0.0802880913498,0.34609732856
spatiotemporal,intermountain:2005-2009,outcome_pca,allocation_10,0.054630752757,0.0357088908782,4353,0.0317001473794,0.34609732856
spatiotemporal,intermountain:2005-2009,outcome_pca,allocation_11,0.0538490381781,0.0341445935554,4353,0.0497502724654,0.34609732856
spatiotemporal,intermountain:2005-2009,outcome_pca,allocation_12,0.0511698532361,0.032908943807,4353,0.0997173712486,0.34609732856
spatiotemporal,intermountain:2005-2009,outcome_pca,allocation_13,0.0481989504271,0.0275127743931,4353,0.24427313395,0.34609732856
spatiotemporal,intermountain:2005-2009,outcome_pca,allocation_14,0.0463019447046,0.0303715770995,4353,0.275193006558,0.34609732856
spatiotemporal,intermountain:2005-2009,outcome_pca,allocation_15,0.0430625191329,0.0292050446916,4353,0.310665974983,0.34609732856
spatiotemporal,intermountain:2005-2009,outcome_pca,allocation_16,0.0413187321939,0.0281396152959,4353,0.318467271757,0.34609732856
spatiotemporal,intermountain:2005-2009,outcome_pca,allocation_17,0.0405865883091,0.0281816002969,4353,0.319560963676,0.34609732856
spatiotemporal,intermountain:2005-2009,outcome_pca,allocation_18,0.0401827849375,0.0284044650833,4353,0.316618030131,0.34609732856
spatiotemporal,intermountain:2005-2009,outcome_pca,allocation_19,0.0401357503537,0.0284641059602,4353,0.31619740886,0.34609732856
spatiotemporal,intermountain:2005-2009,core_means,mean_maximum_temperature_c,25.9400606399,6.87622162473,4353,,
spatiotemporal,intermountain:2005-2009,core_means,mean_minimum_temperature_c,10.7605118844,7.01180614077,4353,,
spatiotemporal,intermountain:2005-2009,core_means,mean_vpd_kpa,1.29038586891,0.692922441588,4353,,
spatiotemporal,intermountain:2005-2009,core_means,mean_wind_speed_m_s,3.57872338537,1.10486849223,4353,,
spatiotemporal,intermountain:2005-2009,max_vpd_only,max_vpd,1.5549965541,0.790523476041,4353,,
spatiotemporal,intermountain:2005-2009,core_plus_max,mean_maximum_temperature_c,25.9400606399,6.87622162473,4353,,
spatiotemporal,intermountain:2005-2009,core_plus_max,mean_minimum_temperature_c,10.7605118844,7.01180614077,4353,,
spatiotemporal,intermountain:2005-2009,core_plus_max,mean_vpd_kpa,1.29038586891,0.692922441588,4353,,
spatiotemporal,intermountain:2005-2009,core_plus_max,mean_wind_speed_m_s,3.57872338537,1.10486849223,4353,,
spatiotemporal,intermountain:2005-2009,core_plus_max,max_vpd,1.5549965541,0.790523476041,4353,,
spatiotemporal,intermountain:2005-2009,comprehensive_means,mean_maximum_temperature_c,25.9400606399,6.87622162473,4353,,
spatiotemporal,intermountain:2005-2009,comprehensive_means,mean_minimum_temperature_c,10.7605118844,7.01180614077,4353,,
spatiotemporal,intermountain:2005-2009,comprehensive_means,mean_vpd_kpa,1.29038586891,0.692922441588,4353,,
spatiotemporal,intermountain:2005-2009,comprehensive_means,mean_wind_speed_m_s,3.57872338537,1.10486849223,4353,,
spatiotemporal,intermountain:2005-2009,comprehensive_means,mean_precipitation_mm,0.804350105667,2.41560413896,4353,,
spatiotemporal,intermountain:2005-2009,comprehensive_means,mean_maximum_relative_humidity_pct,80.0191079686,17.7593953185,4353,,
spatiotemporal,intermountain:2005-2009,comprehensive_means,mean_minimum_relative_humidity_pct,31.6654179882,12.8846144359,4353,,
spatiotemporal,intermountain:2005-2009,comprehensive_means,mean_specific_humidity_kg_kg,0.00783912680253,0.00392529282755,4353,,
spatiotemporal,intermountain:2005-2009,comprehensive_means,mean_fuel_moisture_100hr_pct,12.9619600716,4.11102006817,4353,,
spatiotemporal,intermountain:2005-2009,comprehensive_means,mean_fuel_moisture_1000hr_pct,15.1142670365,4.68714923809,4353,,
spatiotemporal,intermountain:2005-2009,comprehensive_means,mean_energy_release_component,42.0335599015,21.3547642974,4353,,
spatiotemporal,intermountain:2005-2009,comprehensive_means,mean_burning_index,33.6848779628,17.3857133401,4353,,
spatiotemporal,intermountain:2005-2009,comprehensive_means,mean_reference_evapotranspiration_mm,6.22770344128,2.26351810892,4353,,
spatiotemporal,intermountain:2005-2009,comprehensive_means,mean_potential_evapotranspiration_mm,4.57302542848,1.69073479146,4353,,
spatiotemporal,intermountain:2005-2009,comprehensive_means,mean_solar_radiation_w_m2,231.82189196,64.9533672901,4353,,
spatiotemporal,intermountain:2005-2009,comprehensive_plus_max,mean_maximum_temperature_c,25.9400606399,6.87622162473,4353,,
spatiotemporal,intermountain:2005-2009,comprehensive_plus_max,mean_minimum_temperature_c,10.7605118844,7.01180614077,4353,,
spatiotemporal,intermountain:2005-2009,comprehensive_plus_max,mean_vpd_kpa,1.29038586891,0.692922441588,4353,,
spatiotemporal,intermountain:2005-2009,comprehensive_plus_max,mean_wind_speed_m_s,3.57872338537,1.10486849223,4353,,
spatiotemporal,intermountain:2005-2009,comprehensive_plus_max,mean_precipitation_mm,0.804350105667,2.41560413896,4353,,
spatiotemporal,intermountain:2005-2009,comprehensive_plus_max,mean_maximum_relative_humidity_pct,80.0191079686,17.7593953185,4353,,
spatiotemporal,intermountain:2005-2009,comprehensive_plus_max,mean_minimum_relative_humidity_pct,31.6654179882,12.8846144359,4353,,
spatiotemporal,intermountain:2005-2009,comprehensive_plus_max,mean_specific_humidity_kg_kg,0.00783912680253,0.00392529282755,4353,,
spatiotemporal,intermountain:2005-2009,comprehensive_plus_max,mean_fuel_moisture_100hr_pct,12.9619600716,4.11102006817,4353,,
spatiotemporal,intermountain:2005-2009,comprehensive_plus_max,mean_fuel_moisture_1000hr_pct,15.1142670365,4.68714923809,4353,,
spatiotemporal,intermountain:2005-2009,comprehensive_plus_max,mean_energy_release_component,42.0335599015,21.3547642974,4353,,
spatiotemporal,intermountain:2005-2009,comprehensive_plus_max,mean_burning_index,33.6848779628,17.3857133401,4353,,
spatiotemporal,intermountain:2005-2009,comprehensive_plus_max,mean_reference_evapotranspiration_mm,6.22770344128,2.26351810892,4353,,
spatiotemporal,intermountain:2005-2009,comprehensive_plus_max,mean_potential_evapotranspiration_mm,4.57302542848,1.69073479146,4353,,
spatiotemporal,intermountain:2005-2009,comprehensive_plus_max,mean_solar_radiation_w_m2,231.82189196,64.9533672901,4353,,
spatiotemporal,intermountain:2005-2009,comprehensive_plus_max,max_vpd,1.5549965541,0.790523476041,4353,,
spatiotemporal,intermountain:2005-2009,length_only,log_duration,1.60901098916,0.312685023037,4353,,
spatiotemporal,intermountain:2005-2009,length_only,log_observations,1.60901098916,0.312685023037,4353,,
spatiotemporal,intermountain:2005-2009,length_plus_max,log_duration,1.60901098916,0.312685023037,4353,,
spatiotemporal,intermountain:2005-2009,length_plus_max,log_observations,1.60901098916,0.312685023037,4353,,
spatiotemporal,intermountain:2005-2009,length_plus_max,max_vpd,1.5549965541,0.790523476041,4353,,
spatiotemporal,intermountain:2005-2009,length_plus_core,log_duration,1.60901098916,0.312685023037,4353,,
spatiotemporal,intermountain:2005-2009,length_plus_core,log_observations,1.60901098916,0.312685023037,4353,,
spatiotemporal,intermountain:2005-2009,length_plus_core,mean_maximum_temperature_c,25.9400606399,6.87622162473,4353,,
spatiotemporal,intermountain:2005-2009,length_plus_core,mean_minimum_temperature_c,10.7605118844,7.01180614077,4353,,
spatiotemporal,intermountain:2005-2009,length_plus_core,mean_vpd_kpa,1.29038586891,0.692922441588,4353,,
spatiotemporal,intermountain:2005-2009,length_plus_core,mean_wind_speed_m_s,3.57872338537,1.10486849223,4353,,
spatiotemporal,intermountain:2005-2009,length_plus_core_max,log_duration,1.60901098916,0.312685023037,4353,,
spatiotemporal,intermountain:2005-2009,length_plus_core_max,log_observations,1.60901098916,0.312685023037,4353,,
spatiotemporal,intermountain:2005-2009,length_plus_core_max,mean_maximum_temperature_c,25.9400606399,6.87622162473,4353,,
spatiotemporal,intermountain:2005-2009,length_plus_core_max,mean_minimum_temperature_c,10.7605118844,7.01180614077,4353,,
spatiotemporal,intermountain:2005-2009,length_plus_core_max,mean_vpd_kpa,1.29038586891,0.692922441588,4353,,
spatiotemporal,intermountain:2005-2009,length_plus_core_max,mean_wind_speed_m_s,3.57872338537,1.10486849223,4353,,
spatiotemporal,intermountain:2005-2009,length_plus_core_max,max_vpd,1.5549965541,0.790523476041,4353,,
spatiotemporal,intermountain:2005-2009,core_quantile_exceedance,mean_maximum_temperature_c,25.9400606399,6.87622162473,4353,,
spatiotemporal,intermountain:2005-2009,core_quantile_exceedance,mean_minimum_temperature_c,10.7605118844,7.01180614077,4353,,
spatiotemporal,intermountain:2005-2009,core_quantile_exceedance,mean_vpd_kpa,1.29038586891,0.692922441588,4353,,
spatiotemporal,intermountain:2005-2009,core_quantile_exceedance,mean_wind_speed_m_s,3.57872338537,1.10486849223,4353,,
spatiotemporal,intermountain:2005-2009,core_quantile_exceedance,q90_vpd,1.49911371468,0.764384964033,4353,,
spatiotemporal,intermountain:2005-2009,core_quantile_exceedance,vpd_gt_2_fraction,0.161509233051,0.322549302762,4353,,
spatiotemporal,intermountain:2005-2009,core_quantile_exceedance,wet_fraction,0.147858365023,0.227127769483,4353,,
spatiotemporal,intermountain:2010-2014,outcome_pca,allocation_00,0.0464982104554,0.0333881460302,4391,-0.173069833778,0.343219416177
spatiotemporal,intermountain:2010-2014,outcome_pca,allocation_01,0.0467847938229,0.033329956252,4391,-0.177019760659,0.343219416177
spatiotemporal,intermountain:2010-2014,outcome_pca,allocation_02,0.0484032705166,0.0338863645714,4391,-0.198648390639,0.343219416177
spatiotemporal,intermountain:2010-2014,outcome_pca,allocation_03,0.051338410119,0.0362392887028,4391,-0.223813902689,0.343219416177
spatiotemporal,intermountain:2010-2014,outcome_pca,allocation_04,0.0556582402746,0.0416318595934,4391,-0.237516556754,0.343219416177
spatiotemporal,intermountain:2010-2014,outcome_pca,allocation_05,0.0594793862796,0.0426002891927,4391,-0.241186447635,0.343219416177
spatiotemporal,intermountain:2010-2014,outcome_pca,allocation_06,0.0598372195293,0.0375481679069,4391,-0.229751702093,0.343219416177
spatiotemporal,intermountain:2010-2014,outcome_pca,allocation_07,0.0597043660066,0.0404008802716,4391,-0.136522301686,0.343219416177
spatiotemporal,intermountain:2010-2014,outcome_pca,allocation_08,0.0590710393519,0.0391095073255,4391,-0.0914775136208,0.343219416177
spatiotemporal,intermountain:2010-2014,outcome_pca,allocation_09,0.0586486857971,0.0401672669657,4391,-0.07675915851,0.343219416177
spatiotemporal,intermountain:2010-2014,outcome_pca,allocation_10,0.0535446321699,0.0350131425832,4391,0.0479101935237,0.343219416177
spatiotemporal,intermountain:2010-2014,outcome_pca,allocation_11,0.0526467654727,0.0334118021654,4391,0.0669419193138,0.343219416177
spatiotemporal,intermountain:2010-2014,outcome_pca,allocation_12,0.0503789560168,0.0329314829033,4391,0.115535510301,0.343219416177
spatiotemporal,intermountain:2010-2014,outcome_pca,allocation_13,0.0479661710632,0.0281024866377,4391,0.249955135859,0.343219416177
spatiotemporal,intermountain:2010-2014,outcome_pca,allocation_14,0.0462158022397,0.0304073432057,4391,0.279926672869,0.343219416177
spatiotemporal,intermountain:2010-2014,outcome_pca,allocation_15,0.0432392862147,0.0296311087552,4391,0.307025716107,0.343219416177
spatiotemporal,intermountain:2010-2014,outcome_pca,allocation_16,0.0411540671028,0.0279404168974,4391,0.31602112548,0.343219416177
spatiotemporal,intermountain:2010-2014,outcome_pca,allocation_17,0.0400620434228,0.0277990991532,4391,0.31452140538,0.343219416177
spatiotemporal,intermountain:2010-2014,outcome_pca,allocation_18,0.039712233708,0.0280854643769,4391,0.312471351311,0.343219416177
spatiotemporal,intermountain:2010-2014,outcome_pca,allocation_19,0.0396564204364,0.0281745045462,4391,0.311817111118,0.343219416177
spatiotemporal,intermountain:2010-2014,core_means,mean_maximum_temperature_c,25.5375992466,6.80722693025,4391,,
spatiotemporal,intermountain:2010-2014,core_means,mean_minimum_temperature_c,10.7235759376,7.01752560126,4391,,
spatiotemporal,intermountain:2010-2014,core_means,mean_vpd_kpa,1.26399235194,0.713727848521,4391,,
spatiotemporal,intermountain:2010-2014,core_means,mean_wind_speed_m_s,3.55836683269,1.06726662345,4391,,
spatiotemporal,intermountain:2010-2014,max_vpd_only,max_vpd,1.52115463448,0.822891160754,4391,,
spatiotemporal,intermountain:2010-2014,core_plus_max,mean_maximum_temperature_c,25.5375992466,6.80722693025,4391,,
spatiotemporal,intermountain:2010-2014,core_plus_max,mean_minimum_temperature_c,10.7235759376,7.01752560126,4391,,
spatiotemporal,intermountain:2010-2014,core_plus_max,mean_vpd_kpa,1.26399235194,0.713727848521,4391,,
spatiotemporal,intermountain:2010-2014,core_plus_max,mean_wind_speed_m_s,3.55836683269,1.06726662345,4391,,
spatiotemporal,intermountain:2010-2014,core_plus_max,max_vpd,1.52115463448,0.822891160754,4391,,
spatiotemporal,intermountain:2010-2014,comprehensive_means,mean_maximum_temperature_c,25.5375992466,6.80722693025,4391,,
spatiotemporal,intermountain:2010-2014,comprehensive_means,mean_minimum_temperature_c,10.7235759376,7.01752560126,4391,,
spatiotemporal,intermountain:2010-2014,comprehensive_means,mean_vpd_kpa,1.26399235194,0.713727848521,4391,,
spatiotemporal,intermountain:2010-2014,comprehensive_means,mean_wind_speed_m_s,3.55836683269,1.06726662345,4391,,
spatiotemporal,intermountain:2010-2014,comprehensive_means,mean_precipitation_mm,0.727754497435,2.03497121493,4391,,
spatiotemporal,intermountain:2010-2014,comprehensive_means,mean_maximum_relative_humidity_pct,79.2682492486,18.8567583184,4391,,
spatiotemporal,intermountain:2010-2014,comprehensive_means,mean_minimum_relative_humidity_pct,32.4353556628,12.7252353849,4391,,
spatiotemporal,intermountain:2010-2014,comprehensive_means,mean_specific_humidity_kg_kg,0.00773514290425,0.00387561660833,4391,,
spatiotemporal,intermountain:2010-2014,comprehensive_means,mean_fuel_moisture_100hr_pct,12.8756486919,4.20086721186,4391,,
spatiotemporal,intermountain:2010-2014,comprehensive_means,mean_fuel_moisture_1000hr_pct,15.0111758443,4.85819083641,4391,,
spatiotemporal,intermountain:2010-2014,comprehensive_means,mean_energy_release_component,42.432428187,22.1896584366,4391,,
spatiotemporal,intermountain:2010-2014,comprehensive_means,mean_burning_index,33.624057183,17.8858578636,4391,,
spatiotemporal,intermountain:2010-2014,comprehensive_means,mean_reference_evapotranspiration_mm,6.1617951299,2.30693667201,4391,,
spatiotemporal,intermountain:2010-2014,comprehensive_means,mean_potential_evapotranspiration_mm,4.53856848681,1.72443286061,4391,,
spatiotemporal,intermountain:2010-2014,comprehensive_means,mean_solar_radiation_w_m2,232.950304068,66.2110510031,4391,,
spatiotemporal,intermountain:2010-2014,comprehensive_plus_max,mean_maximum_temperature_c,25.5375992466,6.80722693025,4391,,
spatiotemporal,intermountain:2010-2014,comprehensive_plus_max,mean_minimum_temperature_c,10.7235759376,7.01752560126,4391,,
spatiotemporal,intermountain:2010-2014,comprehensive_plus_max,mean_vpd_kpa,1.26399235194,0.713727848521,4391,,
spatiotemporal,intermountain:2010-2014,comprehensive_plus_max,mean_wind_speed_m_s,3.55836683269,1.06726662345,4391,,
spatiotemporal,intermountain:2010-2014,comprehensive_plus_max,mean_precipitation_mm,0.727754497435,2.03497121493,4391,,
spatiotemporal,intermountain:2010-2014,comprehensive_plus_max,mean_maximum_relative_humidity_pct,79.2682492486,18.8567583184,4391,,
spatiotemporal,intermountain:2010-2014,comprehensive_plus_max,mean_minimum_relative_humidity_pct,32.4353556628,12.7252353849,4391,,
spatiotemporal,intermountain:2010-2014,comprehensive_plus_max,mean_specific_humidity_kg_kg,0.00773514290425,0.00387561660833,4391,,
spatiotemporal,intermountain:2010-2014,comprehensive_plus_max,mean_fuel_moisture_100hr_pct,12.8756486919,4.20086721186,4391,,
spatiotemporal,intermountain:2010-2014,comprehensive_plus_max,mean_fuel_moisture_1000hr_pct,15.0111758443,4.85819083641,4391,,
spatiotemporal,intermountain:2010-2014,comprehensive_plus_max,mean_energy_release_component,42.432428187,22.1896584366,4391,,
spatiotemporal,intermountain:2010-2014,comprehensive_plus_max,mean_burning_index,33.624057183,17.8858578636,4391,,
spatiotemporal,intermountain:2010-2014,comprehensive_plus_max,mean_reference_evapotranspiration_mm,6.1617951299,2.30693667201,4391,,
spatiotemporal,intermountain:2010-2014,comprehensive_plus_max,mean_potential_evapotranspiration_mm,4.53856848681,1.72443286061,4391,,
spatiotemporal,intermountain:2010-2014,comprehensive_plus_max,mean_solar_radiation_w_m2,232.950304068,66.2110510031,4391,,
spatiotemporal,intermountain:2010-2014,comprehensive_plus_max,max_vpd,1.52115463448,0.822891160754,4391,,
spatiotemporal,intermountain:2010-2014,length_only,log_duration,1.62342220654,0.322952993134,4391,,
spatiotemporal,intermountain:2010-2014,length_only,log_observations,1.62342220654,0.322952993134,4391,,
spatiotemporal,intermountain:2010-2014,length_plus_max,log_duration,1.62342220654,0.322952993134,4391,,
spatiotemporal,intermountain:2010-2014,length_plus_max,log_observations,1.62342220654,0.322952993134,4391,,
spatiotemporal,intermountain:2010-2014,length_plus_max,max_vpd,1.52115463448,0.822891160754,4391,,
spatiotemporal,intermountain:2010-2014,length_plus_core,log_duration,1.62342220654,0.322952993134,4391,,
spatiotemporal,intermountain:2010-2014,length_plus_core,log_observations,1.62342220654,0.322952993134,4391,,
spatiotemporal,intermountain:2010-2014,length_plus_core,mean_maximum_temperature_c,25.5375992466,6.80722693025,4391,,
spatiotemporal,intermountain:2010-2014,length_plus_core,mean_minimum_temperature_c,10.7235759376,7.01752560126,4391,,
spatiotemporal,intermountain:2010-2014,length_plus_core,mean_vpd_kpa,1.26399235194,0.713727848521,4391,,
spatiotemporal,intermountain:2010-2014,length_plus_core,mean_wind_speed_m_s,3.55836683269,1.06726662345,4391,,
spatiotemporal,intermountain:2010-2014,length_plus_core_max,log_duration,1.62342220654,0.322952993134,4391,,
spatiotemporal,intermountain:2010-2014,length_plus_core_max,log_observations,1.62342220654,0.322952993134,4391,,
spatiotemporal,intermountain:2010-2014,length_plus_core_max,mean_maximum_temperature_c,25.5375992466,6.80722693025,4391,,
spatiotemporal,intermountain:2010-2014,length_plus_core_max,mean_minimum_temperature_c,10.7235759376,7.01752560126,4391,,
spatiotemporal,intermountain:2010-2014,length_plus_core_max,mean_vpd_kpa,1.26399235194,0.713727848521,4391,,
spatiotemporal,intermountain:2010-2014,length_plus_core_max,mean_wind_speed_m_s,3.55836683269,1.06726662345,4391,,
spatiotemporal,intermountain:2010-2014,length_plus_core_max,max_vpd,1.52115463448,0.822891160754,4391,,
spatiotemporal,intermountain:2010-2014,core_quantile_exceedance,mean_maximum_temperature_c,25.5375992466,6.80722693025,4391,,
spatiotemporal,intermountain:2010-2014,core_quantile_exceedance,mean_minimum_temperature_c,10.7235759376,7.01752560126,4391,,
spatiotemporal,intermountain:2010-2014,core_quantile_exceedance,mean_vpd_kpa,1.26399235194,0.713727848521,4391,,
spatiotemporal,intermountain:2010-2014,core_quantile_exceedance,mean_wind_speed_m_s,3.55836683269,1.06726662345,4391,,
spatiotemporal,intermountain:2010-2014,core_quantile_exceedance,q90_vpd,1.46522341152,0.794795943675,4391,,
spatiotemporal,intermountain:2010-2014,core_quantile_exceedance,vpd_gt_2_fraction,0.152702546951,0.317577772519,4391,,
spatiotemporal,intermountain:2010-2014,core_quantile_exceedance,wet_fraction,0.157351455238,0.233116244963,4391,,
spatiotemporal,intermountain:2015-2019,outcome_pca,allocation_00,0.0467451986793,0.0333142227243,4472,-0.188160724215,0.344629258852
spatiotemporal,intermountain:2015-2019,outcome_pca,allocation_01,0.0470142658372,0.0332598049473,4472,-0.192157015149,0.344629258852
spatiotemporal,intermountain:2015-2019,outcome_pca,allocation_02,0.0485576099991,0.0340825048795,4472,-0.210254915163,0.344629258852
spatiotemporal,intermountain:2015-2019,outcome_pca,allocation_03,0.0516347500797,0.0368492698742,4472,-0.235979905135,0.344629258852
spatiotemporal,intermountain:2015-2019,outcome_pca,allocation_04,0.0555385775369,0.0407441559099,4472,-0.247562355188,0.344629258852
spatiotemporal,intermountain:2015-2019,outcome_pca,allocation_05,0.0589000025079,0.041837012774,4472,-0.239927761843,0.344629258852
spatiotemporal,intermountain:2015-2019,outcome_pca,allocation_06,0.0594281780554,0.0372145944203,4472,-0.222134926349,0.344629258852
spatiotemporal,intermountain:2015-2019,outcome_pca,allocation_07,0.0595684771055,0.0401829742273,4472,-0.120631491177,0.344629258852
spatiotemporal,intermountain:2015-2019,outcome_pca,allocation_08,0.0590501949939,0.0391247938671,4472,-0.0788054094642,0.344629258852
spatiotemporal,intermountain:2015-2019,outcome_pca,allocation_09,0.058475245409,0.0403527037419,4472,-0.0632719626448,0.344629258852
spatiotemporal,intermountain:2015-2019,outcome_pca,allocation_10,0.054065551536,0.0351548138801,4472,0.0563324691549,0.344629258852
spatiotemporal,intermountain:2015-2019,outcome_pca,allocation_11,0.05328214886,0.0336369322793,4472,0.0723547884071,0.344629258852
spatiotemporal,intermountain:2015-2019,outcome_pca,allocation_12,0.0508135516643,0.0328416087573,4472,0.119128935194,0.344629258852
spatiotemporal,intermountain:2015-2019,outcome_pca,allocation_13,0.0480749545953,0.0277197236181,4472,0.25173786687,0.344629258852
spatiotemporal,intermountain:2015-2019,outcome_pca,allocation_14,0.0462213447546,0.0306527838031,4472,0.274773457482,0.344629258852
spatiotemporal,intermountain:2015-2019,outcome_pca,allocation_15,0.0427765631367,0.0294655356583,4472,0.30247487102,0.344629258852
spatiotemporal,intermountain:2015-2019,outcome_pca,allocation_16,0.040841000557,0.0278155126938,4472,0.312583048985,0.344629258852
spatiotemporal,intermountain:2015-2019,outcome_pca,allocation_17,0.0399451763024,0.0280621759178,4472,0.309536615749,0.344629258852
spatiotemporal,intermountain:2015-2019,outcome_pca,allocation_18,0.0395532893096,0.0282818757954,4472,0.307032994343,0.344629258852
spatiotemporal,intermountain:2015-2019,outcome_pca,allocation_19,0.0395139190802,0.0283410771626,4472,0.306694560374,0.344629258852
spatiotemporal,intermountain:2015-2019,core_means,mean_maximum_temperature_c,25.3914342126,7.09022956158,4472,,
spatiotemporal,intermountain:2015-2019,core_means,mean_minimum_temperature_c,10.1033037492,7.01314703194,4472,,
spatiotemporal,intermountain:2015-2019,core_means,mean_vpd_kpa,1.29261615278,0.743570225276,4472,,
spatiotemporal,intermountain:2015-2019,core_means,mean_wind_speed_m_s,3.61390890224,1.08714691979,4472,,
spatiotemporal,intermountain:2015-2019,max_vpd_only,max_vpd,1.55018559928,0.850182968042,4472,,
spatiotemporal,intermountain:2015-2019,core_plus_max,mean_maximum_temperature_c,25.3914342126,7.09022956158,4472,,
spatiotemporal,intermountain:2015-2019,core_plus_max,mean_minimum_temperature_c,10.1033037492,7.01314703194,4472,,
spatiotemporal,intermountain:2015-2019,core_plus_max,mean_vpd_kpa,1.29261615278,0.743570225276,4472,,
spatiotemporal,intermountain:2015-2019,core_plus_max,mean_wind_speed_m_s,3.61390890224,1.08714691979,4472,,
spatiotemporal,intermountain:2015-2019,core_plus_max,max_vpd,1.55018559928,0.850182968042,4472,,
spatiotemporal,intermountain:2015-2019,comprehensive_means,mean_maximum_temperature_c,25.3914342126,7.09022956158,4472,,
spatiotemporal,intermountain:2015-2019,comprehensive_means,mean_minimum_temperature_c,10.1033037492,7.01314703194,4472,,
spatiotemporal,intermountain:2015-2019,comprehensive_means,mean_vpd_kpa,1.29261615278,0.743570225276,4472,,
spatiotemporal,intermountain:2015-2019,comprehensive_means,mean_wind_speed_m_s,3.61390890224,1.08714691979,4472,,
spatiotemporal,intermountain:2015-2019,comprehensive_means,mean_precipitation_mm,0.806796180806,2.45245838833,4472,,
spatiotemporal,intermountain:2015-2019,comprehensive_means,mean_maximum_relative_humidity_pct,78.7375322167,18.5225116817,4472,,
spatiotemporal,intermountain:2015-2019,comprehensive_means,mean_minimum_relative_humidity_pct,31.1269025337,12.6382742512,4472,,
spatiotemporal,intermountain:2015-2019,comprehensive_means,mean_specific_humidity_kg_kg,0.00736260739193,0.00370849352199,4472,,
spatiotemporal,intermountain:2015-2019,comprehensive_means,mean_fuel_moisture_100hr_pct,12.7252196569,4.14691052031,4472,,
spatiotemporal,intermountain:2015-2019,comprehensive_means,mean_fuel_moisture_1000hr_pct,14.8508332038,4.76415226033,4472,,
spatiotemporal,intermountain:2015-2019,comprehensive_means,mean_energy_release_component,43.0722012829,21.8654761637,4472,,
spatiotemporal,intermountain:2015-2019,comprehensive_means,mean_burning_index,34.1148142348,17.8545784445,4472,,
spatiotemporal,intermountain:2015-2019,comprehensive_means,mean_reference_evapotranspiration_mm,6.23572461672,2.40249190881,4472,,
spatiotemporal,intermountain:2015-2019,comprehensive_means,mean_potential_evapotranspiration_mm,4.5529296242,1.78429793701,4472,,
spatiotemporal,intermountain:2015-2019,comprehensive_means,mean_solar_radiation_w_m2,231.200951509,65.702847077,4472,,
spatiotemporal,intermountain:2015-2019,comprehensive_plus_max,mean_maximum_temperature_c,25.3914342126,7.09022956158,4472,,
spatiotemporal,intermountain:2015-2019,comprehensive_plus_max,mean_minimum_temperature_c,10.1033037492,7.01314703194,4472,,
spatiotemporal,intermountain:2015-2019,comprehensive_plus_max,mean_vpd_kpa,1.29261615278,0.743570225276,4472,,
spatiotemporal,intermountain:2015-2019,comprehensive_plus_max,mean_wind_speed_m_s,3.61390890224,1.08714691979,4472,,
spatiotemporal,intermountain:2015-2019,comprehensive_plus_max,mean_precipitation_mm,0.806796180806,2.45245838833,4472,,
spatiotemporal,intermountain:2015-2019,comprehensive_plus_max,mean_maximum_relative_humidity_pct,78.7375322167,18.5225116817,4472,,
spatiotemporal,intermountain:2015-2019,comprehensive_plus_max,mean_minimum_relative_humidity_pct,31.1269025337,12.6382742512,4472,,
spatiotemporal,intermountain:2015-2019,comprehensive_plus_max,mean_specific_humidity_kg_kg,0.00736260739193,0.00370849352199,4472,,
spatiotemporal,intermountain:2015-2019,comprehensive_plus_max,mean_fuel_moisture_100hr_pct,12.7252196569,4.14691052031,4472,,
spatiotemporal,intermountain:2015-2019,comprehensive_plus_max,mean_fuel_moisture_1000hr_pct,14.8508332038,4.76415226033,4472,,
spatiotemporal,intermountain:2015-2019,comprehensive_plus_max,mean_energy_release_component,43.0722012829,21.8654761637,4472,,
spatiotemporal,intermountain:2015-2019,comprehensive_plus_max,mean_burning_index,34.1148142348,17.8545784445,4472,,
spatiotemporal,intermountain:2015-2019,comprehensive_plus_max,mean_reference_evapotranspiration_mm,6.23572461672,2.40249190881,4472,,
spatiotemporal,intermountain:2015-2019,comprehensive_plus_max,mean_potential_evapotranspiration_mm,4.5529296242,1.78429793701,4472,,
spatiotemporal,intermountain:2015-2019,comprehensive_plus_max,mean_solar_radiation_w_m2,231.200951509,65.702847077,4472,,
spatiotemporal,intermountain:2015-2019,comprehensive_plus_max,max_vpd,1.55018559928,0.850182968042,4472,,
spatiotemporal,intermountain:2015-2019,length_only,log_duration,1.6184028367,0.318686717411,4472,,
spatiotemporal,intermountain:2015-2019,length_only,log_observations,1.6184028367,0.318686717411,4472,,
spatiotemporal,intermountain:2015-2019,length_plus_max,log_duration,1.6184028367,0.318686717411,4472,,
spatiotemporal,intermountain:2015-2019,length_plus_max,log_observations,1.6184028367,0.318686717411,4472,,
spatiotemporal,intermountain:2015-2019,length_plus_max,max_vpd,1.55018559928,0.850182968042,4472,,
spatiotemporal,intermountain:2015-2019,length_plus_core,log_duration,1.6184028367,0.318686717411,4472,,
spatiotemporal,intermountain:2015-2019,length_plus_core,log_observations,1.6184028367,0.318686717411,4472,,
spatiotemporal,intermountain:2015-2019,length_plus_core,mean_maximum_temperature_c,25.3914342126,7.09022956158,4472,,
spatiotemporal,intermountain:2015-2019,length_plus_core,mean_minimum_temperature_c,10.1033037492,7.01314703194,4472,,
spatiotemporal,intermountain:2015-2019,length_plus_core,mean_vpd_kpa,1.29261615278,0.743570225276,4472,,
spatiotemporal,intermountain:2015-2019,length_plus_core,mean_wind_speed_m_s,3.61390890224,1.08714691979,4472,,
spatiotemporal,intermountain:2015-2019,length_plus_core_max,log_duration,1.6184028367,0.318686717411,4472,,
spatiotemporal,intermountain:2015-2019,length_plus_core_max,log_observations,1.6184028367,0.318686717411,4472,,
spatiotemporal,intermountain:2015-2019,length_plus_core_max,mean_maximum_temperature_c,25.3914342126,7.09022956158,4472,,
spatiotemporal,intermountain:2015-2019,length_plus_core_max,mean_minimum_temperature_c,10.1033037492,7.01314703194,4472,,
spatiotemporal,intermountain:2015-2019,length_plus_core_max,mean_vpd_kpa,1.29261615278,0.743570225276,4472,,
spatiotemporal,intermountain:2015-2019,length_plus_core_max,mean_wind_speed_m_s,3.61390890224,1.08714691979,4472,,
spatiotemporal,intermountain:2015-2019,length_plus_core_max,max_vpd,1.55018559928,0.850182968042,4472,,
spatiotemporal,intermountain:2015-2019,core_quantile_exceedance,mean_maximum_temperature_c,25.3914342126,7.09022956158,4472,,
spatiotemporal,intermountain:2015-2019,core_quantile_exceedance,mean_minimum_temperature_c,10.1033037492,7.01314703194,4472,,
spatiotemporal,intermountain:2015-2019,core_quantile_exceedance,mean_vpd_kpa,1.29261615278,0.743570225276,4472,,
spatiotemporal,intermountain:2015-2019,core_quantile_exceedance,mean_wind_speed_m_s,3.61390890224,1.08714691979,4472,,
spatiotemporal,intermountain:2015-2019,core_quantile_exceedance,q90_vpd,1.49560442755,0.822835349206,4472,,
spatiotemporal,intermountain:2015-2019,core_quantile_exceedance,vpd_gt_2_fraction,0.168845092006,0.331087517794,4472,,
spatiotemporal,intermountain:2015-2019,core_quantile_exceedance,wet_fraction,0.157315438972,0.235506132542,4472,,
spatiotemporal,intermountain:2020-2024,outcome_pca,allocation_00,0.0464815891242,0.0331270494894,5500,-0.177173708661,0.345556820746
spatiotemporal,intermountain:2020-2024,outcome_pca,allocation_01,0.0467333195825,0.0330426376434,5500,-0.18075479546,0.345556820746
spatiotemporal,intermountain:2020-2024,outcome_pca,allocation_02,0.0482422867513,0.0336817039614,5500,-0.200265737307,0.345556820746
spatiotemporal,intermountain:2020-2024,outcome_pca,allocation_03,0.0510489594214,0.0361225081138,5500,-0.22478358903,0.345556820746
spatiotemporal,intermountain:2020-2024,outcome_pca,allocation_04,0.0552596098901,0.0408343692435,5500,-0.238895277806,0.345556820746
spatiotemporal,intermountain:2020-2024,outcome_pca,allocation_05,0.0587428000014,0.0417667522423,5500,-0.239036642046,0.345556820746
spatiotemporal,intermountain:2020-2024,outcome_pca,allocation_06,0.0592974862332,0.0366718303845,5500,-0.227750054635,0.345556820746
spatiotemporal,intermountain:2020-2024,outcome_pca,allocation_07,0.0595695807618,0.0396394153091,5500,-0.133121496125,0.345556820746
spatiotemporal,intermountain:2020-2024,outcome_pca,allocation_08,0.0590532533282,0.0389601328328,5500,-0.0917365107662,0.345556820746
spatiotemporal,intermountain:2020-2024,outcome_pca,allocation_09,0.0584726932679,0.0396302876808,5500,-0.0778734826813,0.345556820746
spatiotemporal,intermountain:2020-2024,outcome_pca,allocation_10,0.0541056468323,0.0354612007809,5500,0.0405293224016,0.345556820746
spatiotemporal,intermountain:2020-2024,outcome_pca,allocation_11,0.0532994983936,0.0339021214511,5500,0.057293814559,0.345556820746
spatiotemporal,intermountain:2020-2024,outcome_pca,allocation_12,0.0507056126943,0.0326661184738,5500,0.107538242171,0.345556820746
spatiotemporal,intermountain:2020-2024,outcome_pca,allocation_13,0.0480721837694,0.0273205297171,5500,0.249707987429,0.345556820746
spatiotemporal,intermountain:2020-2024,outcome_pca,allocation_14,0.0464245158681,0.0304246197085,5500,0.276872537048,0.345556820746
spatiotemporal,intermountain:2020-2024,outcome_pca,allocation_15,0.0431913825299,0.0295613200077,5500,0.308337077644,0.345556820746
spatiotemporal,intermountain:2020-2024,outcome_pca,allocation_16,0.0412318352966,0.0280659140498,5500,0.317293355208,0.345556820746
spatiotemporal,intermountain:2020-2024,outcome_pca,allocation_17,0.040270353515,0.0279887429039,5500,0.315961346775,0.345556820746
spatiotemporal,intermountain:2020-2024,outcome_pca,allocation_18,0.0399147727181,0.0282941144823,5500,0.313153014053,0.345556820746
spatiotemporal,intermountain:2020-2024,outcome_pca,allocation_19,0.0398826200206,0.0283609904843,5500,0.312853041523,0.345556820746
spatiotemporal,intermountain:2020-2024,core_means,mean_maximum_temperature_c,25.9247753534,6.90307088996,5500,,
spatiotemporal,intermountain:2020-2024,core_means,mean_minimum_temperature_c,10.7809114589,6.99354308331,5500,,
spatiotemporal,intermountain:2020-2024,core_means,mean_vpd_kpa,1.30541896985,0.72196711891,5500,,
spatiotemporal,intermountain:2020-2024,core_means,mean_wind_speed_m_s,3.56277419636,1.08380814803,5500,,
spatiotemporal,intermountain:2020-2024,max_vpd_only,max_vpd,1.56601636364,0.822729450563,5500,,
spatiotemporal,intermountain:2020-2024,core_plus_max,mean_maximum_temperature_c,25.9247753534,6.90307088996,5500,,
spatiotemporal,intermountain:2020-2024,core_plus_max,mean_minimum_temperature_c,10.7809114589,6.99354308331,5500,,
spatiotemporal,intermountain:2020-2024,core_plus_max,mean_vpd_kpa,1.30541896985,0.72196711891,5500,,
spatiotemporal,intermountain:2020-2024,core_plus_max,mean_wind_speed_m_s,3.56277419636,1.08380814803,5500,,
spatiotemporal,intermountain:2020-2024,core_plus_max,max_vpd,1.56601636364,0.822729450563,5500,,
spatiotemporal,intermountain:2020-2024,comprehensive_means,mean_maximum_temperature_c,25.9247753534,6.90307088996,5500,,
spatiotemporal,intermountain:2020-2024,comprehensive_means,mean_minimum_temperature_c,10.7809114589,6.99354308331,5500,,
spatiotemporal,intermountain:2020-2024,comprehensive_means,mean_vpd_kpa,1.30541896985,0.72196711891,5500,,
spatiotemporal,intermountain:2020-2024,comprehensive_means,mean_wind_speed_m_s,3.56277419636,1.08380814803,5500,,
spatiotemporal,intermountain:2020-2024,comprehensive_means,mean_precipitation_mm,0.807048604806,2.3841465448,5500,,
spatiotemporal,intermountain:2020-2024,comprehensive_means,mean_maximum_relative_humidity_pct,79.2902143086,18.3186409706,5500,,
spatiotemporal,intermountain:2020-2024,comprehensive_means,mean_minimum_relative_humidity_pct,31.6361297114,12.6950657711,5500,,
spatiotemporal,intermountain:2020-2024,comprehensive_means,mean_specific_humidity_kg_kg,0.00775736432698,0.00389370696379,5500,,
spatiotemporal,intermountain:2020-2024,comprehensive_means,mean_fuel_moisture_100hr_pct,12.8099454911,4.13009563,5500,,
spatiotemporal,intermountain:2020-2024,comprehensive_means,mean_fuel_moisture_1000hr_pct,14.9096417954,4.71810056781,5500,,
spatiotemporal,intermountain:2020-2024,comprehensive_means,mean_energy_release_component,42.7079297852,21.6143106396,5500,,
spatiotemporal,intermountain:2020-2024,comprehensive_means,mean_burning_index,33.6728549624,17.4932912343,5500,,
spatiotemporal,intermountain:2020-2024,comprehensive_means,mean_reference_evapotranspiration_mm,6.28392900416,2.31540698205,5500,,
spatiotemporal,intermountain:2020-2024,comprehensive_means,mean_potential_evapotranspiration_mm,4.61845528202,1.7277812032,5500,,
spatiotemporal,intermountain:2020-2024,comprehensive_means,mean_solar_radiation_w_m2,234.216875447,65.1915499105,5500,,
spatiotemporal,intermountain:2020-2024,comprehensive_plus_max,mean_maximum_temperature_c,25.9247753534,6.90307088996,5500,,
spatiotemporal,intermountain:2020-2024,comprehensive_plus_max,mean_minimum_temperature_c,10.7809114589,6.99354308331,5500,,
spatiotemporal,intermountain:2020-2024,comprehensive_plus_max,mean_vpd_kpa,1.30541896985,0.72196711891,5500,,
spatiotemporal,intermountain:2020-2024,comprehensive_plus_max,mean_wind_speed_m_s,3.56277419636,1.08380814803,5500,,
spatiotemporal,intermountain:2020-2024,comprehensive_plus_max,mean_precipitation_mm,0.807048604806,2.3841465448,5500,,
spatiotemporal,intermountain:2020-2024,comprehensive_plus_max,mean_maximum_relative_humidity_pct,79.2902143086,18.3186409706,5500,,
spatiotemporal,intermountain:2020-2024,comprehensive_plus_max,mean_minimum_relative_humidity_pct,31.6361297114,12.6950657711,5500,,
spatiotemporal,intermountain:2020-2024,comprehensive_plus_max,mean_specific_humidity_kg_kg,0.00775736432698,0.00389370696379,5500,,
spatiotemporal,intermountain:2020-2024,comprehensive_plus_max,mean_fuel_moisture_100hr_pct,12.8099454911,4.13009563,5500,,
spatiotemporal,intermountain:2020-2024,comprehensive_plus_max,mean_fuel_moisture_1000hr_pct,14.9096417954,4.71810056781,5500,,
spatiotemporal,intermountain:2020-2024,comprehensive_plus_max,mean_energy_release_component,42.7079297852,21.6143106396,5500,,
spatiotemporal,intermountain:2020-2024,comprehensive_plus_max,mean_burning_index,33.6728549624,17.4932912343,5500,,
spatiotemporal,intermountain:2020-2024,comprehensive_plus_max,mean_reference_evapotranspiration_mm,6.28392900416,2.31540698205,5500,,
spatiotemporal,intermountain:2020-2024,comprehensive_plus_max,mean_potential_evapotranspiration_mm,4.61845528202,1.7277812032,5500,,
spatiotemporal,intermountain:2020-2024,comprehensive_plus_max,mean_solar_radiation_w_m2,234.216875447,65.1915499105,5500,,
spatiotemporal,intermountain:2020-2024,comprehensive_plus_max,max_vpd,1.56601636364,0.822729450563,5500,,
spatiotemporal,intermountain:2020-2024,length_only,log_duration,1.61472586721,0.312082410911,5500,,
spatiotemporal,intermountain:2020-2024,length_only,log_observations,1.61472586721,0.312082410911,5500,,
spatiotemporal,intermountain:2020-2024,length_plus_max,log_duration,1.61472586721,0.312082410911,5500,,
spatiotemporal,intermountain:2020-2024,length_plus_max,log_observations,1.61472586721,0.312082410911,5500,,
spatiotemporal,intermountain:2020-2024,length_plus_max,max_vpd,1.56601636364,0.822729450563,5500,,
spatiotemporal,intermountain:2020-2024,length_plus_core,log_duration,1.61472586721,0.312082410911,5500,,
spatiotemporal,intermountain:2020-2024,length_plus_core,log_observations,1.61472586721,0.312082410911,5500,,
spatiotemporal,intermountain:2020-2024,length_plus_core,mean_maximum_temperature_c,25.9247753534,6.90307088996,5500,,
spatiotemporal,intermountain:2020-2024,length_plus_core,mean_minimum_temperature_c,10.7809114589,6.99354308331,5500,,
spatiotemporal,intermountain:2020-2024,length_plus_core,mean_vpd_kpa,1.30541896985,0.72196711891,5500,,
spatiotemporal,intermountain:2020-2024,length_plus_core,mean_wind_speed_m_s,3.56277419636,1.08380814803,5500,,
spatiotemporal,intermountain:2020-2024,length_plus_core_max,log_duration,1.61472586721,0.312082410911,5500,,
spatiotemporal,intermountain:2020-2024,length_plus_core_max,log_observations,1.61472586721,0.312082410911,5500,,
spatiotemporal,intermountain:2020-2024,length_plus_core_max,mean_maximum_temperature_c,25.9247753534,6.90307088996,5500,,
spatiotemporal,intermountain:2020-2024,length_plus_core_max,mean_minimum_temperature_c,10.7809114589,6.99354308331,5500,,
spatiotemporal,intermountain:2020-2024,length_plus_core_max,mean_vpd_kpa,1.30541896985,0.72196711891,5500,,
spatiotemporal,intermountain:2020-2024,length_plus_core_max,mean_wind_speed_m_s,3.56277419636,1.08380814803,5500,,
spatiotemporal,intermountain:2020-2024,length_plus_core_max,max_vpd,1.56601636364,0.822729450563,5500,,
spatiotemporal,intermountain:2020-2024,core_quantile_exceedance,mean_maximum_temperature_c,25.9247753534,6.90307088996,5500,,
spatiotemporal,intermountain:2020-2024,core_quantile_exceedance,mean_minimum_temperature_c,10.7809114589,6.99354308331,5500,,
spatiotemporal,intermountain:2020-2024,core_quantile_exceedance,mean_vpd_kpa,1.30541896985,0.72196711891,5500,,
spatiotemporal,intermountain:2020-2024,core_quantile_exceedance,mean_wind_speed_m_s,3.56277419636,1.08380814803,5500,,
spatiotemporal,intermountain:2020-2024,core_quantile_exceedance,q90_vpd,1.51073290909,0.797397719704,5500,,
spatiotemporal,intermountain:2020-2024,core_quantile_exceedance,vpd_gt_2_fraction,0.167520545343,0.328642647145,5500,,
spatiotemporal,intermountain:2020-2024,core_quantile_exceedance,wet_fraction,0.156544656616,0.233062523017,5500,,
spatiotemporal,west:2000-2004,outcome_pca,allocation_00,0.046805580126,0.0319094876044,6021,-0.229208864875,0.35183198999
spatiotemporal,west:2000-2004,outcome_pca,allocation_01,0.0469839507088,0.0319535868265,6021,-0.230600966016,0.35183198999
spatiotemporal,west:2000-2004,outcome_pca,allocation_02,0.0478835766637,0.0322520784812,6021,-0.241365965076,0.35183198999
spatiotemporal,west:2000-2004,outcome_pca,allocation_03,0.0500772305148,0.0337339673669,6021,-0.256051126387,0.35183198999
spatiotemporal,west:2000-2004,outcome_pca,allocation_04,0.0534717144249,0.0365004854093,6021,-0.258975822279,0.35183198999
spatiotemporal,west:2000-2004,outcome_pca,allocation_05,0.0576130392154,0.0378866365054,6021,-0.243425598502,0.35183198999
spatiotemporal,west:2000-2004,outcome_pca,allocation_06,0.0581625713626,0.0333514125262,6021,-0.222013020572,0.35183198999
spatiotemporal,west:2000-2004,outcome_pca,allocation_07,0.0586533110973,0.0381241000493,6021,-0.101581803077,0.35183198999
spatiotemporal,west:2000-2004,outcome_pca,allocation_08,0.0579796151981,0.0365828045193,6021,-0.0565562070265,0.35183198999
spatiotemporal,west:2000-2004,outcome_pca,allocation_09,0.0579007448135,0.0374549267257,6021,-0.044688337419,0.35183198999
spatiotemporal,west:2000-2004,outcome_pca,allocation_10,0.0544960385284,0.0350853560298,6021,0.065581251136,0.35183198999
spatiotemporal,west:2000-2004,outcome_pca,allocation_11,0.0539902390929,0.0336739875432,6021,0.0795981922646,0.35183198999
spatiotemporal,west:2000-2004,outcome_pca,allocation_12,0.0522432146104,0.032744321647,6021,0.114218743704,0.35183198999
spatiotemporal,west:2000-2004,outcome_pca,allocation_13,0.0494480315002,0.0268730792162,6021,0.249227301146,0.35183198999
spatiotemporal,west:2000-2004,outcome_pca,allocation_14,0.0474904013925,0.0304590648925,6021,0.269179665043,0.35183198999
spatiotemporal,west:2000-2004,outcome_pca,allocation_15,0.0439680731383,0.0296862755822,6021,0.290648344674,0.35183198999
spatiotemporal,west:2000-2004,outcome_pca,allocation_16,0.0417856857932,0.0282257301537,6021,0.296682080825,0.35183198999
spatiotemporal,west:2000-2004,outcome_pca,allocation_17,0.0406672050321,0.0278914220173,6021,0.291821372776,0.35183198999
spatiotemporal,west:2000-2004,outcome_pca,allocation_18,0.0402137122385,0.0280315147195,6021,0.286144759278,0.35183198999
spatiotemporal,west:2000-2004,outcome_pca,allocation_19,0.0401660645486,0.0280823611283,6021,0.285566278925,0.35183198999
spatiotemporal,west:2000-2004,core_means,mean_maximum_temperature_c,25.2544907071,7.26194581035,6021,,
spatiotemporal,west:2000-2004,core_means,mean_minimum_temperature_c,10.1942536623,7.64661791375,6021,,
spatiotemporal,west:2000-2004,core_means,mean_vpd_kpa,1.23040063414,0.665314095127,6021,,
spatiotemporal,west:2000-2004,core_means,mean_wind_speed_m_s,4.16564520113,1.29979595928,6021,,
spatiotemporal,west:2000-2004,max_vpd_only,max_vpd,1.50088689586,0.760554879213,6021,,
spatiotemporal,west:2000-2004,core_plus_max,mean_maximum_temperature_c,25.2544907071,7.26194581035,6021,,
spatiotemporal,west:2000-2004,core_plus_max,mean_minimum_temperature_c,10.1942536623,7.64661791375,6021,,
spatiotemporal,west:2000-2004,core_plus_max,mean_vpd_kpa,1.23040063414,0.665314095127,6021,,
spatiotemporal,west:2000-2004,core_plus_max,mean_wind_speed_m_s,4.16564520113,1.29979595928,6021,,
spatiotemporal,west:2000-2004,core_plus_max,max_vpd,1.50088689586,0.760554879213,6021,,
spatiotemporal,west:2000-2004,comprehensive_means,mean_maximum_temperature_c,25.2544907071,7.26194581035,6021,,
spatiotemporal,west:2000-2004,comprehensive_means,mean_minimum_temperature_c,10.1942536623,7.64661791375,6021,,
spatiotemporal,west:2000-2004,comprehensive_means,mean_vpd_kpa,1.23040063414,0.665314095127,6021,,
spatiotemporal,west:2000-2004,comprehensive_means,mean_wind_speed_m_s,4.16564520113,1.29979595928,6021,,
spatiotemporal,west:2000-2004,comprehensive_means,mean_precipitation_mm,0.900640072173,2.42447070135,6021,,
spatiotemporal,west:2000-2004,comprehensive_means,mean_maximum_relative_humidity_pct,80.9869018162,16.2849826822,6021,,
spatiotemporal,west:2000-2004,comprehensive_means,mean_minimum_relative_humidity_pct,31.5775583211,11.9454071955,6021,,
spatiotemporal,west:2000-2004,comprehensive_means,mean_specific_humidity_kg_kg,0.00783801617757,0.00412335862963,6021,,
spatiotemporal,west:2000-2004,comprehensive_means,mean_fuel_moisture_100hr_pct,13.1350673307,3.54358528052,6021,,
spatiotemporal,west:2000-2004,comprehensive_means,mean_fuel_moisture_1000hr_pct,15.7902733636,3.72665737308,6021,,
spatiotemporal,west:2000-2004,comprehensive_means,mean_energy_release_component,38.8082635708,17.2194334546,6021,,
spatiotemporal,west:2000-2004,comprehensive_means,mean_burning_index,33.5732805612,17.2210721405,6021,,
spatiotemporal,west:2000-2004,comprehensive_means,mean_reference_evapotranspiration_mm,6.55894161049,2.49363720594,6021,,
spatiotemporal,west:2000-2004,comprehensive_means,mean_potential_evapotranspiration_mm,4.74281548034,1.80235279076,6021,,
spatiotemporal,west:2000-2004,comprehensive_means,mean_solar_radiation_w_m2,229.932460834,60.7410684724,6021,,
spatiotemporal,west:2000-2004,comprehensive_plus_max,mean_maximum_temperature_c,25.2544907071,7.26194581035,6021,,
spatiotemporal,west:2000-2004,comprehensive_plus_max,mean_minimum_temperature_c,10.1942536623,7.64661791375,6021,,
spatiotemporal,west:2000-2004,comprehensive_plus_max,mean_vpd_kpa,1.23040063414,0.665314095127,6021,,
spatiotemporal,west:2000-2004,comprehensive_plus_max,mean_wind_speed_m_s,4.16564520113,1.29979595928,6021,,
spatiotemporal,west:2000-2004,comprehensive_plus_max,mean_precipitation_mm,0.900640072173,2.42447070135,6021,,
spatiotemporal,west:2000-2004,comprehensive_plus_max,mean_maximum_relative_humidity_pct,80.9869018162,16.2849826822,6021,,
spatiotemporal,west:2000-2004,comprehensive_plus_max,mean_minimum_relative_humidity_pct,31.5775583211,11.9454071955,6021,,
spatiotemporal,west:2000-2004,comprehensive_plus_max,mean_specific_humidity_kg_kg,0.00783801617757,0.00412335862963,6021,,
spatiotemporal,west:2000-2004,comprehensive_plus_max,mean_fuel_moisture_100hr_pct,13.1350673307,3.54358528052,6021,,
spatiotemporal,west:2000-2004,comprehensive_plus_max,mean_fuel_moisture_1000hr_pct,15.7902733636,3.72665737308,6021,,
spatiotemporal,west:2000-2004,comprehensive_plus_max,mean_energy_release_component,38.8082635708,17.2194334546,6021,,
spatiotemporal,west:2000-2004,comprehensive_plus_max,mean_burning_index,33.5732805612,17.2210721405,6021,,
spatiotemporal,west:2000-2004,comprehensive_plus_max,mean_reference_evapotranspiration_mm,6.55894161049,2.49363720594,6021,,
spatiotemporal,west:2000-2004,comprehensive_plus_max,mean_potential_evapotranspiration_mm,4.74281548034,1.80235279076,6021,,
spatiotemporal,west:2000-2004,comprehensive_plus_max,mean_solar_radiation_w_m2,229.932460834,60.7410684724,6021,,
spatiotemporal,west:2000-2004,comprehensive_plus_max,max_vpd,1.50088689586,0.760554879213,6021,,
spatiotemporal,west:2000-2004,length_only,log_duration,1.59343820589,0.284648362251,6021,,
spatiotemporal,west:2000-2004,length_only,log_observations,1.59343820589,0.284648362251,6021,,
spatiotemporal,west:2000-2004,length_plus_max,log_duration,1.59343820589,0.284648362251,6021,,
spatiotemporal,west:2000-2004,length_plus_max,log_observations,1.59343820589,0.284648362251,6021,,
spatiotemporal,west:2000-2004,length_plus_max,max_vpd,1.50088689586,0.760554879213,6021,,
spatiotemporal,west:2000-2004,length_plus_core,log_duration,1.59343820589,0.284648362251,6021,,
spatiotemporal,west:2000-2004,length_plus_core,log_observations,1.59343820589,0.284648362251,6021,,
spatiotemporal,west:2000-2004,length_plus_core,mean_maximum_temperature_c,25.2544907071,7.26194581035,6021,,
spatiotemporal,west:2000-2004,length_plus_core,mean_minimum_temperature_c,10.1942536623,7.64661791375,6021,,
spatiotemporal,west:2000-2004,length_plus_core,mean_vpd_kpa,1.23040063414,0.665314095127,6021,,
spatiotemporal,west:2000-2004,length_plus_core,mean_wind_speed_m_s,4.16564520113,1.29979595928,6021,,
spatiotemporal,west:2000-2004,length_plus_core_max,log_duration,1.59343820589,0.284648362251,6021,,
spatiotemporal,west:2000-2004,length_plus_core_max,log_observations,1.59343820589,0.284648362251,6021,,
spatiotemporal,west:2000-2004,length_plus_core_max,mean_maximum_temperature_c,25.2544907071,7.26194581035,6021,,
spatiotemporal,west:2000-2004,length_plus_core_max,mean_minimum_temperature_c,10.1942536623,7.64661791375,6021,,
spatiotemporal,west:2000-2004,length_plus_core_max,mean_vpd_kpa,1.23040063414,0.665314095127,6021,,
spatiotemporal,west:2000-2004,length_plus_core_max,mean_wind_speed_m_s,4.16564520113,1.29979595928,6021,,
spatiotemporal,west:2000-2004,length_plus_core_max,max_vpd,1.50088689586,0.760554879213,6021,,
spatiotemporal,west:2000-2004,core_quantile_exceedance,mean_maximum_temperature_c,25.2544907071,7.26194581035,6021,,
spatiotemporal,west:2000-2004,core_quantile_exceedance,mean_minimum_temperature_c,10.1942536623,7.64661791375,6021,,
spatiotemporal,west:2000-2004,core_quantile_exceedance,mean_vpd_kpa,1.23040063414,0.665314095127,6021,,
spatiotemporal,west:2000-2004,core_quantile_exceedance,mean_wind_speed_m_s,4.16564520113,1.29979595928,6021,,
spatiotemporal,west:2000-2004,core_quantile_exceedance,q90_vpd,1.44310031556,0.736293327448,6021,,
spatiotemporal,west:2000-2004,core_quantile_exceedance,vpd_gt_2_fraction,0.126425070004,0.290970551508,6021,,
spatiotemporal,west:2000-2004,core_quantile_exceedance,wet_fraction,0.168128026358,0.232234009381,6021,,
spatiotemporal,west:2005-2009,outcome_pca,allocation_00,0.0468762244686,0.0316970642776,5181,-0.217264293184,0.354656034346
spatiotemporal,west:2005-2009,outcome_pca,allocation_01,0.047105452217,0.0317416184316,5181,-0.219239379568,0.354656034346
spatiotemporal,west:2005-2009,outcome_pca,allocation_02,0.0481642936082,0.0323117289341,5181,-0.231508863749,0.354656034346
spatiotemporal,west:2005-2009,outcome_pca,allocation_03,0.0501899561191,0.0341322703487,5181,-0.244227552962,0.354656034346
spatiotemporal,west:2005-2009,outcome_pca,allocation_04,0.0530838806133,0.036099663071,5181,-0.250176637658,0.354656034346
spatiotemporal,west:2005-2009,outcome_pca,allocation_05,0.0570395563905,0.0371749692891,5181,-0.239958684151,0.354656034346
spatiotemporal,west:2005-2009,outcome_pca,allocation_06,0.0576268585116,0.0331031385035,5181,-0.220331079983,0.354656034346
spatiotemporal,west:2005-2009,outcome_pca,allocation_07,0.0581324750258,0.0373889614995,5181,-0.112749975855,0.354656034346
spatiotemporal,west:2005-2009,outcome_pca,allocation_08,0.0573005658714,0.0358966195933,5181,-0.0722108489478,0.354656034346
spatiotemporal,west:2005-2009,outcome_pca,allocation_09,0.0573238234903,0.0366242480065,5181,-0.0624326759715,0.354656034346
spatiotemporal,west:2005-2009,outcome_pca,allocation_10,0.0544180879154,0.0347675867798,5181,0.0442053876863,0.354656034346
spatiotemporal,west:2005-2009,outcome_pca,allocation_11,0.0538010978925,0.0332671856432,5181,0.0587588360456,0.354656034346
spatiotemporal,west:2005-2009,outcome_pca,allocation_12,0.0520039313332,0.0320224204785,5181,0.0953940034078,0.354656034346
spatiotemporal,west:2005-2009,outcome_pca,allocation_13,0.049420669485,0.0261913939836,5181,0.241438992309,0.354656034346
spatiotemporal,west:2005-2009,outcome_pca,allocation_14,0.0476252085681,0.0301640272213,5181,0.267647892167,0.354656034346
spatiotemporal,west:2005-2009,outcome_pca,allocation_15,0.0442943799072,0.0296270171586,5181,0.299746762215,0.354656034346
spatiotemporal,west:2005-2009,outcome_pca,allocation_16,0.0423559015687,0.0283664038975,5181,0.30744519004,0.354656034346
spatiotemporal,west:2005-2009,outcome_pca,allocation_17,0.0413806556568,0.0280435542629,5181,0.304564783513,0.354656034346
spatiotemporal,west:2005-2009,outcome_pca,allocation_18,0.040950516614,0.0282166679032,5181,0.299748206735,0.354656034346
spatiotemporal,west:2005-2009,outcome_pca,allocation_19,0.0409064647432,0.0282659138894,5181,0.29922146762,0.354656034346
spatiotemporal,west:2005-2009,core_means,mean_maximum_temperature_c,25.5265067766,7.27100826416,5181,,
spatiotemporal,west:2005-2009,core_means,mean_minimum_temperature_c,10.4244627239,7.6633245414,5181,,
spatiotemporal,west:2005-2009,core_means,mean_vpd_kpa,1.24342642429,0.670359606525,5181,,
spatiotemporal,west:2005-2009,core_means,mean_wind_speed_m_s,4.12419784243,1.30564224967,5181,,
spatiotemporal,west:2005-2009,max_vpd_only,max_vpd,1.52058096892,0.773651400401,5181,,
spatiotemporal,west:2005-2009,core_plus_max,mean_maximum_temperature_c,25.5265067766,7.27100826416,5181,,
spatiotemporal,west:2005-2009,core_plus_max,mean_minimum_temperature_c,10.4244627239,7.6633245414,5181,,
spatiotemporal,west:2005-2009,core_plus_max,mean_vpd_kpa,1.24342642429,0.670359606525,5181,,
spatiotemporal,west:2005-2009,core_plus_max,mean_wind_speed_m_s,4.12419784243,1.30564224967,5181,,
spatiotemporal,west:2005-2009,core_plus_max,max_vpd,1.52058096892,0.773651400401,5181,,
spatiotemporal,west:2005-2009,comprehensive_means,mean_maximum_temperature_c,25.5265067766,7.27100826416,5181,,
spatiotemporal,west:2005-2009,comprehensive_means,mean_minimum_temperature_c,10.4244627239,7.6633245414,5181,,
spatiotemporal,west:2005-2009,comprehensive_means,mean_vpd_kpa,1.24342642429,0.670359606525,5181,,
spatiotemporal,west:2005-2009,comprehensive_means,mean_wind_speed_m_s,4.12419784243,1.30564224967,5181,,
spatiotemporal,west:2005-2009,comprehensive_means,mean_precipitation_mm,0.841072428333,2.32856236742,5181,,
spatiotemporal,west:2005-2009,comprehensive_means,mean_maximum_relative_humidity_pct,81.395636131,16.5283270124,5181,,
spatiotemporal,west:2005-2009,comprehensive_means,mean_minimum_relative_humidity_pct,31.5851205222,12.2315725057,5181,,
spatiotemporal,west:2005-2009,comprehensive_means,mean_specific_humidity_kg_kg,0.00800610370706,0.00418482829337,5181,,
spatiotemporal,west:2005-2009,comprehensive_means,mean_fuel_moisture_100hr_pct,13.2130911179,3.63894860692,5181,,
spatiotemporal,west:2005-2009,comprehensive_means,mean_fuel_moisture_1000hr_pct,15.8665763502,3.82726674777,5181,,
spatiotemporal,west:2005-2009,comprehensive_means,mean_energy_release_component,38.6821704103,17.5281658965,5181,,
spatiotemporal,west:2005-2009,comprehensive_means,mean_burning_index,33.6295637936,17.2521359517,5181,,
spatiotemporal,west:2005-2009,comprehensive_means,mean_reference_evapotranspiration_mm,6.58010108372,2.52825510849,5181,,
spatiotemporal,west:2005-2009,comprehensive_means,mean_potential_evapotranspiration_mm,4.76992899067,1.82506288138,5181,,
spatiotemporal,west:2005-2009,comprehensive_means,mean_solar_radiation_w_m2,230.915956882,61.5777192035,5181,,
spatiotemporal,west:2005-2009,comprehensive_plus_max,mean_maximum_temperature_c,25.5265067766,7.27100826416,5181,,
spatiotemporal,west:2005-2009,comprehensive_plus_max,mean_minimum_temperature_c,10.4244627239,7.6633245414,5181,,
spatiotemporal,west:2005-2009,comprehensive_plus_max,mean_vpd_kpa,1.24342642429,0.670359606525,5181,,
spatiotemporal,west:2005-2009,comprehensive_plus_max,mean_wind_speed_m_s,4.12419784243,1.30564224967,5181,,
spatiotemporal,west:2005-2009,comprehensive_plus_max,mean_precipitation_mm,0.841072428333,2.32856236742,5181,,
spatiotemporal,west:2005-2009,comprehensive_plus_max,mean_maximum_relative_humidity_pct,81.395636131,16.5283270124,5181,,
spatiotemporal,west:2005-2009,comprehensive_plus_max,mean_minimum_relative_humidity_pct,31.5851205222,12.2315725057,5181,,
spatiotemporal,west:2005-2009,comprehensive_plus_max,mean_specific_humidity_kg_kg,0.00800610370706,0.00418482829337,5181,,
spatiotemporal,west:2005-2009,comprehensive_plus_max,mean_fuel_moisture_100hr_pct,13.2130911179,3.63894860692,5181,,
spatiotemporal,west:2005-2009,comprehensive_plus_max,mean_fuel_moisture_1000hr_pct,15.8665763502,3.82726674777,5181,,
spatiotemporal,west:2005-2009,comprehensive_plus_max,mean_energy_release_component,38.6821704103,17.5281658965,5181,,
spatiotemporal,west:2005-2009,comprehensive_plus_max,mean_burning_index,33.6295637936,17.2521359517,5181,,
spatiotemporal,west:2005-2009,comprehensive_plus_max,mean_reference_evapotranspiration_mm,6.58010108372,2.52825510849,5181,,
spatiotemporal,west:2005-2009,comprehensive_plus_max,mean_potential_evapotranspiration_mm,4.76992899067,1.82506288138,5181,,
spatiotemporal,west:2005-2009,comprehensive_plus_max,mean_solar_radiation_w_m2,230.915956882,61.5777192035,5181,,
spatiotemporal,west:2005-2009,comprehensive_plus_max,max_vpd,1.52058096892,0.773651400401,5181,,
spatiotemporal,west:2005-2009,length_only,log_duration,1.58700946761,0.284471437565,5181,,
spatiotemporal,west:2005-2009,length_only,log_observations,1.58700946761,0.284471437565,5181,,
spatiotemporal,west:2005-2009,length_plus_max,log_duration,1.58700946761,0.284471437565,5181,,
spatiotemporal,west:2005-2009,length_plus_max,log_observations,1.58700946761,0.284471437565,5181,,
spatiotemporal,west:2005-2009,length_plus_max,max_vpd,1.52058096892,0.773651400401,5181,,
spatiotemporal,west:2005-2009,length_plus_core,log_duration,1.58700946761,0.284471437565,5181,,
spatiotemporal,west:2005-2009,length_plus_core,log_observations,1.58700946761,0.284471437565,5181,,
spatiotemporal,west:2005-2009,length_plus_core,mean_maximum_temperature_c,25.5265067766,7.27100826416,5181,,
spatiotemporal,west:2005-2009,length_plus_core,mean_minimum_temperature_c,10.4244627239,7.6633245414,5181,,
spatiotemporal,west:2005-2009,length_plus_core,mean_vpd_kpa,1.24342642429,0.670359606525,5181,,
spatiotemporal,west:2005-2009,length_plus_core,mean_wind_speed_m_s,4.12419784243,1.30564224967,5181,,
spatiotemporal,west:2005-2009,length_plus_core_max,log_duration,1.58700946761,0.284471437565,5181,,
spatiotemporal,west:2005-2009,length_plus_core_max,log_observations,1.58700946761,0.284471437565,5181,,
spatiotemporal,west:2005-2009,length_plus_core_max,mean_maximum_temperature_c,25.5265067766,7.27100826416,5181,,
spatiotemporal,west:2005-2009,length_plus_core_max,mean_minimum_temperature_c,10.4244627239,7.6633245414,5181,,
spatiotemporal,west:2005-2009,length_plus_core_max,mean_vpd_kpa,1.24342642429,0.670359606525,5181,,
spatiotemporal,west:2005-2009,length_plus_core_max,mean_wind_speed_m_s,4.12419784243,1.30564224967,5181,,
spatiotemporal,west:2005-2009,length_plus_core_max,max_vpd,1.52058096892,0.773651400401,5181,,
spatiotemporal,west:2005-2009,core_quantile_exceedance,mean_maximum_temperature_c,25.5265067766,7.27100826416,5181,,
spatiotemporal,west:2005-2009,core_quantile_exceedance,mean_minimum_temperature_c,10.4244627239,7.6633245414,5181,,
spatiotemporal,west:2005-2009,core_quantile_exceedance,mean_vpd_kpa,1.24342642429,0.670359606525,5181,,
spatiotemporal,west:2005-2009,core_quantile_exceedance,mean_wind_speed_m_s,4.12419784243,1.30564224967,5181,,
spatiotemporal,west:2005-2009,core_quantile_exceedance,q90_vpd,1.46154468249,0.745992887841,5181,,
spatiotemporal,west:2005-2009,core_quantile_exceedance,vpd_gt_2_fraction,0.136029507752,0.296638173714,5181,,
spatiotemporal,west:2005-2009,core_quantile_exceedance,wet_fraction,0.164549819385,0.230760553957,5181,,
spatiotemporal,west:2010-2014,outcome_pca,allocation_00,0.0470892808223,0.0313749099834,5184,-0.232279995785,0.351849179866
spatiotemporal,west:2010-2014,outcome_pca,allocation_01,0.0472204544638,0.031271850106,5184,-0.234232907377,0.351849179866
spatiotemporal,west:2010-2014,outcome_pca,allocation_02,0.0480616366734,0.031595966958,5184,-0.244448674365,0.351849179866
spatiotemporal,west:2010-2014,outcome_pca,allocation_03,0.0501817576693,0.0331647130061,5184,-0.258753865415,0.351849179866
spatiotemporal,west:2010-2014,outcome_pca,allocation_04,0.0532196741894,0.0356741472412,5184,-0.259891107941,0.351849179866
spatiotemporal,west:2010-2014,outcome_pca,allocation_05,0.0568097185325,0.036187003761,5184,-0.244196221517,0.351849179866
spatiotemporal,west:2010-2014,outcome_pca,allocation_06,0.057194396249,0.031437250378,5184,-0.222177347039,0.351849179866
spatiotemporal,west:2010-2014,outcome_pca,allocation_07,0.0577919007907,0.0364944571947,5184,-0.0990864972116,0.351849179866
spatiotemporal,west:2010-2014,outcome_pca,allocation_08,0.057347106301,0.0355229508572,5184,-0.0560162185588,0.351849179866
spatiotemporal,west:2010-2014,outcome_pca,allocation_09,0.0573555047059,0.0362562309111,5184,-0.0445443902785,0.351849179866
spatiotemporal,west:2010-2014,outcome_pca,allocation_10,0.0542722691127,0.0343672769327,5184,0.0595090778561,0.351849179866
spatiotemporal,west:2010-2014,outcome_pca,allocation_11,0.0536803599645,0.0327184631258,5184,0.0734276978571,0.351849179866
spatiotemporal,west:2010-2014,outcome_pca,allocation_12,0.0522691384657,0.0321019544112,5184,0.110911810782,0.351849179866
spatiotemporal,west:2010-2014,outcome_pca,allocation_13,0.0498364691253,0.0269698934969,5184,0.246606422329,0.351849179866
spatiotemporal,west:2010-2014,outcome_pca,allocation_14,0.0479383702587,0.0304472688002,5184,0.267915731534,0.351849179866
spatiotemporal,west:2010-2014,outcome_pca,allocation_15,0.044582895366,0.029259762412,5184,0.290180083785,0.351849179866
spatiotemporal,west:2010-2014,outcome_pca,allocation_16,0.0422800213502,0.0274653692016,5184,0.295825956054,0.351849179866
spatiotemporal,west:2010-2014,outcome_pca,allocation_17,0.0412387303228,0.0274748347873,5184,0.290360332155,0.351849179866
spatiotemporal,west:2010-2014,outcome_pca,allocation_18,0.0408301146284,0.0276780887713,5184,0.285790380517,0.351849179866
spatiotemporal,west:2010-2014,outcome_pca,allocation_19,0.0408002010084,0.0277202319617,5184,0.28541798618,0.351849179866
spatiotemporal,west:2010-2014,core_means,mean_maximum_temperature_c,24.9882156769,7.21379971802,5184,,
spatiotemporal,west:2010-2014,core_means,mean_minimum_temperature_c,10.3377030274,7.69458054947,5184,,
spatiotemporal,west:2010-2014,core_means,mean_vpd_kpa,1.16181075346,0.605280594351,5184,,
spatiotemporal,west:2010-2014,core_means,mean_wind_speed_m_s,4.09766776992,1.26263860239,5184,,
spatiotemporal,west:2010-2014,max_vpd_only,max_vpd,1.41169367284,0.695360746808,5184,,
spatiotemporal,west:2010-2014,core_plus_max,mean_maximum_temperature_c,24.9882156769,7.21379971802,5184,,
spatiotemporal,west:2010-2014,core_plus_max,mean_minimum_temperature_c,10.3377030274,7.69458054947,5184,,
spatiotemporal,west:2010-2014,core_plus_max,mean_vpd_kpa,1.16181075346,0.605280594351,5184,,
spatiotemporal,west:2010-2014,core_plus_max,mean_wind_speed_m_s,4.09766776992,1.26263860239,5184,,
spatiotemporal,west:2010-2014,core_plus_max,max_vpd,1.41169367284,0.695360746808,5184,,
spatiotemporal,west:2010-2014,comprehensive_means,mean_maximum_temperature_c,24.9882156769,7.21379971802,5184,,
spatiotemporal,west:2010-2014,comprehensive_means,mean_minimum_temperature_c,10.3377030274,7.69458054947,5184,,
spatiotemporal,west:2010-2014,comprehensive_means,mean_vpd_kpa,1.16181075346,0.605280594351,5184,,
spatiotemporal,west:2010-2014,comprehensive_means,mean_wind_speed_m_s,4.09766776992,1.26263860239,5184,,
spatiotemporal,west:2010-2014,comprehensive_means,mean_precipitation_mm,0.84770953205,2.14691649704,5184,,
spatiotemporal,west:2010-2014,comprehensive_means,mean_maximum_relative_humidity_pct,82.782367078,15.6965743165,5184,,
spatiotemporal,west:2010-2014,comprehensive_means,mean_minimum_relative_humidity_pct,33.3640533484,11.4352110738,5184,,
spatiotemporal,west:2010-2014,comprehensive_means,mean_specific_humidity_kg_kg,0.00813384876438,0.00420898878176,5184,,
spatiotemporal,west:2010-2014,comprehensive_means,mean_fuel_moisture_100hr_pct,13.5559315603,3.39448611341,5184,,
spatiotemporal,west:2010-2014,comprehensive_means,mean_fuel_moisture_1000hr_pct,16.2847865631,3.52176078847,5184,,
spatiotemporal,west:2010-2014,comprehensive_means,mean_energy_release_component,36.6334796265,15.8283078305,5184,,
spatiotemporal,west:2010-2014,comprehensive_means,mean_burning_index,31.7171671824,15.4552421456,5184,,
spatiotemporal,west:2010-2014,comprehensive_means,mean_reference_evapotranspiration_mm,6.32062689354,2.32934227732,5184,,
spatiotemporal,west:2010-2014,comprehensive_means,mean_potential_evapotranspiration_mm,4.61639741005,1.73372950708,5184,,
spatiotemporal,west:2010-2014,comprehensive_means,mean_solar_radiation_w_m2,229.516416325,61.5484314558,5184,,
spatiotemporal,west:2010-2014,comprehensive_plus_max,mean_maximum_temperature_c,24.9882156769,7.21379971802,5184,,
spatiotemporal,west:2010-2014,comprehensive_plus_max,mean_minimum_temperature_c,10.3377030274,7.69458054947,5184,,
spatiotemporal,west:2010-2014,comprehensive_plus_max,mean_vpd_kpa,1.16181075346,0.605280594351,5184,,
spatiotemporal,west:2010-2014,comprehensive_plus_max,mean_wind_speed_m_s,4.09766776992,1.26263860239,5184,,
spatiotemporal,west:2010-2014,comprehensive_plus_max,mean_precipitation_mm,0.84770953205,2.14691649704,5184,,
spatiotemporal,west:2010-2014,comprehensive_plus_max,mean_maximum_relative_humidity_pct,82.782367078,15.6965743165,5184,,
spatiotemporal,west:2010-2014,comprehensive_plus_max,mean_minimum_relative_humidity_pct,33.3640533484,11.4352110738,5184,,
spatiotemporal,west:2010-2014,comprehensive_plus_max,mean_specific_humidity_kg_kg,0.00813384876438,0.00420898878176,5184,,
spatiotemporal,west:2010-2014,comprehensive_plus_max,mean_fuel_moisture_100hr_pct,13.5559315603,3.39448611341,5184,,
spatiotemporal,west:2010-2014,comprehensive_plus_max,mean_fuel_moisture_1000hr_pct,16.2847865631,3.52176078847,5184,,
spatiotemporal,west:2010-2014,comprehensive_plus_max,mean_energy_release_component,36.6334796265,15.8283078305,5184,,
spatiotemporal,west:2010-2014,comprehensive_plus_max,mean_burning_index,31.7171671824,15.4552421456,5184,,
spatiotemporal,west:2010-2014,comprehensive_plus_max,mean_reference_evapotranspiration_mm,6.32062689354,2.32934227732,5184,,
spatiotemporal,west:2010-2014,comprehensive_plus_max,mean_potential_evapotranspiration_mm,4.61639741005,1.73372950708,5184,,
spatiotemporal,west:2010-2014,comprehensive_plus_max,mean_solar_radiation_w_m2,229.516416325,61.5484314558,5184,,
spatiotemporal,west:2010-2014,comprehensive_plus_max,max_vpd,1.41169367284,0.695360746808,5184,,
spatiotemporal,west:2010-2014,length_only,log_duration,1.59075447443,0.283855483871,5184,,
spatiotemporal,west:2010-2014,length_only,log_observations,1.59075447443,0.283855483871,5184,,
spatiotemporal,west:2010-2014,length_plus_max,log_duration,1.59075447443,0.283855483871,5184,,
spatiotemporal,west:2010-2014,length_plus_max,log_observations,1.59075447443,0.283855483871,5184,,
spatiotemporal,west:2010-2014,length_plus_max,max_vpd,1.41169367284,0.695360746808,5184,,
spatiotemporal,west:2010-2014,length_plus_core,log_duration,1.59075447443,0.283855483871,5184,,
spatiotemporal,west:2010-2014,length_plus_core,log_observations,1.59075447443,0.283855483871,5184,,
spatiotemporal,west:2010-2014,length_plus_core,mean_maximum_temperature_c,24.9882156769,7.21379971802,5184,,
spatiotemporal,west:2010-2014,length_plus_core,mean_minimum_temperature_c,10.3377030274,7.69458054947,5184,,
spatiotemporal,west:2010-2014,length_plus_core,mean_vpd_kpa,1.16181075346,0.605280594351,5184,,
spatiotemporal,west:2010-2014,length_plus_core,mean_wind_speed_m_s,4.09766776992,1.26263860239,5184,,
spatiotemporal,west:2010-2014,length_plus_core_max,log_duration,1.59075447443,0.283855483871,5184,,
spatiotemporal,west:2010-2014,length_plus_core_max,log_observations,1.59075447443,0.283855483871,5184,,
spatiotemporal,west:2010-2014,length_plus_core_max,mean_maximum_temperature_c,24.9882156769,7.21379971802,5184,,
spatiotemporal,west:2010-2014,length_plus_core_max,mean_minimum_temperature_c,10.3377030274,7.69458054947,5184,,
spatiotemporal,west:2010-2014,length_plus_core_max,mean_vpd_kpa,1.16181075346,0.605280594351,5184,,
spatiotemporal,west:2010-2014,length_plus_core_max,mean_wind_speed_m_s,4.09766776992,1.26263860239,5184,,
spatiotemporal,west:2010-2014,length_plus_core_max,max_vpd,1.41169367284,0.695360746808,5184,,
spatiotemporal,west:2010-2014,core_quantile_exceedance,mean_maximum_temperature_c,24.9882156769,7.21379971802,5184,,
spatiotemporal,west:2010-2014,core_quantile_exceedance,mean_minimum_temperature_c,10.3377030274,7.69458054947,5184,,
spatiotemporal,west:2010-2014,core_quantile_exceedance,mean_vpd_kpa,1.16181075346,0.605280594351,5184,,
spatiotemporal,west:2010-2014,core_quantile_exceedance,mean_wind_speed_m_s,4.09766776992,1.26263860239,5184,,
spatiotemporal,west:2010-2014,core_quantile_exceedance,q90_vpd,1.35709490741,0.672186047481,5184,,
spatiotemporal,west:2010-2014,core_quantile_exceedance,vpd_gt_2_fraction,0.103586171809,0.262672551995,5184,,
spatiotemporal,west:2010-2014,core_quantile_exceedance,wet_fraction,0.176653872445,0.238469542255,5184,,
spatiotemporal,west:2015-2019,outcome_pca,allocation_00,0.047050756792,0.0318536458841,5207,-0.225488285465,0.349648830432
spatiotemporal,west:2015-2019,outcome_pca,allocation_01,0.0472652281919,0.0318971291334,5207,-0.2274511,0.349648830432
spatiotemporal,west:2015-2019,outcome_pca,allocation_02,0.0483439730343,0.0324784962444,5207,-0.23969686022,0.349648830432
spatiotemporal,west:2015-2019,outcome_pca,allocation_03,0.0505024382097,0.0343467365459,5207,-0.254131948642,0.349648830432
spatiotemporal,west:2015-2019,outcome_pca,allocation_04,0.0535099168268,0.0364923847008,5207,-0.258161242694,0.349648830432
spatiotemporal,west:2015-2019,outcome_pca,allocation_05,0.0573492476645,0.0374509887796,5207,-0.244791759525,0.349648830432
spatiotemporal,west:2015-2019,outcome_pca,allocation_06,0.0578588787459,0.0329047828285,5207,-0.219730649047,0.349648830432
spatiotemporal,west:2015-2019,outcome_pca,allocation_07,0.0585689522546,0.0374740654503,5207,-0.100505063156,0.349648830432
spatiotemporal,west:2015-2019,outcome_pca,allocation_08,0.0582342123782,0.0364423045531,5207,-0.0590634954459,0.349648830432
spatiotemporal,west:2015-2019,outcome_pca,allocation_09,0.0579971755634,0.0367806394985,5207,-0.0496098110575,0.349648830432
spatiotemporal,west:2015-2019,outcome_pca,allocation_10,0.054228343761,0.0343553056711,5207,0.0635016553068,0.349648830432
spatiotemporal,west:2015-2019,outcome_pca,allocation_11,0.0537475345504,0.0334343106738,5207,0.0787424461184,0.349648830432
spatiotemporal,west:2015-2019,outcome_pca,allocation_12,0.0521746454226,0.0324464914655,5207,0.115478173726,0.349648830432
spatiotemporal,west:2015-2019,outcome_pca,allocation_13,0.0493275823737,0.0269118263284,5207,0.248162967547,0.349648830432
spatiotemporal,west:2015-2019,outcome_pca,allocation_14,0.0471807321143,0.0302903520727,5207,0.268177884562,0.349648830432
spatiotemporal,west:2015-2019,outcome_pca,allocation_15,0.0437750834751,0.0293598460046,5207,0.292649468376,0.349648830432
spatiotemporal,west:2015-2019,outcome_pca,allocation_16,0.0417374318729,0.0279227434885,5207,0.29839892564,0.349648830432
spatiotemporal,west:2015-2019,outcome_pca,allocation_17,0.0407187499206,0.0277866181851,5207,0.293483611901,0.349648830432
spatiotemporal,west:2015-2019,outcome_pca,allocation_18,0.0402447718084,0.0278262474451,5207,0.288877811438,0.349648830432
spatiotemporal,west:2015-2019,outcome_pca,allocation_19,0.0401843450398,0.0278595705776,5207,0.288339697586,0.349648830432
spatiotemporal,west:2015-2019,core_means,mean_maximum_temperature_c,25.1678645244,7.4319990955,5207,,
spatiotemporal,west:2015-2019,core_means,mean_minimum_temperature_c,10.1087588986,7.58923838961,5207,,
spatiotemporal,west:2015-2019,core_means,mean_vpd_kpa,1.23241415504,0.683897574401,5207,,
spatiotemporal,west:2015-2019,core_means,mean_wind_speed_m_s,4.16695390994,1.28127210248,5207,,
spatiotemporal,west:2015-2019,max_vpd_only,max_vpd,1.48453428078,0.782212008474,5207,,
spatiotemporal,west:2015-2019,core_plus_max,mean_maximum_temperature_c,25.1678645244,7.4319990955,5207,,
spatiotemporal,west:2015-2019,core_plus_max,mean_minimum_temperature_c,10.1087588986,7.58923838961,5207,,
spatiotemporal,west:2015-2019,core_plus_max,mean_vpd_kpa,1.23241415504,0.683897574401,5207,,
spatiotemporal,west:2015-2019,core_plus_max,mean_wind_speed_m_s,4.16695390994,1.28127210248,5207,,
spatiotemporal,west:2015-2019,core_plus_max,max_vpd,1.48453428078,0.782212008474,5207,,
spatiotemporal,west:2015-2019,comprehensive_means,mean_maximum_temperature_c,25.1678645244,7.4319990955,5207,,
spatiotemporal,west:2015-2019,comprehensive_means,mean_minimum_temperature_c,10.1087588986,7.58923838961,5207,,
spatiotemporal,west:2015-2019,comprehensive_means,mean_vpd_kpa,1.23241415504,0.683897574401,5207,,
spatiotemporal,west:2015-2019,comprehensive_means,mean_wind_speed_m_s,4.16695390994,1.28127210248,5207,,
spatiotemporal,west:2015-2019,comprehensive_means,mean_precipitation_mm,0.8985611945,2.43668450323,5207,,
spatiotemporal,west:2015-2019,comprehensive_means,mean_maximum_relative_humidity_pct,80.9785233029,16.7867723165,5207,,
spatiotemporal,west:2015-2019,comprehensive_means,mean_minimum_relative_humidity_pct,31.6066216954,11.7843964763,5207,,
spatiotemporal,west:2015-2019,comprehensive_means,mean_specific_humidity_kg_kg,0.00777865781955,0.00410097735729,5207,,
spatiotemporal,west:2015-2019,comprehensive_means,mean_fuel_moisture_100hr_pct,13.140048339,3.60739134634,5207,,
spatiotemporal,west:2015-2019,comprehensive_means,mean_fuel_moisture_1000hr_pct,15.8197186727,3.81923172787,5207,,
spatiotemporal,west:2015-2019,comprehensive_means,mean_energy_release_component,38.7732231745,17.6456091357,5207,,
spatiotemporal,west:2015-2019,comprehensive_means,mean_burning_index,33.4470900428,17.4814782943,5207,,
spatiotemporal,west:2015-2019,comprehensive_means,mean_reference_evapotranspiration_mm,6.57004025995,2.58691008857,5207,,
spatiotemporal,west:2015-2019,comprehensive_means,mean_potential_evapotranspiration_mm,4.75043005992,1.88019820676,5207,,
spatiotemporal,west:2015-2019,comprehensive_means,mean_solar_radiation_w_m2,230.195159091,62.1388241307,5207,,
spatiotemporal,west:2015-2019,comprehensive_plus_max,mean_maximum_temperature_c,25.1678645244,7.4319990955,5207,,
spatiotemporal,west:2015-2019,comprehensive_plus_max,mean_minimum_temperature_c,10.1087588986,7.58923838961,5207,,
spatiotemporal,west:2015-2019,comprehensive_plus_max,mean_vpd_kpa,1.23241415504,0.683897574401,5207,,
spatiotemporal,west:2015-2019,comprehensive_plus_max,mean_wind_speed_m_s,4.16695390994,1.28127210248,5207,,
spatiotemporal,west:2015-2019,comprehensive_plus_max,mean_precipitation_mm,0.8985611945,2.43668450323,5207,,
spatiotemporal,west:2015-2019,comprehensive_plus_max,mean_maximum_relative_humidity_pct,80.9785233029,16.7867723165,5207,,
spatiotemporal,west:2015-2019,comprehensive_plus_max,mean_minimum_relative_humidity_pct,31.6066216954,11.7843964763,5207,,
spatiotemporal,west:2015-2019,comprehensive_plus_max,mean_specific_humidity_kg_kg,0.00777865781955,0.00410097735729,5207,,
spatiotemporal,west:2015-2019,comprehensive_plus_max,mean_fuel_moisture_100hr_pct,13.140048339,3.60739134634,5207,,
spatiotemporal,west:2015-2019,comprehensive_plus_max,mean_fuel_moisture_1000hr_pct,15.8197186727,3.81923172787,5207,,
spatiotemporal,west:2015-2019,comprehensive_plus_max,mean_energy_release_component,38.7732231745,17.6456091357,5207,,
spatiotemporal,west:2015-2019,comprehensive_plus_max,mean_burning_index,33.4470900428,17.4814782943,5207,,
spatiotemporal,west:2015-2019,comprehensive_plus_max,mean_reference_evapotranspiration_mm,6.57004025995,2.58691008857,5207,,
spatiotemporal,west:2015-2019,comprehensive_plus_max,mean_potential_evapotranspiration_mm,4.75043005992,1.88019820676,5207,,
spatiotemporal,west:2015-2019,comprehensive_plus_max,mean_solar_radiation_w_m2,230.195159091,62.1388241307,5207,,
spatiotemporal,west:2015-2019,comprehensive_plus_max,max_vpd,1.48453428078,0.782212008474,5207,,
spatiotemporal,west:2015-2019,length_only,log_duration,1.59104507845,0.288956975091,5207,,
spatiotemporal,west:2015-2019,length_only,log_observations,1.59104507845,0.288956975091,5207,,
spatiotemporal,west:2015-2019,length_plus_max,log_duration,1.59104507845,0.288956975091,5207,,
spatiotemporal,west:2015-2019,length_plus_max,log_observations,1.59104507845,0.288956975091,5207,,
spatiotemporal,west:2015-2019,length_plus_max,max_vpd,1.48453428078,0.782212008474,5207,,
spatiotemporal,west:2015-2019,length_plus_core,log_duration,1.59104507845,0.288956975091,5207,,
spatiotemporal,west:2015-2019,length_plus_core,log_observations,1.59104507845,0.288956975091,5207,,
spatiotemporal,west:2015-2019,length_plus_core,mean_maximum_temperature_c,25.1678645244,7.4319990955,5207,,
spatiotemporal,west:2015-2019,length_plus_core,mean_minimum_temperature_c,10.1087588986,7.58923838961,5207,,
spatiotemporal,west:2015-2019,length_plus_core,mean_vpd_kpa,1.23241415504,0.683897574401,5207,,
spatiotemporal,west:2015-2019,length_plus_core,mean_wind_speed_m_s,4.16695390994,1.28127210248,5207,,
spatiotemporal,west:2015-2019,length_plus_core_max,log_duration,1.59104507845,0.288956975091,5207,,
spatiotemporal,west:2015-2019,length_plus_core_max,log_observations,1.59104507845,0.288956975091,5207,,
spatiotemporal,west:2015-2019,length_plus_core_max,mean_maximum_temperature_c,25.1678645244,7.4319990955,5207,,
spatiotemporal,west:2015-2019,length_plus_core_max,mean_minimum_temperature_c,10.1087588986,7.58923838961,5207,,
spatiotemporal,west:2015-2019,length_plus_core_max,mean_vpd_kpa,1.23241415504,0.683897574401,5207,,
spatiotemporal,west:2015-2019,length_plus_core_max,mean_wind_speed_m_s,4.16695390994,1.28127210248,5207,,
spatiotemporal,west:2015-2019,length_plus_core_max,max_vpd,1.48453428078,0.782212008474,5207,,
spatiotemporal,west:2015-2019,core_quantile_exceedance,mean_maximum_temperature_c,25.1678645244,7.4319990955,5207,,
spatiotemporal,west:2015-2019,core_quantile_exceedance,mean_minimum_temperature_c,10.1087588986,7.58923838961,5207,,
spatiotemporal,west:2015-2019,core_quantile_exceedance,mean_vpd_kpa,1.23241415504,0.683897574401,5207,,
spatiotemporal,west:2015-2019,core_quantile_exceedance,mean_wind_speed_m_s,4.16695390994,1.28127210248,5207,,
spatiotemporal,west:2015-2019,core_quantile_exceedance,q90_vpd,1.43181659305,0.757906682665,5207,,
spatiotemporal,west:2015-2019,core_quantile_exceedance,vpd_gt_2_fraction,0.137256741107,0.303122878742,5207,,
spatiotemporal,west:2015-2019,core_quantile_exceedance,wet_fraction,0.174681707312,0.238177647453,5207,,
spatiotemporal,west:2020-2024,outcome_pca,allocation_00,0.0470020552621,0.0315987668846,6471,-0.227320515466,0.353111319649
spatiotemporal,west:2020-2024,outcome_pca,allocation_01,0.047200521187,0.0316249634638,6471,-0.229213641006,0.353111319649
spatiotemporal,west:2020-2024,outcome_pca,allocation_02,0.0481197240835,0.0320831946541,6471,-0.239961351959,0.353111319649
spatiotemporal,west:2020-2024,outcome_pca,allocation_03,0.0502173477136,0.0337830610475,6471,-0.254306714279,0.353111319649
spatiotemporal,west:2020-2024,outcome_pca,allocation_04,0.0532330767827,0.0360834952035,6471,-0.258157962581,0.353111319649
spatiotemporal,west:2020-2024,outcome_pca,allocation_05,0.0569005497668,0.0369287568362,6471,-0.242883154064,0.353111319649
spatiotemporal,west:2020-2024,outcome_pca,allocation_06,0.0574381852996,0.0325335120064,6471,-0.219577879657,0.353111319649
spatiotemporal,west:2020-2024,outcome_pca,allocation_07,0.0580204281549,0.0371837150589,6471,-0.101410514815,0.353111319649
spatiotemporal,west:2020-2024,outcome_pca,allocation_08,0.057550470989,0.0360587263903,6471,-0.0593688548059,0.353111319649
spatiotemporal,west:2020-2024,outcome_pca,allocation_09,0.0575811794817,0.0368635847395,6471,-0.0489413865708,0.353111319649
spatiotemporal,west:2020-2024,outcome_pca,allocation_10,0.0545125869748,0.0347735085288,6471,0.0582330627296,0.353111319649
spatiotemporal,west:2020-2024,outcome_pca,allocation_11,0.0539045963596,0.033277839856,6471,0.073357750595,0.353111319649
spatiotemporal,west:2020-2024,outcome_pca,allocation_12,0.0522376290196,0.0323140297383,6471,0.11074500682,0.353111319649
spatiotemporal,west:2020-2024,outcome_pca,allocation_13,0.0495716469671,0.02657977775,6471,0.248068870437,0.353111319649
spatiotemporal,west:2020-2024,outcome_pca,allocation_14,0.0476982533523,0.030114289938,6471,0.269343982933,0.353111319649
spatiotemporal,west:2020-2024,outcome_pca,allocation_15,0.0442062701937,0.0292465254204,6471,0.292482599277,0.353111319649
spatiotemporal,west:2020-2024,outcome_pca,allocation_16,0.0420948542886,0.0278024844072,6471,0.298000873004,0.353111319649
spatiotemporal,west:2020-2024,outcome_pca,allocation_17,0.0411194652424,0.0276528814468,6471,0.294296650901,0.353111319649
spatiotemporal,west:2020-2024,outcome_pca,allocation_18,0.040717502558,0.0278689801064,6471,0.289501287532,0.353111319649
spatiotemporal,west:2020-2024,outcome_pca,allocation_19,0.0406736563228,0.0279165003956,6471,0.28910821464,0.353111319649
spatiotemporal,west:2020-2024,core_means,mean_maximum_temperature_c,25.4774534542,7.30343583788,6471,,
spatiotemporal,west:2020-2024,core_means,mean_minimum_temperature_c,10.4899150553,7.66634393607,6471,,
spatiotemporal,west:2020-2024,core_means,mean_vpd_kpa,1.23565257564,0.659279062766,6471,,
spatiotemporal,west:2020-2024,core_means,mean_wind_speed_m_s,4.12532448785,1.3040558833,6471,,
spatiotemporal,west:2020-2024,max_vpd_only,max_vpd,1.49963838665,0.758226215142,6471,,
spatiotemporal,west:2020-2024,core_plus_max,mean_maximum_temperature_c,25.4774534542,7.30343583788,6471,,
spatiotemporal,west:2020-2024,core_plus_max,mean_minimum_temperature_c,10.4899150553,7.66634393607,6471,,
spatiotemporal,west:2020-2024,core_plus_max,mean_vpd_kpa,1.23565257564,0.659279062766,6471,,
spatiotemporal,west:2020-2024,core_plus_max,mean_wind_speed_m_s,4.12532448785,1.3040558833,6471,,
spatiotemporal,west:2020-2024,core_plus_max,max_vpd,1.49963838665,0.758226215142,6471,,
spatiotemporal,west:2020-2024,comprehensive_means,mean_maximum_temperature_c,25.4774534542,7.30343583788,6471,,
spatiotemporal,west:2020-2024,comprehensive_means,mean_minimum_temperature_c,10.4899150553,7.66634393607,6471,,
spatiotemporal,west:2020-2024,comprehensive_means,mean_vpd_kpa,1.23565257564,0.659279062766,6471,,
spatiotemporal,west:2020-2024,comprehensive_means,mean_wind_speed_m_s,4.12532448785,1.3040558833,6471,,
spatiotemporal,west:2020-2024,comprehensive_means,mean_precipitation_mm,0.904473929155,2.39025544303,6471,,
spatiotemporal,west:2020-2024,comprehensive_means,mean_maximum_relative_humidity_pct,81.4093037378,16.4648430672,6471,,
spatiotemporal,west:2020-2024,comprehensive_means,mean_minimum_relative_humidity_pct,31.9358835142,11.9126382468,6471,,
spatiotemporal,west:2020-2024,comprehensive_means,mean_specific_humidity_kg_kg,0.00804101402908,0.00421230674711,6471,,
spatiotemporal,west:2020-2024,comprehensive_means,mean_fuel_moisture_100hr_pct,13.2341459191,3.56666650661,6471,,
spatiotemporal,west:2020-2024,comprehensive_means,mean_fuel_moisture_1000hr_pct,15.8642926677,3.7214068265,6471,,
spatiotemporal,west:2020-2024,comprehensive_means,mean_energy_release_component,38.411886967,17.112258064,6471,,
spatiotemporal,west:2020-2024,comprehensive_means,mean_burning_index,33.0127542346,17.0592789617,6471,,
spatiotemporal,west:2020-2024,comprehensive_means,mean_reference_evapotranspiration_mm,6.57544750565,2.51605990162,6471,,
spatiotemporal,west:2020-2024,comprehensive_means,mean_potential_evapotranspiration_mm,4.77330058113,1.82989694405,6471,,
spatiotemporal,west:2020-2024,comprehensive_means,mean_solar_radiation_w_m2,231.29913643,61.73493371,6471,,
spatiotemporal,west:2020-2024,comprehensive_plus_max,mean_maximum_temperature_c,25.4774534542,7.30343583788,6471,,
spatiotemporal,west:2020-2024,comprehensive_plus_max,mean_minimum_temperature_c,10.4899150553,7.66634393607,6471,,
spatiotemporal,west:2020-2024,comprehensive_plus_max,mean_vpd_kpa,1.23565257564,0.659279062766,6471,,
spatiotemporal,west:2020-2024,comprehensive_plus_max,mean_wind_speed_m_s,4.12532448785,1.3040558833,6471,,
spatiotemporal,west:2020-2024,comprehensive_plus_max,mean_precipitation_mm,0.904473929155,2.39025544303,6471,,
spatiotemporal,west:2020-2024,comprehensive_plus_max,mean_maximum_relative_humidity_pct,81.4093037378,16.4648430672,6471,,
spatiotemporal,west:2020-2024,comprehensive_plus_max,mean_minimum_relative_humidity_pct,31.9358835142,11.9126382468,6471,,
spatiotemporal,west:2020-2024,comprehensive_plus_max,mean_specific_humidity_kg_kg,0.00804101402908,0.00421230674711,6471,,
spatiotemporal,west:2020-2024,comprehensive_plus_max,mean_fuel_moisture_100hr_pct,13.2341459191,3.56666650661,6471,,
spatiotemporal,west:2020-2024,comprehensive_plus_max,mean_fuel_moisture_1000hr_pct,15.8642926677,3.7214068265,6471,,
spatiotemporal,west:2020-2024,comprehensive_plus_max,mean_energy_release_component,38.411886967,17.112258064,6471,,
spatiotemporal,west:2020-2024,comprehensive_plus_max,mean_burning_index,33.0127542346,17.0592789617,6471,,
spatiotemporal,west:2020-2024,comprehensive_plus_max,mean_reference_evapotranspiration_mm,6.57544750565,2.51605990162,6471,,
spatiotemporal,west:2020-2024,comprehensive_plus_max,mean_potential_evapotranspiration_mm,4.77330058113,1.82989694405,6471,,
spatiotemporal,west:2020-2024,comprehensive_plus_max,mean_solar_radiation_w_m2,231.29913643,61.73493371,6471,,
spatiotemporal,west:2020-2024,comprehensive_plus_max,max_vpd,1.49963838665,0.758226215142,6471,,
spatiotemporal,west:2020-2024,length_only,log_duration,1.5901139872,0.283846835252,6471,,
spatiotemporal,west:2020-2024,length_only,log_observations,1.5901139872,0.283846835252,6471,,
spatiotemporal,west:2020-2024,length_plus_max,log_duration,1.5901139872,0.283846835252,6471,,
spatiotemporal,west:2020-2024,length_plus_max,log_observations,1.5901139872,0.283846835252,6471,,
spatiotemporal,west:2020-2024,length_plus_max,max_vpd,1.49963838665,0.758226215142,6471,,
spatiotemporal,west:2020-2024,length_plus_core,log_duration,1.5901139872,0.283846835252,6471,,
spatiotemporal,west:2020-2024,length_plus_core,log_observations,1.5901139872,0.283846835252,6471,,
spatiotemporal,west:2020-2024,length_plus_core,mean_maximum_temperature_c,25.4774534542,7.30343583788,6471,,
spatiotemporal,west:2020-2024,length_plus_core,mean_minimum_temperature_c,10.4899150553,7.66634393607,6471,,
spatiotemporal,west:2020-2024,length_plus_core,mean_vpd_kpa,1.23565257564,0.659279062766,6471,,
spatiotemporal,west:2020-2024,length_plus_core,mean_wind_speed_m_s,4.12532448785,1.3040558833,6471,,
spatiotemporal,west:2020-2024,length_plus_core_max,log_duration,1.5901139872,0.283846835252,6471,,
spatiotemporal,west:2020-2024,length_plus_core_max,log_observations,1.5901139872,0.283846835252,6471,,
spatiotemporal,west:2020-2024,length_plus_core_max,mean_maximum_temperature_c,25.4774534542,7.30343583788,6471,,
spatiotemporal,west:2020-2024,length_plus_core_max,mean_minimum_temperature_c,10.4899150553,7.66634393607,6471,,
spatiotemporal,west:2020-2024,length_plus_core_max,mean_vpd_kpa,1.23565257564,0.659279062766,6471,,
spatiotemporal,west:2020-2024,length_plus_core_max,mean_wind_speed_m_s,4.12532448785,1.3040558833,6471,,
spatiotemporal,west:2020-2024,length_plus_core_max,max_vpd,1.49963838665,0.758226215142,6471,,
spatiotemporal,west:2020-2024,core_quantile_exceedance,mean_maximum_temperature_c,25.4774534542,7.30343583788,6471,,
spatiotemporal,west:2020-2024,core_quantile_exceedance,mean_minimum_temperature_c,10.4899150553,7.66634393607,6471,,
spatiotemporal,west:2020-2024,core_quantile_exceedance,mean_vpd_kpa,1.23565257564,0.659279062766,6471,,
spatiotemporal,west:2020-2024,core_quantile_exceedance,mean_wind_speed_m_s,4.12532448785,1.3040558833,6471,,
spatiotemporal,west:2020-2024,core_quantile_exceedance,q90_vpd,1.44304326997,0.732456068598,6471,,
spatiotemporal,west:2020-2024,core_quantile_exceedance,vpd_gt_2_fraction,0.131208087087,0.293649654013,6471,,
spatiotemporal,west:2020-2024,core_quantile_exceedance,wet_fraction,0.174498804454,0.236734825906,6471,,
