rep,feature,PC1,PC2,PC3,PC4,PC5
0,allocation_00,-0.182097841051,-0.289802741445,-0.212342858033,-0.179678411394,-0.208738231799
0,allocation_01,-0.186251719009,-0.291063317901,-0.215106993688,-0.178971133352,-0.208933158127
0,allocation_02,-0.202895216927,-0.288148736888,-0.208704247416,-0.145249489408,-0.138424080549
0,allocation_03,-0.228214680549,-0.2666598817,-0.144439689036,-0.0088320189358,0.0919686887485
0,allocation_04,-0.245255358596,-0.186978329576,0.0289155088789,0.243390638473,0.3701207454
0,allocation_05,-0.244586136668,-0.0371275849217,0.288729691065,0.345215262773,0.192223884003
0,allocation_06,-0.231526760058,0.0881964434454,0.352545624598,0.2778591995,0.0110617730864
0,allocation_07,-0.136664311411,0.265682793141,0.297572860482,0.0169034254246,-0.195932591901
0,allocation_08,-0.0913217519177,0.318946947263,0.160643419744,-0.307410311465,-0.259389454911
0,allocation_09,-0.0754340099812,0.315330563994,0.110172971624,-0.345438928454,-0.204741233522
0,allocation_10,0.0397328858876,0.295016988183,-0.285181616633,-0.141940020469,0.364720460524
0,allocation_11,0.0574819178516,0.294207338028,-0.322746725025,-0.0827038693867,0.349702710953
0,allocation_12,0.102611711262,0.237443623167,-0.349907993622,0.185750473607,0.0371170326906
0,allocation_13,0.245564224151,0.0910032848659,-0.259210580868,0.385687122562,-0.246407197139
0,allocation_14,0.274494506842,-0.0197799490473,-0.129960801806,0.372585318286,-0.336359394342
0,allocation_15,0.307814820897,-0.12152656164,0.0972272658229,0.0992915331931,-0.209464412332
0,allocation_16,0.31542202048,-0.155493806781,0.160535361331,-0.0860232215868,0.0329583515689
0,allocation_17,0.313264648102,-0.165731367369,0.167383728024,-0.153196625341,0.16627137725
0,allocation_18,0.307839189786,-0.167692859692,0.164791347133,-0.165309710457,0.174945546924
0,allocation_19,0.307272171853,-0.167670470698,0.163792738598,-0.166302633226,0.172464765549
1,allocation_00,-0.199295169526,-0.276361719791,-0.209587978951,-0.169833619769,-0.223909385567
1,allocation_01,-0.203292411974,-0.277645916149,-0.212608552503,-0.170272226368,-0.224998799296
1,allocation_02,-0.221406646999,-0.27282775918,-0.206228899155,-0.142847229212,-0.13532639645
1,allocation_03,-0.242623269683,-0.250015387419,-0.144895267042,-0.0211981122915,0.109182185481
1,allocation_04,-0.255262297556,-0.170438570325,0.0308560235631,0.22875136861,0.39073456297
1,allocation_05,-0.244041042271,-0.0199344755842,0.293514156261,0.338575393359,0.203774114279
1,allocation_06,-0.222889809442,0.105364327048,0.353650309192,0.28165883206,0.00776976122452
1,allocation_07,-0.117329252045,0.271961699745,0.297196175241,0.0404731009963,-0.223995209532
1,allocation_08,-0.0673842524878,0.327324220821,0.161248550135,-0.299880416558,-0.26482118628
1,allocation_09,-0.050520334381,0.321812669606,0.108657175389,-0.349616620434,-0.18584209518
1,allocation_10,0.0634934937244,0.29519301996,-0.279629218278,-0.15671865501,0.36414640761
1,allocation_11,0.0805005881017,0.292066074679,-0.31930087056,-0.089532335306,0.347599721489
1,allocation_12,0.12168147323,0.223477711563,-0.346544018412,0.199024721065,0.021775030826
1,allocation_13,0.249428269332,0.0712780674984,-0.260907342068,0.389604641262,-0.229395527277
1,allocation_14,0.271843665813,-0.0364014267493,-0.136864973058,0.377951915128,-0.309467202176
1,allocation_15,0.298209555771,-0.140573666342,0.097397512465,0.100316069693,-0.207917157512
1,allocation_16,0.307802422215,-0.176756360855,0.159187011185,-0.0911507869116,0.0434321723778
1,allocation_17,0.303256430166,-0.185886694426,0.171356001712,-0.154466594245,0.153990826728
1,allocation_18,0.299683604593,-0.187026961816,0.170970907398,-0.160605686118,0.155329667768
1,allocation_19,0.298220150428,-0.187222029288,0.169049022012,-0.162376050763,0.157022379363
2,allocation_00,-0.171240452257,-0.300985489956,-0.209117776287,-0.177730663285,-0.223015673318
2,allocation_01,-0.174646866722,-0.301904030937,-0.212068849822,-0.176232174489,-0.222264483805
2,allocation_02,-0.193088384978,-0.3012865888,-0.203339886455,-0.141824341231,-0.136060082068
2,allocation_03,-0.215688209875,-0.280412807112,-0.136790228141,-0.00545177427185,0.114549511672
2,allocation_04,-0.234414880119,-0.198150288208,0.0350549489212,0.240646008144,0.401269970109
2,allocation_05,-0.243194658804,-0.0376257677413,0.295457022239,0.339839108054,0.190428037406
2,allocation_06,-0.233744235165,0.0835365991681,0.347907528927,0.279237387588,0.00441776261898
2,allocation_07,-0.149136152677,0.257481682356,0.288596517453,0.0312416399968,-0.226571614249
2,allocation_08,-0.107088830513,0.319031948842,0.153356117634,-0.301205096819,-0.250784740788
2,allocation_09,-0.093331243838,0.31520855693,0.108771020959,-0.336978525886,-0.193209480428
2,allocation_10,0.0275645377468,0.295058400543,-0.286905664626,-0.159246128354,0.381553747382
2,allocation_11,0.0465528370972,0.293755975472,-0.325358332507,-0.0932229435595,0.360814203829
2,allocation_12,0.10006092143,0.228847897046,-0.352623386386,0.210986398015,-0.0182144415958
2,allocation_13,0.243475845075,0.0923402092138,-0.258641403171,0.385905969053,-0.240936072069
2,allocation_14,0.277373610225,-0.012150807682,-0.12984451516,0.368451171087,-0.295283165249
2,allocation_15,0.309515521986,-0.109929154899,0.0972483780691,0.0986983176763,-0.179163641883
2,allocation_16,0.319663476571,-0.141432836605,0.165824083677,-0.0970855659338,0.050933799123
2,allocation_17,0.319313567199,-0.14858391477,0.173318077467,-0.155276594341,0.141492339207
2,allocation_18,0.313859722401,-0.150134162597,0.173290204273,-0.164166672442,0.148778477693
2,allocation_19,0.312426845122,-0.150537848632,0.172460700088,-0.164642578181,0.148922151102
3,allocation_00,-0.196440144809,-0.281035800034,-0.209958371189,-0.179623445293,-0.191551046882
3,allocation_01,-0.20087506121,-0.282214983659,-0.214225609026,-0.178903821785,-0.200345271788
3,allocation_02,-0.218719026389,-0.279125321728,-0.205158960987,-0.139751767416,-0.140552604748
3,allocation_03,-0.238600787422,-0.256369340896,-0.141869784622,-0.0110983966487,0.0866131708856
3,allocation_04,-0.247395667314,-0.176714097233,0.0350659237821,0.240924115259,0.372641898472
3,allocation_05,-0.236431284606,-0.0175969732866,0.298065571679,0.339729667252,0.196515005885
3,allocation_06,-0.220122960315,0.105343552412,0.354643853458,0.274887293844,0.0122846322083
3,allocation_07,-0.124370781336,0.273839491956,0.294249005542,0.0276823306368,-0.213072941244
3,allocation_08,-0.0770526161299,0.328898478129,0.147854681623,-0.312432928531,-0.261363997277
3,allocation_09,-0.0617292625356,0.324814147714,0.0968460439727,-0.352587633337,-0.19042377888
3,allocation_10,0.0591100164457,0.293900062779,-0.29043050237,-0.144299364813,0.364099162089
3,allocation_11,0.0754774845843,0.291382139208,-0.325123924929,-0.0793577145548,0.355348482317
3,allocation_12,0.119364156576,0.223299762953,-0.349523811744,0.214845567701,0.0201409634386
3,allocation_13,0.252279321956,0.067811321629,-0.25320650142,0.380457344708,-0.239806108627
3,allocation_14,0.278600585745,-0.0366004672412,-0.129544690403,0.354453263223,-0.315771003325
3,allocation_15,0.300349036473,-0.134892021679,0.0902895465762,0.0949380403726,-0.245847419233
3,allocation_16,0.308747947415,-0.166231739244,0.163005127096,-0.100167290235,0.0282372650032
3,allocation_17,0.30589927781,-0.175897640205,0.171559170872,-0.159365797546,0.168164753256
3,allocation_18,0.30205286507,-0.176875731951,0.169246685776,-0.167390087633,0.177125073433
3,allocation_19,0.300784003232,-0.176920029307,0.167995439488,-0.168004847545,0.175937330696
4,allocation_00,-0.181167629361,-0.288882416775,-0.214498985658,-0.176229917744,-0.222604989822
4,allocation_01,-0.18448535259,-0.28983246689,-0.216840834347,-0.175803604106,-0.224087294962
4,allocation_02,-0.202434316655,-0.287960022976,-0.209186663018,-0.14131684171,-0.13618034123
4,allocation_03,-0.224086753898,-0.263924606072,-0.146282583717,-0.0173025776479,0.10681896859
4,allocation_04,-0.242567580269,-0.18994487548,0.0303702727035,0.235725708993,0.402975135846
4,allocation_05,-0.243614764103,-0.0357233644494,0.294312046507,0.343764413207,0.184008477622
4,allocation_06,-0.23056479388,0.0891181795662,0.354895174707,0.275931651126,-0.00926620273002
4,allocation_07,-0.136551947857,0.263284159116,0.297540013293,0.0218768653749,-0.214567549946
4,allocation_08,-0.0896900726487,0.322467081776,0.156566810459,-0.305886369669,-0.265017405416
4,allocation_09,-0.0737266123817,0.31858429269,0.100627328731,-0.347985995757,-0.173924483771
4,allocation_10,0.0396455823022,0.297188128559,-0.281214077913,-0.157405838158,0.372323679018
4,allocation_11,0.0565147010645,0.296466249369,-0.320790784431,-0.0766868119125,0.354149201162
4,allocation_12,0.103088742841,0.237730763574,-0.350567545247,0.20385206438,0.0103232909823
4,allocation_13,0.244318313024,0.0903175309401,-0.258854332483,0.392486725546,-0.251382973468
4,allocation_14,0.274732423873,-0.0179345757036,-0.132096789211,0.372232514346,-0.317167494087
4,allocation_15,0.308553454149,-0.12055177138,0.0941667941819,0.0809881921351,-0.176224650326
4,allocation_16,0.317042000863,-0.153965500292,0.159683535058,-0.0996341718008,0.0584077269144
4,allocation_17,0.315488379218,-0.162497296829,0.167427040849,-0.14849332241,0.146892971766
4,allocation_18,0.310820711832,-0.164237610447,0.164018098659,-0.15694104154,0.148326080243
4,allocation_19,0.309918765881,-0.164453104284,0.162819520178,-0.15736989591,0.146399690448
5,allocation_00,-0.182762919416,-0.289444527868,-0.214193253642,-0.174470085768,-0.228288738351
5,allocation_01,-0.18642731255,-0.290273612937,-0.217358076559,-0.175995060973,-0.227561297841
5,allocation_02,-0.203274881183,-0.288651647162,-0.209291923101,-0.147831634419,-0.148740910634
5,allocation_03,-0.229928259121,-0.261773249029,-0.137615926423,-0.0105700891979,0.132249920257
5,allocation_04,-0.244651330754,-0.182079373864,0.0414449931743,0.231829352321,0.395993462287
5,allocation_05,-0.242153916832,-0.0323252641543,0.295062773233,0.334489313775,0.185694484776
5,allocation_06,-0.230446144562,0.0892517543229,0.35246300936,0.270517659543,0.000731895023809
5,allocation_07,-0.128711637024,0.265349883619,0.294131175163,0.0310672306158,-0.234736272886
5,allocation_08,-0.0818935424008,0.32424039526,0.154167774786,-0.30169009024,-0.257749770584
5,allocation_09,-0.0684425797128,0.320016788117,0.108609386503,-0.341591067298,-0.186700847895
5,allocation_10,0.043277125775,0.29733067496,-0.283419550575,-0.157406637492,0.362083714854
5,allocation_11,0.0622583824712,0.294618745191,-0.320671769155,-0.0925160585231,0.348758021866
5,allocation_12,0.107017856451,0.228797218116,-0.347679111365,0.207043375022,0.0123565810692
5,allocation_13,0.247025464365,0.0827550438282,-0.257465263636,0.389047037102,-0.23046478746
5,allocation_14,0.275114571501,-0.0224674365998,-0.135479708497,0.375496763899,-0.295837520537
5,allocation_15,0.306255465151,-0.126628994459,0.0924748196327,0.106211876065,-0.207325283181
5,allocation_16,0.31631415266,-0.159158250912,0.162120638238,-0.0954735500224,0.0450042788395
5,allocation_17,0.313917522998,-0.16627730593,0.169533141679,-0.158795413841,0.151079218717
5,allocation_18,0.310060033564,-0.167374124406,0.168921973897,-0.165810444067,0.154043117537
5,allocation_19,0.309288076012,-0.167528132504,0.168098179395,-0.16577701792,0.153988482534
6,allocation_00,-0.172621288167,-0.293760996254,-0.217854488404,-0.179384358502,-0.23147808214
6,allocation_01,-0.176973381992,-0.295179464862,-0.220184881436,-0.180579467962,-0.232400157241
6,allocation_02,-0.195939398021,-0.295079282536,-0.214046648709,-0.14590171762,-0.137063903142
6,allocation_03,-0.222212648122,-0.270831796148,-0.134823727474,0.00667683534116,0.135649952735
6,allocation_04,-0.235066214331,-0.191469945128,0.0395248433443,0.2388112924,0.401177883496
6,allocation_05,-0.236740548884,-0.0376018480382,0.302740606819,0.345905750901,0.182485452116
6,allocation_06,-0.23027654969,0.0829415180764,0.357637446348,0.268644741296,-0.0236871941629
6,allocation_07,-0.139876817777,0.262233323808,0.29118833819,0.00521344403853,-0.25729145726
6,allocation_08,-0.0980969917676,0.3230933864,0.146376261218,-0.307627059053,-0.230338118853
6,allocation_09,-0.0826491062816,0.320890557005,0.0963749921977,-0.339983779753,-0.161441820023
6,allocation_10,0.034593804061,0.298526503802,-0.289130926609,-0.136031760307,0.372541503084
6,allocation_11,0.049659976024,0.297044259184,-0.320802627167,-0.0816741757198,0.354835663961
6,allocation_12,0.104559419717,0.229211554519,-0.346661924105,0.21767453359,-0.0201315069402
6,allocation_13,0.24934877959,0.0912647163228,-0.251195862121,0.385810263009,-0.244556993457
6,allocation_14,0.27827965102,-0.0137367249893,-0.125005334145,0.364533788891,-0.295030969393
6,allocation_15,0.312163024511,-0.11454548706,0.0898910536759,0.0914023422194,-0.185174616387
6,allocation_16,0.319693723826,-0.14535994788,0.162422811433,-0.0990025150611,0.0431168355719
6,allocation_17,0.317533172614,-0.153920239378,0.169639582407,-0.157388113417,0.148394201481
6,allocation_18,0.313614156993,-0.156001160128,0.166220942882,-0.168931921016,0.151923970988
6,allocation_19,0.312604866711,-0.156154878988,0.164807288581,-0.170356642045,0.147967205244
7,allocation_00,-0.196934538413,-0.277537618507,-0.217776832851,-0.177299560779,-0.2164799255
7,allocation_01,-0.200926443987,-0.277335125202,-0.221611780827,-0.178605872377,-0.223481006042
7,allocation_02,-0.219256413864,-0.27473278343,-0.213529557846,-0.153531617017,-0.143018262364
7,allocation_03,-0.243052234325,-0.247026919588,-0.143356074515,-0.0097093789502,0.125790550231
7,allocation_04,-0.252593394358,-0.167792242491,0.0370477055557,0.250858216816,0.383846175126
7,allocation_05,-0.245373386675,-0.02678498456,0.284901143161,0.344406844155,0.198067958338
7,allocation_06,-0.226912244236,0.0941942015652,0.348802433772,0.285217109281,-0.015246107165
7,allocation_07,-0.116616647762,0.269104749816,0.299315816166,0.0257416259142,-0.245541245337
7,allocation_08,-0.0673658300861,0.325608850794,0.164269331536,-0.31023070525,-0.242816921744
7,allocation_09,-0.0549528434841,0.322274098936,0.115494185811,-0.348944114096,-0.152627439975
7,allocation_10,0.0672164920671,0.293716846368,-0.280746681559,-0.140455100596,0.360755367317
7,allocation_11,0.0860314661872,0.290082609389,-0.31882801714,-0.0685875655867,0.343641969423
7,allocation_12,0.12580683341,0.226048899239,-0.343136705684,0.199603407496,0.0186019868318
7,allocation_13,0.258091518953,0.0688234536391,-0.250577927146,0.376615230011,-0.246769897151
7,allocation_14,0.275344735824,-0.0377616500086,-0.132498912579,0.365106120286,-0.318802641326
7,allocation_15,0.29519789334,-0.144374046996,0.0977744383533,0.098770323629,-0.213529108478
7,allocation_16,0.30415230029,-0.180515783241,0.165704694568,-0.0895732752782,0.0447854111352
7,allocation_17,0.301790966144,-0.189764127979,0.17240962946,-0.149460040864,0.159006020928
7,allocation_18,0.297399811547,-0.190265702758,0.170368835784,-0.160566657252,0.164202445824
7,allocation_19,0.296128095479,-0.190249563656,0.169916022598,-0.161624006386,0.163130942075
8,allocation_00,-0.189962766732,-0.286192985728,-0.20521320226,-0.18643841967,-0.208647493841
8,allocation_01,-0.193205630651,-0.287207386439,-0.206036232495,-0.185995444564,-0.213243364284
8,allocation_02,-0.212417041345,-0.285309542819,-0.197273703356,-0.150192747097,-0.136476043538
8,allocation_03,-0.233273569591,-0.261398283877,-0.13747203922,-0.0143525554556,0.0849116544891
8,allocation_04,-0.242504693118,-0.185808763138,0.0247644095226,0.249109865155,0.379454262002
8,allocation_05,-0.242341288571,-0.0308361228959,0.278871847317,0.36329630178,0.205398950139
8,allocation_06,-0.229360232233,0.0919879233596,0.346989334182,0.281884286987,0.00703806794764
8,allocation_07,-0.128113998364,0.26850309071,0.300022743517,0.0277207494327,-0.219546236114
8,allocation_08,-0.0837729304489,0.323001074503,0.172062930893,-0.29770789621,-0.249043426699
8,allocation_09,-0.0692385793856,0.318810171404,0.125122013507,-0.338647393123,-0.18452427989
8,allocation_10,0.0491114949388,0.293092907398,-0.29099003641,-0.149408305889,0.379385236311
8,allocation_11,0.0638146130463,0.291917782866,-0.321104165305,-0.0960332145967,0.364213514098
8,allocation_12,0.11114000191,0.228605955111,-0.351111605581,0.195493695237,-0.0209348049771
8,allocation_13,0.248786538468,0.0786080394761,-0.261477298219,0.381265162512,-0.257019576313
8,allocation_14,0.276052659629,-0.0262961832659,-0.138226732757,0.360963066403,-0.31193791625
8,allocation_15,0.303676599439,-0.133168438333,0.0973223351062,0.087834675324,-0.192588488305
8,allocation_16,0.31107966653,-0.163398335763,0.167110101655,-0.090411653826,0.0489397272096
8,allocation_17,0.309332969078,-0.171569177233,0.174022632883,-0.148369985254,0.15497317699
8,allocation_18,0.306319820404,-0.172911532408,0.169760587263,-0.153215013321,0.158924692228
8,allocation_19,0.305342822928,-0.172788176582,0.168886141805,-0.153314158296,0.159734791155
9,allocation_00,-0.196571925284,-0.278466994561,-0.21253490389,-0.185275856706,-0.218731434862
9,allocation_01,-0.200604122184,-0.278579167537,-0.215648475863,-0.186237997773,-0.223166129573
9,allocation_02,-0.218976988827,-0.279547338735,-0.206177715027,-0.147217679173,-0.133402746185
9,allocation_03,-0.24023213591,-0.254740102873,-0.13625526258,0.00156388818675,0.119785320819
9,allocation_04,-0.247234870786,-0.17841848038,0.0314017570294,0.243880574644,0.389566756896
9,allocation_05,-0.23787778036,-0.0255180082599,0.290938503547,0.356606843295,0.204227632781
9,allocation_06,-0.220932018456,0.10331307234,0.3499702253,0.284146095177,-0.0180131480591
9,allocation_07,-0.124242958414,0.273292594068,0.29105246336,0.0165432666502,-0.243176830836
9,allocation_08,-0.0806210218241,0.32633475374,0.162839728278,-0.298065029228,-0.245737581405
9,allocation_09,-0.067432233154,0.321924660909,0.111848768785,-0.339561253404,-0.155273820459
9,allocation_10,0.0541604101447,0.296198999655,-0.283995873397,-0.15161818416,0.363306233245
9,allocation_11,0.0729351552757,0.294481956197,-0.31988136434,-0.0787836183851,0.346262737307
9,allocation_12,0.118722490541,0.229386452893,-0.348237038658,0.196020743877,0.0156896263728
9,allocation_13,0.248916461394,0.0771849854758,-0.264851570598,0.375653934035,-0.237440292081
9,allocation_14,0.272903572638,-0.0335463969553,-0.140228354723,0.364787042466,-0.322302690713
9,allocation_15,0.300086931364,-0.133014836259,0.0895589382451,0.0988283389108,-0.211950909812
9,allocation_16,0.310390546757,-0.165768255144,0.158799754084,-0.0894219152976,0.0427454472238
9,allocation_17,0.308657372229,-0.176660262037,0.171235959672,-0.154498410875,0.152301546755
9,allocation_18,0.302493401294,-0.17789133689,0.171566649757,-0.1634730639,0.158164687429
9,allocation_19,0.30083259236,-0.177913452967,0.17131503569,-0.165373091724,0.159456893779
10,allocation_00,-0.17332236952,-0.296614061831,-0.213378280864,-0.175542021208,-0.192480915846
10,allocation_01,-0.176766870215,-0.298009114012,-0.217396294619,-0.175974003382,-0.200792229705
10,allocation_02,-0.196088981269,-0.292848029343,-0.21201278423,-0.145615264202,-0.12954840537
10,allocation_03,-0.220885596284,-0.271586283855,-0.14941569408,-0.0201744927709,0.0773614531241
10,allocation_04,-0.236943720366,-0.189407949524,0.0448217889933,0.247104173748,0.367704835568
10,allocation_05,-0.241050693921,-0.0407112975059,0.291298578949,0.35130707046,0.177703530841
10,allocation_06,-0.232875493707,0.0792095050526,0.351755169153,0.279129478525,0.00536110952196
10,allocation_07,-0.143719134484,0.258401453524,0.299038438826,0.01718812102,-0.210346616088
10,allocation_08,-0.0967223916148,0.315825763104,0.156142897641,-0.32377496321,-0.261708825505
10,allocation_09,-0.0828571254832,0.313601280724,0.111676073022,-0.355189661805,-0.196322606455
10,allocation_10,0.0331593668497,0.298099272305,-0.284167913481,-0.135030664067,0.383105426999
10,allocation_11,0.051150843947,0.297330735433,-0.318983676375,-0.0730123167341,0.366971246701
10,allocation_12,0.0999079362765,0.238033634833,-0.343124165116,0.201494089963,-0.00481513705249
10,allocation_13,0.243921252286,0.0982345309778,-0.25690550185,0.377049023182,-0.256348390436
10,allocation_14,0.278701819892,-0.0113192095678,-0.131197833515,0.359102717747,-0.325501861654
10,allocation_15,0.308693941339,-0.11947390214,0.0933379939623,0.0858943863735,-0.212980202072
10,allocation_16,0.320024753385,-0.148156649612,0.160912061643,-0.0891621532322,0.0466611774717
10,allocation_17,0.318147463949,-0.157691173566,0.169838627704,-0.146709973454,0.160122548058
10,allocation_18,0.313762170965,-0.158510635454,0.167598802683,-0.158762263601,0.16723861226
10,allocation_19,0.312849629404,-0.158424238621,0.167552134328,-0.159968436526,0.165829619159
11,allocation_00,-0.175828062566,-0.29293445185,-0.22042072019,-0.167930693145,-0.214495150665
11,allocation_01,-0.180342720705,-0.293837636755,-0.223180210845,-0.167809268602,-0.218434276901
11,allocation_02,-0.202445129115,-0.294529788392,-0.207105684714,-0.129122392206,-0.126593203133
11,allocation_03,-0.223662698565,-0.27227866305,-0.136858370454,-0.00418187209983,0.0944144508601
11,allocation_04,-0.23840018026,-0.190270957207,0.0412299245881,0.238335474636,0.372605772387
11,allocation_05,-0.239741811981,-0.0280952937952,0.303485541325,0.330963504594,0.193344907213
11,allocation_06,-0.231634394331,0.0911216174316,0.356859768917,0.260641186537,0.0180252559657
11,allocation_07,-0.141061897434,0.265048472668,0.291527033732,0.019161244898,-0.195284633934
11,allocation_08,-0.0935902779845,0.323922454404,0.13902976875,-0.314912404601,-0.258174514171
11,allocation_09,-0.0786221447102,0.31824348438,0.0959185905628,-0.344137516872,-0.21756132021
11,allocation_10,0.0431610809016,0.294061087639,-0.296107223069,-0.140508821016,0.357679263084
11,allocation_11,0.0602556310007,0.290635398021,-0.332552768021,-0.0777115066643,0.360746063689
11,allocation_12,0.107175299257,0.227706870291,-0.348277699416,0.220734311815,0.0348941018364
11,allocation_13,0.247109300117,0.087610171328,-0.240910211963,0.396729644225,-0.250905961642
11,allocation_14,0.276150527041,-0.0166301602692,-0.108055837072,0.373041719339,-0.330723053687
11,allocation_15,0.308232094439,-0.115705034255,0.0987566663873,0.099050673237,-0.204523890946
11,allocation_16,0.317528854846,-0.15128341553,0.160598199961,-0.102474344418,0.0446173416871
11,allocation_17,0.315866845282,-0.160122151145,0.165985513868,-0.162599390335,0.153318031374
11,allocation_18,0.311207268007,-0.162115289358,0.163398819873,-0.168946153948,0.163766335722
11,allocation_19,0.309825655736,-0.162099688266,0.161973377329,-0.168385886723,0.164027961751
12,allocation_00,-0.188393008767,-0.282051674218,-0.211977435509,-0.189479388459,-0.214295524866
12,allocation_01,-0.191694831983,-0.283748879117,-0.215332022565,-0.188795521387,-0.221038676012
12,allocation_02,-0.211885436215,-0.28209363543,-0.20776737929,-0.152061720886,-0.134997513178
12,allocation_03,-0.235729469956,-0.256014590205,-0.137962679065,-0.00672647289094,0.110854813321
12,allocation_04,-0.249847750193,-0.178879926311,0.0266449922916,0.246645116767,0.379475609486
12,allocation_05,-0.247629108557,-0.0223100817695,0.277592786149,0.349478550294,0.173473889898
12,allocation_06,-0.22982537278,0.0990989993853,0.339455252435,0.285503639215,-0.00137025813618
12,allocation_07,-0.127161006786,0.271565274552,0.29694787492,0.0237044035287,-0.203555313186
12,allocation_08,-0.075425432792,0.323994263117,0.168172596116,-0.313712280766,-0.248981327183
12,allocation_09,-0.0600870310989,0.318190943983,0.118421889513,-0.357003771625,-0.17990448604
12,allocation_10,0.061271017798,0.292053060453,-0.293827264485,-0.135124313169,0.367877724951
12,allocation_11,0.0757307516691,0.290699349713,-0.323783501864,-0.0786571858943,0.354638228401
12,allocation_12,0.116529047709,0.230812110148,-0.348044264072,0.181431479291,0.00890401006442
12,allocation_13,0.249881756365,0.0790740487163,-0.257587110047,0.373244373976,-0.265848196069
12,allocation_14,0.273345153493,-0.0263758173656,-0.137232908899,0.368015914798,-0.334733528376
12,allocation_15,0.30131744719,-0.136900168859,0.101255239818,0.0923131394223,-0.200146368532
12,allocation_16,0.309870924141,-0.168943574851,0.166323698932,-0.0873999578963,0.0568728711125
12,allocation_17,0.307301149285,-0.176907468882,0.173119587036,-0.141505503239,0.159120196066
12,allocation_18,0.303814268694,-0.178962031431,0.170428053535,-0.151328294203,0.161926973982
12,allocation_19,0.302470051042,-0.178606634356,0.16909757485,-0.1522527348,0.161496962852
13,allocation_00,-0.18063303978,-0.28900642577,-0.221394966442,-0.180969957141,-0.225353127893
13,allocation_01,-0.184071807161,-0.289193528927,-0.223959949737,-0.182123423039,-0.227128666702
13,allocation_02,-0.205081758069,-0.287953077771,-0.215786786445,-0.144499092114,-0.13359537947
13,allocation_03,-0.232153161609,-0.262957407768,-0.14002614721,0.00227182413532,0.122334751704
13,allocation_04,-0.244951506028,-0.184457499431,0.0462712642843,0.247571566377,0.396216899983
13,allocation_05,-0.242277421033,-0.0407547164413,0.298145697303,0.338190072715,0.192722069033
13,allocation_06,-0.229183792847,0.0850171084003,0.359546576483,0.265509913934,-0.0284656991738
13,allocation_07,-0.129941901526,0.264891491081,0.294265681617,0.0119914469105,-0.252189354202
13,allocation_08,-0.0885347224377,0.319241273479,0.153332364933,-0.309840808226,-0.238530546837
13,allocation_09,-0.0742171329436,0.315080625263,0.106183006388,-0.347421811199,-0.156256281276
13,allocation_10,0.0430782173329,0.299778986586,-0.28177016244,-0.132500580356,0.3677413496
13,allocation_11,0.0601964393546,0.296314618399,-0.318352630843,-0.0751645447901,0.345415063002
13,allocation_12,0.104550956301,0.234523049929,-0.342368793957,0.203240947178,0.000658637329231
13,allocation_13,0.244417141374,0.0876392128075,-0.25605601055,0.390638208326,-0.239361859005
13,allocation_14,0.274499327878,-0.0225164842298,-0.125837089054,0.370152508016,-0.313489156536
13,allocation_15,0.305553256429,-0.125809742429,0.100728270899,0.0920947348206,-0.198883459551
13,allocation_16,0.318285270517,-0.157554745608,0.157040138248,-0.0867487748948,0.0398295782323
13,allocation_17,0.313836295912,-0.166724378752,0.164503734361,-0.153982695693,0.15721820972
13,allocation_18,0.310018756073,-0.169173518555,0.161759035524,-0.167302264632,0.158624219556
13,allocation_19,0.308717276662,-0.169057185581,0.159928942121,-0.168396661624,0.154360919372
14,allocation_00,-0.18519069752,-0.286723068608,-0.217137269966,-0.169044943152,-0.217090519915
14,allocation_01,-0.188809442492,-0.287221335801,-0.221895433415,-0.17072907394,-0.218609520128
14,allocation_02,-0.205710997731,-0.286074264241,-0.211563013114,-0.149520479997,-0.139868209138
14,allocation_03,-0.231204733899,-0.263927679463,-0.142720612005,-0.0174912527236,0.101883325029
14,allocation_04,-0.245495847669,-0.185999030353,0.0308683181398,0.23485889208,0.389433648709
14,allocation_05,-0.244676308174,-0.0347215550777,0.281207418396,0.35193533927,0.209129244572
14,allocation_06,-0.23159616427,0.0865803759865,0.343440518052,0.287628389737,0.00335112386473
14,allocation_07,-0.138054786228,0.262385051423,0.297077135979,0.0220262138495,-0.226166441552
14,allocation_08,-0.0944909544293,0.316681784196,0.171559795607,-0.303721245895,-0.251932962078
14,allocation_09,-0.076682690419,0.313899329847,0.120993716087,-0.343195126804,-0.185834530099
14,allocation_10,0.0494017310392,0.295365014831,-0.281862875695,-0.15759310819,0.370307471838
14,allocation_11,0.0668276024248,0.294640860919,-0.318747533376,-0.0917813138844,0.351470959294
14,allocation_12,0.109901182911,0.237022034956,-0.344330522696,0.190370427497,0.013895476143
14,allocation_13,0.245428565131,0.0937111845694,-0.257703695004,0.377788058391,-0.239328858337
14,allocation_14,0.273964700396,-0.0167959628853,-0.134979755489,0.370589761766,-0.308930976254
14,allocation_15,0.302515395635,-0.12806169345,0.0899943309776,0.113538103818,-0.212773265135
14,allocation_16,0.313786459586,-0.163564808075,0.16111581804,-0.0906549664515,0.0523533648868
14,allocation_17,0.309411186775,-0.172278477916,0.173911083991,-0.154629207622,0.151794154718
14,allocation_18,0.306028880682,-0.174274539733,0.172997296668,-0.161978185482,0.152573184707
14,allocation_19,0.304959561861,-0.174161534379,0.172352818962,-0.16289236175,0.150581858453
15,allocation_00,-0.188092491491,-0.286680298147,-0.21959561803,-0.166628300979,-0.197340905755
15,allocation_01,-0.19211679602,-0.28812729135,-0.222781626013,-0.166878238408,-0.202529745133
15,allocation_02,-0.207971748618,-0.284627420139,-0.214477474136,-0.137423616239,-0.131643155789
15,allocation_03,-0.230644339461,-0.26317337673,-0.144659754457,-0.00994978372452,0.0916639621911
15,allocation_04,-0.242410494706,-0.175261634345,0.0572946701394,0.259002149714,0.393868756932
15,allocation_05,-0.240483164652,-0.0223109434063,0.306628505319,0.327705227679,0.182398461368
15,allocation_06,-0.225979407006,0.100609769107,0.359638961777,0.259166420646,-0.00673601463386
15,allocation_07,-0.131234817599,0.266262541343,0.296253581545,0.023410599246,-0.227527938769
15,allocation_08,-0.082890734066,0.321827536852,0.145725859899,-0.322822377027,-0.261593048478
15,allocation_09,-0.0655900080409,0.316720939111,0.0900337769802,-0.364303503404,-0.169051548218
15,allocation_10,0.0524976424435,0.297188406709,-0.287773412974,-0.131748122082,0.375268590996
15,allocation_11,0.0691258150279,0.296541159751,-0.317624302975,-0.0663497184139,0.355434746087
15,allocation_12,0.11317845717,0.231437586994,-0.339601096672,0.217783676455,0.0107517605631
15,allocation_13,0.248556391436,0.0847003291712,-0.245136513645,0.386785092552,-0.248826904257
15,allocation_14,0.276440274185,-0.0245424324948,-0.120659050755,0.362190427902,-0.317297005157
15,allocation_15,0.305140579225,-0.129467839917,0.0977560906425,0.0922009664579,-0.216041282684
15,allocation_16,0.315012626741,-0.159386496705,0.158199223986,-0.0933154703586,0.0422114412985
15,allocation_17,0.311382446255,-0.170643099147,0.168116198162,-0.155023746857,0.160563476463
15,allocation_18,0.306704474228,-0.172413756473,0.166262069273,-0.165494578362,0.163348081113
15,allocation_19,0.305438143293,-0.172619479174,0.165225148739,-0.166370537979,0.162152783614
16,allocation_00,-0.17875624912,-0.28868182461,-0.224279477921,-0.167056156438,-0.222983214727
16,allocation_01,-0.183398172241,-0.289155550151,-0.227252387615,-0.167506658535,-0.223689787519
16,allocation_02,-0.203827094707,-0.288468659437,-0.218560893794,-0.133456472048,-0.130686226871
16,allocation_03,-0.227610552553,-0.263261462267,-0.141914328767,-0.0036935271467,0.117941461655
16,allocation_04,-0.243567154866,-0.185040216539,0.0546479132291,0.234350265741,0.389142924575
16,allocation_05,-0.242768642393,-0.0373836538796,0.306616576386,0.316053732932,0.184689165706
16,allocation_06,-0.229283822267,0.0857539133698,0.363841179854,0.257182239865,0.00810430434546
16,allocation_07,-0.136175700046,0.258498320022,0.304130387527,0.0243862264228,-0.220367362324
16,allocation_08,-0.0858672361236,0.321623565651,0.144431404997,-0.308965376323,-0.271982799353
16,allocation_09,-0.0703568264232,0.318890254947,0.0917423760846,-0.344478689526,-0.196569287355
16,allocation_10,0.0408566355823,0.301052223658,-0.283793706287,-0.141719631941,0.366574752785
16,allocation_11,0.0544847817269,0.300242236087,-0.316703332502,-0.0825788549587,0.354624213837
16,allocation_12,0.101732467552,0.236983244248,-0.340104459993,0.219853629509,0.0298988940554
16,allocation_13,0.242122074642,0.0892055295544,-0.243468251634,0.409244800424,-0.239779958355
16,allocation_14,0.273507131771,-0.0182177319725,-0.119562461038,0.380828054746,-0.30857360263
16,allocation_15,0.308136071849,-0.123378805579,0.0935065919331,0.0964438891478,-0.19069125638
16,allocation_16,0.31874082678,-0.156153263266,0.15408414099,-0.0980360853215,0.041780959509
16,allocation_17,0.316096445363,-0.162987583185,0.160409889441,-0.162744334117,0.15077336447
16,allocation_18,0.312277259576,-0.164508873643,0.159747273403,-0.169827641649,0.155336822613
16,allocation_19,0.311392567376,-0.164691088907,0.15866569745,-0.168957442003,0.154129939586
17,allocation_00,-0.187299694697,-0.282510179662,-0.224304461987,-0.183729022409,-0.202580587612
17,allocation_01,-0.191071041961,-0.283270647702,-0.226968602139,-0.183839062352,-0.204327385514
17,allocation_02,-0.20759178432,-0.280981489834,-0.219477202081,-0.146131591133,-0.12963632086
17,allocation_03,-0.23316330706,-0.258724235952,-0.14126627046,0.00365241304342,0.1033737837
17,allocation_04,-0.249557633915,-0.180207317351,0.0379993512822,0.253583978728,0.359098523214
17,allocation_05,-0.244832726751,-0.0355789270677,0.291501251686,0.343506077044,0.177519977449
17,allocation_06,-0.231207249006,0.0895703223663,0.354098625485,0.266409555462,-0.000234743381875
17,allocation_07,-0.134120397886,0.26447406833,0.300927153947,0.0142020240976,-0.196051702083
17,allocation_08,-0.0833096586308,0.324542881696,0.15639847906,-0.309656735115,-0.251147150817
17,allocation_09,-0.064760831792,0.318601767467,0.0996519006818,-0.356546287829,-0.191094854419
17,allocation_10,0.0541873048468,0.298370872867,-0.286620289036,-0.123399475283,0.350450141145
17,allocation_11,0.069001590303,0.296708495449,-0.318716972514,-0.0613539600636,0.350679341727
17,allocation_12,0.114623312274,0.23285625807,-0.341284754675,0.200310628194,0.0546331155952
17,allocation_13,0.251035476056,0.0810373625132,-0.24697194486,0.389901615389,-0.25015467771
17,allocation_14,0.275279266047,-0.0293036230751,-0.12115869576,0.366143567237,-0.357094425192
17,allocation_15,0.302631054906,-0.128805304479,0.0982229598005,0.0809311036009,-0.230087498853
17,allocation_16,0.310698915268,-0.16520459797,0.159955412,-0.0908801187541,0.030622698346
17,allocation_17,0.308475753938,-0.175187659044,0.167974407288,-0.151306401053,0.171721716348
17,allocation_18,0.303623035172,-0.176381255742,0.165026068424,-0.160228231013,0.184990215843
17,allocation_19,0.301749082624,-0.176404360127,0.16349744361,-0.161286347149,0.186463276134
18,allocation_00,-0.190960192726,-0.282433812388,-0.208834025348,-0.180210877753,-0.231761972364
18,allocation_01,-0.194686226441,-0.283599919272,-0.212172945791,-0.180193457941,-0.23418995011
18,allocation_02,-0.210997931845,-0.281998253779,-0.207729366913,-0.144518166462,-0.147731213743
18,allocation_03,-0.232666369154,-0.25847471468,-0.144494376589,-0.00681219201628,0.12191493081
18,allocation_04,-0.247530321093,-0.185010316439,0.017350653832,0.222759394744,0.395870305821
18,allocation_05,-0.245285881133,-0.035133432736,0.281229447746,0.347380882646,0.208879330357
18,allocation_06,-0.228959534324,0.0861038279545,0.347228955016,0.294067118894,0.00617793616078
18,allocation_07,-0.129284088376,0.261748674317,0.302584102186,0.038350258876,-0.236760823963
18,allocation_08,-0.0843284522901,0.321929485026,0.172876394432,-0.296939599012,-0.243719032161
18,allocation_09,-0.0691913880196,0.318898734578,0.124711291415,-0.338892342622,-0.176769697625
18,allocation_10,0.0497592210596,0.295316594178,-0.279219820618,-0.167706604211,0.365692342059
18,allocation_11,0.0677073711081,0.294601341082,-0.317367075051,-0.0994967381258,0.346564323126
18,allocation_12,0.112094349406,0.230755360543,-0.347759675439,0.193894191532,0.00705346917894
18,allocation_13,0.245353924224,0.0867361410925,-0.264094369959,0.388318412014,-0.238599733086
18,allocation_14,0.270703277268,-0.0191528631095,-0.142997133766,0.376033453173,-0.306220410688
18,allocation_15,0.304204960827,-0.133642065296,0.0944208633838,0.0872908918773,-0.185719681537
18,allocation_16,0.312436579994,-0.167984129539,0.16288741191,-0.0902347384119,0.0413995051472
18,allocation_17,0.309188263514,-0.177147595198,0.170829437063,-0.146097387576,0.148695024751
18,allocation_18,0.30529197204,-0.179072048904,0.16830787397,-0.154091856431,0.149538155431
18,allocation_19,0.304045455806,-0.179105607461,0.166166682379,-0.155552891165,0.149678455546
19,allocation_00,-0.181623895114,-0.289043666016,-0.215913652897,-0.171787835805,-0.238151254047
19,allocation_01,-0.185110535872,-0.290340528651,-0.217932397108,-0.17195774963,-0.237538473443
19,allocation_02,-0.2056381821,-0.289925231975,-0.210225514847,-0.142069159117,-0.133721955121
19,allocation_03,-0.228576712056,-0.261670510336,-0.143284708754,-0.0102630684302,0.13620593867
19,allocation_04,-0.244099222006,-0.184982050069,0.0306507572813,0.231160951637,0.396076034762
19,allocation_05,-0.243244502053,-0.0376458925905,0.295973166036,0.332831794014,0.18366253264
19,allocation_06,-0.231790336814,0.0834361876331,0.356994783893,0.273626331871,0.000564857879605
19,allocation_07,-0.133755544894,0.263433810836,0.295686995514,0.0380640831891,-0.215934056915
19,allocation_08,-0.0888335660826,0.320492884526,0.157126555047,-0.300036495313,-0.267713020516
19,allocation_09,-0.0743057392573,0.316132010475,0.108171878191,-0.343872065323,-0.19001002509
19,allocation_10,0.0411486988028,0.299863813654,-0.281796525263,-0.1544849339,0.367752339641
19,allocation_11,0.0579239896197,0.29766456693,-0.316512078125,-0.0988431869171,0.349543946334
19,allocation_12,0.108337594741,0.232608849786,-0.346165987771,0.208608268546,-0.00222597295828
19,allocation_13,0.247626455819,0.0845628066545,-0.254065511309,0.393522026986,-0.227123233747
19,allocation_14,0.276219127983,-0.0219216297181,-0.133188420359,0.371170816063,-0.290666806086
19,allocation_15,0.306916204554,-0.12162419265,0.0925876031212,0.105122303556,-0.203852390454
19,allocation_16,0.315377776945,-0.157697283317,0.161883818667,-0.0992298138871,0.0495584866648
19,allocation_17,0.312131236515,-0.166626798796,0.168684359968,-0.158173107692,0.150566346496
19,allocation_18,0.308031498971,-0.16918871513,0.168600257424,-0.167884767548,0.151755822083
19,allocation_19,0.30669005034,-0.169314406122,0.167296499143,-0.167171601889,0.149010125633
20,allocation_00,-0.180158392159,-0.291440452858,-0.214776495239,-0.17620851884,-0.207835247066
20,allocation_01,-0.183595814802,-0.29223337779,-0.217034858561,-0.17593073427,-0.209298176925
20,allocation_02,-0.202390834032,-0.291606157305,-0.211748039014,-0.1375271534,-0.122508076324
20,allocation_03,-0.224485682217,-0.265850974145,-0.149330239289,-0.0138820864864,0.0874860423931
20,allocation_04,-0.24435629302,-0.18467868876,0.037343953984,0.246882341271,0.380362430951
20,allocation_05,-0.243731795053,-0.0311798892881,0.294448013348,0.341420938587,0.172885720171
20,allocation_06,-0.232849773668,0.0869860259803,0.351677869084,0.273636793587,0.00761819692707
20,allocation_07,-0.139918336574,0.260862897701,0.300727830602,0.0190804883716,-0.189426996915
20,allocation_08,-0.0905832198946,0.319258448315,0.154964837628,-0.320915428368,-0.262789508207
20,allocation_09,-0.0749997894231,0.316672513991,0.104875572716,-0.361124709256,-0.192345878178
20,allocation_10,0.0468801524699,0.29509503452,-0.286844121092,-0.136208142029,0.377897644857
20,allocation_11,0.0658253764168,0.293511603525,-0.325317582015,-0.0691034897126,0.350545006114
20,allocation_12,0.108659794805,0.233001452939,-0.344682841128,0.203812388088,0.0192279837257
20,allocation_13,0.244964951936,0.0914955363473,-0.248660927396,0.38893442805,-0.269403654877
20,allocation_14,0.275869797832,-0.0184825760317,-0.117715682938,0.365417184807,-0.343504490606
20,allocation_15,0.307170442268,-0.126702712137,0.106608876063,0.0701248225749,-0.18585360701
20,allocation_16,0.314974266644,-0.157627637005,0.161115311004,-0.0884355882318,0.0433967165214
20,allocation_17,0.312353556582,-0.166268768429,0.166755987678,-0.148682881231,0.164787150903
20,allocation_18,0.308635901049,-0.167830533994,0.165500302628,-0.155496737713,0.165178913616
20,allocation_19,0.308066618452,-0.167642670326,0.165167638459,-0.155058383602,0.162111940712
21,allocation_00,-0.190821264113,-0.281565124362,-0.21830803014,-0.178255425135,-0.23383489481
21,allocation_01,-0.193805122193,-0.282523525145,-0.220428816111,-0.178230358165,-0.234816483295
21,allocation_02,-0.212963849234,-0.282186407714,-0.210298500865,-0.142378823907,-0.146238393123
21,allocation_03,-0.235620595986,-0.257342072369,-0.135559100036,-0.00250237182921,0.137242232649
21,allocation_04,-0.244080092993,-0.183641258364,0.0402970685308,0.226784200319,0.420470095416
21,allocation_05,-0.241164439772,-0.0401531451159,0.302446356283,0.336195818486,0.18575300285
21,allocation_06,-0.22519259585,0.0838778089445,0.363975485939,0.278212805872,-0.028493469137
21,allocation_07,-0.126004468177,0.261728217149,0.305699051247,0.035281955207,-0.257196507849
21,allocation_08,-0.0804143246151,0.325263444603,0.153410152274,-0.302365447956,-0.236965262462
21,allocation_09,-0.0651385798014,0.323068570976,0.10476272786,-0.334808536627,-0.167684308735
21,allocation_10,0.0412446172944,0.30153843461,-0.272666396191,-0.159930618861,0.361700550798
21,allocation_11,0.056251814714,0.300767757589,-0.30978459306,-0.0841695917386,0.350454829591
21,allocation_12,0.104297518714,0.230998304772,-0.340376091258,0.23028072484,-0.00172121302266
21,allocation_13,0.246834322375,0.0801442772319,-0.260104630774,0.392580488318,-0.22645959803
21,allocation_14,0.277329564922,-0.0298340099092,-0.138881265218,0.362232492522,-0.280608146029
21,allocation_15,0.305536275443,-0.130411477325,0.0819941550754,0.0949606997082,-0.195671371018
21,allocation_16,0.312856542387,-0.162632573616,0.158535381309,-0.0951038511048,0.0456688600526
21,allocation_17,0.311827161475,-0.171315622335,0.167096794138,-0.155237291072,0.143001709617
21,allocation_18,0.30727769459,-0.172009649989,0.165605825539,-0.167334401904,0.146871022228
21,allocation_19,0.30602749136,-0.171905069904,0.165222543445,-0.168429208505,0.146158692338
22,allocation_00,-0.176407418466,-0.295124048101,-0.212273808123,-0.176454983934,-0.221232072263
22,allocation_01,-0.179889342615,-0.295962932887,-0.214864269253,-0.175828814579,-0.22339706818
22,allocation_02,-0.201790679035,-0.294522384571,-0.205845854873,-0.139890931889,-0.136477283644
22,allocation_03,-0.223018522542,-0.266265318673,-0.139742231474,-0.0120573282554,0.115020169965
22,allocation_04,-0.237863333019,-0.190800657642,0.0398777482737,0.234870325028,0.400744580022
22,allocation_05,-0.239325019638,-0.0449765160516,0.298593452984,0.335678770167,0.19483797032
22,allocation_06,-0.22959279373,0.0803120455146,0.353425111209,0.276254462277,-0.0053774798538
22,allocation_07,-0.140138664018,0.262640413516,0.291493429187,0.0462321043284,-0.216172041479
22,allocation_08,-0.095484427782,0.321002178693,0.15787193906,-0.294254212782,-0.26942782277
22,allocation_09,-0.0827825621758,0.315300792635,0.112112185348,-0.335191003409,-0.199781346669
22,allocation_10,0.0284340035586,0.300019292688,-0.277409954054,-0.162584401607,0.36764195148
22,allocation_11,0.0461546444413,0.300623952835,-0.315159086746,-0.0935924095916,0.350245935199
22,allocation_12,0.0977916324001,0.235180003136,-0.351663853262,0.204618862391,0.0147370772378
22,allocation_13,0.243432569314,0.0872316280626,-0.26478378639,0.390080207086,-0.22126129418
22,allocation_14,0.275348516632,-0.0181394746036,-0.13889380112,0.370354331899,-0.289844091399
22,allocation_15,0.30985609086,-0.113878905471,0.084407205916,0.117490902077,-0.215152861268
22,allocation_16,0.321342567065,-0.147249719571,0.159703434077,-0.0925567256368,0.03913582889
22,allocation_17,0.318246077123,-0.155029224942,0.171650841211,-0.16073540771,0.148130664963
22,allocation_18,0.313209415904,-0.156443186256,0.169875867414,-0.170849429247,0.15942105208
22,allocation_19,0.312498700664,-0.156711585975,0.168675841719,-0.170917990146,0.158987044688
23,allocation_00,-0.200172304197,-0.275410064205,-0.216104666732,-0.171461043302,-0.219940847245
23,allocation_01,-0.204408371513,-0.275382861777,-0.219187406878,-0.172710667938,-0.225390513835
23,allocation_02,-0.222700780963,-0.271109983083,-0.210050972846,-0.14310684972,-0.138466058321
23,allocation_03,-0.242275332991,-0.24692798845,-0.144520502907,-0.013617694571,0.118541156871
23,allocation_04,-0.251562307521,-0.169252183447,0.0363848602769,0.241117303327,0.396578082069
23,allocation_05,-0.241118293422,-0.0190609185498,0.294884882555,0.339216725625,0.199788998215
23,allocation_06,-0.221419221979,0.102650779754,0.359087523175,0.275504253552,-0.0114916479428
23,allocation_07,-0.117212634207,0.268789139089,0.302926167188,0.0327293192779,-0.248040502578
23,allocation_08,-0.0675123472234,0.33212612552,0.14897259121,-0.313872692958,-0.234059908447
23,allocation_09,-0.0529034361106,0.327128863459,0.102007251362,-0.347788701923,-0.172989903891
23,allocation_10,0.0649344587944,0.294711721957,-0.278946172986,-0.151595069613,0.371202295551
23,allocation_11,0.0854788017046,0.290219347871,-0.320097951381,-0.0790411109018,0.353124079295
23,allocation_12,0.130239114774,0.220688686285,-0.338311153674,0.223700133521,0.00870669457282
23,allocation_13,0.250361766773,0.0738641340902,-0.253575478437,0.388613874872,-0.244192149484
23,allocation_14,0.272781995881,-0.0352785726542,-0.134490545186,0.360439684204,-0.316098104483
23,allocation_15,0.301107353288,-0.144383530819,0.0966255132569,0.0827419224361,-0.184835627344
23,allocation_16,0.304601926395,-0.177588798151,0.161586453996,-0.0937325299084,0.0449587784182
23,allocation_17,0.303427209391,-0.186661176486,0.170544162161,-0.149796997902,0.147530063454
23,allocation_18,0.298304851001,-0.188449726367,0.16926032748,-0.161686069217,0.149047075215
23,allocation_19,0.29704125318,-0.188408408388,0.168414120961,-0.161348603962,0.147538925495
24,allocation_00,-0.165052817215,-0.302309723014,-0.20764216827,-0.175220667933,-0.225632863678
24,allocation_01,-0.169550055767,-0.303954925829,-0.210769033591,-0.177269463418,-0.227869764081
24,allocation_02,-0.188325709425,-0.301169773872,-0.203303611908,-0.146333759462,-0.145779741154
24,allocation_03,-0.214373733916,-0.27945831044,-0.14062174247,-0.015513818373,0.116857511866
24,allocation_04,-0.234615717497,-0.198987292015,0.0207159131101,0.242262978026,0.409032515867
24,allocation_05,-0.24765756839,-0.0410024168046,0.277360915799,0.345605829039,0.189406051351
24,allocation_06,-0.240561628183,0.0811474264126,0.337886785661,0.285218713006,0.00589923918808
24,allocation_07,-0.15309733976,0.255773531103,0.29113812329,0.0446901423572,-0.220625125584
24,allocation_08,-0.109166516906,0.313239588491,0.167428373813,-0.29562732301,-0.259212949694
24,allocation_09,-0.0929221177053,0.310788872359,0.11966038676,-0.345972562781,-0.176197303852
24,allocation_10,0.0336695874504,0.293628781724,-0.283507578569,-0.17007302877,0.373957514621
24,allocation_11,0.0539630256869,0.294120002992,-0.325016892934,-0.0990155194527,0.340593025004
24,allocation_12,0.104799675898,0.23060237199,-0.351232328389,0.193314125315,-0.00659876750207
24,allocation_13,0.243716159817,0.0972661462356,-0.261238811014,0.382834975377,-0.236186540543
24,allocation_14,0.276224302737,-0.00525598526526,-0.136364620423,0.369752870351,-0.297583779505
24,allocation_15,0.309385902461,-0.112629247711,0.103900049102,0.0993655494593,-0.196304888036
24,allocation_16,0.320755531626,-0.143154053619,0.167462629568,-0.082926770667,0.0378871251392
24,allocation_17,0.317495330412,-0.151587667185,0.180161158113,-0.148812556865,0.151874347008
24,allocation_18,0.312318089816,-0.154480195129,0.181199660482,-0.156974789167,0.155634809428
24,allocation_19,0.31092226291,-0.154975948739,0.179911963688,-0.157254984646,0.156964363659
25,allocation_00,-0.204717079092,-0.269239379184,-0.212842079837,-0.18945964472,-0.208482497593
25,allocation_01,-0.208454697358,-0.270129778337,-0.216479480382,-0.188507866474,-0.213834830752
25,allocation_02,-0.22687288694,-0.266876267527,-0.207325385402,-0.156311562566,-0.134068585647
25,allocation_03,-0.249674541325,-0.241150367002,-0.142741769439,-0.0190165378546,0.102627792948
25,allocation_04,-0.258505485236,-0.164923721451,0.0316130506204,0.249197744017,0.373585318387
25,allocation_05,-0.246495911716,-0.0217947195512,0.276167504093,0.356268481404,0.202599382705
25,allocation_06,-0.224352543224,0.103864349387,0.344793074869,0.281543021042,-0.0118059026078
25,allocation_07,-0.113241068343,0.275748932191,0.299978577784,0.0242238176947,-0.212411807873
25,allocation_08,-0.0621380156888,0.327881418745,0.171917133139,-0.300671767484,-0.253210889252
25,allocation_09,-0.0470085150689,0.32332725366,0.123062462361,-0.341216728677,-0.184080001613
25,allocation_10,0.0719468071735,0.294133191071,-0.272793194633,-0.152748493531,0.361147629791
25,allocation_11,0.0886713079425,0.290383954085,-0.317394032883,-0.0822984666107,0.35554681934
25,allocation_12,0.125956200704,0.227878046155,-0.349003476165,0.181837590552,0.0325485515349
25,allocation_13,0.247995929346,0.070354874101,-0.268215792649,0.376925689336,-0.247183204506
25,allocation_14,0.269661451428,-0.0415805630732,-0.143097118514,0.367430500516,-0.334454956271
25,allocation_15,0.29562553647,-0.150605645253,0.0928184015396,0.0990645946222,-0.214025903274
25,allocation_16,0.302528940944,-0.183250404404,0.162486834,-0.0816169908649,0.0380502065581
25,allocation_17,0.298860476695,-0.193091363426,0.172736442183,-0.148956925713,0.160227121741
25,allocation_18,0.294194313893,-0.194709117302,0.172675940173,-0.156812818715,0.165186897114
25,allocation_19,0.293437781535,-0.194200266125,0.172022063441,-0.156718740584,0.165397841904
26,allocation_00,-0.196385736333,-0.28214574472,-0.20529589649,-0.175390799362,-0.234609704231
26,allocation_01,-0.199864731018,-0.282715081449,-0.206596061687,-0.175226721959,-0.234889546809
26,allocation_02,-0.217367153,-0.281019877707,-0.199511227971,-0.152838335318,-0.143629325274
26,allocation_03,-0.237520462014,-0.254856154783,-0.131725683761,-0.015566254355,0.140113049127
26,allocation_04,-0.246214521426,-0.176910084651,0.0368173705161,0.23221725033,0.419713018118
26,allocation_05,-0.237432448683,-0.0194360890812,0.306020861504,0.335536123489,0.174198956626
26,allocation_06,-0.221113097473,0.103636172786,0.358033287759,0.274201486188,-0.0156373741192
26,allocation_07,-0.119622836119,0.276048770549,0.291725794403,0.0388466239334,-0.227839128494
26,allocation_08,-0.0739911800037,0.331724262553,0.147428771177,-0.300372551418,-0.247583928003
26,allocation_09,-0.0610611735951,0.329513741222,0.102459861999,-0.336372646512,-0.189089172226
26,allocation_10,0.0478876454021,0.297918757667,-0.285360121248,-0.154950130377,0.353935168973
26,allocation_11,0.0639759934988,0.295312644533,-0.321931013429,-0.0955162283569,0.345252652747
26,allocation_12,0.108669446769,0.223108099824,-0.3535274602,0.215534170998,0.0178751294098
26,allocation_13,0.244969750174,0.0692962134553,-0.264053503751,0.39218682601,-0.240736627669
26,allocation_14,0.27145594286,-0.0367214454974,-0.140602837938,0.369558769074,-0.300316829063
26,allocation_15,0.305453963416,-0.131658651439,0.088157528615,0.0933679255562,-0.187792986249
26,allocation_16,0.314548259037,-0.160503369057,0.156525054199,-0.0994239886374,0.052002633739
26,allocation_17,0.310214320898,-0.166482505783,0.169109519845,-0.158970351295,0.150829694895
26,allocation_18,0.307227698437,-0.168009942479,0.169573710807,-0.164663334776,0.14395186727
26,allocation_19,0.306046586469,-0.168438780753,0.168272938958,-0.165518480223,0.139415116857
27,allocation_00,-0.197816354217,-0.277265488556,-0.213965932744,-0.18235920996,-0.216226785664
27,allocation_01,-0.201800729196,-0.277606053705,-0.216754447227,-0.182913550874,-0.217182548938
27,allocation_02,-0.221593963984,-0.273140558984,-0.208354575537,-0.147693226991,-0.130279482791
27,allocation_03,-0.24624453069,-0.247539116265,-0.1343772168,-0.00951704354268,0.105407680339
27,allocation_04,-0.25514525902,-0.173865105568,0.0382443111769,0.239295917992,0.358535387104
27,allocation_05,-0.242457091672,-0.0292697448391,0.294163807563,0.345432158253,0.197382325084
27,allocation_06,-0.223721855155,0.0949223237406,0.357034661816,0.273617353398,0.00755789067561
27,allocation_07,-0.11422280156,0.274623242245,0.298522208812,0.0218782166524,-0.207418884896
27,allocation_08,-0.0675265010438,0.328465595506,0.164752690819,-0.304019969016,-0.254119727623
27,allocation_09,-0.0516674183595,0.322196247308,0.114763552835,-0.345146079041,-0.20250173866
27,allocation_10,0.0609394935614,0.294549201831,-0.286613118394,-0.133811182975,0.364754554783
27,allocation_11,0.0779375802243,0.289956274069,-0.324649502557,-0.0754313249892,0.354773306061
27,allocation_12,0.114734979873,0.228304679822,-0.34724714924,0.202938071542,0.0259171149721
27,allocation_13,0.244846172046,0.0708408772319,-0.255307637781,0.399760186255,-0.2613145743
27,allocation_14,0.269578369312,-0.0441781932991,-0.122367695235,0.368660569566,-0.341977190283
27,allocation_15,0.300672512054,-0.144780488533,0.0998591880085,0.0822829239585,-0.19243156772
27,allocation_16,0.308121394191,-0.175253544199,0.156346755914,-0.0913619949847,0.0496917581598
27,allocation_17,0.306113842507,-0.182189804974,0.163384531329,-0.150523991942,0.160794832267
27,allocation_18,0.301736064205,-0.18438369979,0.16128016425,-0.157806839681,0.161260864685
27,allocation_19,0.300874477077,-0.184852922283,0.159581023524,-0.157235304233,0.160152031946
28,allocation_00,-0.186805461287,-0.286148517523,-0.212763217972,-0.167338806393,-0.238765876319
28,allocation_01,-0.190278574551,-0.287571755581,-0.215517161431,-0.167754289971,-0.238497121318
28,allocation_02,-0.207607212161,-0.28658133216,-0.208123976983,-0.137578686093,-0.138666345149
28,allocation_03,-0.231628702965,-0.261442914506,-0.13829974132,-0.0106500972552,0.115396338728
28,allocation_04,-0.246594910179,-0.18640418666,0.0327525936259,0.21793608116,0.40773504897
28,allocation_05,-0.24273630224,-0.0318980225325,0.29736157967,0.333774666918,0.210529871234
28,allocation_06,-0.225563137249,0.0918739255236,0.359858317313,0.277168674079,-0.0103666502282
28,allocation_07,-0.12790606167,0.263180106408,0.301690634608,0.0411492632534,-0.249151050133
28,allocation_08,-0.0798696747367,0.324080937278,0.15183205848,-0.309253773351,-0.246640230647
28,allocation_09,-0.0656318479207,0.321882389064,0.102761942809,-0.34572410688,-0.172942873573
28,allocation_10,0.0479888236909,0.296294790277,-0.28962600238,-0.148375920524,0.363657390084
28,allocation_11,0.0621220244649,0.292998849849,-0.323122815642,-0.0901344556744,0.35475163052
28,allocation_12,0.10737068788,0.225136053606,-0.347067841394,0.215790630949,-0.0067042762598
28,allocation_13,0.249081026255,0.0785011464782,-0.247660203347,0.402958738187,-0.244028546078
28,allocation_14,0.276653085974,-0.0253288491547,-0.128073125878,0.375544138881,-0.290468913895
28,allocation_15,0.307759746998,-0.130530827176,0.0942523032665,0.0777264544461,-0.160169152864
28,allocation_16,0.315803977405,-0.160363097626,0.154576604552,-0.0941079520388,0.0495495213981
28,allocation_17,0.310735355064,-0.170919934647,0.166551562038,-0.155633756416,0.14342756217
28,allocation_18,0.306460093721,-0.17271548911,0.166507756813,-0.16243522448,0.142068547863
28,allocation_19,0.305448077034,-0.172936115748,0.165798779185,-0.163141953058,0.138360118698
29,allocation_00,-0.203734094514,-0.271475773619,-0.217583874786,-0.171405667079,-0.19498526489
29,allocation_01,-0.20750805926,-0.272449869782,-0.221340531329,-0.172505121235,-0.200609499844
29,allocation_02,-0.22417085719,-0.266785347366,-0.209952562343,-0.148650796563,-0.135478821443
29,allocation_03,-0.24504132039,-0.245953433239,-0.14533003526,-0.025482238596,0.0857837698218
29,allocation_04,-0.256586607908,-0.163689544144,0.0440887891877,0.23847594889,0.362844039637
29,allocation_05,-0.242180941413,-0.0209683595971,0.294651704213,0.348281296477,0.1970146001
29,allocation_06,-0.2242174623,0.0969028793786,0.358838823405,0.281103455938,0.011465845761
29,allocation_07,-0.112967792084,0.271743122303,0.303500304659,0.0199820480981,-0.228584409458
29,allocation_08,-0.0620870150207,0.327164061145,0.157325072367,-0.312501023609,-0.26310966506
29,allocation_09,-0.048280638756,0.324598808567,0.111272920564,-0.34959655809,-0.189996248102
29,allocation_10,0.0606177276445,0.300998733059,-0.277613035579,-0.133039553528,0.379325665523
29,allocation_11,0.0766533539694,0.297233587696,-0.312118772422,-0.0763599544742,0.362068219591
29,allocation_12,0.122576408513,0.2299709693,-0.343721291851,0.204283222488,0.0110246091644
29,allocation_13,0.253675513788,0.06702484815,-0.253600345655,0.384239394799,-0.24350211536
29,allocation_14,0.274359462845,-0.0396369317369,-0.136368105572,0.366477906579,-0.313880727184
29,allocation_15,0.297584592501,-0.144328783787,0.094847858756,0.0907331590088,-0.221089605626
29,allocation_16,0.302858587771,-0.17739136613,0.162125464684,-0.0996999831765,0.0432858376005
29,allocation_17,0.301804069518,-0.187896154442,0.167555352617,-0.153736846023,0.162187335007
29,allocation_18,0.29709669014,-0.189874741929,0.163233572702,-0.160171994913,0.168323350467
29,allocation_19,0.295962903517,-0.189687468137,0.161706765081,-0.161187192595,0.171860531857
30,allocation_00,-0.190544484747,-0.279363050763,-0.223841034886,-0.166135479368,-0.208116292444
30,allocation_01,-0.194401241989,-0.280668499451,-0.2268834863,-0.168810119333,-0.214260088368
30,allocation_02,-0.210526683042,-0.277843347551,-0.222839008071,-0.14572337238,-0.132072524256
30,allocation_03,-0.235002264175,-0.253842329161,-0.147196812102,-0.0123764998296,0.101764259845
30,allocation_04,-0.248531585935,-0.17416236259,0.0583631705365,0.24480198418,0.377054374386
30,allocation_05,-0.240628282634,-0.0335624810743,0.310519663884,0.329039766612,0.191142718057
30,allocation_06,-0.227579744104,0.0914194316774,0.366678282546,0.256522986294,-0.00714819604134
30,allocation_07,-0.124046428632,0.268552883919,0.294702661642,0.0103054328285,-0.232015617521
30,allocation_08,-0.0715009288848,0.328906127364,0.138621974886,-0.307681770275,-0.261923815892
30,allocation_09,-0.0574634496619,0.325086678668,0.0940009672836,-0.341095033237,-0.192606368616
30,allocation_10,0.0555316559199,0.297445062559,-0.283294067093,-0.124917800817,0.370027764696
30,allocation_11,0.0687594599028,0.297390372796,-0.315520690563,-0.0664621210183,0.357761174779
30,allocation_12,0.112114932564,0.23372775437,-0.334836041824,0.212597668639,0.0266791371874
30,allocation_13,0.251798919873,0.0760872509646,-0.243355757191,0.401951527427,-0.241420306038
30,allocation_14,0.274758510352,-0.0369479962266,-0.121513209469,0.380679735464,-0.314636519842
30,allocation_15,0.303286563585,-0.132785260928,0.090037856415,0.0967740891289,-0.211111816618
30,allocation_16,0.312155906126,-0.166573715176,0.157272486331,-0.101558266119,0.0352702427947
30,allocation_17,0.309266404337,-0.174647702998,0.163981279095,-0.162975471941,0.154391640675
30,allocation_18,0.30612417069,-0.175060806623,0.162565395096,-0.171550067853,0.162289267428
30,allocation_19,0.305009694472,-0.174718009475,0.16075154953,-0.173271703269,0.160623366936
31,allocation_00,-0.18461712152,-0.28855660531,-0.207700568178,-0.18913694255,-0.213127470757
31,allocation_01,-0.188550138544,-0.289885713368,-0.211300138703,-0.189727673509,-0.217551945452
31,allocation_02,-0.20684409984,-0.285711681971,-0.205959884572,-0.159828312227,-0.131996053651
31,allocation_03,-0.230726426248,-0.257214594717,-0.143199989957,-0.013516231256,0.115284855465
31,allocation_04,-0.243924875488,-0.18287348043,0.0293643184821,0.259784766951,0.378598711042
31,allocation_05,-0.243664152916,-0.0365817610164,0.28239915421,0.36079892364,0.176308710603
31,allocation_06,-0.230955803024,0.0915235935599,0.346813566822,0.276275091113,-0.0127553973688
31,allocation_07,-0.132508669253,0.270642441074,0.293659846182,0.0171093090925,-0.206085407496
31,allocation_08,-0.0861642458045,0.321686398112,0.170814404322,-0.303714620629,-0.255568282155
31,allocation_09,-0.0706507755248,0.31932718847,0.113732025805,-0.344851537455,-0.173411194178
31,allocation_10,0.0482144049592,0.296767146788,-0.280002006619,-0.13945900574,0.36255029659
31,allocation_11,0.0696456470177,0.29273641715,-0.324336596617,-0.068634753473,0.341465332151
31,allocation_12,0.113037951268,0.23282884158,-0.352875813291,0.185197094833,0.020923264452
31,allocation_13,0.250800863674,0.0802162480939,-0.262709668936,0.369516017224,-0.261094307007
31,allocation_14,0.276859924387,-0.0332737936954,-0.127221172702,0.36339881247,-0.341290121491
31,allocation_15,0.30249892868,-0.130308049682,0.0993994691737,0.0950178028614,-0.210285124596
31,allocation_16,0.313293542728,-0.157982714009,0.164218819872,-0.0884135788478,0.0485002659599
31,allocation_17,0.31097240815,-0.167545070998,0.173218330698,-0.151106139294,0.162965814323
31,allocation_18,0.305588302383,-0.169630549363,0.17348989659,-0.157961820523,0.170863432381
31,allocation_19,0.30480811169,-0.169567122768,0.172561528564,-0.159262095568,0.169232118367
32,allocation_00,-0.195730119814,-0.274659360236,-0.214901703647,-0.193148542749,-0.225127073273
32,allocation_01,-0.199285565362,-0.275474662146,-0.218298922866,-0.192625669457,-0.225999200547
32,allocation_02,-0.216416352005,-0.272544939443,-0.212771121514,-0.161735456149,-0.128962129719
32,allocation_03,-0.241791930696,-0.246660701455,-0.141236562694,-0.00785869847618,0.137006767714
32,allocation_04,-0.256446669124,-0.170576337238,0.0316230151249,0.245560675919,0.37207754534
32,allocation_05,-0.250918727803,-0.0304856148917,0.282363159071,0.348149756006,0.160429296625
32,allocation_06,-0.232438070539,0.0895884792797,0.349048797312,0.283559523067,-0.00239984427677
32,allocation_07,-0.119262786438,0.269837543962,0.30427421214,0.0219901366218,-0.214687073882
32,allocation_08,-0.0687614357117,0.32411052454,0.169102533749,-0.31034105688,-0.248950378393
32,allocation_09,-0.0561681847693,0.320110883693,0.129079916521,-0.3439787282,-0.187890657346
32,allocation_10,0.058092991484,0.298583401908,-0.267057767472,-0.152334018347,0.383331922165
32,allocation_11,0.0753100252131,0.297352301263,-0.307297826972,-0.0864346120433,0.359127323885
32,allocation_12,0.118321218469,0.232847638012,-0.343611087231,0.194193490332,-0.00166254110078
32,allocation_13,0.246663765674,0.0810904329386,-0.267080091457,0.374076529963,-0.246165059664
32,allocation_14,0.272974028214,-0.0298228135978,-0.142602430061,0.361540329565,-0.318062639817
32,allocation_15,0.299325376839,-0.140969151881,0.093434798122,0.0931492804082,-0.203374899944
32,allocation_16,0.306557569621,-0.177522723319,0.165570409536,-0.0889368524521,0.0541983464804
32,allocation_17,0.302571669352,-0.185365610137,0.173821008306,-0.1428372239,0.155904331502
32,allocation_18,0.299236325585,-0.187264176392,0.17202263112,-0.151913993405,0.157647826323
32,allocation_19,0.297904480479,-0.187356919147,0.170594952887,-0.152442832877,0.155395880864
33,allocation_00,-0.169759677197,-0.297751628208,-0.22421886729,-0.166558343349,-0.205978509161
33,allocation_01,-0.173920068987,-0.298499844946,-0.226847667655,-0.16651150517,-0.210873297903
33,allocation_02,-0.194743523499,-0.298009910552,-0.215959344073,-0.133333550791,-0.135989714417
33,allocation_03,-0.220006938737,-0.272847871069,-0.138395563891,-0.00155057002448,0.104535096691
33,allocation_04,-0.235729096069,-0.191885784571,0.0574803802261,0.240398552838,0.400763911162
33,allocation_05,-0.238073418967,-0.0411774927214,0.309444212986,0.323259384655,0.173022983996
33,allocation_06,-0.2292194961,0.082452484092,0.366220255624,0.260565241724,-0.0173852579054
33,allocation_07,-0.144496707877,0.253052665411,0.302508480627,0.0255733924145,-0.220999160664
33,allocation_08,-0.0992476831103,0.317905236407,0.140542722018,-0.322683969322,-0.254446583168
33,allocation_09,-0.0823321614359,0.311900415108,0.0857723527282,-0.367013218506,-0.181374518297
33,allocation_10,0.0255222291762,0.304105499152,-0.282431264298,-0.135338410676,0.355643221772
33,allocation_11,0.0422813306796,0.302258245394,-0.321027939028,-0.0604542638469,0.350710807304
33,allocation_12,0.0922081727567,0.235365085532,-0.342564616239,0.227655202842,0.0399158146954
33,allocation_13,0.242233135807,0.0972734001245,-0.243684996089,0.399872219207,-0.249328714087
33,allocation_14,0.277655826141,-0.0081065928012,-0.117213859194,0.362885747136,-0.330492179602
33,allocation_15,0.311171254326,-0.110588347151,0.0932095913021,0.0719992274284,-0.200478902181
33,allocation_16,0.324380749655,-0.143909257572,0.153432249797,-0.0921615226495,0.042354911008
33,allocation_17,0.320635158906,-0.151324733542,0.159876493431,-0.15613398178,0.162314852013
33,allocation_18,0.317410432581,-0.152612043176,0.15794682406,-0.163891224159,0.167680095528
33,allocation_19,0.316213291018,-0.152959167581,0.156975238244,-0.163689560108,0.165654487651
34,allocation_00,-0.189845772882,-0.278297934354,-0.221573530024,-0.191675395586,-0.220476004022
34,allocation_01,-0.194003113712,-0.279214561874,-0.225161278189,-0.191198092024,-0.224405568917
34,allocation_02,-0.214484507149,-0.276290299908,-0.21495170594,-0.15723668815,-0.13879260761
34,allocation_03,-0.242072290462,-0.248423286998,-0.141216699636,0.00145764448579,0.136428808618
34,allocation_04,-0.256711473559,-0.165591693532,0.037959016713,0.246583966671,0.386587223224
34,allocation_05,-0.251365260858,-0.0243566912963,0.282429821933,0.339915061901,0.17141365169
34,allocation_06,-0.233793785626,0.0954224084906,0.344392976375,0.273617012162,-0.0169045998621
34,allocation_07,-0.12518051807,0.267924631833,0.294855561031,0.0244503250549,-0.237819427367
34,allocation_08,-0.0725005904813,0.327845480076,0.161317730646,-0.310953012757,-0.236025276605
34,allocation_09,-0.0562161039366,0.322325658094,0.115945345386,-0.345082451639,-0.182954679039
34,allocation_10,0.0620995595347,0.300233102205,-0.273125387024,-0.148626585054,0.359090779377
34,allocation_11,0.0817105024381,0.29580659146,-0.314343693215,-0.0826046145094,0.349886822658
34,allocation_12,0.122231011655,0.227724144716,-0.34569770213,0.197239471226,0.020379920304
34,allocation_13,0.248925253879,0.0779166122227,-0.258724178958,0.379328687794,-0.242485994661
34,allocation_14,0.270442525124,-0.0292710164039,-0.139259302198,0.366620004462,-0.321391948608
34,allocation_15,0.298285001003,-0.14065143819,0.0978942095914,0.0992755802721,-0.213057211373
34,allocation_16,0.306775882565,-0.170611622245,0.165301590147,-0.0828402140194,0.0383927855287
34,allocation_17,0.304526382541,-0.181353991762,0.175534112424,-0.147094754368,0.159235391983
34,allocation_18,0.298355276225,-0.184245024607,0.175249981299,-0.158243405237,0.162353750589
34,allocation_19,0.297444656862,-0.184676620345,0.173667113956,-0.157738419922,0.16075808069
35,allocation_00,-0.213121067992,-0.268190643551,-0.203398497056,-0.180311414927,-0.21009404934
35,allocation_01,-0.217098166832,-0.268148356328,-0.206047219172,-0.181397095039,-0.215007361367
35,allocation_02,-0.235990348362,-0.264194778851,-0.201720882095,-0.152589338899,-0.131405251903
35,allocation_03,-0.257471980023,-0.237809856924,-0.137678824517,-0.0158998390561,0.0979212569887
35,allocation_04,-0.258263122639,-0.159332314717,0.0278686811569,0.238287684204,0.366166385027
35,allocation_05,-0.239624867325,-0.00532725446134,0.285007022898,0.362103388585,0.207428286715
35,allocation_06,-0.214130686821,0.118150414881,0.347283789393,0.29126872596,0.00860129736368
35,allocation_07,-0.101166208314,0.283234744064,0.297548047149,0.018957656578,-0.236130020473
35,allocation_08,-0.051671745961,0.331136228518,0.164667886171,-0.301756804063,-0.258539189584
35,allocation_09,-0.0373315928175,0.3272526144,0.110394225429,-0.346987383192,-0.165836131786
35,allocation_10,0.0775966963128,0.287709156548,-0.285681673019,-0.149605171024,0.376920433452
35,allocation_11,0.0969416730943,0.280262729704,-0.325385060168,-0.0831171931235,0.355351636907
35,allocation_12,0.137276340743,0.213629380152,-0.347572596311,0.193460602358,0.00174387646886
35,allocation_13,0.255130668432,0.0548159513262,-0.262138892828,0.372941119034,-0.247014150915
35,allocation_14,0.271357610434,-0.0502063003712,-0.145364514597,0.364321285385,-0.317497520083
35,allocation_15,0.291546854175,-0.156740766524,0.0923250467821,0.0905414358768,-0.211322750509
35,allocation_16,0.297834705534,-0.190611798517,0.1640030348,-0.085392590197,0.0340438695926
35,allocation_17,0.294974481224,-0.199216703957,0.17730051715,-0.149792069932,0.155558829339
35,allocation_18,0.290178589692,-0.200497233466,0.175091959297,-0.15811200122,0.165540907555
35,allocation_19,0.288592213471,-0.20050450143,0.174414744213,-0.15821960493,0.167064224106
36,allocation_00,-0.178239462645,-0.290752321173,-0.21794924336,-0.182807614122,-0.23346696904
36,allocation_01,-0.181419993432,-0.291294741887,-0.220334984982,-0.183410921254,-0.235423853201
36,allocation_02,-0.20019630198,-0.291934152961,-0.214636998255,-0.150250613219,-0.143386011664
36,allocation_03,-0.224391520352,-0.26599062304,-0.138840403415,0.0031488245619,0.147131131666
36,allocation_04,-0.23765194346,-0.189559349502,0.0413683164387,0.250477860385,0.414044563592
36,allocation_05,-0.241375044673,-0.0432956839448,0.295425259214,0.340480859275,0.15872688205
36,allocation_06,-0.232347471014,0.0794367973091,0.354759541696,0.269771820731,-0.0343662962607
36,allocation_07,-0.139117529348,0.258417182662,0.299879158597,0.0191543311771,-0.219791220479
36,allocation_08,-0.0956986738127,0.318447911669,0.161946300961,-0.313583516216,-0.229753605515
36,allocation_09,-0.0809790998643,0.31604066429,0.114440622874,-0.345043341588,-0.174056535892
36,allocation_10,0.0364343870891,0.300649625937,-0.283424904323,-0.135460580913,0.358133602897
36,allocation_11,0.0505143499372,0.299072106326,-0.316976547033,-0.080506323775,0.350287253372
36,allocation_12,0.0967841414728,0.241155844194,-0.343865684988,0.197424136617,0.00252513298176
36,allocation_13,0.244242878921,0.0954720550319,-0.251821878553,0.38369674394,-0.258780322989
36,allocation_14,0.275581329777,-0.0136583258639,-0.130221736385,0.37153220826,-0.316111618062
36,allocation_15,0.308023055453,-0.117890943406,0.0917101167342,0.0886614813297,-0.180654975598
36,allocation_16,0.319108107688,-0.151730107688,0.161005273123,-0.0975693754444,0.0589628022625
36,allocation_17,0.317170189775,-0.161032724052,0.165614066567,-0.151947229951,0.14267779111
36,allocation_18,0.31258584302,-0.161763959626,0.163880172566,-0.160641527444,0.149254269223
36,allocation_19,0.311819033646,-0.161662840431,0.162710937662,-0.160674263907,0.14851018933
37,allocation_00,-0.173513803422,-0.294194535552,-0.217937248845,-0.185924950594,-0.216179023812
37,allocation_01,-0.177231605912,-0.295720462451,-0.219604674145,-0.186345764153,-0.220520387535
37,allocation_02,-0.195864599585,-0.295805355215,-0.214710543881,-0.14885604341,-0.135216843871
37,allocation_03,-0.219359368604,-0.268402419964,-0.144629101195,0.000655396760507,0.123621649775
37,allocation_04,-0.236870569283,-0.190665215871,0.0311752289563,0.251182611206,0.393060297152
37,allocation_05,-0.244869010346,-0.0379181110908,0.28792871767,0.348355765612,0.179459155028
37,allocation_06,-0.235492584213,0.0803897807254,0.343497675269,0.279651970799,-0.0100966098453
37,allocation_07,-0.146052971734,0.257484955102,0.291441835912,0.0184236305482,-0.242122254803
37,allocation_08,-0.0976364789933,0.318148063102,0.159149890494,-0.307415479528,-0.2442052815
37,allocation_09,-0.0806399530569,0.315932657131,0.108421986008,-0.348411927889,-0.158510239903
37,allocation_10,0.046239311201,0.297578299397,-0.283029401482,-0.138997766448,0.372915203003
37,allocation_11,0.0648493035359,0.294820502223,-0.319196904563,-0.0754506276286,0.347470599082
37,allocation_12,0.110847623768,0.231984414751,-0.347366574301,0.199187762878,-0.00481807768899
37,allocation_13,0.246314747502,0.0905063114794,-0.2569950471,0.38000170586,-0.251526676961
37,allocation_14,0.276826503041,-0.0179641019929,-0.127263681443,0.361667580381,-0.315760263453
37,allocation_15,0.306879740015,-0.120571552403,0.097120194535,0.0965534367602,-0.207624920515
37,allocation_16,0.318956947225,-0.151746358623,0.164023071833,-0.0859918778711,0.0469664415237
37,allocation_17,0.31508577988,-0.160775709622,0.175857179715,-0.148601538899,0.155177218856
37,allocation_18,0.31039013783,-0.16376919641,0.175451872482,-0.159540524078,0.156835777072
37,allocation_19,0.309263105664,-0.163823617389,0.174435507089,-0.159743321975,0.155229748434
38,allocation_00,-0.178513552169,-0.290042462407,-0.219976480643,-0.176418848721,-0.232550744585
38,allocation_01,-0.181385032526,-0.290985777104,-0.222303297845,-0.176773078763,-0.235322240781
38,allocation_02,-0.200478192746,-0.294041833815,-0.212108865883,-0.143048738997,-0.135832304293
38,allocation_03,-0.226808520317,-0.26554278711,-0.132226731053,0.00320698842041,0.137621364984
38,allocation_04,-0.239994201025,-0.186738899629,0.0482959817639,0.251365586315,0.406587610622
38,allocation_05,-0.241374144748,-0.0350832654198,0.30227834504,0.338088807372,0.177334121077
38,allocation_06,-0.227873495639,0.0909634320277,0.358092834727,0.260105797818,-0.0350068518003
38,allocation_07,-0.134443080395,0.267597321656,0.294720874054,0.00945286588899,-0.230426130244
38,allocation_08,-0.0913651871482,0.319705386111,0.152998919605,-0.306419865237,-0.249165702186
38,allocation_09,-0.0772758658448,0.316000729157,0.100593885709,-0.349111985689,-0.155399179978
38,allocation_10,0.0376676278569,0.296001313071,-0.284678254903,-0.144010870506,0.376340789597
38,allocation_11,0.05597715783,0.29494052393,-0.325092669005,-0.0674450523605,0.343225619835
38,allocation_12,0.102066397691,0.240323329525,-0.34580398486,0.198770729779,-0.00335340606909
38,allocation_13,0.245909660616,0.0921782353133,-0.246393304232,0.395257503049,-0.253435094847
38,allocation_14,0.275883391908,-0.0171814091129,-0.123775710166,0.376898516061,-0.308578958124
38,allocation_15,0.308963824879,-0.121632928699,0.095526747195,0.0817669526362,-0.171694131559
38,allocation_16,0.319188778444,-0.152037274416,0.158436277258,-0.0977979305464,0.0482873897899
38,allocation_17,0.316621585833,-0.159078239898,0.165566405822,-0.153497098421,0.145203283134
38,allocation_18,0.312070116875,-0.161101446961,0.164252704385,-0.163112705633,0.148461108587
38,allocation_19,0.311270768172,-0.160787657879,0.162597993421,-0.163257187925,0.148342532863
39,allocation_00,-0.180697559877,-0.289288099402,-0.209066130152,-0.184132642245,-0.229199717249
39,allocation_01,-0.184267002364,-0.290789644734,-0.211515736984,-0.185009669349,-0.232316419575
39,allocation_02,-0.201899003423,-0.290656378307,-0.207038801384,-0.146713359586,-0.143296140272
39,allocation_03,-0.222510364338,-0.264472997593,-0.1419840358,-0.000675433797815,0.135773887461
39,allocation_04,-0.237374721627,-0.192872329775,0.0228665078241,0.238818991505,0.399137127853
39,allocation_05,-0.243568771758,-0.0359799462378,0.290271606961,0.342745243,0.168750017645
39,allocation_06,-0.231818474098,0.0832484686462,0.35025162897,0.283285260528,-4.02700860094e-05
39,allocation_07,-0.137451210192,0.263649889279,0.300448407205,0.0274941966809,-0.200529795227
39,allocation_08,-0.0955379049905,0.318847217098,0.16553349381,-0.304876142153,-0.248442242659
39,allocation_09,-0.0821122786965,0.31467667613,0.119719101203,-0.344221300084,-0.187589652285
39,allocation_10,0.0368769002185,0.299666911546,-0.276996315171,-0.158755769258,0.351065625864
39,allocation_11,0.0539992816752,0.298588724939,-0.31953389883,-0.09133672495,0.346152499225
39,allocation_12,0.0999961465296,0.237382769235,-0.350031769609,0.190156510135,0.0279978040654
39,allocation_13,0.242428721817,0.0970016294873,-0.264129069753,0.379652446479,-0.241364732781
39,allocation_14,0.276165857914,-0.010238737221,-0.134812979029,0.366776632845,-0.321368996553
39,allocation_15,0.308706247726,-0.11757894577,0.092596696115,0.100421783646,-0.210813040312
39,allocation_16,0.320208955741,-0.1516695999,0.159513049078,-0.0841957168411,0.0410779023469
39,allocation_17,0.315089736917,-0.162618317573,0.170460187311,-0.150470206702,0.160059423462
39,allocation_18,0.310699971782,-0.163901826274,0.168936451055,-0.165816109958,0.163498890362
39,allocation_19,0.309808440592,-0.163550132412,0.167819561492,-0.166469791525,0.16046086565
40,allocation_00,-0.172659080857,-0.296294477645,-0.214550072332,-0.178065038648,-0.219694119629
40,allocation_01,-0.177123784267,-0.297477592175,-0.217191821745,-0.1788634586,-0.223843132703
40,allocation_02,-0.198225621209,-0.29554473317,-0.206777666149,-0.146647158237,-0.13129706122
40,allocation_03,-0.220456100925,-0.272115576967,-0.138592140658,-0.0141435664904,0.114405331617
40,allocation_04,-0.23814677915,-0.19035228111,0.0378258494521,0.246201150653,0.400627514297
40,allocation_05,-0.242905092477,-0.0356347363175,0.291330330814,0.332507829423,0.183992024618
40,allocation_06,-0.233836602271,0.0878237887207,0.344450080191,0.272726872026,-0.0141378540241
40,allocation_07,-0.146359827249,0.25950544199,0.290735952451,0.0471429113861,-0.219034353142
40,allocation_08,-0.0953357966911,0.323595352898,0.148483690501,-0.308673145528,-0.25515129153
40,allocation_09,-0.0803268837323,0.319238664365,0.104520077947,-0.34749507189,-0.190832278143
40,allocation_10,0.040565910815,0.297724091079,-0.285556939772,-0.15093550798,0.374680656344
40,allocation_11,0.0582016603268,0.296177212787,-0.32205403024,-0.0866926585372,0.353465220969
40,allocation_12,0.103986816541,0.22552278562,-0.353927838352,0.21205802308,-0.00585155844398
40,allocation_13,0.245586709837,0.0832621831609,-0.259233522662,0.387215690321,-0.24187610723
40,allocation_14,0.276730731608,-0.0189791459778,-0.131451666057,0.362184347394,-0.298159959663
40,allocation_15,0.308398113329,-0.112198590214,0.0943866055182,0.100874465432,-0.208368853927
40,allocation_16,0.319138977964,-0.146096908398,0.166393240865,-0.0975355404568,0.049126605328
40,allocation_17,0.315953855393,-0.156033623305,0.176654862819,-0.150668906466,0.149629687612
40,allocation_18,0.311924960813,-0.158717287907,0.17303542766,-0.161140852389,0.151996485144
40,allocation_19,0.311031749857,-0.158592219659,0.172134111998,-0.161396718379,0.152206513473
41,allocation_00,-0.19276291354,-0.276687214559,-0.213923636447,-0.191271012284,-0.211523310469
41,allocation_01,-0.197070160683,-0.276612187241,-0.219701908236,-0.193595146494,-0.217736890993
41,allocation_02,-0.216421743756,-0.271950086416,-0.210914998534,-0.155228016823,-0.137488526075
41,allocation_03,-0.243843348912,-0.249771605967,-0.135855710978,-0.00299578854774,0.0972720022706
41,allocation_04,-0.252566069987,-0.179782298091,0.0294983623362,0.242562290245,0.352622185673
41,allocation_05,-0.246779434053,-0.0364485609331,0.271481318794,0.351910882417,0.220560247166
41,allocation_06,-0.229437685657,0.0907085632712,0.34573090697,0.280588412186,0.0176197399438
41,allocation_07,-0.120877405078,0.267227054436,0.304563499306,0.0219315667178,-0.23006099907
41,allocation_08,-0.0742339589391,0.325372504124,0.177720279766,-0.29137931209,-0.258885407154
41,allocation_09,-0.0579379143277,0.322174729904,0.128193355624,-0.328507583984,-0.1832016324
41,allocation_10,0.0581057832074,0.296582788789,-0.276010179649,-0.154981930482,0.363285117671
41,allocation_11,0.0741517894795,0.293785934329,-0.317595958926,-0.0955196123521,0.355039963831
41,allocation_12,0.115741337966,0.231563042926,-0.351009754712,0.190752030677,0.0372763861272
41,allocation_13,0.247772244962,0.0793264446163,-0.262632431998,0.381649372519,-0.242153260849
41,allocation_14,0.271158745246,-0.029367670162,-0.136140201732,0.370276573384,-0.330060583952
41,allocation_15,0.300761090337,-0.139354726014,0.0861434841304,0.113238417448,-0.213789209735
41,allocation_16,0.307639915698,-0.176947659068,0.164441147632,-0.0888291478757,0.0548211129669
41,allocation_17,0.305340384005,-0.18376431563,0.17066645785,-0.149946021481,0.157489940074
41,allocation_18,0.301601783119,-0.184749061917,0.168751790472,-0.161117376458,0.161346305324
41,allocation_19,0.300687140273,-0.184268755616,0.168268691534,-0.160240427807,0.161639396652
42,allocation_00,-0.197825665298,-0.277540161167,-0.219157849204,-0.170098901408,-0.231578445652
42,allocation_01,-0.20267247767,-0.278082575084,-0.221287077235,-0.169562916407,-0.232202937263
42,allocation_02,-0.221108355427,-0.276213453201,-0.212626506712,-0.136049530895,-0.148243292526
42,allocation_03,-0.240756573462,-0.249522486545,-0.136878647791,0.00265105022232,0.138921423047
42,allocation_04,-0.249278017227,-0.175663344321,0.0440639401548,0.24099289078,0.400220647135
42,allocation_05,-0.239015169541,-0.0255987518911,0.303342462134,0.32266983764,0.192407260779
42,allocation_06,-0.214901727964,0.10140174146,0.368510632482,0.265700131248,-0.0323514988061
42,allocation_07,-0.117740804741,0.265153539753,0.312823402827,0.0344605636904,-0.23238593535
42,allocation_08,-0.0695932739519,0.324213029332,0.151239874924,-0.322140978226,-0.240709144621
42,allocation_09,-0.0556252682251,0.320648427211,0.0950487633546,-0.363819964172,-0.156043993616
42,allocation_10,0.0495895726886,0.297165101212,-0.28788639374,-0.140574111807,0.357277320744
42,allocation_11,0.0676748017053,0.298155372363,-0.321098437796,-0.0660981177059,0.329289580138
42,allocation_12,0.11009565058,0.235247317983,-0.339253874777,0.224704252031,0.0173584870468
42,allocation_13,0.250175943429,0.0796479693917,-0.245914045138,0.390346208693,-0.235925994565
42,allocation_14,0.279770574592,-0.0329770688193,-0.120181793736,0.355597599092,-0.307663749133
42,allocation_15,0.301465791385,-0.137011940811,0.0861932137085,0.0942978887047,-0.216686059003
42,allocation_16,0.311494317183,-0.17072458384,0.148231909344,-0.0945466392094,0.0379366945343
42,allocation_17,0.307857451061,-0.180008692758,0.158966057176,-0.158376412488,0.164681206491
42,allocation_18,0.302961407438,-0.182597208715,0.156669687687,-0.169091368072,0.165711654234
42,allocation_19,0.301982820414,-0.182796991025,0.155950419996,-0.169508166831,0.16422552089
43,allocation_00,-0.201185815869,-0.272753031083,-0.215761227139,-0.183063519993,-0.222792512101
43,allocation_01,-0.205085308109,-0.273379460813,-0.219476629733,-0.182249147659,-0.2270450513
43,allocation_02,-0.224055998849,-0.270711713549,-0.208573874019,-0.149812588656,-0.139784430322
43,allocation_03,-0.249264633977,-0.244606590961,-0.13908737622,-0.0158942551899,0.108571298489
43,allocation_04,-0.25958645056,-0.168188112083,0.0231343435199,0.23105985374,0.382941870581
43,allocation_05,-0.250854845102,-0.0250814307886,0.275598935915,0.344303463922,0.203088656689
43,allocation_06,-0.230187772316,0.101668088589,0.341547760013,0.281907858495,0.0111847464135
43,allocation_07,-0.118310256039,0.273895369867,0.296295839212,0.0374448080112,-0.215072466568
43,allocation_08,-0.0646850550462,0.324414814502,0.174571441261,-0.288356226796,-0.270263315617
43,allocation_09,-0.0464191485899,0.31840171136,0.120608440818,-0.335991355509,-0.1952982272
43,allocation_10,0.068184034318,0.291261837023,-0.270869371682,-0.172766764346,0.357292316071
43,allocation_11,0.087609630059,0.288930666039,-0.312603230139,-0.105241293982,0.348363237053
43,allocation_12,0.126693825869,0.225114394303,-0.347274938373,0.183786127636,0.0394520408739
43,allocation_13,0.251422763011,0.0700762384134,-0.268541348716,0.377202167122,-0.220668241492
43,allocation_14,0.273402482945,-0.0398476717395,-0.14621522802,0.373114472842,-0.294876890283
43,allocation_15,0.295739884848,-0.145796971949,0.0892305759737,0.130601140139,-0.234076204729
43,allocation_16,0.301579988521,-0.184194072067,0.165239515583,-0.0739366893641,0.0236591206234
43,allocation_17,0.297285516731,-0.196332407864,0.180613052496,-0.1561318795,0.156634600938
43,allocation_18,0.290885974825,-0.196964908641,0.178959590041,-0.170699918894,0.168087195656
43,allocation_19,0.289396578143,-0.197081268834,0.177124419775,-0.171735664429,0.166358164753
44,allocation_00,-0.194073328917,-0.280941343483,-0.212636120165,-0.174817238269,-0.227548662388
44,allocation_01,-0.198094458428,-0.281470235016,-0.214188252239,-0.176778346566,-0.226630175762
44,allocation_02,-0.215873542062,-0.280272889107,-0.207468400069,-0.149544311527,-0.13472678573
44,allocation_03,-0.236669957793,-0.255876516035,-0.142366289146,-0.0132220284743,0.119024897434
44,allocation_04,-0.248245340844,-0.177336159208,0.0248215185688,0.23468672768,0.393326387916
44,allocation_05,-0.244089748555,-0.0216935905239,0.288768334961,0.345143708738,0.173267650507
44,allocation_06,-0.22885037811,0.0973683918864,0.347964729571,0.287876859192,0.00839238825299
44,allocation_07,-0.125646052528,0.268300564186,0.296639242776,0.0273762319101,-0.212613272299
44,allocation_08,-0.0789081225262,0.32137005475,0.168864601746,-0.311558595193,-0.256488925828
44,allocation_09,-0.0618990421717,0.320030128572,0.11264095026,-0.351368870116,-0.183209618796
44,allocation_10,0.0573855238414,0.296436087977,-0.283561764753,-0.146584191953,0.353148178986
44,allocation_11,0.072956511534,0.293632787457,-0.321635133149,-0.0831874461788,0.342345326992
44,allocation_12,0.112757986134,0.231632706358,-0.350838613058,0.185319084918,0.0320910877613
44,allocation_13,0.244679750124,0.0847560369227,-0.26224598509,0.385765022851,-0.255711078754
44,allocation_14,0.269816362972,-0.0268963628941,-0.134166717793,0.376897094045,-0.338947173457
44,allocation_15,0.301433187525,-0.139032509116,0.101302017543,0.0835626875886,-0.190930165127
44,allocation_16,0.311146353365,-0.167773890964,0.155629406341,-0.0912296942696,0.0406833679652
44,allocation_17,0.30839498337,-0.177250127037,0.16548831388,-0.146981724588,0.156904834057
44,allocation_18,0.303852358997,-0.179193562061,0.167520087415,-0.152661803593,0.157625172745
44,allocation_19,0.303232919985,-0.179100338602,0.166335151668,-0.153184384062,0.156192879306
45,allocation_00,-0.192768783184,-0.283564123099,-0.209384408642,-0.186212177056,-0.196100596277
45,allocation_01,-0.196193345714,-0.284511776134,-0.21152564669,-0.186906093559,-0.198478737827
45,allocation_02,-0.210933822262,-0.282068853823,-0.20503771737,-0.157157141764,-0.132786287061
45,allocation_03,-0.235215961868,-0.259018987881,-0.145733214956,-0.0144913956815,0.0883331561349
45,allocation_04,-0.247733344036,-0.177426038907,0.0272114842467,0.260856080513,0.358960144543
45,allocation_05,-0.242933796017,-0.0247465980445,0.28228595451,0.364736699662,0.179726523699
45,allocation_06,-0.229464683891,0.0964630485964,0.34565601115,0.288949796985,0.0117933895979
45,allocation_07,-0.125851966488,0.269122579396,0.296618681996,0.000129272992534,-0.215563890008
45,allocation_08,-0.0824716446448,0.317336046922,0.17891571091,-0.313145582736,-0.257695656214
45,allocation_09,-0.0663607615906,0.312481861112,0.121635080964,-0.358210552191,-0.165121523566
45,allocation_10,0.0565027093855,0.294304356013,-0.28678124445,-0.133726045937,0.37655290825
45,allocation_11,0.0710514700325,0.293491391207,-0.319464783884,-0.0763702298236,0.358728576708
45,allocation_12,0.110071321967,0.23808998875,-0.347299194088,0.174202013852,0.0137422689538
45,allocation_13,0.244972414842,0.0883627029663,-0.260573102222,0.370772783179,-0.279780785917
45,allocation_14,0.274282136543,-0.0245792153785,-0.138475558017,0.355193645376,-0.347669028185
45,allocation_15,0.304373563396,-0.133092642455,0.0942175660884,0.0839862163881,-0.201405747334
45,allocation_16,0.311623511289,-0.167524604687,0.160409948459,-0.0900165933482,0.0579616479666
45,allocation_17,0.307841885157,-0.178163655882,0.170250692795,-0.137783423738,0.163416938158
45,allocation_18,0.304193588605,-0.179500514166,0.170918833992,-0.145026023782,0.166527160402
45,allocation_19,0.30296936865,-0.179519193479,0.169249327388,-0.147197739939,0.164634005661
46,allocation_00,-0.186544893549,-0.279151072538,-0.221311297709,-0.185883632435,-0.229033918987
46,allocation_01,-0.189494705956,-0.279958020318,-0.224728431508,-0.185270364182,-0.234836535768
46,allocation_02,-0.210363472799,-0.280322772762,-0.216330263842,-0.14739395218,-0.136749682994
46,allocation_03,-0.233231095176,-0.256478299497,-0.143034589909,-0.00370777962809,0.132972062051
46,allocation_04,-0.246461851399,-0.183466183626,0.0333873935981,0.239333178923,0.398316421134
46,allocation_05,-0.245470654052,-0.039784922796,0.290301815,0.343548077509,0.179232213196
46,allocation_06,-0.231323391629,0.0825747891805,0.353491064165,0.271850844754,-0.0252017773785
46,allocation_07,-0.132670170985,0.261119636429,0.304799695103,0.0264380571886,-0.223349268127
46,allocation_08,-0.0873529011058,0.321248524833,0.165650690041,-0.303414892961,-0.238903644525
46,allocation_09,-0.0729299751921,0.319457603769,0.117524980355,-0.343438827768,-0.186469200634
46,allocation_10,0.0488878617555,0.304133201189,-0.276624218359,-0.14297030265,0.35726010253
46,allocation_11,0.0642134987386,0.302780952087,-0.30801889159,-0.0938656548661,0.34579256494
46,allocation_12,0.111263884717,0.237712174682,-0.336648701859,0.197438239664,0.0197169744064
46,allocation_13,0.246513472431,0.0881941051868,-0.254256009207,0.388043286863,-0.24228839745
46,allocation_14,0.273156829147,-0.0191533005556,-0.139029428327,0.371148123385,-0.313802750274
46,allocation_15,0.302681739138,-0.130498664392,0.0908790312304,0.0875927414565,-0.210139186915
46,allocation_16,0.312668083967,-0.165847288148,0.159751014948,-0.0937722866652,0.036389969333
46,allocation_17,0.309707139868,-0.173355195391,0.1702071694,-0.152057982805,0.154106567749
46,allocation_18,0.305571505341,-0.174103042634,0.169399137589,-0.163013490458,0.156575720109
46,allocation_19,0.304361832163,-0.173531381942,0.169143921756,-0.163531968648,0.156038308805
47,allocation_00,-0.19100715538,-0.28302581547,-0.215042067892,-0.175250378699,-0.222888807856
47,allocation_01,-0.194731949958,-0.283757466056,-0.219594430341,-0.177931198778,-0.225917480511
47,allocation_02,-0.212465259378,-0.279087092735,-0.212497268691,-0.147453076352,-0.143465343013
47,allocation_03,-0.235895090706,-0.257502421732,-0.141173188778,-0.0119970513985,0.114427483675
47,allocation_04,-0.245176239526,-0.174348904892,0.0400519636687,0.245974981325,0.411410423471
47,allocation_05,-0.246982022941,-0.0184952636941,0.28513569867,0.336936064616,0.194422109238
47,allocation_06,-0.230856832737,0.107074720885,0.33864299505,0.271958856877,-0.0177234085882
47,allocation_07,-0.126395714168,0.27948529697,0.284626404172,0.0231526965564,-0.224965591099
47,allocation_08,-0.0784288444196,0.330858254188,0.152562904582,-0.30559458991,-0.240061689661
47,allocation_09,-0.0626960477284,0.325110755792,0.103130067253,-0.349907855489,-0.165800454405
47,allocation_10,0.0690366183457,0.287218562423,-0.297413214986,-0.144889906767,0.366272752855
47,allocation_11,0.0870882904806,0.285814120594,-0.331789341884,-0.0784502063333,0.336127196098
47,allocation_12,0.126744948825,0.221489256008,-0.351468132201,0.200613147556,7.13199353808e-05
47,allocation_13,0.254027713073,0.0707500969099,-0.247520559111,0.385548223665,-0.239212712644
47,allocation_14,0.276087198109,-0.0333850336199,-0.119784699053,0.369890400928,-0.306621274282
47,allocation_15,0.296543049895,-0.137919341557,0.106166800661,0.0959502595624,-0.215819595395
47,allocation_16,0.306973015804,-0.16653074684,0.167894111091,-0.0876624106738,0.0230724340345
47,allocation_17,0.305891162654,-0.175363624277,0.175331630461,-0.157012591448,0.152076794405
47,allocation_18,0.300225473235,-0.177419038049,0.17375388104,-0.169234077087,0.163681343426
47,allocation_19,0.29883061426,-0.17707106985,0.172818808663,-0.168365226934,0.164616098362
48,allocation_00,-0.205687031602,-0.268492441303,-0.216686443122,-0.182926563718,-0.223441884505
48,allocation_01,-0.208601049434,-0.268868693027,-0.218190771006,-0.182460604398,-0.225125121974
48,allocation_02,-0.227243563877,-0.267280644939,-0.207888547583,-0.147265927831,-0.138348662532
48,allocation_03,-0.251347931964,-0.239187459377,-0.135978199428,-0.0072342175438,0.117496694509
48,allocation_04,-0.260020871788,-0.166126026018,0.0268408910933,0.233631731846,0.377645136657
48,allocation_05,-0.248965922569,-0.0184596334108,0.285604526058,0.33732066487,0.195801147608
48,allocation_06,-0.225517408736,0.106179070133,0.350120622665,0.282608166056,0.015412289174
48,allocation_07,-0.111425955786,0.277462728609,0.297462786501,0.0347105143552,-0.221926634311
48,allocation_08,-0.0606732581845,0.33084618807,0.164424456006,-0.291665312568,-0.267154103983
48,allocation_09,-0.0453666024692,0.32528388852,0.11463415474,-0.337689068765,-0.192044789977
48,allocation_10,0.0705762480608,0.293304604042,-0.281746391061,-0.157041123871,0.36881583757
48,allocation_11,0.0856769529425,0.291577084817,-0.314931644414,-0.0929936696915,0.35206769714
48,allocation_12,0.128002698604,0.22502104152,-0.345814555774,0.196075855874,0.020781025236
48,allocation_13,0.253617729123,0.0640821515931,-0.259212562941,0.382853520918,-0.22944396493
48,allocation_14,0.271875776175,-0.0469683621635,-0.137379594135,0.376262984277,-0.302536616821
48,allocation_15,0.294727573298,-0.148163221644,0.0869041996836,0.116524419448,-0.215237145424
48,allocation_16,0.300170269286,-0.182727297625,0.161201174079,-0.0896432385047,0.0398033013435
48,allocation_17,0.296556051488,-0.192133571306,0.175817829083,-0.158388961521,0.157832368295
48,allocation_18,0.291402535762,-0.193935970083,0.175813074661,-0.167870689112,0.159326861358
48,allocation_19,0.289797918937,-0.194023160179,0.174989820639,-0.167854181988,0.157994121177
49,allocation_00,-0.176776084105,-0.29506478349,-0.205321959309,-0.177519002009,-0.222090089214
49,allocation_01,-0.179019709301,-0.296155454765,-0.207734155531,-0.177722777975,-0.224924988538
49,allocation_02,-0.197417920086,-0.296603471975,-0.200224003596,-0.137604391008,-0.134379294755
49,allocation_03,-0.221548272006,-0.27308373684,-0.134447623195,0.000761849114313,0.1008174421
49,allocation_04,-0.23764981304,-0.195690912006,0.0295736995852,0.237748396114,0.397612803765
49,allocation_05,-0.242502174912,-0.0286405687761,0.295521505548,0.347215681115,0.182811832279
49,allocation_06,-0.230843096544,0.0937144078544,0.352040373736,0.276809963032,0.00185951671541
49,allocation_07,-0.139310883309,0.26447502315,0.294028774987,0.0263499411484,-0.195651033137
49,allocation_08,-0.0974168859965,0.321085233514,0.155712157725,-0.304872008541,-0.246088268951
49,allocation_09,-0.082635236196,0.318563195348,0.10993779718,-0.344418490938,-0.199253314702
49,allocation_10,0.0340059826379,0.293913956572,-0.292053036718,-0.156865336008,0.350539576501
49,allocation_11,0.0514955967174,0.292528073491,-0.331428324467,-0.0837980421429,0.350569130705
49,allocation_12,0.0997261632571,0.228130061154,-0.353819391737,0.20904875001,0.0279784429144
49,allocation_13,0.246114459909,0.0925958303621,-0.254564037773,0.390949885528,-0.243483433254
49,allocation_14,0.2799193501,-0.0128466368716,-0.11983605717,0.364228791802,-0.328258823276
49,allocation_15,0.309181492886,-0.114145993936,0.0945434654663,0.0889529782928,-0.206794752864
49,allocation_16,0.319114746551,-0.14623596941,0.162071448497,-0.0874406238356,0.0444933863824
49,allocation_17,0.316568718553,-0.154913888889,0.171852285862,-0.152524569701,0.161035395498
49,allocation_18,0.312096000236,-0.156743585214,0.16948808604,-0.16128433234,0.168843093338
49,allocation_19,0.310833548827,-0.156639477187,0.169238444144,-0.162247959186,0.170355269252
50,allocation_00,-0.183680142596,-0.289122018391,-0.215976963189,-0.181240804832,-0.22102113843
50,allocation_01,-0.18724644999,-0.289589481468,-0.218232418402,-0.182404279075,-0.2244580021
50,allocation_02,-0.207878555322,-0.286839746076,-0.210344971837,-0.151173168232,-0.125025646844
50,allocation_03,-0.231625928168,-0.261782881063,-0.136162883152,-0.0087874238754,0.124714571452
50,allocation_04,-0.247148810558,-0.181076818878,0.0418517053286,0.251766917276,0.380960677132
50,allocation_05,-0.244961081055,-0.0238099507512,0.289105608211,0.347305990417,0.178720854213
50,allocation_06,-0.230641611724,0.100220328053,0.341964561068,0.275190481844,-0.0181896956092
50,allocation_07,-0.131723425719,0.271860985502,0.288909454133,0.0158063822044,-0.222753599226
50,allocation_08,-0.0851751965597,0.322941979957,0.156101497915,-0.312299279468,-0.248802823646
50,allocation_09,-0.069353384011,0.318351682297,0.106086130155,-0.355486474158,-0.171516994029
50,allocation_10,0.0505875746658,0.29291439547,-0.287510063794,-0.144963792696,0.381245868533
50,allocation_11,0.0677021933144,0.291040593447,-0.322364888191,-0.0809881857834,0.359174539055
50,allocation_12,0.115065652205,0.22858640961,-0.350312681515,0.200376195264,-0.0119583234572
50,allocation_13,0.248190268266,0.0834551266751,-0.257876331558,0.378653754729,-0.246757509811
50,allocation_14,0.278218700251,-0.0228923231568,-0.13419749485,0.356136318972,-0.306708040663
50,allocation_15,0.304195860172,-0.127328426249,0.0955910011259,0.0927632084663,-0.212258443944
50,allocation_16,0.311471629558,-0.159180773916,0.166222522863,-0.0905113754783,0.0515291778727
50,allocation_17,0.309784138196,-0.168079832366,0.175616394192,-0.14852648219,0.156825471649
50,allocation_18,0.30560635099,-0.171222160948,0.174331204743,-0.158849298884,0.158501962416
50,allocation_19,0.303872542781,-0.171547607031,0.172539480927,-0.158222210227,0.156067711071
51,allocation_00,-0.189817721607,-0.279649059654,-0.221676858165,-0.191284036145,-0.22438943918
51,allocation_01,-0.193218809752,-0.28082455188,-0.224395260695,-0.193644705083,-0.227490539495
51,allocation_02,-0.212166656425,-0.279740171285,-0.215435993708,-0.153248202777,-0.13440363981
51,allocation_03,-0.237344793029,-0.253642382643,-0.13086482738,0.0109391849,0.145623361245
51,allocation_04,-0.24597460947,-0.181318225242,0.0481421456869,0.250276093727,0.37441214064
51,allocation_05,-0.241807972211,-0.0377268159181,0.301898113432,0.336424751406,0.174928926035
51,allocation_06,-0.225746648104,0.0886708468697,0.366293480182,0.2601438544,-0.0266766538826
51,allocation_07,-0.119822499453,0.269488399415,0.302223982392,0.00806069347857,-0.248785264893
51,allocation_08,-0.0757122391162,0.326135533959,0.151268649331,-0.316350389454,-0.237722068951
51,allocation_09,-0.0629763710606,0.323149479945,0.102818289637,-0.344391082081,-0.153097079913
51,allocation_10,0.0464480591217,0.300376597977,-0.275324223198,-0.136939616253,0.372968004019
51,allocation_11,0.0637026780483,0.297553443469,-0.317371343436,-0.0661068946772,0.355119661576
51,allocation_12,0.111854832801,0.230724965176,-0.343000754626,0.225584075041,-0.000915484516155
51,allocation_13,0.244930113915,0.08123013967,-0.253325442031,0.390668211163,-0.258275715613
51,allocation_14,0.27458054379,-0.0325520819782,-0.122539711441,0.350513265302,-0.317774806708
51,allocation_15,0.305583705867,-0.134918334147,0.0914828076182,0.0778578523342,-0.192376644196
51,allocation_16,0.313263339351,-0.163570421901,0.155445151679,-0.0993441151805,0.0497256126212
51,allocation_17,0.311690037195,-0.17203976897,0.16232173483,-0.15179628286,0.155112938921
51,allocation_18,0.307617480557,-0.174116890295,0.162265312643,-0.160454550989,0.157206600321
51,allocation_19,0.306414465887,-0.173896817172,0.161138833624,-0.160792778561,0.155330731733
52,allocation_00,-0.188228391295,-0.283362222369,-0.221394129346,-0.173707860161,-0.223564666585
52,allocation_01,-0.191371805351,-0.284257773996,-0.222947675911,-0.174044594972,-0.225724698478
52,allocation_02,-0.210337921256,-0.283435584618,-0.213922895446,-0.140781176966,-0.134972131091
52,allocation_03,-0.232020907135,-0.259084718385,-0.144893398209,-0.00919218498539,0.114372520752
52,allocation_04,-0.244558727853,-0.178988167583,0.036929292589,0.246559652232,0.399602785092
52,allocation_05,-0.241975623655,-0.0307785966723,0.29739038684,0.338477722204,0.193767803171
52,allocation_06,-0.226946010967,0.0921623236472,0.357978643595,0.267609950268,-0.0189028088411
52,allocation_07,-0.128916787723,0.265326237745,0.296135259135,0.0180345733318,-0.235839647011
52,allocation_08,-0.081532996754,0.325713910994,0.150761062128,-0.313543725306,-0.239902549
52,allocation_09,-0.0660544687409,0.32008653551,0.0996649303971,-0.351924188025,-0.16600883036
52,allocation_10,0.0521241303518,0.297041801505,-0.288717805602,-0.135960083891,0.370381801554
52,allocation_11,0.0688440299827,0.295105833767,-0.321633693499,-0.0737904541898,0.351007711455
52,allocation_12,0.114123254544,0.230777932556,-0.345479678647,0.213632625762,0.00248001005047
52,allocation_13,0.250045590729,0.0817424103918,-0.247475436514,0.390341479409,-0.257012200141
52,allocation_14,0.277389506312,-0.0262050712205,-0.122985752238,0.366309135864,-0.315418606092
52,allocation_15,0.304002559371,-0.128731763098,0.10060675076,0.0842008710814,-0.180252867764
52,allocation_16,0.311951306595,-0.162774979348,0.159874218246,-0.0980690048872,0.051498218035
52,allocation_17,0.310779559937,-0.173962850044,0.16357683788,-0.152675441634,0.148992127382
52,allocation_18,0.305559723747,-0.175825661007,0.160526592848,-0.164013248852,0.152459197038
52,allocation_19,0.304540644816,-0.175579750781,0.159595134725,-0.164728194286,0.151411520944
53,allocation_00,-0.188128028197,-0.286818163186,-0.20693029373,-0.177227621468,-0.219973730623
53,allocation_01,-0.192216164708,-0.287134183208,-0.210755961978,-0.179060239222,-0.223728048169
53,allocation_02,-0.207420894791,-0.284991674372,-0.207943880395,-0.151256712393,-0.144663656924
53,allocation_03,-0.230869892466,-0.260634933286,-0.148656216833,-0.012850937442,0.116680326182
53,allocation_04,-0.245758134529,-0.179432461749,0.0188543230622,0.241926483486,0.402608754916
53,allocation_05,-0.247530517657,-0.0209945904875,0.282977757339,0.345306612123,0.174959160384
53,allocation_06,-0.233011272217,0.0984760762595,0.342034440692,0.278382424152,0.0051695790153
53,allocation_07,-0.134922516631,0.268866836603,0.292876420601,0.0258666938403,-0.186353486979
53,allocation_08,-0.0848596401386,0.322141106775,0.162958117118,-0.303153754049,-0.260429983089
53,allocation_09,-0.0692807543999,0.318897982861,0.112736160723,-0.346139590407,-0.192456058461
53,allocation_10,0.0586454519984,0.292418032562,-0.281589106926,-0.161242880144,0.353412158947
53,allocation_11,0.077444747715,0.287438784619,-0.324209096069,-0.0928411266427,0.343678685959
53,allocation_12,0.121188817253,0.229737969875,-0.34985314647,0.178989352479,0.0255803591091
53,allocation_13,0.250224645866,0.0843055734287,-0.25946878763,0.378300948533,-0.236767336324
53,allocation_14,0.27427182194,-0.0232543212938,-0.133930607547,0.376341172296,-0.323025320982
53,allocation_15,0.300612257401,-0.130745527797,0.101892890607,0.103019211533,-0.222931271017
53,allocation_16,0.309351009044,-0.165679089816,0.171601344178,-0.0883069503956,0.0366886136088
53,allocation_17,0.306452915238,-0.17558900348,0.17743287988,-0.154078390792,0.160970419074
53,allocation_18,0.303176327681,-0.176449598847,0.175872791995,-0.161928041732,0.163889364186
53,allocation_19,0.302179672141,-0.176002746862,0.175088868992,-0.161450225038,0.163719847774
54,allocation_00,-0.179719941334,-0.293196838594,-0.210666001335,-0.18689144311,-0.22135562365
54,allocation_01,-0.18322431142,-0.293825537875,-0.213221249836,-0.184937495731,-0.224229010974
54,allocation_02,-0.202031718051,-0.29537454581,-0.205942324475,-0.144309495825,-0.136428896362
54,allocation_03,-0.223077280689,-0.26993683784,-0.136129740451,0.00954295362794,0.130230312576
54,allocation_04,-0.236021664733,-0.190296722651,0.0386818110105,0.255244094582,0.405962748809
54,allocation_05,-0.240256294015,-0.0319001043457,0.294681301848,0.344708915187,0.166358859091
54,allocation_06,-0.230572741862,0.0935879564886,0.354034347221,0.266874239621,-0.0145046907097
54,allocation_07,-0.140060340863,0.263680327644,0.296302220982,0.0227536320082,-0.220910838432
54,allocation_08,-0.0981475535962,0.322211692622,0.151824843799,-0.300696523416,-0.245877995353
54,allocation_09,-0.0825088954511,0.317655560573,0.10180009831,-0.34715237343,-0.168619496693
54,allocation_10,0.0396665173642,0.296920781535,-0.28543285276,-0.156350811503,0.366052564131
54,allocation_11,0.0567895928936,0.296384951837,-0.324574499218,-0.0754008752265,0.345501586803
54,allocation_12,0.107881842789,0.228496817565,-0.350097103524,0.217448932289,0.0100221263847
54,allocation_13,0.249584226441,0.0834149216067,-0.250467883249,0.383983787182,-0.254098318331
54,allocation_14,0.278623089646,-0.0190334481789,-0.125615624417,0.354976118074,-0.319361760561
54,allocation_15,0.308790599818,-0.117014993947,0.0910508087399,0.0841963127816,-0.195639171624
54,allocation_16,0.316554958865,-0.150179046614,0.168222021947,-0.0958218590679,0.0487899231144
54,allocation_17,0.313500556391,-0.157269738334,0.174831522861,-0.152333305249,0.150455494158
54,allocation_18,0.309356101743,-0.159309003532,0.172635738065,-0.162249481148,0.161290905351
54,allocation_19,0.308214336008,-0.159536037015,0.171669048806,-0.163215177215,0.159492371387
55,allocation_00,-0.165182686065,-0.301659115342,-0.214218033446,-0.174083339749,-0.22321474141
55,allocation_01,-0.169856017828,-0.302760012692,-0.217839688303,-0.174521709249,-0.223904668178
55,allocation_02,-0.189199249216,-0.301329222259,-0.211113814265,-0.139919614936,-0.133056295342
55,allocation_03,-0.213625846019,-0.278505362439,-0.14265326752,-0.0081909630253,0.121328339407
55,allocation_04,-0.231482379263,-0.200225456748,0.0303590671584,0.245545738249,0.388590060467
55,allocation_05,-0.240053207499,-0.0429701912968,0.286717566488,0.34955396719,0.174200969751
55,allocation_06,-0.236015491994,0.0803826759442,0.344772166161,0.284048636827,0.00424554481458
55,allocation_07,-0.153712703768,0.25565721448,0.294032841727,0.0203438986497,-0.208419525915
55,allocation_08,-0.112628678696,0.310413551358,0.160578336274,-0.312495019506,-0.255864055001
55,allocation_09,-0.0974872717494,0.308341911878,0.111409714532,-0.352946703445,-0.180327646069
55,allocation_10,0.0301767317432,0.29326458748,-0.285616132485,-0.161310309749,0.374654848704
55,allocation_11,0.0497937764646,0.294236319731,-0.324251427325,-0.0841512797618,0.355368806826
55,allocation_12,0.101319830194,0.240365192509,-0.346563609993,0.206022026963,0.00713745844321
55,allocation_13,0.244947706724,0.103758224448,-0.253231850846,0.378139317729,-0.253519467657
55,allocation_14,0.279031924493,-0.000444492628308,-0.130591193913,0.354174080415,-0.319232275541
55,allocation_15,0.31350669438,-0.106187631228,0.0943114127198,0.0900913510233,-0.193607615883
55,allocation_16,0.320464831274,-0.142085419983,0.167304906869,-0.0915687633303,0.050350843835
55,allocation_17,0.31772116138,-0.153030082903,0.175644581163,-0.14819694031,0.153364040796
55,allocation_18,0.31364143792,-0.154520438853,0.173014996009,-0.160012897476,0.155598616635
55,allocation_19,0.312867264553,-0.154610080492,0.171508234769,-0.160455507802,0.155537118301
56,allocation_00,-0.181318315196,-0.293484683893,-0.204189048951,-0.176965523965,-0.230324896924
56,allocation_01,-0.186046001257,-0.294916769851,-0.206486284931,-0.178794142455,-0.231945114457
56,allocation_02,-0.203030810533,-0.291888722361,-0.201648465435,-0.146591754554,-0.146798737153
56,allocation_03,-0.224292608563,-0.268259704461,-0.140789007442,-0.00355617883309,0.124512790039
56,allocation_04,-0.239119409974,-0.187787144315,0.0272573233894,0.243874663734,0.436072242926
56,allocation_05,-0.240869396223,-0.0251246858768,0.296506013291,0.346757434451,0.179952976653
56,allocation_06,-0.22616674248,0.095850935103,0.351651124366,0.273107603761,-0.0321160217708
56,allocation_07,-0.136647806087,0.264829347547,0.294434700271,0.0299539080229,-0.225491323034
56,allocation_08,-0.0926899912006,0.322470268133,0.156703995712,-0.302707611667,-0.243878019476
56,allocation_09,-0.0781591551143,0.319693736833,0.101027351701,-0.344667306851,-0.158653911214
56,allocation_10,0.0421103670974,0.294262621545,-0.285992352008,-0.160112252227,0.369696084202
56,allocation_11,0.0619680648845,0.293576803474,-0.325200507191,-0.0824686539287,0.334789108879
56,allocation_12,0.109551943295,0.227939326195,-0.353590152568,0.201827178942,-0.0144434994852
56,allocation_13,0.247590583895,0.084966315735,-0.258488564065,0.387687815874,-0.243333390355
56,allocation_14,0.27920477401,-0.0236199498246,-0.127753197641,0.366841415892,-0.308449742166
56,allocation_15,0.309993305765,-0.123056891905,0.0999718203295,0.0796576940291,-0.164631375369
56,allocation_16,0.31609584345,-0.151372227428,0.16004240027,-0.0839498218161,0.0437770229756
56,allocation_17,0.313030816679,-0.15962275096,0.173877321301,-0.155243922655,0.149940713395
56,allocation_18,0.308996593511,-0.161724940261,0.173773067787,-0.164723626305,0.14673615577
56,allocation_19,0.30807536554,-0.161610229131,0.172239081832,-0.164051485641,0.143797168613
57,allocation_00,-0.176800543906,-0.291174817888,-0.215969888642,-0.180822564774,-0.22786007773
57,allocation_01,-0.181015741535,-0.292128609267,-0.218227139183,-0.181357859419,-0.227720314579
57,allocation_02,-0.203094071616,-0.290351433159,-0.207381045998,-0.140470025555,-0.124165891502
57,allocation_03,-0.225614314633,-0.266882604534,-0.144326400768,-0.0127041293216,0.120971350198
57,allocation_04,-0.238752722911,-0.193925526735,0.0287074223548,0.236956152047,0.399733298995
57,allocation_05,-0.239462353844,-0.0402588888088,0.29425002955,0.345578665146,0.175088756193
57,allocation_06,-0.229583280179,0.0812794974555,0.353563025181,0.284201620627,-0.0146238958425
57,allocation_07,-0.139482469812,0.258500447881,0.298566318982,0.0361402201342,-0.226779189942
57,allocation_08,-0.0944118720374,0.31841676499,0.159450229701,-0.316470483603,-0.247244225488
57,allocation_09,-0.078461946342,0.315867469011,0.107252262744,-0.353652788719,-0.171399559938
57,allocation_10,0.038630088493,0.299852733674,-0.282773330078,-0.139807754222,0.364543766961
57,allocation_11,0.0556806952552,0.299255785208,-0.317465346697,-0.0713587266594,0.347130092794
57,allocation_12,0.100311054579,0.237273803658,-0.347106098846,0.203378570223,0.00571728353988
57,allocation_13,0.246663560492,0.0886943264122,-0.258819019256,0.382801425394,-0.248756280157
57,allocation_14,0.277222015124,-0.0213433573841,-0.133498687185,0.360990709378,-0.319312482686
57,allocation_15,0.308596955127,-0.124863218518,0.0912090368475,0.085158048738,-0.199727344339
57,allocation_16,0.317994442236,-0.152187484002,0.158117760747,-0.0950541810212,0.0524290219822
57,allocation_17,0.316526002922,-0.159602894425,0.167837370582,-0.148777947116,0.15281608197
57,allocation_18,0.311456720866,-0.161345866078,0.167612040423,-0.158765421339,0.159030969098
57,allocation_19,0.310403948885,-0.161819059348,0.166713260331,-0.15863500227,0.158212942217
58,allocation_00,-0.185867025763,-0.281188664807,-0.222153289763,-0.173876469093,-0.234229604424
58,allocation_01,-0.189714817311,-0.282158345633,-0.225461929118,-0.17412212302,-0.233248065163
58,allocation_02,-0.210092886041,-0.281531510308,-0.216938188562,-0.133673814366,-0.135901558935
58,allocation_03,-0.232633888307,-0.254799694226,-0.141752691962,-0.00429222957844,0.127801568267
58,allocation_04,-0.24574062673,-0.182393947631,0.040173566198,0.22547346728,0.404864716724
58,allocation_05,-0.244602946489,-0.0315428632584,0.299594753035,0.326812356978,0.18017955285
58,allocation_06,-0.22857416411,0.0923940415909,0.359350088345,0.271600741586,-0.00898961087286
58,allocation_07,-0.126542876482,0.269336565704,0.30121189769,0.0195500081583,-0.219760185299
58,allocation_08,-0.078495769783,0.325699137488,0.147823763239,-0.308855867049,-0.253662395426
58,allocation_09,-0.0634986466985,0.321478378705,0.0963808402297,-0.347871224523,-0.180122921575
58,allocation_10,0.055181476525,0.296327176151,-0.288513746472,-0.142529392292,0.358755073972
58,allocation_11,0.0699586943441,0.296159685216,-0.317923169668,-0.0807361289809,0.349315437553
58,allocation_12,0.114480451697,0.232474137856,-0.340806306093,0.218107803021,0.0171138810664
58,allocation_13,0.24910241558,0.0823417379699,-0.244832487889,0.399016720852,-0.239125426817
58,allocation_14,0.277045266657,-0.0295841472903,-0.119732500781,0.37233322352,-0.301055681257
58,allocation_15,0.302391492217,-0.130866474288,0.0923900904329,0.0947731735096,-0.207211896707
58,allocation_16,0.313705851359,-0.164924842393,0.159002314439,-0.0984878916213,0.0440008985045
58,allocation_17,0.309740830484,-0.172832383647,0.166515605498,-0.160914835951,0.153059743894
58,allocation_18,0.306075589492,-0.174500058427,0.164757327457,-0.168298647048,0.153330381725
58,allocation_19,0.305299058821,-0.174641342402,0.163867340948,-0.167961515331,0.154077323687
59,allocation_00,-0.167922264972,-0.299550151889,-0.21022435113,-0.183163176474,-0.229020102834
59,allocation_01,-0.172568991694,-0.300723785441,-0.212410207897,-0.183439796627,-0.227116668897
59,allocation_02,-0.190909209537,-0.300204076876,-0.207186197747,-0.143065905373,-0.136002393523
59,allocation_03,-0.213172637878,-0.277622339486,-0.141588660765,0.00623300044224,0.139251855017
59,allocation_04,-0.233784640222,-0.199592220548,0.0292128998499,0.241513172334,0.405472874635
59,allocation_05,-0.239185728915,-0.0422280001429,0.303889799571,0.338631927579,0.153731961206
59,allocation_06,-0.233203028287,0.0778266265599,0.359606810985,0.2727332505,-0.0062154990651
59,allocation_07,-0.148726095523,0.256600292086,0.294405900249,0.0224528676803,-0.199078238169
59,allocation_08,-0.106301127049,0.316219593263,0.14965654026,-0.305452439595,-0.263724650893
59,allocation_09,-0.0938056551817,0.313821279336,0.102473848297,-0.342921960183,-0.180769493519
59,allocation_10,0.0202083583537,0.301229152556,-0.284415326846,-0.146412905522,0.365603431955
59,allocation_11,0.0378362585535,0.300900480079,-0.318711879005,-0.0811291798265,0.344874586034
59,allocation_12,0.0887036614804,0.238704052579,-0.3510252466,0.199678681704,0.0143458553991
59,allocation_13,0.237335953605,0.0990704675824,-0.260803813371,0.396517816838,-0.247131004954
59,allocation_14,0.273467006409,-0.00838742302848,-0.132480729343,0.372926014642,-0.324869778746
59,allocation_15,0.313778732576,-0.103029699573,0.0939664896245,0.0800162355536,-0.185627505905
59,allocation_16,0.324312655297,-0.135538439549,0.158647271559,-0.0962147653863,0.05429651982
59,allocation_17,0.323003275042,-0.144162988033,0.166196262291,-0.149535679622,0.154160125569
59,allocation_18,0.318934776503,-0.146167897754,0.162818335707,-0.159129674253,0.154692066262
59,allocation_19,0.318054073781,-0.146150060071,0.161970330385,-0.161172177365,0.153669489159
60,allocation_00,-0.183975950116,-0.29354141617,-0.197432520729,-0.185698299352,-0.222217929545
60,allocation_01,-0.187573292789,-0.294298376658,-0.200242677188,-0.186043697372,-0.225292764345
60,allocation_02,-0.206238351543,-0.293929052183,-0.195697344066,-0.153381506591,-0.151479741284
60,allocation_03,-0.226723682196,-0.265544536707,-0.138495317422,-0.0154694625668,0.113231779232
60,allocation_04,-0.240253287173,-0.196034626839,0.00696444630595,0.218052646808,0.398243759693
60,allocation_05,-0.24152014059,-0.0388939584749,0.27126475419,0.359689200345,0.223526590961
60,allocation_06,-0.227902621442,0.0869557879335,0.336905481808,0.303579948179,0.00595791590354
60,allocation_07,-0.13874264452,0.260216606383,0.296997541741,0.0493511445196,-0.239358854812
60,allocation_08,-0.0953699100933,0.31725009445,0.179041646786,-0.291108136933,-0.252238002872
60,allocation_09,-0.080073370597,0.313380895183,0.130734627888,-0.338414700508,-0.17119308528
60,allocation_10,0.0420399510659,0.293943797269,-0.278233196587,-0.179209525443,0.362762707749
60,allocation_11,0.0599284646713,0.292100657746,-0.317252320951,-0.115713316847,0.345486200104
60,allocation_12,0.105189405216,0.228415076647,-0.357414422053,0.184166475926,0.0047749419001
60,allocation_13,0.237393282712,0.0880072723065,-0.281809982215,0.374759324835,-0.244234329801
60,allocation_14,0.270236773393,-0.0167021048533,-0.160938229296,0.366185877891,-0.298829621173
60,allocation_15,0.306139505326,-0.127963476658,0.0961120363471,0.0965491579357,-0.195286479321
60,allocation_16,0.316016738853,-0.157982278658,0.170356963397,-0.0856767859366,0.0474936826321
60,allocation_17,0.316541714947,-0.16508479395,0.175884018171,-0.139835791404,0.1484241009
60,allocation_18,0.312304560681,-0.166836764989,0.171792199531,-0.151431690656,0.147566670851
60,allocation_19,0.311694509585,-0.167027587172,0.17064271646,-0.152457260231,0.145414588728
61,allocation_00,-0.194669716015,-0.277727709166,-0.210880859968,-0.193688824646,-0.221686504909
61,allocation_01,-0.198312963593,-0.278279288553,-0.214486648485,-0.195989672266,-0.22482600635
61,allocation_02,-0.21932137955,-0.27464784544,-0.206214881388,-0.162467116749,-0.126211923421
61,allocation_03,-0.245306488215,-0.246539151166,-0.134722966815,-0.00583863613966,0.134481526202
61,allocation_04,-0.253585499228,-0.17133190864,0.028761447662,0.26065873854,0.371082093363
61,allocation_05,-0.241866572371,-0.0199804388156,0.276510712724,0.371420062607,0.181348951711
61,allocation_06,-0.222944622188,0.10270632589,0.34237496327,0.285656765503,-0.0327854323581
61,allocation_07,-0.11473799518,0.272768804469,0.295582223881,0.00870386721618,-0.233012832114
61,allocation_08,-0.0678533881059,0.324999891912,0.175062383975,-0.318313689324,-0.221438110183
61,allocation_09,-0.0544755825168,0.318587359841,0.12954616081,-0.348827332504,-0.149637109892
61,allocation_10,0.0663900030942,0.292359950261,-0.279336868327,-0.131463142437,0.372358026552
61,allocation_11,0.085754893941,0.288990605454,-0.321983643951,-0.0707010362026,0.340248456233
61,allocation_12,0.123851825208,0.229209180422,-0.348061963071,0.174894741929,0.0083222201403
61,allocation_13,0.249287898686,0.0787813206055,-0.265433512941,0.359758637525,-0.261032680577
61,allocation_14,0.272279237177,-0.0304428200998,-0.143528537419,0.358840211575,-0.342177852446
61,allocation_15,0.297291457072,-0.144967665767,0.0969323957492,0.0899515713825,-0.211710418216
61,allocation_16,0.3084484618,-0.17957721997,0.16597294591,-0.0812220363985,0.0471960521079
61,allocation_17,0.305938177339,-0.186396164935,0.172864013377,-0.135463608495,0.157897218357
61,allocation_18,0.301316388563,-0.187822109392,0.17174012446,-0.146016148284,0.169537853244
61,allocation_19,0.299931750478,-0.188262000138,0.171234804116,-0.147126429676,0.168737677332
62,allocation_00,-0.193546843781,-0.276051501063,-0.220381989785,-0.175045588327,-0.24803766069
62,allocation_01,-0.197572969296,-0.277013390253,-0.222607039841,-0.174404218276,-0.246117213579
62,allocation_02,-0.218668953607,-0.275483634701,-0.213339971629,-0.137659174001,-0.127153465465
62,allocation_03,-0.239539400933,-0.245668448705,-0.147283127386,-0.013932958063,0.145540350721
62,allocation_04,-0.254535453363,-0.167691644133,0.039528074447,0.23350345248,0.408122917159
62,allocation_05,-0.242974993344,-0.0300804100653,0.295015427489,0.337700992823,0.196969538384
62,allocation_06,-0.223272501945,0.0938777015067,0.362820374482,0.271720869101,-0.0486028318483
62,allocation_07,-0.121010377255,0.266819555717,0.308149718774,0.0321841635499,-0.252121738794
62,allocation_08,-0.0698930224099,0.325301523454,0.153527037243,-0.304870491825,-0.251639818038
62,allocation_09,-0.0561463331851,0.322801028476,0.0995287992986,-0.343356958061,-0.160041732666
62,allocation_10,0.0533696569318,0.302380385668,-0.271023986449,-0.152106000605,0.371985954832
62,allocation_11,0.0711969049778,0.299655178985,-0.3041030574,-0.087724175423,0.354310417105
62,allocation_12,0.120364691259,0.233432826127,-0.338141008765,0.204445866477,-0.0289495318566
62,allocation_13,0.253693640331,0.0787708444933,-0.255660319872,0.384440333202,-0.223337835626
62,allocation_14,0.276669773067,-0.0330618224799,-0.141158009308,0.373248232795,-0.268301331602
62,allocation_15,0.302408629103,-0.133815388119,0.0795576119642,0.112229807627,-0.188143245699
62,allocation_16,0.308027802928,-0.173724556059,0.157612285996,-0.100907205247,0.0595108054151
62,allocation_17,0.303934435468,-0.18293461245,0.172793238543,-0.15778026761,0.141091286552
62,allocation_18,0.300195407845,-0.183383569077,0.172873593831,-0.169873667961,0.132374662162
62,allocation_19,0.299692273382,-0.183207546835,0.171843008085,-0.17104438686,0.13170669373
63,allocation_00,-0.196244259184,-0.269145017854,-0.222156982427,-0.191787821296,-0.206268182429
63,allocation_01,-0.201613641787,-0.270224223535,-0.225734576833,-0.192828353063,-0.209801371108
63,allocation_02,-0.219351401304,-0.26630578449,-0.217671544367,-0.156709300644,-0.123355189348
63,allocation_03,-0.242543647265,-0.243993912532,-0.149944971085,-0.0150205709986,0.110532941064
63,allocation_04,-0.259052397061,-0.166377976282,0.0347046201052,0.260546260495,0.35030302797
63,allocation_05,-0.252010508044,-0.0313810937029,0.270795757711,0.353269548192,0.184321343933
63,allocation_06,-0.236002851375,0.093729689623,0.345979881799,0.281019649059,0.00661586731845
63,allocation_07,-0.121590696017,0.26759912705,0.305254182006,0.020802209145,-0.223419686716
63,allocation_08,-0.0689019859244,0.324473739124,0.174796368268,-0.309983260311,-0.246521979554
63,allocation_09,-0.0543559539321,0.321162370374,0.126892170251,-0.349067190905,-0.1756049509
63,allocation_10,0.0690631848344,0.300805154566,-0.271466279651,-0.134249853692,0.370215794914
63,allocation_11,0.0842591204167,0.298627485524,-0.305522222917,-0.0785305942961,0.356097248058
63,allocation_12,0.125667302076,0.232852502107,-0.33911569691,0.191414956418,0.0218536290665
63,allocation_13,0.250621454675,0.0808093525484,-0.260573793192,0.369579030516,-0.245082675357
63,allocation_14,0.273320361603,-0.0307192039844,-0.139002190024,0.359839398189,-0.328564343209
63,allocation_15,0.293527080212,-0.147395488763,0.0992455118351,0.099498713659,-0.240153149162
63,allocation_16,0.30252714362,-0.182925879988,0.162585476316,-0.0810727285361,0.0190136229146
63,allocation_17,0.298604792563,-0.191519440608,0.17397530882,-0.14455374475,0.17314755727
63,allocation_18,0.294769939562,-0.191745850088,0.173595908348,-0.153074239213,0.183281137605
63,allocation_19,0.293572561312,-0.1913345276,0.172653547807,-0.153369171965,0.183782999757
64,allocation_00,-0.187243364666,-0.290098924587,-0.202989156482,-0.172248961981,-0.212766984151
64,allocation_01,-0.191606265935,-0.290359998623,-0.208132880067,-0.17442332276,-0.213939303857
64,allocation_02,-0.208845056527,-0.286988283727,-0.205591874961,-0.142222083873,-0.145194347674
64,allocation_03,-0.233936313858,-0.26150208897,-0.138969083216,-0.0112731404361,0.101946503944
64,allocation_04,-0.248791480219,-0.186610642876,0.0224582873099,0.219191163692,0.368232675302
64,allocation_05,-0.24407297593,-0.0254958361805,0.285431362119,0.337352026621,0.211091864323
64,allocation_06,-0.230185883127,0.0984480219485,0.344279783579,0.288172153291,0.043749723996
64,allocation_07,-0.13552436938,0.26679910224,0.292879807582,0.0426718443017,-0.204672568152
64,allocation_08,-0.0869475634867,0.322950656378,0.162191911024,-0.290139813515,-0.282602571194
64,allocation_09,-0.0720227832808,0.31894770751,0.112592548443,-0.335288918449,-0.217853231441
64,allocation_10,0.0531789228127,0.290734504522,-0.282770078001,-0.174835597355,0.356113683573
64,allocation_11,0.0709594384348,0.28817481307,-0.320684418835,-0.111209099473,0.357213636416
64,allocation_12,0.113660628705,0.226176845497,-0.351699236231,0.190990853973,0.0390368789589
64,allocation_13,0.244912670554,0.0798296699062,-0.26366430887,0.389693371855,-0.223593990134
64,allocation_14,0.271905412776,-0.0250278427808,-0.141800995655,0.377877132761,-0.304664300663
64,allocation_15,0.303329728723,-0.127494789275,0.0905164827795,0.119990214542,-0.227484709436
64,allocation_16,0.31210654088,-0.162414096745,0.167530546571,-0.0906005670889,0.0367062833784
64,allocation_17,0.308332848819,-0.172454496395,0.180151200399,-0.156383992867,0.156447361684
64,allocation_18,0.304524140262,-0.173751009923,0.179217637078,-0.166365816579,0.157540675772
64,allocation_19,0.303966886462,-0.173569354767,0.177990181531,-0.165630407677,0.158281287704
65,allocation_00,-0.180017056675,-0.287888443581,-0.217058885639,-0.189748555022,-0.22050623977
65,allocation_01,-0.183726822293,-0.28832727388,-0.219723137373,-0.191479222011,-0.226280404947
65,allocation_02,-0.20268316715,-0.284861460225,-0.211578839221,-0.157449024173,-0.154821494692
65,allocation_03,-0.229246822694,-0.263748737122,-0.14287914964,-0.000253649948764,0.128676172784
65,allocation_04,-0.239150423024,-0.193060637887,0.0252975571382,0.239950908478,0.40452718604
65,allocation_05,-0.24554324417,-0.0462668948515,0.288597450788,0.347954298021,0.185037002095
65,allocation_06,-0.233423112195,0.0760521071821,0.352472773484,0.277820624759,-0.0231076330102
65,allocation_07,-0.136667250928,0.255989024103,0.302116389017,0.0193289808978,-0.24447678399
65,allocation_08,-0.0896926657879,0.321759193698,0.162258725904,-0.302336194912,-0.239415105945
65,allocation_09,-0.0758652005781,0.320358377084,0.115447863367,-0.334854334506,-0.154500544631
65,allocation_10,0.0415128601837,0.298929429257,-0.276101119435,-0.153517214782,0.363137416287
65,allocation_11,0.0594505178056,0.298513504096,-0.315440817753,-0.0819847684833,0.34490054419
65,allocation_12,0.102524719583,0.234901746406,-0.345499834,0.206492773781,0.00283558846127
65,allocation_13,0.243642232065,0.0893817689684,-0.262234132278,0.390369920343,-0.24132454886
65,allocation_14,0.275877707424,-0.0236660259248,-0.133327377564,0.359544256344,-0.31670058175
65,allocation_15,0.307953581724,-0.125599326044,0.0889606121971,0.0831314407438,-0.193871653787
65,allocation_16,0.315539353388,-0.157795827445,0.15776219865,-0.0854634701153,0.0410477865056
65,allocation_17,0.315146881948,-0.16580590319,0.170105762914,-0.149248544469,0.149229663699
65,allocation_18,0.309154240481,-0.167345981231,0.169208083074,-0.160631344872,0.156400794518
65,allocation_19,0.308579491692,-0.167404466503,0.168265115583,-0.160991752837,0.157801363307
66,allocation_00,-0.192526503773,-0.282184607585,-0.199911823578,-0.185235765523,-0.228492363896
66,allocation_01,-0.196667258728,-0.282638495409,-0.203429234753,-0.185946680224,-0.233889968261
66,allocation_02,-0.213934330755,-0.280524563992,-0.200212164445,-0.146760618659,-0.14258018714
66,allocation_03,-0.234035414005,-0.257260743335,-0.138873558318,-0.00707593605085,0.111530074611
66,allocation_04,-0.247118221917,-0.181677424667,0.0218892746688,0.228431124468,0.410715876407
66,allocation_05,-0.245932730079,-0.0268912548792,0.281246794888,0.350181973642,0.198163617953
66,allocation_06,-0.22825409328,0.0990369607821,0.346553967779,0.285661219328,0.00126664821072
66,allocation_07,-0.124143221449,0.272812273962,0.296577811189,0.0349451562346,-0.206170796996
66,allocation_08,-0.0792645881115,0.330015847183,0.163789578533,-0.283634471567,-0.243948150405
66,allocation_09,-0.0664756156311,0.325626769889,0.124287690886,-0.326218452596,-0.199165933338
66,allocation_10,0.0537172832027,0.292630643009,-0.282478064399,-0.173483516632,0.354918074128
66,allocation_11,0.0706222758548,0.29112763424,-0.322029290871,-0.108009511739,0.34856567214
66,allocation_12,0.114088895168,0.223279749284,-0.354937809789,0.193543206766,0.0169190510064
66,allocation_13,0.246300079001,0.0769192654802,-0.265961319726,0.391428169333,-0.222501662037
66,allocation_14,0.274047193799,-0.027092575369,-0.140971433901,0.37454704833,-0.307877622932
66,allocation_15,0.302476374986,-0.130193587597,0.0895494043297,0.100968777801,-0.210506759967
66,allocation_16,0.309524891668,-0.165846955614,0.166926375824,-0.0921737423986,0.0405844046317
66,allocation_17,0.30864069066,-0.173809767971,0.175856625224,-0.154017234027,0.154468811495
66,allocation_18,0.304376093533,-0.174723157152,0.17688327007,-0.157757212717,0.156503179497
66,allocation_19,0.30347152355,-0.174975002866,0.176598225355,-0.158119299433,0.155935059892
67,allocation_00,-0.189507468467,-0.279997211225,-0.21343968156,-0.191958192147,-0.237599693873
67,allocation_01,-0.19377227041,-0.281359888877,-0.214404005535,-0.189676797718,-0.237014362719
67,allocation_02,-0.215619729999,-0.281619720952,-0.207860075822,-0.139780853028,-0.129003868479
67,allocation_03,-0.238665409638,-0.249912718011,-0.13577300909,0.00733195503396,0.140066437009
67,allocation_04,-0.250913517738,-0.182077735605,0.0301054232471,0.233067151876,0.390515698782
67,allocation_05,-0.245444415639,-0.0294995568573,0.290755673223,0.342598339632,0.180913156697
67,allocation_06,-0.226135968203,0.0989739033293,0.352589677697,0.279678929454,-0.00715052942439
67,allocation_07,-0.123013564503,0.272144394483,0.298557232256,0.0192660982124,-0.215116019115
67,allocation_08,-0.0747439843793,0.324868367071,0.169140578371,-0.300550264703,-0.24286049374
67,allocation_09,-0.0564519966978,0.31836802782,0.109869071657,-0.344616046066,-0.177658049326
67,allocation_10,0.0609801293842,0.290614738973,-0.279381348398,-0.15650829978,0.365417471098
67,allocation_11,0.0791098743113,0.288931577298,-0.318094702224,-0.0824685541514,0.356162213751
67,allocation_12,0.119681400382,0.227781880188,-0.348287528683,0.204149134731,0.00427063010263
67,allocation_13,0.247757048025,0.0811033781407,-0.258114898392,0.386767652893,-0.244530334164
67,allocation_14,0.274171376559,-0.034304068136,-0.122660895863,0.366239166087,-0.312292620349
67,allocation_15,0.300746111887,-0.140439169393,0.0933917971218,0.102197492346,-0.200264397933
67,allocation_16,0.309405980767,-0.171997128546,0.165361142338,-0.0936345942278,0.0636425106258
67,allocation_17,0.30746468164,-0.180673790414,0.1732812477,-0.148454982761,0.150488054478
67,allocation_18,0.303106501374,-0.182136794789,0.172274268188,-0.158068569171,0.148745208574
67,allocation_19,0.302324115976,-0.18218961316,0.171087492387,-0.158986763963,0.149528638339
68,allocation_00,-0.179531014002,-0.293496622384,-0.211526501175,-0.180379360716,-0.228831386367
68,allocation_01,-0.182753947563,-0.294604708688,-0.212668042554,-0.179880867662,-0.228153775905
68,allocation_02,-0.201857633078,-0.294042762517,-0.204118767364,-0.145926105903,-0.14318826288
68,allocation_03,-0.228276859814,-0.267576151388,-0.133364836463,0.00483490036178,0.12604431435
68,allocation_04,-0.241234722326,-0.187207412387,0.0310218253796,0.245460333994,0.392429477938
68,allocation_05,-0.240379548121,-0.0267602437702,0.298038736869,0.338831977134,0.197410685117
68,allocation_06,-0.228319377076,0.0960185737402,0.352264933062,0.265271466929,-0.00390978047992
68,allocation_07,-0.134119397605,0.27054168807,0.287044257284,0.0135934338697,-0.236912974483
68,allocation_08,-0.0899267435573,0.324113450464,0.148725777649,-0.304172873162,-0.244647465799
68,allocation_09,-0.0769404266144,0.321741855522,0.100024323299,-0.340661221456,-0.164248009591
68,allocation_10,0.0453752860591,0.290853031167,-0.294014418331,-0.154082389607,0.359750160869
68,allocation_11,0.0634533250032,0.288345040948,-0.33597593573,-0.0786909504985,0.344330362363
68,allocation_12,0.109392963759,0.225171616422,-0.356571321559,0.21662254532,0.000924756065411
68,allocation_13,0.249651026998,0.0826299927613,-0.249272037866,0.386774647947,-0.237642788866
68,allocation_14,0.278958274337,-0.026812728378,-0.112029103952,0.359400540593,-0.313825895043
68,allocation_15,0.307183688365,-0.118927173076,0.0949468963534,0.108420991039,-0.207198771352
68,allocation_16,0.316364147371,-0.15412588454,0.161757073248,-0.102490259686,0.0565350998553
68,allocation_17,0.313472678266,-0.160578758007,0.169499015025,-0.15889659448,0.151309929457
68,allocation_18,0.309315879626,-0.162186188072,0.169495152125,-0.167309110604,0.15950907518
68,allocation_19,0.307939802671,-0.16214686646,0.168482249733,-0.16877011053,0.160737945147
69,allocation_00,-0.194080080196,-0.280710582381,-0.220821641163,-0.159148975104,-0.218511115449
69,allocation_01,-0.198455472175,-0.281123695691,-0.224906696981,-0.159754730623,-0.224219255526
69,allocation_02,-0.215771770604,-0.276089334469,-0.216461307736,-0.136282843189,-0.140814841579
69,allocation_03,-0.239995801667,-0.255724094174,-0.144566462794,-0.0175710126803,0.106631444178
69,allocation_04,-0.248996353485,-0.179655151557,0.0442212347833,0.229820237854,0.392664368033
69,allocation_05,-0.241162502303,-0.0264162722956,0.306357584373,0.323596282335,0.193928109946
69,allocation_06,-0.224107833923,0.0932862541107,0.365841706041,0.264467174812,0.00203835743749
69,allocation_07,-0.123050297026,0.263011034506,0.305323667648,0.0311835726743,-0.224096560423
69,allocation_08,-0.0719891781775,0.326516840054,0.142408046038,-0.317640324073,-0.268094685832
69,allocation_09,-0.0568481573638,0.321328650022,0.0932399408485,-0.353838544512,-0.180614750406
69,allocation_10,0.0537034181125,0.293830222004,-0.282332329365,-0.15316485072,0.38245574565
69,allocation_11,0.0701017903398,0.293625135355,-0.320172433253,-0.0750267409518,0.355786964556
69,allocation_12,0.116986439764,0.227147345961,-0.337691798917,0.232855140169,0.00416785291914
69,allocation_13,0.247816848703,0.0783540293047,-0.246001462174,0.401618997294,-0.236881042946
69,allocation_14,0.275647242353,-0.0284307728206,-0.121485689842,0.366162256872,-0.30429644257
69,allocation_15,0.303334292728,-0.136411801589,0.0954690334051,0.0815544938421,-0.185978173392
69,allocation_16,0.310979135171,-0.171350168778,0.154412889621,-0.0963926413291,0.0444785745058
69,allocation_17,0.307847461748,-0.181594803831,0.162356282569,-0.15613918122,0.145047932295
69,allocation_18,0.30252489344,-0.184125910977,0.158905734539,-0.168406277952,0.150446886865
69,allocation_19,0.301603537151,-0.18409522079,0.15796028961,-0.168400045458,0.149812431748
70,allocation_00,-0.196924720656,-0.279147158454,-0.216896248598,-0.164989083518,-0.207611717723
70,allocation_01,-0.200970586173,-0.278823023713,-0.219718289441,-0.168471049387,-0.213778756415
70,allocation_02,-0.219197689103,-0.27628694766,-0.209969277543,-0.142340589387,-0.132487918243
70,allocation_03,-0.240575046086,-0.257204277147,-0.14123951028,-0.0223800463904,0.0890249083779
70,allocation_04,-0.248733403274,-0.179844627881,0.0388016490822,0.224893539618,0.364704254964
70,allocation_05,-0.242173729584,-0.0355227961284,0.296926690273,0.340287259822,0.198595013993
70,allocation_06,-0.224910789779,0.0879020008853,0.357006118045,0.285100605715,0.0225008936334
70,allocation_07,-0.122543699207,0.268441859025,0.30293658897,0.0364066125872,-0.205514785013
70,allocation_08,-0.0758218220742,0.326247713106,0.155288696952,-0.311293447211,-0.267604786974
70,allocation_09,-0.0637190111455,0.320089482473,0.114196681615,-0.343151708279,-0.210521825907
70,allocation_10,0.0509367476564,0.297871860338,-0.282215237777,-0.144816989825,0.366099242541
70,allocation_11,0.0668138660088,0.293944498324,-0.32046406251,-0.0826518310476,0.36040769022
70,allocation_12,0.111285784024,0.229009332517,-0.344530586906,0.218936828072,0.0250940554185
70,allocation_13,0.242287143621,0.077901062148,-0.258569900439,0.397518572429,-0.241744190459
70,allocation_14,0.270067275079,-0.0330250634421,-0.131119134364,0.366003302228,-0.322871960047
70,allocation_15,0.301320455004,-0.137610661291,0.0960655845513,0.0888724401327,-0.216914235037
70,allocation_16,0.31106284587,-0.170194950195,0.153642653504,-0.0951845812139,0.0324821963562
70,allocation_17,0.308236975589,-0.179091253943,0.161377004215,-0.153955437345,0.158595411387
70,allocation_18,0.304889772435,-0.180108065415,0.159434519153,-0.160778393941,0.164674644286
70,allocation_19,0.303933732031,-0.180017616899,0.15875324538,-0.16053328562,0.164250527945
71,allocation_00,-0.178579612815,-0.289281660094,-0.214640478094,-0.192077407463,-0.221996711807
71,allocation_01,-0.182896422356,-0.290638051662,-0.217837487277,-0.191739326628,-0.222722178636
71,allocation_02,-0.202055587776,-0.288234180166,-0.204905535788,-0.159494275681,-0.130435067446
71,allocation_03,-0.229552031547,-0.265679586374,-0.134317674794,-0.0114964690604,0.12124264025
71,allocation_04,-0.245616727466,-0.185190181572,0.0326651991932,0.2513626298,0.383671733173
71,allocation_05,-0.247061494998,-0.0341022460022,0.280809565502,0.354970339097,0.180997490401
71,allocation_06,-0.236528224435,0.0874784140485,0.337411148339,0.284693438549,-0.0206748110979
71,allocation_07,-0.136974328215,0.267698157162,0.291645107118,0.0173220148132,-0.233615705763
71,allocation_08,-0.0908286743056,0.32151792489,0.166772647497,-0.312229224326,-0.232967914587
71,allocation_09,-0.0772102973292,0.319993936792,0.123424723046,-0.347121572507,-0.16507667496
71,allocation_10,0.0462777693722,0.295545372936,-0.280637481797,-0.147984158986,0.366970179402
71,allocation_11,0.064376502005,0.294110739554,-0.322272675427,-0.07851914171,0.350924232278
71,allocation_12,0.107325019068,0.23149684265,-0.352590309753,0.193175030034,0.00478979580015
71,allocation_13,0.245481912267,0.0874088567397,-0.263520442222,0.372066936781,-0.253012021343
71,allocation_14,0.275289049111,-0.019915892234,-0.135687505024,0.355461771136,-0.323864890182
71,allocation_15,0.303365018277,-0.122534865349,0.100402481901,0.0895455976544,-0.211709625027
71,allocation_16,0.314359075492,-0.155191537348,0.167092164189,-0.0887275679197,0.0444131961796
71,allocation_17,0.312352284096,-0.165340366104,0.174990691714,-0.142667413759,0.162085180665
71,allocation_18,0.307478684244,-0.166893384093,0.175329387667,-0.150871023037,0.163317819881
71,allocation_19,0.306663840877,-0.166949219416,0.174425090732,-0.151916510199,0.162566224958
72,allocation_00,-0.173108176586,-0.296034182364,-0.218253337348,-0.168756446389,-0.218991361762
72,allocation_01,-0.176846951358,-0.297457889871,-0.223550877482,-0.167125885973,-0.224498482983
72,allocation_02,-0.195056310463,-0.293988795176,-0.22015960386,-0.134700847644,-0.144439164982
72,allocation_03,-0.222960533022,-0.269540500867,-0.14218461403,-0.000842226030549,0.118454612895
72,allocation_04,-0.238407917874,-0.190628324441,0.050758107426,0.225923796848,0.398096538646
72,allocation_05,-0.238644046582,-0.0406525431719,0.308239151102,0.319769692179,0.191940848727
72,allocation_06,-0.228881596179,0.0797848192675,0.365299556934,0.259194976467,-0.0102597425372
72,allocation_07,-0.140065876779,0.258078305039,0.30141097502,0.0274260308029,-0.238183564946
72,allocation_08,-0.0948119613764,0.319700736339,0.140104814705,-0.309242778132,-0.264230381478
72,allocation_09,-0.0776708238487,0.316787722118,0.084017404993,-0.353719915769,-0.184086460267
72,allocation_10,0.0339552256862,0.298764516199,-0.282666644616,-0.1544072664,0.36526799619
72,allocation_11,0.0501653122092,0.298549738383,-0.318834430889,-0.0787051969067,0.359162376016
72,allocation_12,0.103943714716,0.231134467037,-0.339775999077,0.235215674882,0.00809054854524
72,allocation_13,0.245451882753,0.0904553661051,-0.246514247863,0.400147479199,-0.234999450173
72,allocation_14,0.276401018706,-0.0159094375781,-0.119170644796,0.368791013892,-0.30075975832
72,allocation_15,0.31172672013,-0.116573195918,0.0918277564345,0.0868297308958,-0.190124167859
72,allocation_16,0.320941979691,-0.14757142901,0.155633168327,-0.102375535405,0.0531786410591
72,allocation_17,0.318848358146,-0.157484614,0.164181959896,-0.160252511101,0.146785652275
72,allocation_18,0.314625651363,-0.159635261353,0.163891606965,-0.169910228731,0.145335996891
72,allocation_19,0.313424465225,-0.159292719991,0.163372939554,-0.171493464742,0.14517579758
73,allocation_00,-0.192623036038,-0.27977834708,-0.218612766209,-0.172149936105,-0.222325087707
73,allocation_01,-0.197010651997,-0.280817366853,-0.221806655441,-0.173530216517,-0.223749831292
73,allocation_02,-0.21592184295,-0.277600554417,-0.213257086062,-0.141789495792,-0.140253611156
73,allocation_03,-0.24137945246,-0.251587361145,-0.138731938567,-0.00959439552059,0.119547425317
73,allocation_04,-0.255011455237,-0.170867609324,0.0471638681078,0.23593658534,0.387700074188
73,allocation_05,-0.243969233386,-0.0237674465192,0.299257146444,0.339241201843,0.191210531342
73,allocation_06,-0.223770008977,0.0991294549545,0.357009845408,0.27626596746,-0.018609676401
73,allocation_07,-0.12036760185,0.273122605072,0.297081705851,0.0174819757818,-0.243400974951
73,allocation_08,-0.0702724266631,0.324315189627,0.15651642058,-0.30681188951,-0.261202914868
73,allocation_09,-0.0550863630225,0.319704854017,0.100361067987,-0.354685407381,-0.164342354308
73,allocation_10,0.0568959528368,0.29350059941,-0.273201068957,-0.152376472901,0.374886662021
73,allocation_11,0.0776255126943,0.291099650632,-0.3168281208,-0.0716172149828,0.352320338111
73,allocation_12,0.119613384459,0.229036367407,-0.34217399338,0.202754039176,0.00688998801885
73,allocation_13,0.251752297717,0.0779129561209,-0.252063691276,0.386814366294,-0.236187694374
73,allocation_14,0.275307709346,-0.0302389065337,-0.132941895486,0.371922300979,-0.299647715704
73,allocation_15,0.300120648029,-0.138795691566,0.0916894328721,0.0990982349131,-0.206721280597
73,allocation_16,0.30840384747,-0.174082918063,0.160198138682,-0.095576148596,0.0388091201317
73,allocation_17,0.305648389502,-0.183018168624,0.172698753566,-0.151900156253,0.152184278333
73,allocation_18,0.301424803147,-0.183797832046,0.172434502483,-0.162656325548,0.153357868613
73,allocation_19,0.299839936587,-0.183744811043,0.171120039624,-0.163849141607,0.15374444983
74,allocation_00,-0.180378561418,-0.29401011297,-0.203659016988,-0.176582034126,-0.239966222509
74,allocation_01,-0.183392559676,-0.295887628913,-0.206670974896,-0.177684452114,-0.244055511133
74,allocation_02,-0.200053695941,-0.295578770894,-0.205844610243,-0.145217485193,-0.14928170177
74,allocation_03,-0.224152330893,-0.269730925423,-0.137253246987,-0.00239573676946,0.139969155623
74,allocation_04,-0.236598598543,-0.195180028093,0.0291322108247,0.230985172242,0.406481470472
74,allocation_05,-0.243012480798,-0.0439904476607,0.293906606325,0.325480225766,0.200922069189
74,allocation_06,-0.230613720637,0.0833912196961,0.355861708417,0.267782404688,0.00409065070585
74,allocation_07,-0.140967735339,0.260116601398,0.300207098607,0.049415603583,-0.220536805577
74,allocation_08,-0.0993967118961,0.321546854578,0.160060595515,-0.285068090516,-0.259078467814
74,allocation_09,-0.083704353798,0.318778595102,0.110164489643,-0.325930758541,-0.199354744921
74,allocation_10,0.032076486971,0.297238278387,-0.285802334043,-0.178784366789,0.363647069609
74,allocation_11,0.0448693405187,0.296614944334,-0.319790636102,-0.119278097119,0.353530571448
74,allocation_12,0.0978702933646,0.229437912872,-0.349393674962,0.226483637933,-0.0245567361464
74,allocation_13,0.241765668275,0.0874443339594,-0.260268648203,0.394301152079,-0.217227757557
74,allocation_14,0.278440663785,-0.0198786643744,-0.131950215421,0.362956015641,-0.261141349508
74,allocation_15,0.306710791493,-0.114937332119,0.0832727518935,0.119631908062,-0.206934500149
74,allocation_16,0.317640219905,-0.148215999828,0.164299874571,-0.101327309382,0.0456499489292
74,allocation_17,0.316355112319,-0.156868148613,0.172484185692,-0.163119649927,0.142027624237
74,allocation_18,0.312568146032,-0.157464607868,0.170843631079,-0.171913054606,0.144305424181
74,allocation_19,0.311838900644,-0.156951985562,0.169734132295,-0.172569076969,0.144056179069
75,allocation_00,-0.190337839787,-0.281640556171,-0.212122416583,-0.185031504116,-0.213374777995
75,allocation_01,-0.194494225346,-0.282535797967,-0.215049933975,-0.186153948979,-0.215683443171
75,allocation_02,-0.213005933196,-0.27787596708,-0.208238239851,-0.151772805368,-0.147401980096
75,allocation_03,-0.23713304926,-0.25194300368,-0.144866142117,-0.0151710467387,0.103905246753
75,allocation_04,-0.243636209133,-0.171528858893,0.0322886200814,0.255363683277,0.407951623482
75,allocation_05,-0.244761498003,-0.0258890188824,0.279503843962,0.353099717232,0.190784914727
75,allocation_06,-0.226647258288,0.100558332684,0.344094624803,0.273737534311,-0.0313679440614
75,allocation_07,-0.12594207623,0.27335975399,0.296339106738,0.0219193297691,-0.220281389761
75,allocation_08,-0.0806623844851,0.326328110087,0.164409298001,-0.304791393199,-0.239901016668
75,allocation_09,-0.0640408208464,0.32274167035,0.116593431761,-0.343981123463,-0.174922435646
75,allocation_10,0.056299320638,0.298745115826,-0.282868974454,-0.15120402709,0.372014114529
75,allocation_11,0.0745276110113,0.294505516705,-0.319741702416,-0.0949191271237,0.346913154247
75,allocation_12,0.118360493742,0.230904692064,-0.350835288294,0.192054806662,-0.00186349142715
75,allocation_13,0.250582511709,0.0829276725258,-0.261327627041,0.376024353743,-0.247013973897
75,allocation_14,0.277487840278,-0.0239496574646,-0.137701816744,0.359312549504,-0.308555388012
75,allocation_15,0.302338743971,-0.130153979182,0.0880665233036,0.0993510698686,-0.212635463076
75,allocation_16,0.310642499761,-0.165994997821,0.162675688597,-0.0940082264198,0.0483690509388
75,allocation_17,0.30683810043,-0.17559991229,0.174619587088,-0.151213776216,0.1529333066
75,allocation_18,0.302500668197,-0.176763813856,0.175431986872,-0.158775115226,0.156805665134
75,allocation_19,0.301905666554,-0.176790176258,0.174139198235,-0.158999644907,0.156357114477
76,allocation_00,-0.19155753021,-0.286271371771,-0.20590634262,-0.168764402988,-0.211481763063
76,allocation_01,-0.195290253099,-0.286708889743,-0.20900347773,-0.168694489359,-0.214951580821
76,allocation_02,-0.213108906186,-0.283650558085,-0.207810778092,-0.141512452998,-0.13832512786
76,allocation_03,-0.234076909353,-0.258599796405,-0.149064826896,-0.024288241566,0.0874764464156
76,allocation_04,-0.246346133408,-0.177168389561,0.0293068931641,0.226627679049,0.401949882529
76,allocation_05,-0.247159866181,-0.0252143654808,0.286803745601,0.342303203295,0.187061239611
76,allocation_06,-0.22895104645,0.0972971313942,0.350401297138,0.28440378971,0.0162542375206
76,allocation_07,-0.126029885044,0.266333687515,0.300377005642,0.0430820368136,-0.205177140554
76,allocation_08,-0.0757149558277,0.326058729459,0.153941487091,-0.304437694093,-0.268521172434
76,allocation_09,-0.0607361313762,0.319573343461,0.106060763735,-0.347412795814,-0.204007649156
76,allocation_10,0.0557485325058,0.292253532565,-0.286066971807,-0.159729598512,0.375223084166
76,allocation_11,0.0716737728671,0.290277170915,-0.316937909336,-0.0972093213264,0.362337800286
76,allocation_12,0.119625428364,0.221143579257,-0.348551714135,0.209561104339,0.00172958293085
76,allocation_13,0.250109091467,0.0741300525268,-0.258939086366,0.387768470118,-0.234751976998
76,allocation_14,0.275912455269,-0.0283106070882,-0.137993065308,0.366740908927,-0.298225001269
76,allocation_15,0.301078471153,-0.132422393622,0.0880923468188,0.103626077056,-0.205992749767
76,allocation_16,0.310432379098,-0.16941076801,0.169283537451,-0.09460971247,0.0570515133188
76,allocation_17,0.307355044326,-0.177366910526,0.175772683075,-0.151428679889,0.150318358451
76,allocation_18,0.302794962341,-0.180339931301,0.174174754893,-0.160614919455,0.149882553434
76,allocation_19,0.301754749768,-0.180437315121,0.173005995603,-0.160107569806,0.150884531002
77,allocation_00,-0.175346275388,-0.294352601323,-0.209555466312,-0.187832146333,-0.237805170231
77,allocation_01,-0.178802859559,-0.294638814151,-0.212111249814,-0.188250006255,-0.241695283738
77,allocation_02,-0.199040889807,-0.294459123409,-0.205825157748,-0.149855130496,-0.147672439692
77,allocation_03,-0.223158036821,-0.268371943509,-0.133014009028,0.00550267974749,0.156141285305
77,allocation_04,-0.240240596801,-0.193453522692,0.0304202132886,0.236247959111,0.400801590944
77,allocation_05,-0.2431117841,-0.0398334463995,0.285159443388,0.344845532733,0.190058884767
77,allocation_06,-0.229232728539,0.0862971437361,0.346662710618,0.281359812161,-0.0270266149246
77,allocation_07,-0.137033767205,0.261951355901,0.29662682337,0.0367087766592,-0.244388209759
77,allocation_08,-0.0954276559793,0.322339977302,0.159648769358,-0.30833734237,-0.228527493051
77,allocation_09,-0.0832149529531,0.319233711679,0.115758385876,-0.342953056022,-0.156715328561
77,allocation_10,0.0321257395113,0.299964184369,-0.289698076972,-0.148151903612,0.363343260476
77,allocation_11,0.0501410270815,0.296672310416,-0.326991569386,-0.0878205872245,0.340468013441
77,allocation_12,0.0981981477102,0.229478373318,-0.356782286347,0.210310287142,-0.0167931220467
77,allocation_13,0.243533871499,0.0888960562998,-0.261566287484,0.382768731932,-0.245143104703
77,allocation_14,0.2772703817,-0.0158657528408,-0.132646698385,0.359325326836,-0.295270804044
77,allocation_15,0.307971224489,-0.118151826887,0.0954839619501,0.0926245004659,-0.190016464321
77,allocation_16,0.318889887549,-0.147470777402,0.159417620012,-0.0909690098779,0.0519585403868
77,allocation_17,0.317887344824,-0.154593466044,0.166796560578,-0.152379361515,0.153365679871
77,allocation_18,0.314122220943,-0.15569101274,0.166553121849,-0.157329385876,0.153617768773
77,allocation_19,0.313131995509,-0.155791833714,0.165833448969,-0.156582027224,0.153022260857
78,allocation_00,-0.181766405267,-0.283659745225,-0.22276916961,-0.187223976354,-0.19658642976
78,allocation_01,-0.185841361477,-0.284514816252,-0.225484230108,-0.190173934606,-0.204105589891
78,allocation_02,-0.205581455438,-0.283818750374,-0.214731692032,-0.15284971564,-0.123741844333
78,allocation_03,-0.2295158819,-0.261750937394,-0.144786387151,-0.00164657644817,0.0976755878588
78,allocation_04,-0.244975240218,-0.184416423883,0.0392425375212,0.256703941135,0.356445798775
78,allocation_05,-0.243754226822,-0.0389443338586,0.283453604147,0.357207545904,0.174386197018
78,allocation_06,-0.231926099841,0.0884761514856,0.346587007105,0.274925275885,-0.00909415583593
78,allocation_07,-0.13610727372,0.262448314642,0.299397321322,0.0160455120704,-0.199424150533
78,allocation_08,-0.0888120004353,0.320627501199,0.161169012298,-0.314667563355,-0.249087380121
78,allocation_09,-0.0721681343082,0.315827239999,0.114554300163,-0.350464789416,-0.195862003213
78,allocation_10,0.0502785310931,0.300375969168,-0.274827628591,-0.138101795238,0.367359674405
78,allocation_11,0.0667555355217,0.29768566209,-0.312567564739,-0.0662345378266,0.363857378101
78,allocation_12,0.110880898714,0.236572185839,-0.344720204445,0.191316463223,0.0379613429692
78,allocation_13,0.246922652076,0.0901081654661,-0.259979240653,0.375203228022,-0.261681333663
78,allocation_14,0.274396979247,-0.0155547664176,-0.139774822084,0.365551920352,-0.348476062926
78,allocation_15,0.304071168946,-0.127376372178,0.0980519946656,0.0768751499651,-0.222857285002
78,allocation_16,0.314589917492,-0.161076361046,0.16091017802,-0.085282941193,0.0331906467988
78,allocation_17,0.311336535819,-0.171956725658,0.172012934789,-0.143806554202,0.16893694309
78,allocation_18,0.307823487404,-0.172946922843,0.169978634506,-0.151121469142,0.172729212279
78,allocation_19,0.306574371206,-0.172972167225,0.168932509168,-0.151890705672,0.171107250053
79,allocation_00,-0.176235558484,-0.291264177083,-0.210308256882,-0.19291827505,-0.215619055387
79,allocation_01,-0.180041279878,-0.292695133002,-0.215172877624,-0.194695321207,-0.218460520554
79,allocation_02,-0.19739276653,-0.290294993468,-0.208371674878,-0.164051431726,-0.135732931336
79,allocation_03,-0.226235953104,-0.265333627223,-0.136686081349,-0.00674078320578,0.128922626802
79,allocation_04,-0.243821013267,-0.189790846418,0.0238599767596,0.253468199278,0.386922488263
79,allocation_05,-0.243493203427,-0.0402300325124,0.272699036393,0.368398216009,0.169945560555
79,allocation_06,-0.231835936276,0.0860774656319,0.334449248976,0.293938473883,-0.0217331855329
79,allocation_07,-0.141405612635,0.26223424001,0.292394146368,0.0203551792212,-0.219177882769
79,allocation_08,-0.101641223392,0.314935967861,0.17808813882,-0.308042536236,-0.238100240211
79,allocation_09,-0.0853161663822,0.311030705808,0.136254350455,-0.346040036626,-0.172123822456
79,allocation_10,0.0396760063505,0.299386141247,-0.273764349324,-0.154369638908,0.386291752571
79,allocation_11,0.0557513649957,0.299314644223,-0.312634749579,-0.0867411403077,0.353109559075
79,allocation_12,0.102970368041,0.242071132158,-0.350275840127,0.16632587234,-0.00288441498669
79,allocation_13,0.243021091004,0.0994694432874,-0.272879770345,0.362758992859,-0.263104322873
79,allocation_14,0.275626705836,-0.00702588355659,-0.157950088074,0.361004756478,-0.317353477189
79,allocation_15,0.308295554995,-0.121668532084,0.099153158779,0.0828029868717,-0.193155807837
79,allocation_16,0.316788397727,-0.152853261166,0.165073354781,-0.0859062612835,0.0503307975013
79,allocation_17,0.314959087923,-0.161413587885,0.175523432204,-0.137165994275,0.149683381545
79,allocation_18,0.310061671624,-0.163090488947,0.176669398776,-0.145297038386,0.159246690428
79,allocation_19,0.308602590652,-0.162782740943,0.175814148294,-0.146313802322,0.160806543798
80,allocation_00,-0.176878551398,-0.292805979415,-0.211423606486,-0.182919522045,-0.236112334746
80,allocation_01,-0.180243257852,-0.293615876406,-0.213544283661,-0.181386426271,-0.238732146276
80,allocation_02,-0.201583774222,-0.294715525859,-0.205425206603,-0.142401253602,-0.139089546778
80,allocation_03,-0.226387038719,-0.265310819513,-0.136424730413,0.00144874471135,0.139535221251
80,allocation_04,-0.240717470814,-0.190820566855,0.0265469745657,0.241792104228,0.396453437921
80,allocation_05,-0.244383302601,-0.0337087322265,0.286488330425,0.345685613796,0.183619602153
80,allocation_06,-0.233060400214,0.0888940160063,0.343572268292,0.275189029839,-0.00774130579183
80,allocation_07,-0.140681661356,0.261986324911,0.294363347667,0.0320515407411,-0.203337295764
80,allocation_08,-0.097838460308,0.318852467739,0.167580339974,-0.299384294742,-0.247326515804
80,allocation_09,-0.0813350101036,0.315195075862,0.120508415799,-0.338870227433,-0.191955849073
80,allocation_10,0.038280498853,0.296616548813,-0.286564203956,-0.161533648088,0.351574438176
80,allocation_11,0.0541854360464,0.295044150156,-0.32181836167,-0.102433219679,0.344614983702
80,allocation_12,0.105397138072,0.233620028682,-0.349694476986,0.193322201704,0.0212135748658
80,allocation_13,0.245683415387,0.0951254895,-0.260303958708,0.382268029019,-0.22987779063
80,allocation_14,0.275106820571,-0.00978874556858,-0.133522415261,0.372288546015,-0.31700659989
80,allocation_15,0.308215277757,-0.118042545413,0.0938446536549,0.107669536307,-0.210509217591
80,allocation_16,0.316523934958,-0.151238455339,0.16299825197,-0.0941547922869,0.0486588358854
80,allocation_17,0.314477184309,-0.162227129015,0.173057978683,-0.151514473014,0.155784929514
80,allocation_18,0.309444076841,-0.164011935794,0.173763848664,-0.161553422391,0.160204165082
80,allocation_19,0.308196684135,-0.164087264755,0.172433564997,-0.161171270331,0.15924767129
81,allocation_00,-0.192104449291,-0.279559354466,-0.222175520085,-0.173358792494,-0.231376758503
81,allocation_01,-0.195942759899,-0.280215305123,-0.225630905135,-0.174495187912,-0.231467554596
81,allocation_02,-0.215673908056,-0.276367049478,-0.216924471291,-0.145373021582,-0.136674218532
81,allocation_03,-0.24061262314,-0.25172064007,-0.141886369149,-0.014684167797,0.125684783812
81,allocation_04,-0.253806253612,-0.176044553482,0.0452254215919,0.233874812043,0.391449995815
81,allocation_05,-0.2440394203,-0.0319184291496,0.296311272302,0.336202939594,0.194353941423
81,allocation_06,-0.227051034199,0.0886248068273,0.36090464043,0.270408119737,-0.0270739094076
81,allocation_07,-0.12346386514,0.260829203172,0.305920247529,0.0231089797508,-0.24887660681
81,allocation_08,-0.0735988781866,0.322749029796,0.158219330384,-0.316538391055,-0.249169443218
81,allocation_09,-0.0580742909367,0.318769445982,0.106499189667,-0.348450181236,-0.171810562896
81,allocation_10,0.0497239189158,0.301359690099,-0.272544676301,-0.148449721161,0.375058209973
81,allocation_11,0.0670697675304,0.298971848626,-0.310645177003,-0.0793962807959,0.350673650628
81,allocation_12,0.11322197046,0.232755759845,-0.337373545737,0.209204976216,-0.00775128286503
81,allocation_13,0.244942253767,0.0830115231911,-0.258309122301,0.386121591035,-0.235900089967
81,allocation_14,0.274627304709,-0.0275750805573,-0.132990957165,0.367110392576,-0.292278762114
81,allocation_15,0.302536712776,-0.134624533886,0.0917058985359,0.100075359566,-0.195670923362
81,allocation_16,0.311306282377,-0.170543638956,0.157696147127,-0.0842228372145,0.0329641798292
81,allocation_17,0.307489846184,-0.18101349409,0.166406805119,-0.158257678477,0.152259981324
81,allocation_18,0.302696737755,-0.184147278057,0.163206804184,-0.168805326631,0.151748269398
81,allocation_19,0.301517150264,-0.184371779601,0.160817906901,-0.168919171218,0.150886702128
82,allocation_00,-0.188712645193,-0.287031025405,-0.212937746197,-0.17329547089,-0.212205578061
82,allocation_01,-0.193033665712,-0.287842676989,-0.214963694066,-0.174501123393,-0.218528949824
82,allocation_02,-0.207484950028,-0.28460309344,-0.209020874002,-0.150721522089,-0.149067924537
82,allocation_03,-0.231080895227,-0.264578315143,-0.139658467027,-0.0104838760235,0.115665537476
82,allocation_04,-0.241041123991,-0.187395606268,0.0341555286928,0.240663147529,0.390416479684
82,allocation_05,-0.240969364142,-0.0352896390535,0.293545354731,0.346407237009,0.18749961301
82,allocation_06,-0.230324154901,0.0869314953527,0.353418501914,0.28082946156,0.00380650877059
82,allocation_07,-0.134158835449,0.26044183281,0.298952436702,0.0270031246391,-0.214983492729
82,allocation_08,-0.0937502706178,0.321722440171,0.162388180149,-0.301847546849,-0.253082833167
82,allocation_09,-0.0786798388956,0.318245502538,0.117683237973,-0.335909363288,-0.194832610307
82,allocation_10,0.0374556008189,0.300703533815,-0.276836851022,-0.160639251108,0.355499371193
82,allocation_11,0.0544203881533,0.298527803083,-0.315999637301,-0.0974701652609,0.352388826864
82,allocation_12,0.107384453412,0.231337681264,-0.343990583831,0.206528108087,0.0305217557792
82,allocation_13,0.245917089885,0.0897481132628,-0.261614412748,0.38107020835,-0.22738357245
82,allocation_14,0.275064815288,-0.0163932364757,-0.140170070851,0.367683046567,-0.315447953418
82,allocation_15,0.303595925412,-0.121572638796,0.0892607167896,0.0961869814248,-0.229998618226
82,allocation_16,0.31408910288,-0.158322615028,0.165650604032,-0.0979448067634,0.040988615578
82,allocation_17,0.312355722446,-0.167557950411,0.170563123298,-0.154135125203,0.158418797139
82,allocation_18,0.307042146734,-0.170072450889,0.167920030674,-0.164557495714,0.16503070747
82,allocation_19,0.30624735468,-0.17028162904,0.166768633634,-0.16488333009,0.161798920271
83,allocation_00,-0.182670470821,-0.286939117865,-0.214742945167,-0.170630045104,-0.242267487633
83,allocation_01,-0.186447378778,-0.288056886039,-0.217834208233,-0.17378092924,-0.241657464069
83,allocation_02,-0.206505289689,-0.286772146845,-0.209391132802,-0.147024651018,-0.138009090458
83,allocation_03,-0.229694147528,-0.261501395685,-0.144272614061,-0.0190182696138,0.135113880722
83,allocation_04,-0.24563345861,-0.18459546024,0.0280982642011,0.233268938611,0.407281957535
83,allocation_05,-0.241368918084,-0.0371456682901,0.285273268299,0.34935859828,0.200826740299
83,allocation_06,-0.230767967243,0.0844812667483,0.348007325804,0.285042805072,-0.0137530621931
83,allocation_07,-0.135484840946,0.258729504045,0.299816645026,0.0306875689875,-0.251412775406
83,allocation_08,-0.0917730570627,0.316539783022,0.172021497567,-0.300218926047,-0.255414262361
83,allocation_09,-0.0780972200452,0.314281372241,0.124333092396,-0.340622434534,-0.155682518975
83,allocation_10,0.0427557784829,0.300355202546,-0.276662879564,-0.159609364932,0.36999254237
83,allocation_11,0.0600936528412,0.299118537366,-0.31369027515,-0.102073802337,0.338993824469
83,allocation_12,0.106786899538,0.24026700996,-0.344237433091,0.183726823228,-0.00815222543334
83,allocation_13,0.2461460769,0.0941674717241,-0.259157285011,0.383416651286,-0.236844659948
83,allocation_14,0.273075451439,-0.0135039904036,-0.145746662493,0.379324284604,-0.286100237386
83,allocation_15,0.305978852615,-0.125835122631,0.0906961875684,0.101311736728,-0.185651284602
83,allocation_16,0.313986385794,-0.161868175342,0.162123895107,-0.101700813975,0.0503276785457
83,allocation_17,0.312426237446,-0.169382762666,0.170989868946,-0.15194262192,0.14246806901
83,allocation_18,0.308687489354,-0.170797222442,0.170918056675,-0.157893544952,0.141794704101
83,allocation_19,0.307618843913,-0.170889259456,0.169547926516,-0.157246872349,0.13891081364
84,allocation_00,-0.185965374894,-0.283871482296,-0.214672800084,-0.184607388627,-0.230779541385
84,allocation_01,-0.19001264066,-0.284932478145,-0.218557428953,-0.184933565402,-0.230996936734
84,allocation_02,-0.208702017224,-0.282459520769,-0.212370945343,-0.153078535519,-0.141322324425
84,allocation_03,-0.236014833252,-0.254943645727,-0.139826767536,-0.00316253156878,0.12598206567
84,allocation_04,-0.25226476476,-0.178242846564,0.0319588892088,0.244341511942,0.395848785197
84,allocation_05,-0.251089790502,-0.027612820017,0.285915443443,0.329612885513,0.179600007767
84,allocation_06,-0.232849857853,0.094158829912,0.346941591038,0.268429306427,-0.00527154846281
84,allocation_07,-0.129129241519,0.268704606397,0.297451223459,0.0251865580128,-0.212502471151
84,allocation_08,-0.0774640812257,0.325312397491,0.158415787422,-0.307193481982,-0.248117745455
84,allocation_09,-0.0621113762079,0.323334352777,0.112187387837,-0.339827298362,-0.188399628815
84,allocation_10,0.0571689262042,0.292807379729,-0.286325984454,-0.15434029887,0.367243831695
84,allocation_11,0.072805558576,0.291420652319,-0.320767642232,-0.094728095489,0.351290147436
84,allocation_12,0.118095223774,0.227746764967,-0.34769940387,0.202487073135,0.00304573540805
84,allocation_13,0.245333474607,0.0809330354616,-0.255212049615,0.3906764823,-0.239801858431
84,allocation_14,0.274505072148,-0.0266960987116,-0.126326523152,0.370269444583,-0.309936216734
84,allocation_15,0.302266813376,-0.133007696544,0.099341939185,0.101018848268,-0.200939614476
84,allocation_16,0.309393582804,-0.165968176416,0.167327813313,-0.0942680538586,0.0503507525361
84,allocation_17,0.306885087599,-0.175900669694,0.171430959463,-0.15172741824,0.155525306993
84,allocation_18,0.303355416542,-0.178369484046,0.170728427855,-0.160417608789,0.154482795582
84,allocation_19,0.302105075251,-0.178016134215,0.170099738411,-0.161309994256,0.153397983842
85,allocation_00,-0.17680934081,-0.295389769167,-0.210436084863,-0.175937217238,-0.226417506491
85,allocation_01,-0.180757581961,-0.296507885255,-0.213009509989,-0.176134702705,-0.22893009751
85,allocation_02,-0.2021714126,-0.29703462889,-0.203080940691,-0.140768374174,-0.131611017618
85,allocation_03,-0.225828115308,-0.268997685993,-0.136732587403,-0.0139697651261,0.123443018972
85,allocation_04,-0.241431915289,-0.188379103134,0.0341741718361,0.238906235535,0.402343029238
85,allocation_05,-0.24105201187,-0.0256463821218,0.295828390905,0.345672646305,0.184208975131
85,allocation_06,-0.225995971922,0.0933447671515,0.349482415723,0.281606272718,-0.0269799969411
85,allocation_07,-0.13880080487,0.262269484608,0.292538381967,0.0335736702035,-0.238008983882
85,allocation_08,-0.0938358530083,0.321881248909,0.149632160293,-0.32311434742,-0.232564072595
85,allocation_09,-0.079670445104,0.317731079966,0.104154468903,-0.363141395886,-0.165291100973
85,allocation_10,0.0423685283126,0.295783187078,-0.287535974993,-0.147620637142,0.365945983588
85,allocation_11,0.0620778700027,0.292182879978,-0.330424760352,-0.0721565311047,0.338973589467
85,allocation_12,0.108609701945,0.224434771958,-0.351441254828,0.220194915462,-0.00187474746436
85,allocation_13,0.246816773653,0.0851869506982,-0.256467193496,0.382395440585,-0.252349599421
85,allocation_14,0.277730797184,-0.0208146064924,-0.124455731154,0.348542438173,-0.322879633167
85,allocation_15,0.30732387847,-0.120264073759,0.102717185093,0.0700256064742,-0.188932945552
85,allocation_16,0.316770194995,-0.150769417684,0.161363521536,-0.0936767566117,0.0407671422212
85,allocation_17,0.315039507898,-0.161011305256,0.171007495729,-0.145303569936,0.156966104387
85,allocation_18,0.310921236547,-0.161437013561,0.170739551727,-0.15262048427,0.158966551959
85,allocation_19,0.30999151158,-0.161040766337,0.170737790132,-0.153182189914,0.158585125112
86,allocation_00,-0.194414721418,-0.278618106327,-0.211760351826,-0.183597802448,-0.213666934277
86,allocation_01,-0.197200680872,-0.279931962082,-0.215624248063,-0.184221543606,-0.219079849104
86,allocation_02,-0.216914389107,-0.279486277114,-0.209159383785,-0.146815156957,-0.137123908875
86,allocation_03,-0.242519141885,-0.249048512776,-0.137374817575,-0.00941695065304,0.10781370144
86,allocation_04,-0.254414035126,-0.173117558939,0.0331025773046,0.227674043915,0.362515672781
86,allocation_05,-0.248025495229,-0.0269292662795,0.281037978821,0.349617096876,0.199734920597
86,allocation_06,-0.228221645615,0.0980212389153,0.345551893409,0.28865733007,0.0142641798524
86,allocation_07,-0.121612387599,0.274503276349,0.298418928122,0.0258037137368,-0.221350641441
86,allocation_08,-0.0712865748667,0.326468119118,0.163014980089,-0.307066172357,-0.255211437351
86,allocation_09,-0.0577845829229,0.321004633434,0.121348828374,-0.343676692628,-0.198227331167
86,allocation_10,0.0611261504618,0.291026176398,-0.278903095202,-0.155671109939,0.384976498272
86,allocation_11,0.0807703162475,0.288999171734,-0.32052570784,-0.0873001396043,0.360333296498
86,allocation_12,0.125433602403,0.224784258367,-0.347457673878,0.19843761921,0.000751414268201
86,allocation_13,0.248537134099,0.0746971414756,-0.261210082967,0.379483319475,-0.245401281602
86,allocation_14,0.271617168172,-0.0331546581346,-0.134494102082,0.366932086401,-0.313771543725
86,allocation_15,0.298749483967,-0.13980706055,0.096625452261,0.100952156934,-0.199099192667
86,allocation_16,0.307953085911,-0.172690789852,0.168532819266,-0.0864366909061,0.0413267341753
86,allocation_17,0.303977270303,-0.184646113669,0.176265238732,-0.149692687053,0.153736514506
86,allocation_18,0.298963319419,-0.186894005896,0.173630529869,-0.158240681748,0.156511537041
86,allocation_19,0.297490690693,-0.186484634754,0.172279065793,-0.158938446997,0.157430728421
87,allocation_00,-0.207487652858,-0.268302788171,-0.213658477856,-0.175269596456,-0.229982393892
87,allocation_01,-0.210774898563,-0.269022804831,-0.217309425714,-0.175859867693,-0.234380783952
87,allocation_02,-0.228149505064,-0.265797150898,-0.209795763385,-0.143427845115,-0.144039753693
87,allocation_03,-0.250907177657,-0.238852504982,-0.137782254218,-0.016030550744,0.121528804045
87,allocation_04,-0.260313141466,-0.164769493025,0.0321355871908,0.234167998421,0.397853374109
87,allocation_05,-0.243279470808,-0.0161212158798,0.291409000812,0.33831751065,0.212334499967
87,allocation_06,-0.22031582588,0.105784659672,0.356260386306,0.276508938789,-0.0147241519465
87,allocation_07,-0.106426565306,0.274400021966,0.302382094897,0.0385610877964,-0.254137033923
87,allocation_08,-0.0574905392286,0.331111782629,0.163471884695,-0.299886427689,-0.245605229582
87,allocation_09,-0.0421909165064,0.323681093818,0.108999032376,-0.346332080717,-0.166592383893
87,allocation_10,0.065728500299,0.294167321661,-0.277844765701,-0.161344029136,0.372689500226
87,allocation_11,0.083078625154,0.292134483795,-0.316814825339,-0.0972068470288,0.350388013995
87,allocation_12,0.121192068446,0.226911286937,-0.340155517005,0.20881926032,0.000853930433045
87,allocation_13,0.244630280297,0.0748534931449,-0.265849411645,0.393436912351,-0.231932295871
87,allocation_14,0.267758318793,-0.0360954842444,-0.150999876957,0.373974531506,-0.297591553117
87,allocation_15,0.29844577673,-0.149827292234,0.0929791838362,0.092509541845,-0.182164255194
87,allocation_16,0.302938596139,-0.18402921544,0.157820128194,-0.0930827071841,0.0443344881956
87,allocation_17,0.301480029834,-0.194064280114,0.165621620392,-0.145631325014,0.142779349751
87,allocation_18,0.297665647382,-0.194328622608,0.16399943184,-0.154915865848,0.143471171282
87,allocation_19,0.296365381572,-0.193988225543,0.16305110388,-0.155705207838,0.142351174425
88,allocation_00,-0.169738806109,-0.299575063171,-0.20506331173,-0.178572198598,-0.227112700722
88,allocation_01,-0.174009943825,-0.301132546054,-0.208263825053,-0.178964410225,-0.230344769669
88,allocation_02,-0.193438689719,-0.298520903892,-0.200993269141,-0.140514840895,-0.148402674735
88,allocation_03,-0.217809439151,-0.274715547424,-0.140177323733,-0.0044532475221,0.117137656308
88,allocation_04,-0.233440272076,-0.197086563472,0.0258620320791,0.238798542629,0.419652973454
88,allocation_05,-0.240321676418,-0.0350968618286,0.288919858371,0.355806277252,0.201355064209
88,allocation_06,-0.229951936473,0.0884983703926,0.348100829287,0.281773056128,-0.0282211275958
88,allocation_07,-0.144786661891,0.26092759792,0.292376093286,0.0262365763554,-0.241033999147
88,allocation_08,-0.104333214267,0.319908601755,0.158328417859,-0.3073416207,-0.226332844918
88,allocation_09,-0.0885495412654,0.31655852801,0.10908220589,-0.34576184772,-0.156840612838
88,allocation_10,0.0386649663651,0.294012742731,-0.295177155919,-0.14475061647,0.369618385026
88,allocation_11,0.0562696989378,0.291726981389,-0.327885790624,-0.0873796400924,0.345949013042
88,allocation_12,0.105898292234,0.226826095949,-0.351665736768,0.202994437327,-0.0271076244449
88,allocation_13,0.250348353695,0.0892449749219,-0.251463512086,0.383095602536,-0.254051513269
88,allocation_14,0.28063181026,-0.010960179118,-0.126030928951,0.363753833763,-0.296126667637
88,allocation_15,0.311037515622,-0.1133497176,0.101730049004,0.0826929040046,-0.174985136679
88,allocation_16,0.319073340477,-0.144039719936,0.169014259259,-0.08979478832,0.0522702284198
88,allocation_17,0.317033929196,-0.153776525892,0.174855012494,-0.148271702788,0.145567519599
88,allocation_18,0.31259549717,-0.155069722159,0.173244138065,-0.161870430134,0.148939184177
88,allocation_19,0.311689926994,-0.155168574238,0.172717025866,-0.163219288051,0.149175943772
89,allocation_00,-0.182951069719,-0.289064754079,-0.215269569968,-0.175534700371,-0.234767238184
89,allocation_01,-0.187550429665,-0.290557158675,-0.217018507243,-0.17713464077,-0.233344592868
89,allocation_02,-0.203366272206,-0.288984703239,-0.210491046377,-0.152240187071,-0.1405530428
89,allocation_03,-0.22874817606,-0.264410626041,-0.140292366295,-0.00833268808788,0.139355480679
89,allocation_04,-0.243067779891,-0.185962805657,0.031615546638,0.241733575343,0.405752886668
89,allocation_05,-0.242659529025,-0.0302425887547,0.289890605379,0.342465517294,0.18438895187
89,allocation_06,-0.232370333712,0.0907645514212,0.348986630631,0.275327308702,-0.0193977029147
89,allocation_07,-0.136974868343,0.265903627632,0.293928439404,0.0233742524869,-0.233709712939
89,allocation_08,-0.0927308725868,0.321194826894,0.158051730083,-0.309218791859,-0.242620098311
89,allocation_09,-0.0768381162009,0.318374635348,0.106363416905,-0.349886202327,-0.160713939963
89,allocation_10,0.0459845614808,0.297295806615,-0.282649438053,-0.155267898666,0.358576254363
89,allocation_11,0.0664858312251,0.293596591944,-0.326541281129,-0.0822424082899,0.340152091078
89,allocation_12,0.110215960967,0.230063072824,-0.347423934429,0.205675094205,0.0114444850768
89,allocation_13,0.247094802031,0.0872454125623,-0.25543510307,0.382323997484,-0.249216349907
89,allocation_14,0.274567049563,-0.0190129516237,-0.131547530257,0.364988298852,-0.314558039896
89,allocation_15,0.303917713235,-0.126600843677,0.10309656208,0.0874151103257,-0.192440742186
89,allocation_16,0.316394277658,-0.156069456668,0.161697611435,-0.0926994760265,0.0487694033917
89,allocation_17,0.311394542075,-0.165472615118,0.169706509472,-0.152109087538,0.149659632002
89,allocation_18,0.307125381541,-0.167966585769,0.170603554924,-0.161493213082,0.152739497754
89,allocation_19,0.305866143768,-0.167807281295,0.169122099855,-0.162617424653,0.149427937141
90,allocation_00,-0.185991251876,-0.279225159011,-0.216938295862,-0.196709795721,-0.247414629864
90,allocation_01,-0.1896708486,-0.280351984889,-0.221688584766,-0.197679057805,-0.249605518263
90,allocation_02,-0.211769234123,-0.280450652806,-0.211067585729,-0.154907915359,-0.124677588066
90,allocation_03,-0.234226160979,-0.251086180287,-0.135112653692,-0.000166272066632,0.180755053829
90,allocation_04,-0.241288457523,-0.175444681755,0.0323527377726,0.261572319817,0.426738232492
90,allocation_05,-0.242021371715,-0.0290646368418,0.281975564768,0.359819635053,0.15692272956
90,allocation_06,-0.225655554144,0.095308533156,0.346086568163,0.275754299244,-0.078283697578
90,allocation_07,-0.127117760824,0.268988797949,0.299100515847,0.0142755998851,-0.241077269964
90,allocation_08,-0.0849089872228,0.32711634725,0.165529994345,-0.316859747543,-0.19081990002
90,allocation_09,-0.0700317198442,0.32395928085,0.119725020627,-0.348491947981,-0.130925241449
90,allocation_10,0.0521740466849,0.304598602408,-0.284944747483,-0.128969933995,0.363345596835
90,allocation_11,0.0688083553909,0.30214981327,-0.313666037393,-0.0841875185674,0.335210949577
90,allocation_12,0.116316656607,0.233863722328,-0.346460731625,0.19574169548,-0.0172641297894
90,allocation_13,0.244918110692,0.0884184913648,-0.26297460143,0.370677779851,-0.261065301139
90,allocation_14,0.273368892957,-0.0155829230283,-0.141305473294,0.353404387859,-0.314561843842
90,allocation_15,0.307526278879,-0.126941826924,0.0924129334188,0.0726588295298,-0.164847632942
90,allocation_16,0.314384026322,-0.161747987155,0.158269658158,-0.0921832414206,0.0580625960335
90,allocation_17,0.311308255663,-0.16987011696,0.170228147607,-0.139196271236,0.143794675284
90,allocation_18,0.307021044095,-0.171472054322,0.170685708244,-0.149370089697,0.142718621041
90,allocation_19,0.30569613394,-0.171339896366,0.17035347362,-0.149847228961,0.142672610707
91,allocation_00,-0.191313367376,-0.285318557797,-0.215908847017,-0.176200050587,-0.21737895616
91,allocation_01,-0.194417558825,-0.286332703019,-0.217591320204,-0.175530023092,-0.221056842995
91,allocation_02,-0.210716021018,-0.285800473152,-0.211008352186,-0.147980862852,-0.139869027488
91,allocation_03,-0.234386343147,-0.257240489923,-0.144860328074,-0.0165686477153,0.129364768043
91,allocation_04,-0.245894498515,-0.167498052253,0.047466302046,0.256470254729,0.412033127553
91,allocation_05,-0.242139919665,-0.0217731892498,0.294978758578,0.338551045977,0.17842788076
91,allocation_06,-0.225316155625,0.0999544750573,0.353673025862,0.269484651059,-0.0387086132543
91,allocation_07,-0.125202502074,0.269975928962,0.294800400042,0.0138659227363,-0.234810132848
91,allocation_08,-0.0714454451749,0.324384808301,0.146982082986,-0.326275335372,-0.233679666915
91,allocation_09,-0.0592899595337,0.322605312742,0.0982176520966,-0.355656024967,-0.149529633424
91,allocation_10,0.0537247958461,0.293081134408,-0.286661953216,-0.131507886531,0.366248970955
91,allocation_11,0.0725282587339,0.292778853356,-0.324238887944,-0.0641440528343,0.335526546228
91,allocation_12,0.116245100623,0.227743844457,-0.347983649162,0.200790739455,0.00473915283525
91,allocation_13,0.251934621402,0.0789347069676,-0.256040008652,0.378256422404,-0.242605682538
91,allocation_14,0.27497475392,-0.0307104740138,-0.127704608628,0.365525416695,-0.32101012616
91,allocation_15,0.300142712498,-0.13361519807,0.102818234932,0.0909665481238,-0.206182166052
91,allocation_16,0.312992887952,-0.166727486449,0.16086744759,-0.0947522549668,0.0449101601183
91,allocation_17,0.310337368274,-0.174941652446,0.165803161752,-0.152326422992,0.160579523129
91,allocation_18,0.306363456891,-0.174813149657,0.164348913798,-0.158953341512,0.163270454237
91,allocation_19,0.305195570996,-0.174850451157,0.163724832815,-0.16025039387,0.163583407131
92,allocation_00,-0.189096123206,-0.28823822553,-0.210443995785,-0.162984573146,-0.230527240298
92,allocation_01,-0.192056595685,-0.288439862029,-0.213667845895,-0.16246986634,-0.235588171
92,allocation_02,-0.207560932988,-0.285599930324,-0.208244875627,-0.139402348081,-0.160004883011
92,allocation_03,-0.232206331012,-0.263607067955,-0.136262363338,-0.0129783944557,0.114927756997
92,allocation_04,-0.244951283048,-0.183821231526,0.0394773136539,0.214463907789,0.420181952823
92,allocation_05,-0.243128031917,-0.0333159745986,0.301139393206,0.324533581985,0.214776753591
92,allocation_06,-0.225638491437,0.0949292739721,0.360387211246,0.272967038241,-0.00289579314382
92,allocation_07,-0.126577231407,0.265122124792,0.297826854181,0.0376325083977,-0.248027669764
92,allocation_08,-0.0819453203429,0.32562960238,0.153088213519,-0.290805135888,-0.266109517774
92,allocation_09,-0.0654033790996,0.322081902777,0.0979221940486,-0.336484101629,-0.175296908838
92,allocation_10,0.0474095280781,0.294636492181,-0.285167961933,-0.167599748466,0.352623342065
92,allocation_11,0.0629843195453,0.292665515206,-0.324623878815,-0.0901201772835,0.340624720162
92,allocation_12,0.105570745498,0.225599024841,-0.349527348409,0.216098557318,0.0153864543893
92,allocation_13,0.244914097788,0.0779508230141,-0.254738774999,0.406988108754,-0.229471795122
92,allocation_14,0.273564867393,-0.0323178113221,-0.122719219565,0.382135851517,-0.280791518442
92,allocation_15,0.306597270666,-0.129242757581,0.0943440099026,0.105720206543,-0.17993513737
92,allocation_16,0.31606704471,-0.159596791055,0.159758148459,-0.090276401024,0.0323267093857
92,allocation_17,0.31281393967,-0.168294792152,0.165688401616,-0.163611622747,0.14047412873
92,allocation_18,0.308371487096,-0.169864261588,0.164344381704,-0.175555690553,0.144166712536
92,allocation_19,0.307066354693,-0.169885192961,0.16300387227,-0.17582014873,0.144045465179
93,allocation_00,-0.173952558922,-0.290397230277,-0.221603935089,-0.17623529584,-0.234841693326
93,allocation_01,-0.178013658486,-0.291238230859,-0.224835330989,-0.175995700981,-0.239336292636
93,allocation_02,-0.198283376471,-0.291799406016,-0.214493544389,-0.137706623516,-0.132500669721
93,allocation_03,-0.220693292664,-0.267596264882,-0.140071027797,-0.00707527256007,0.13654557956
93,allocation_04,-0.23879453267,-0.192714585726,0.0442347327346,0.23978771041,0.406148108632
93,allocation_05,-0.244877897408,-0.0464841906936,0.296046889506,0.328527466864,0.175045912716
93,allocation_06,-0.233277587254,0.0838622206007,0.355256067897,0.2734979174,-0.0204146976339
93,allocation_07,-0.135987320603,0.263418314853,0.29675322067,0.0316684925439,-0.225927163473
93,allocation_08,-0.0919280369149,0.323275674555,0.14927299216,-0.313347143679,-0.243821432729
93,allocation_09,-0.0778683678461,0.319964677411,0.0981266959722,-0.349026813865,-0.165216978243
93,allocation_10,0.0412473621868,0.298337588158,-0.285829751813,-0.134902523026,0.367139862569
93,allocation_11,0.0602128573685,0.295075294378,-0.32593978738,-0.0679771404288,0.34252177912
93,allocation_12,0.106364436468,0.229905668486,-0.346859007908,0.226495731296,0.00124324395224
93,allocation_13,0.248430420915,0.0859567464291,-0.246793370647,0.39717006752,-0.245810907606
93,allocation_14,0.278860263317,-0.0238471456504,-0.11314541568,0.366110737723,-0.312053955722
93,allocation_15,0.306775423074,-0.122267091139,0.104288657761,0.0783934701383,-0.186915123061
93,allocation_16,0.317333735597,-0.150432589778,0.1630372979,-0.0951868345692,0.0471365342145
93,allocation_17,0.316994710035,-0.159501279319,0.166208180241,-0.150138133673,0.148531036742
93,allocation_18,0.312200269112,-0.160532753427,0.161299800852,-0.163961354223,0.155846438141
93,allocation_19,0.311012881566,-0.16065341244,0.160862723642,-0.164872605713,0.155370168484
94,allocation_00,-0.176111236007,-0.290201970696,-0.219656818296,-0.176208327849,-0.237573243876
94,allocation_01,-0.180465014288,-0.29153390981,-0.221422572169,-0.175337039818,-0.240984833126
94,allocation_02,-0.202361578159,-0.290161205373,-0.21250693434,-0.138272366396,-0.142296696973
94,allocation_03,-0.224246762035,-0.261376690002,-0.148831171519,-0.0109550849998,0.131875669331
94,allocation_04,-0.240647145416,-0.184549048019,0.0338797364305,0.237451250491,0.425944348947
94,allocation_05,-0.245530376597,-0.0347627657119,0.293631743895,0.325951642431,0.196943150822
94,allocation_06,-0.232430382724,0.0862150940657,0.351332100366,0.260867266855,-0.0270395406801
94,allocation_07,-0.13867229359,0.263753855239,0.294847969463,0.0321824301533,-0.236487705296
94,allocation_08,-0.0901641978686,0.324020774157,0.148579396855,-0.297421257349,-0.254385991268
94,allocation_09,-0.0724601369294,0.321512511709,0.0963366245375,-0.336574631583,-0.166270295648
94,allocation_10,0.0482113965343,0.298121943365,-0.284305010071,-0.156390169568,0.354452924315
94,allocation_11,0.0671741317974,0.294496966107,-0.32231801204,-0.0932655263559,0.33408227922
94,allocation_12,0.115418590462,0.231776749043,-0.346113801895,0.206452760596,0.00662667947383
94,allocation_13,0.251323437568,0.0826540934965,-0.247341297957,0.394011475472,-0.22194752646
94,allocation_14,0.277691121519,-0.0251635637466,-0.124549835129,0.378556548302,-0.28587371092
94,allocation_15,0.305730673809,-0.122447718501,0.0911476645741,0.113662416289,-0.207978536008
94,allocation_16,0.315837024644,-0.155258033207,0.163968461966,-0.103063228448,0.0446823842404
94,allocation_17,0.312630981264,-0.163667370471,0.17266805931,-0.164423070415,0.146523840435
94,allocation_18,0.308063164145,-0.165673540836,0.1743275542,-0.174240580214,0.149704435016
94,allocation_19,0.306677254947,-0.165921809835,0.172389475917,-0.173914638398,0.145624284116
95,allocation_00,-0.194260799005,-0.277660235944,-0.220689192275,-0.179209594639,-0.231829588501
95,allocation_01,-0.198898793695,-0.277901887766,-0.222891513761,-0.180170850785,-0.232962335807
95,allocation_02,-0.219265864683,-0.274381517568,-0.2147491374,-0.145175360862,-0.133948628
95,allocation_03,-0.241432705449,-0.247140529328,-0.143236274119,-0.00496856996297,0.145265113749
95,allocation_04,-0.252135105271,-0.172212948797,0.0371666651783,0.24207793133,0.398837401276
95,allocation_05,-0.246715523131,-0.0268838979414,0.291930565711,0.338030003777,0.166424554363
95,allocation_06,-0.228696891107,0.0930514741723,0.356242440816,0.275509361339,-0.0168350555916
95,allocation_07,-0.126048802039,0.263892945232,0.308478209053,0.0306183199123,-0.227621842491
95,allocation_08,-0.0739777113199,0.322142655231,0.163951566388,-0.312839473574,-0.254948743337
95,allocation_09,-0.0579986714046,0.319134917519,0.109744590255,-0.355171364399,-0.163798491953
95,allocation_10,0.056066102776,0.300247253854,-0.266504870589,-0.152616851593,0.368215262286
95,allocation_11,0.0760874212373,0.298770842086,-0.313675293078,-0.0723816947755,0.340513315699
95,allocation_12,0.11983361734,0.234368444072,-0.338343841106,0.198299087971,0.0135380404661
95,allocation_13,0.246591574355,0.0844647230959,-0.255674426982,0.387260833834,-0.242474512601
95,allocation_14,0.271730786168,-0.0283258199937,-0.133986979625,0.367055334499,-0.318675523601
95,allocation_15,0.300534752327,-0.141943365546,0.0944995424166,0.0873815104597,-0.192064073343
95,allocation_16,0.308077878468,-0.174738650308,0.158087705915,-0.0867285654078,0.0362675936374
95,allocation_17,0.304285570266,-0.183459874948,0.169821816312,-0.14826270815,0.151596876343
95,allocation_18,0.29952260839,-0.184963741016,0.169807112642,-0.159523657919,0.15741315613
95,allocation_19,0.298985823221,-0.184884607178,0.169039158221,-0.159551143541,0.155626324589
96,allocation_00,-0.195822237311,-0.285156808966,-0.21142366984,-0.165786737399,-0.212134579353
96,allocation_01,-0.198868407967,-0.285334070329,-0.21415991261,-0.166082606091,-0.21372403953
96,allocation_02,-0.214241859422,-0.284345863158,-0.20882829961,-0.140355500751,-0.148427240802
96,allocation_03,-0.240616092153,-0.253520147156,-0.13343823336,-0.0085503052668,0.113132961129
96,allocation_04,-0.250410480632,-0.174047309036,0.0420454626167,0.230236847517,0.379394119416
96,allocation_05,-0.243804212021,-0.0125923033161,0.303706944027,0.335139203049,0.191177293616
96,allocation_06,-0.222567845643,0.107663426737,0.356026381568,0.271753781249,0.0128818497626
96,allocation_07,-0.120601744521,0.277194998262,0.288551976786,0.0198083033041,-0.213438359325
96,allocation_08,-0.0736273237719,0.328794270989,0.1457452191,-0.30579425553,-0.267398067608
96,allocation_09,-0.0586133726313,0.322362157765,0.0925964570406,-0.350766770368,-0.195618033114
96,allocation_10,0.0556589919852,0.2891928569,-0.288479679187,-0.157508240115,0.36514828815
96,allocation_11,0.0752972548032,0.285940807579,-0.330031237349,-0.0786930660676,0.347817900153
96,allocation_12,0.117375880053,0.22139508147,-0.34940484765,0.214716533208,0.0327705026022
96,allocation_13,0.248893180443,0.073913739691,-0.253296619678,0.395883901299,-0.235133225848
96,allocation_14,0.274229779247,-0.0313538742069,-0.123917086206,0.372519026123,-0.318563208883
96,allocation_15,0.300261026709,-0.136114506656,0.098432180026,0.0934784158147,-0.215170146675
96,allocation_16,0.309788017278,-0.167952607103,0.163712354024,-0.0996679960796,0.0366052756731
96,allocation_17,0.30650221476,-0.175801768594,0.168297043895,-0.157808738802,0.159546440239
96,allocation_18,0.303600485839,-0.177113742273,0.167433234317,-0.162257666716,0.163426908427
96,allocation_19,0.302140767269,-0.17712979095,0.166114687702,-0.162908334123,0.16296131222
97,allocation_00,-0.195630574072,-0.281086930474,-0.210139555043,-0.183120202161,-0.192755279212
97,allocation_01,-0.199592551818,-0.281238027819,-0.212935745338,-0.181858365375,-0.196997193058
97,allocation_02,-0.217621472416,-0.278486627802,-0.205827348181,-0.14687495366,-0.132708628134
97,allocation_03,-0.240291021325,-0.254559354467,-0.146336590284,-0.0189764079184,0.0705936335738
97,allocation_04,-0.250534789915,-0.174015087817,0.0330610389079,0.250939274407,0.365374162592
97,allocation_05,-0.242770193912,-0.0217887541127,0.284511044938,0.34916531421,0.186776548176
97,allocation_06,-0.225847673914,0.101037762567,0.347377837543,0.28170838306,0.0171303659002
97,allocation_07,-0.124287741722,0.271356726459,0.297198607457,0.017954654814,-0.188356978866
97,allocation_08,-0.0753615176966,0.322307813658,0.162336111025,-0.315715471946,-0.262064302193
97,allocation_09,-0.0626045582963,0.319493728229,0.121869708893,-0.347744114316,-0.210275229471
97,allocation_10,0.0589220086219,0.293885574482,-0.289454142517,-0.136229262059,0.374340917837
97,allocation_11,0.0745111773348,0.290306247864,-0.323736412284,-0.0851789950826,0.354857693385
97,allocation_12,0.113257987228,0.235731426602,-0.347065137974,0.17712080117,0.0261145713669
97,allocation_13,0.246655937336,0.0807314229027,-0.259948526944,0.381072767608,-0.26056094839
97,allocation_14,0.272278229079,-0.0313772131468,-0.136904801879,0.370372026445,-0.345218812712
97,allocation_15,0.300700271223,-0.137521804764,0.0957292499967,0.0881929549865,-0.213903994225
97,allocation_16,0.309264374543,-0.169793068759,0.161881449235,-0.0911264136598,0.0517183830137
97,allocation_17,0.306235664444,-0.179501208129,0.167829244429,-0.14754517377,0.164888967629
97,allocation_18,0.30226760482,-0.180816273784,0.167078933124,-0.156012785182,0.166265278719
97,allocation_19,0.301657903227,-0.180575143898,0.166331614254,-0.156594673941,0.165306385027
98,allocation_00,-0.178467135444,-0.29063818318,-0.213895662624,-0.190112514578,-0.216004315698
98,allocation_01,-0.18127849823,-0.291375347946,-0.2161944622,-0.189209759897,-0.221975452663
98,allocation_02,-0.202664091997,-0.289957783421,-0.208405173641,-0.150428914267,-0.131709125004
98,allocation_03,-0.230119835483,-0.26264096474,-0.136883929276,0.000768070527285,0.10578894637
98,allocation_04,-0.244258419462,-0.185559198397,0.0348228307874,0.255417199891,0.373308511297
98,allocation_05,-0.247082498348,-0.0370388402823,0.281459848023,0.351224531427,0.178322480369
98,allocation_06,-0.235064234298,0.0877408057818,0.344060374419,0.273619564566,0.00546313403536
98,allocation_07,-0.135974021974,0.26349522008,0.297758182011,0.0126758901752,-0.205435900666
98,allocation_08,-0.0904739083781,0.31762268684,0.171117955078,-0.30151445466,-0.267873517353
98,allocation_09,-0.0758088515318,0.314787786633,0.125772431612,-0.335805587406,-0.186351237322
98,allocation_10,0.0420083787258,0.29681780778,-0.280563136554,-0.154441014603,0.373033433587
98,allocation_11,0.0592835590342,0.294179714242,-0.319393479255,-0.0931885116461,0.353471908553
98,allocation_12,0.107403728755,0.235645483048,-0.349368294344,0.184441141949,0.0207353338457
98,allocation_13,0.24319458764,0.0959343012648,-0.259489832135,0.385281299577,-0.256545131572
98,allocation_14,0.273130794508,-0.0133023747874,-0.132900928705,0.37328282923,-0.33411313319
98,allocation_15,0.307381668908,-0.123388326951,0.0935619673175,0.0913266138562,-0.190203885078
98,allocation_16,0.315327249757,-0.157963564489,0.163776662864,-0.0890982592502,0.0478633136812
98,allocation_17,0.313246106236,-0.166408848763,0.173490292295,-0.14628588478,0.156465954655
98,allocation_18,0.309107117821,-0.169008134475,0.172662744498,-0.151598282474,0.160420004509
98,allocation_19,0.307777838046,-0.169356999405,0.17174754042,-0.152082442192,0.158106492474
99,allocation_00,-0.179371645897,-0.288543141717,-0.222123987211,-0.175411388277,-0.239432971004
99,allocation_01,-0.184095198086,-0.288997247604,-0.224314726915,-0.176406911587,-0.241891561503
99,allocation_02,-0.202472616771,-0.28729562736,-0.215104349986,-0.143483789175,-0.154266452333
99,allocation_03,-0.231551114147,-0.262327454099,-0.132924517395,0.0054333012135,0.144328972025
99,allocation_04,-0.239418172595,-0.187004925889,0.0413522394395,0.23775551513,0.425488044448
99,allocation_05,-0.245874909988,-0.0389280198399,0.300471115305,0.32524462918,0.18195480392
99,allocation_06,-0.232287993759,0.0874925934536,0.36016367655,0.262976905651,-0.0288670643868
99,allocation_07,-0.130725022966,0.266348713316,0.295063236561,0.0197513195439,-0.251204076888
99,allocation_08,-0.0834803208989,0.325930515021,0.146056909328,-0.305820168353,-0.228035233954
99,allocation_09,-0.0675302249037,0.324326080254,0.096746754915,-0.335090216602,-0.156521850527
99,allocation_10,0.0493083878468,0.294653443281,-0.289727752068,-0.142322804997,0.368109707947
99,allocation_11,0.0660667713453,0.291338773893,-0.328935118023,-0.0768407729902,0.341209964349
99,allocation_12,0.109778705215,0.226658126941,-0.341805198054,0.229376235028,-0.0206710939984
99,allocation_13,0.249002608241,0.07906570251,-0.241615996706,0.404879919061,-0.241168607169
99,allocation_14,0.278020856061,-0.0288035361048,-0.112135877468,0.374017076689,-0.290071016559
99,allocation_15,0.305028039278,-0.12732616325,0.099724143062,0.0850456200782,-0.168697352596
99,allocation_16,0.315977290182,-0.15775982845,0.16128487951,-0.0993124256789,0.047101572869
99,allocation_17,0.312845652528,-0.166012438195,0.168034844362,-0.155624950478,0.142419090269
99,allocation_18,0.308826469567,-0.167990296841,0.163169425652,-0.166242695041,0.141491864798
99,allocation_19,0.307728422377,-0.16832466092,0.161856971687,-0.168173834947,0.138951328719
100,allocation_00,-0.203558693437,-0.273526552444,-0.209684914722,-0.180724334456,-0.209913861498
100,allocation_01,-0.207469552228,-0.274971647347,-0.21336828249,-0.181776053182,-0.21546826021
100,allocation_02,-0.223611243984,-0.270740076833,-0.205592659052,-0.1476272119,-0.142438848681
100,allocation_03,-0.246826997043,-0.247089690281,-0.133647005664,-0.00386756638164,0.114251661859
100,allocation_04,-0.251787528438,-0.17090043222,0.0349481249101,0.22976830884,0.376789761079
100,allocation_05,-0.239839787788,-0.0190284320267,0.290669707008,0.346542702021,0.195413655054
100,allocation_06,-0.217469073414,0.10440950751,0.356035170413,0.291845299033,0.00416978801617
100,allocation_07,-0.110827403925,0.272259698107,0.305123020888,0.0289246384387,-0.235451555283
100,allocation_08,-0.0644545598372,0.326865669062,0.162562605643,-0.316219173368,-0.248581823065
100,allocation_09,-0.0514887723556,0.324033405466,0.115060713854,-0.350742843648,-0.170612504524
100,allocation_10,0.0645237163987,0.295080939137,-0.280444892556,-0.150025625847,0.367124847225
100,allocation_11,0.08176254735,0.29092228404,-0.317193329157,-0.078938591637,0.355424742391
100,allocation_12,0.122629736408,0.223901917642,-0.347658502478,0.211070671798,0.012493062986
100,allocation_13,0.248922463622,0.0716532387924,-0.259371146031,0.378839478538,-0.247486089821
100,allocation_14,0.27383577671,-0.0380938624865,-0.135138775735,0.354424155654,-0.31631315579
100,allocation_15,0.29776674666,-0.146330011756,0.0898553632827,0.0897609324775,-0.21516090482
100,allocation_16,0.307132970218,-0.179378145001,0.158836571108,-0.0882895463283,0.0392927120125
100,allocation_17,0.304325747647,-0.188529709852,0.169143478857,-0.148282382989,0.157462129403
100,allocation_18,0.299740879288,-0.188983823386,0.16980378742,-0.158157446303,0.163854760383
100,allocation_19,0.298335810173,-0.188447635083,0.169500101308,-0.159051958987,0.166151280458
101,allocation_00,-0.1850507179,-0.285971152704,-0.216628948202,-0.179402621669,-0.20725546447
101,allocation_01,-0.188290210008,-0.287010837513,-0.221937079512,-0.178890397368,-0.21184020515
101,allocation_02,-0.204954355645,-0.286475403639,-0.21507715074,-0.141242672381,-0.137344546597
101,allocation_03,-0.227862479425,-0.264492992042,-0.143691682323,-0.000463111397161,0.0996989058594
101,allocation_04,-0.242013501449,-0.19041691262,0.0406646849308,0.250617716751,0.371433780793
101,allocation_05,-0.24023603832,-0.0407849074066,0.299658055119,0.334292624412,0.194964354891
101,allocation_06,-0.226565884831,0.0837875035342,0.360523791623,0.262287276072,-0.00112220456595
101,allocation_07,-0.135469779511,0.259749904499,0.305837495283,0.0213740518007,-0.200740125453
101,allocation_08,-0.0896927495091,0.319444481264,0.156219732151,-0.308870486298,-0.258429695962
101,allocation_09,-0.0727361645406,0.317301545542,0.104453619581,-0.345336739421,-0.196340772559
101,allocation_10,0.0420799530993,0.298350164773,-0.282991036988,-0.137050901337,0.364223110598
101,allocation_11,0.0583923710239,0.297226433549,-0.318372112296,-0.0804637841789,0.349962554286
101,allocation_12,0.104670528993,0.236411534716,-0.339706657298,0.205721703671,0.0398795929885
101,allocation_13,0.245224763473,0.0890628548213,-0.249909600562,0.394199015642,-0.245059976932
101,allocation_14,0.275641353007,-0.02110072975,-0.123686482309,0.369856596396,-0.335287526041
101,allocation_15,0.308652698561,-0.123579593465,0.0930617811256,0.0888200887071,-0.216534736276
101,allocation_16,0.318806521515,-0.158042094818,0.155062922428,-0.0946443318373,0.0370271738918
101,allocation_17,0.313286641911,-0.168042097971,0.164197369553,-0.157233415288,0.164052122433
101,allocation_18,0.308676848525,-0.171135968945,0.162889649314,-0.166784399561,0.169935385567
101,allocation_19,0.307389634544,-0.171125852584,0.160733717938,-0.168050639357,0.168859958504
102,allocation_00,-0.194564080631,-0.27766952195,-0.214745580217,-0.182728721999,-0.224381273572
102,allocation_01,-0.198294588779,-0.27803248473,-0.21767299531,-0.183413848084,-0.228096415357
102,allocation_02,-0.218351702268,-0.275244034886,-0.209910981908,-0.148316150909,-0.145020013571
102,allocation_03,-0.241391094536,-0.247051585956,-0.141591606697,-0.00910876615584,0.132097728957
102,allocation_04,-0.252316873251,-0.175602020595,0.0237776953237,0.232241397867,0.394423467885
102,allocation_05,-0.242668729834,-0.0271669887482,0.289108970404,0.349580802474,0.178674904999
102,allocation_06,-0.224290433068,0.0981528862084,0.351879026127,0.279268128977,-0.0149698648157
102,allocation_07,-0.12261505018,0.271443353585,0.299185161824,0.0266364700369,-0.208221158228
102,allocation_08,-0.0722686852066,0.325538631724,0.161676117094,-0.306888531868,-0.260771844062
102,allocation_09,-0.0578166467165,0.321492118948,0.111098090071,-0.344603849148,-0.177023380753
102,allocation_10,0.0554495752921,0.298892834256,-0.279796914253,-0.146734313761,0.354663215894
102,allocation_11,0.0702023767189,0.296582142547,-0.317565355117,-0.0841579993804,0.341295876467
102,allocation_12,0.108787548797,0.237204245274,-0.349447309229,0.18437888025,0.0395280741415
102,allocation_13,0.249199662319,0.0783673915122,-0.263151901398,0.380068885745,-0.243330492465
102,allocation_14,0.27410980354,-0.0299703022723,-0.143904642553,0.375075799421,-0.320391136653
102,allocation_15,0.303049971229,-0.135402314753,0.0843732621229,0.0998186664448,-0.205510137277
102,allocation_16,0.310630637784,-0.168127791434,0.154347686273,-0.0857328071852,0.0361624699626
102,allocation_17,0.306147056078,-0.179179007179,0.169688455023,-0.155485571171,0.159596895056
102,allocation_18,0.301498711442,-0.180676522764,0.166683844034,-0.163317590899,0.164993357339
102,allocation_19,0.300643090254,-0.180633190169,0.166449304127,-0.164948341999,0.163715651296
103,allocation_00,-0.190814551858,-0.285888525288,-0.208164485675,-0.180642922012,-0.221329830235
103,allocation_01,-0.19387109086,-0.286687664564,-0.211057498709,-0.179898532979,-0.22455773759
103,allocation_02,-0.211773957026,-0.285259421859,-0.204898348873,-0.148427432874,-0.130134516084
103,allocation_03,-0.235314297291,-0.261247048169,-0.142895106365,-0.0113298558324,0.112090044089
103,allocation_04,-0.244339555171,-0.175471091833,0.0348030996934,0.252496620109,0.406010268785
103,allocation_05,-0.24462231987,-0.0210896778723,0.286130600797,0.345222492085,0.181236954476
103,allocation_06,-0.227638522358,0.102023700063,0.344427165005,0.282263918252,-0.0138553053005
103,allocation_07,-0.128313603172,0.270434380272,0.291233588534,0.0320613945677,-0.227204311774
103,allocation_08,-0.0781692155704,0.325226666358,0.159240349359,-0.31356261314,-0.235471317106
103,allocation_09,-0.063108666913,0.319980431113,0.112229428582,-0.351799958989,-0.170513934731
103,allocation_10,0.0601737552666,0.291242531272,-0.287991696483,-0.147435366655,0.360067892999
103,allocation_11,0.078614297638,0.286581960897,-0.326267458945,-0.0794297498656,0.348566421208
103,allocation_12,0.117135770997,0.224081253077,-0.348119571941,0.201913647308,0.00700040014632
103,allocation_13,0.249273601923,0.0765083510906,-0.258461152859,0.375328611679,-0.24600013355
103,allocation_14,0.275857671104,-0.0284356720716,-0.13515099492,0.356336357503,-0.321667072549
103,allocation_15,0.300598981992,-0.1346573368,0.0974778088632,0.104878097642,-0.211539831097
103,allocation_16,0.312502205448,-0.166721878859,0.16683432079,-0.0810369975332,0.0462947929807
103,allocation_17,0.30781427056,-0.175485545436,0.176833393384,-0.147758210612,0.158141260649
103,allocation_18,0.30345492633,-0.177366898022,0.174979200989,-0.15967733188,0.158781578298
103,allocation_19,0.30208528527,-0.177504127844,0.174269040132,-0.159901802569,0.157373136848
104,allocation_00,-0.204138114082,-0.270381785149,-0.217670233321,-0.178647938126,-0.203030138408
104,allocation_01,-0.207971285653,-0.271333854119,-0.221737763642,-0.178106513683,-0.209015418873
104,allocation_02,-0.225695775173,-0.268238754129,-0.213208790754,-0.149023777773,-0.136393512557
104,allocation_03,-0.248108955783,-0.242190207853,-0.142232571498,-0.00933607001027,0.101288846402
104,allocation_04,-0.257732855676,-0.165763895317,0.031981271233,0.241555109389,0.370536633544
104,allocation_05,-0.246097601441,-0.0167080087268,0.290065958728,0.353292037149,0.176674385663
104,allocation_06,-0.225706790403,0.104379712974,0.351679981617,0.277894698797,0.00842751432702
104,allocation_07,-0.115129909262,0.276478443849,0.299670013513,0.0135283483353,-0.196339004073
104,allocation_08,-0.0606384015545,0.326116736576,0.162540166949,-0.3125958426,-0.260055205408
104,allocation_09,-0.0437095092987,0.320539671136,0.110898903499,-0.354077115397,-0.186821534853
104,allocation_10,0.0753109071424,0.288473718326,-0.281494083045,-0.138810701385,0.366644140034
104,allocation_11,0.0935182138463,0.287367072428,-0.318083613172,-0.0640565554201,0.355814316417
104,allocation_12,0.131584649288,0.226628540253,-0.340954594049,0.191050723369,0.0282363364564
104,allocation_13,0.254872607059,0.0701918569405,-0.251698350114,0.379497973608,-0.247371982039
104,allocation_14,0.273567903128,-0.0450965267028,-0.125800549475,0.367549780768,-0.337567607405
104,allocation_15,0.292664325527,-0.150875672188,0.0968980021369,0.0960790793823,-0.228221842964
104,allocation_16,0.300787454892,-0.18644946886,0.163349976675,-0.0844018632914,0.0419196358605
104,allocation_17,0.297608749665,-0.196686529512,0.172332980459,-0.152083952526,0.166576656908
104,allocation_18,0.291556456564,-0.197840880468,0.171981871488,-0.161095289013,0.171049815076
104,allocation_19,0.290808712391,-0.197489061151,0.170912974812,-0.161210069982,0.169541499332
105,allocation_00,-0.176763780742,-0.291441894941,-0.211246553191,-0.182142120037,-0.245560782289
105,allocation_01,-0.180318224633,-0.291952249986,-0.214302218428,-0.182356878524,-0.247637559294
105,allocation_02,-0.202184738018,-0.290629854572,-0.209671117367,-0.141635993065,-0.146487930449
105,allocation_03,-0.22854138933,-0.260128414402,-0.143097529332,-0.00354563172237,0.147660221808
105,allocation_04,-0.24322743602,-0.183263200241,0.0300031737115,0.230842646125,0.428704228507
105,allocation_05,-0.246526054558,-0.0397846598667,0.290049373266,0.337489611905,0.196561490272
105,allocation_06,-0.233406453506,0.0838831927248,0.354324099742,0.270672612698,-0.025817116656
105,allocation_07,-0.134976403039,0.260617852618,0.301296069044,0.0309334983313,-0.260019849541
105,allocation_08,-0.089748321585,0.323674741014,0.159954266367,-0.291546595778,-0.241060824304
105,allocation_09,-0.0721424773423,0.321861179484,0.10400234343,-0.331807424315,-0.149203094222
105,allocation_10,0.0465341900567,0.300896316461,-0.278194792391,-0.162114255147,0.355527678067
105,allocation_11,0.0662177205441,0.297239649909,-0.320533200103,-0.093711295238,0.327675754083
105,allocation_12,0.112084492559,0.22633644676,-0.350338386868,0.220024641269,-0.0124991135626
105,allocation_13,0.247183174081,0.0788993391178,-0.251850618832,0.397413349726,-0.230456548308
105,allocation_14,0.278738475503,-0.0272245315506,-0.119613886804,0.365551323922,-0.275954321847
105,allocation_15,0.305583179283,-0.123393609073,0.0950550102627,0.10811463699,-0.186595588706
105,allocation_16,0.314681339788,-0.155974348006,0.164084375502,-0.0916932422535,0.0435501813008
105,allocation_17,0.312791998951,-0.164931336834,0.173362212061,-0.158484333929,0.144388028212
105,allocation_18,0.307953688407,-0.166503070152,0.174455639915,-0.168093338231,0.14694016311
105,allocation_19,0.307003816561,-0.166260941411,0.17378020349,-0.168775870371,0.147303799617
106,allocation_00,-0.192755338908,-0.285764080766,-0.20964299033,-0.168794976241,-0.210208481743
106,allocation_01,-0.196047563847,-0.286476878354,-0.212383456037,-0.170058814294,-0.213321900261
106,allocation_02,-0.212683717007,-0.282585375447,-0.206323357178,-0.144579969222,-0.148541716999
106,allocation_03,-0.236476169555,-0.258781555758,-0.137492484574,-0.0148421113766,0.0882247246677
106,allocation_04,-0.247186630646,-0.183585602262,0.0344612127724,0.232059915285,0.387933514293
106,allocation_05,-0.242875902091,-0.0324752259674,0.290634800248,0.335733965773,0.202236717565
106,allocation_06,-0.225026967543,0.0978384229971,0.35006642385,0.281315478216,0.0186954664621
106,allocation_07,-0.127414765593,0.271162960785,0.295197660814,0.0412838947374,-0.202367247578
106,allocation_08,-0.0806995213626,0.326182070395,0.160555012191,-0.292710477913,-0.273189423882
106,allocation_09,-0.0654573460523,0.319867909271,0.108450834222,-0.34016139756,-0.21029683661
106,allocation_10,0.0516301967539,0.290840194928,-0.287866054354,-0.160831817963,0.366301186937
106,allocation_11,0.0683031060938,0.288941985133,-0.325222163389,-0.0916897168815,0.355542271226
106,allocation_12,0.112583339351,0.226289490992,-0.350156092963,0.199571896943,0.0296625195104
106,allocation_13,0.246898820544,0.0764964686676,-0.257477728753,0.396675991704,-0.239759758785
106,allocation_14,0.27090492299,-0.0313261173462,-0.134866129371,0.378210765715,-0.315063877702
106,allocation_15,0.303747101977,-0.132205090982,0.0889077772998,0.101691291009,-0.199267348455
106,allocation_16,0.312723440749,-0.165404533101,0.159408058977,-0.0903357644396,0.0442187872616
106,allocation_17,0.310104467908,-0.173980162882,0.170543673397,-0.154810354456,0.149248473735
106,allocation_18,0.304349390339,-0.175454266548,0.171414056854,-0.166627768995,0.152713904038
106,allocation_19,0.303793730368,-0.175703314357,0.170508199152,-0.167130988998,0.153070019321
107,allocation_00,-0.174458018156,-0.298027216198,-0.208148066753,-0.169053045063,-0.224052632719
107,allocation_01,-0.178028594165,-0.299330909342,-0.210360873089,-0.171409350586,-0.229767153934
107,allocation_02,-0.195647384745,-0.296180705222,-0.202380830969,-0.149038635451,-0.146521822753
107,allocation_03,-0.221708225256,-0.278045389018,-0.138084487878,-0.0164170611182,0.101981551776
107,allocation_04,-0.2307136556,-0.199009650002,0.0224208472746,0.235244331233,0.407077538867
107,allocation_05,-0.237162345277,-0.0403760587928,0.297150240885,0.352758568675,0.208501938319
107,allocation_06,-0.230557720723,0.0818121706232,0.350775578921,0.280253342334,0.00389484186241
107,allocation_07,-0.1419255263,0.262459531231,0.286045499185,0.0116459128386,-0.246479574569
107,allocation_08,-0.102154449836,0.32027615028,0.157127983963,-0.293948573692,-0.247131292726
107,allocation_09,-0.088098770352,0.316486841889,0.110603905077,-0.331184515578,-0.167765669917
107,allocation_10,0.0334298815704,0.292342976668,-0.296824818331,-0.148634006493,0.370469311919
107,allocation_11,0.0499220125396,0.29089663223,-0.331866568858,-0.0866052104871,0.347304060485
107,allocation_12,0.0989946054073,0.232171589212,-0.351024150726,0.193310571885,-0.0120429345009
107,allocation_13,0.246786306552,0.0880590517827,-0.2573591857,0.391974970228,-0.25141440709
107,allocation_14,0.275671440409,-0.0175738665959,-0.129305640793,0.381031563359,-0.305402461482
107,allocation_15,0.310691535252,-0.11550134426,0.103027182083,0.0886841767589,-0.164123352468
107,allocation_16,0.320316268741,-0.144194270248,0.16095939123,-0.0915814041687,0.0475866341008
107,allocation_17,0.319781921154,-0.152759638957,0.166392187002,-0.158555313788,0.141783136067
107,allocation_18,0.314951776885,-0.154263017584,0.163286339972,-0.170050349607,0.145532782557
107,allocation_19,0.313961160762,-0.153874021576,0.162865210435,-0.170038146339,0.144883165551
108,allocation_00,-0.194639157672,-0.283639493963,-0.208536554532,-0.174128874598,-0.200603827858
108,allocation_01,-0.199032359907,-0.284053156717,-0.212471976138,-0.175815715971,-0.206345640806
108,allocation_02,-0.213095247528,-0.281234708303,-0.208457587508,-0.146258854769,-0.144629317356
108,allocation_03,-0.237834827455,-0.257171521961,-0.142557410986,-0.0094067488487,0.0985669915383
108,allocation_04,-0.24978277278,-0.180215987066,0.026099415217,0.228307782756,0.363348684926
108,allocation_05,-0.240738504289,-0.0192147744821,0.295652343845,0.343261119991,0.19698261407
108,allocation_06,-0.225760033961,0.0994058098315,0.354150479349,0.282900463329,0.026925058289
108,allocation_07,-0.126204424009,0.267477558343,0.296952794305,0.0251292483738,-0.221413655169
108,allocation_08,-0.0758630572761,0.325529022722,0.152937033105,-0.309025930554,-0.265082595351
108,allocation_09,-0.0598494296624,0.320816926487,0.10042038396,-0.348958991525,-0.196557965695
108,allocation_10,0.0561367140651,0.293352300064,-0.284417301758,-0.149287759076,0.360326006532
108,allocation_11,0.0719306501723,0.290959561201,-0.320640240924,-0.0828896505146,0.352453386896
108,allocation_12,0.113096297444,0.226470700877,-0.347659539595,0.1969664155,0.0419661268729
108,allocation_13,0.247459155118,0.0760541709791,-0.260423934489,0.385705564914,-0.241313024406
108,allocation_14,0.273033926696,-0.0299406585514,-0.140976288835,0.369788648206,-0.322225916227
108,allocation_15,0.301432372718,-0.133971438764,0.0937748183307,0.0992046658721,-0.228516570018
108,allocation_16,0.313285002995,-0.167709559446,0.160235987386,-0.0820440400652,0.0267542778385
108,allocation_17,0.307706588507,-0.177148384275,0.169752561655,-0.156522900395,0.165734922008
108,allocation_18,0.303248504045,-0.179289802245,0.168963559161,-0.165823903664,0.17197181176
108,allocation_19,0.302318229087,-0.179396077197,0.168293245528,-0.165427125332,0.170910545621
109,allocation_00,-0.173624955145,-0.293647668053,-0.21182266841,-0.189485952945,-0.228738327885
109,allocation_01,-0.177343667028,-0.295282996588,-0.213975678492,-0.187812350216,-0.230470546585
109,allocation_02,-0.199587885607,-0.293469454327,-0.207340453954,-0.148264212216,-0.132558806777
109,allocation_03,-0.22520013259,-0.264979804174,-0.147462598477,-0.00433091572189,0.132510579114
109,allocation_04,-0.241522578476,-0.182749244058,0.0287690082161,0.252888106685,0.415691075459
109,allocation_05,-0.248523419216,-0.0311301382577,0.289614990434,0.342502853959,0.16526743724
109,allocation_06,-0.234631599129,0.089309709155,0.347662930051,0.268769033512,-0.0262879618844
109,allocation_07,-0.140543506449,0.262556696773,0.292235918603,0.0216757825376,-0.219907753963
109,allocation_08,-0.0938088506718,0.319310923667,0.157387977611,-0.308879243374,-0.241459967451
109,allocation_09,-0.0793175882076,0.315518283353,0.110827983475,-0.345428140564,-0.172388134073
109,allocation_10,0.0441386067411,0.298320721467,-0.277686786603,-0.152022477187,0.351753293387
109,allocation_11,0.0633379393213,0.29640763388,-0.319154146229,-0.0859873539703,0.337273844731
109,allocation_12,0.109238418084,0.234032726421,-0.346412698197,0.181820947822,0.0189976692829
109,allocation_13,0.247052649486,0.092281485668,-0.260404142649,0.379296004316,-0.235876542397
109,allocation_14,0.276012703686,-0.0152945589309,-0.135367991395,0.371427969953,-0.322697909722
109,allocation_15,0.304276077779,-0.122054035949,0.0984987968954,0.0986180835013,-0.211648910178
109,allocation_16,0.317167418396,-0.15441413922,0.166935520997,-0.0834787834571,0.0418802782728
109,allocation_17,0.312991096583,-0.161052720103,0.17815695612,-0.152553467328,0.161784539907
109,allocation_18,0.310013226334,-0.161947718366,0.176969522872,-0.161975650611,0.16190183562
109,allocation_19,0.309028456814,-0.161773626036,0.175633540624,-0.162897896587,0.160298078009
110,allocation_00,-0.189450023295,-0.284162924131,-0.210760062977,-0.173306447903,-0.226780461996
110,allocation_01,-0.193415345889,-0.284832243277,-0.212611669487,-0.17478664348,-0.228631786526
110,allocation_02,-0.211655640016,-0.285121534807,-0.205821418495,-0.145532043794,-0.139047063462
110,allocation_03,-0.233733830743,-0.258670446353,-0.139075344992,-0.0113836787062,0.130880955522
110,allocation_04,-0.244720124762,-0.186017075662,0.0230837064354,0.224323527365,0.400353215647
110,allocation_05,-0.23826913226,-0.0294228752654,0.294791352661,0.3491023769,0.189367263091
110,allocation_06,-0.223648286464,0.0919003055662,0.35383626044,0.292390551309,0.00151509966274
110,allocation_07,-0.127200372338,0.267765665977,0.293680839632,0.036189343852,-0.232841217932
110,allocation_08,-0.0835120191669,0.325428639174,0.156619907176,-0.306955796549,-0.243816097249
110,allocation_09,-0.0689802301522,0.321478861129,0.110625914469,-0.347731232996,-0.169168910312
110,allocation_10,0.0514201002887,0.296922861042,-0.285325540421,-0.146865176857,0.353952326453
110,allocation_11,0.0685726870506,0.293569224748,-0.32419711798,-0.0779913014067,0.344290326727
110,allocation_12,0.11129159858,0.227361715694,-0.349805247221,0.206740834656,0.0225646445016
110,allocation_13,0.250719330041,0.0759609020523,-0.258921504504,0.386027237914,-0.242369559612
110,allocation_14,0.27553822138,-0.0309897828924,-0.134364484587,0.36681545237,-0.316323462396
110,allocation_15,0.303223408494,-0.133325526427,0.0947775305848,0.0836043298235,-0.203277523703
110,allocation_16,0.314221399249,-0.16214264878,0.159416717309,-0.0977188924871,0.0501884809597
110,allocation_17,0.310377706179,-0.170694404019,0.169109930798,-0.151893655698,0.154677760448
110,allocation_18,0.3062467707,-0.171977592733,0.168009763111,-0.158644170697,0.160200196043
110,allocation_19,0.305555163196,-0.171767418932,0.166813123071,-0.158834283125,0.157635963123
111,allocation_00,-0.180543457028,-0.287277821149,-0.220653697103,-0.181279101126,-0.226525570607
111,allocation_01,-0.184402677876,-0.287689514556,-0.223473616116,-0.18395664582,-0.228051544219
111,allocation_02,-0.202732500303,-0.285574460532,-0.216388225699,-0.149853178163,-0.132994437244
111,allocation_03,-0.226336573427,-0.25987432514,-0.145878262305,0.0028691336437,0.132811830826
111,allocation_04,-0.243473104782,-0.181199033468,0.0432453607451,0.267297412486,0.396640403999
111,allocation_05,-0.246880013531,-0.0326446662752,0.298700091151,0.332074329059,0.167245277298
111,allocation_06,-0.23072609812,0.0940061888689,0.355912144642,0.254570231677,-0.0398480826072
111,allocation_07,-0.130748600867,0.269752811173,0.296867959803,0.00781756576319,-0.213315193662
111,allocation_08,-0.0839003256518,0.324321950114,0.148008827013,-0.312607170128,-0.245943612227
111,allocation_09,-0.0668389842874,0.320682830189,0.090258407448,-0.35451680055,-0.155004317292
111,allocation_10,0.0494518319142,0.296265746099,-0.290472898196,-0.126307302355,0.360438778409
111,allocation_11,0.066111140178,0.294121555024,-0.324119898187,-0.0599755700118,0.341212197748
111,allocation_12,0.10818822569,0.237419095185,-0.343614143129,0.202707678578,0.0240956026771
111,allocation_13,0.249762693223,0.0855487270263,-0.244463676507,0.391930291215,-0.265077758515
111,allocation_14,0.276546226654,-0.0245850371273,-0.118827616558,0.368804857599,-0.336688213773
111,allocation_15,0.307068166293,-0.123871330845,0.0955841387651,0.0819125601772,-0.188949833781
111,allocation_16,0.316275321071,-0.15592056987,0.156122119879,-0.0925056103858,0.0545966426613
111,allocation_17,0.312924983169,-0.164836419578,0.165454539028,-0.151479099136,0.159821534523
111,allocation_18,0.308326960254,-0.168545766091,0.166254507077,-0.162274949606,0.157815961728
111,allocation_19,0.307110875728,-0.168191199583,0.165560939989,-0.161327088384,0.157392639852
112,allocation_00,-0.198308010508,-0.279927273861,-0.214895023635,-0.174915721858,-0.211263143966
112,allocation_01,-0.202390091774,-0.280684095275,-0.217875152482,-0.174648506767,-0.215716428608
112,allocation_02,-0.21741346727,-0.275993858736,-0.211064201425,-0.149418830909,-0.14485562808
112,allocation_03,-0.243351467758,-0.251910913864,-0.137716022645,-0.0101514642548,0.110226261886
112,allocation_04,-0.253244294896,-0.167383844399,0.0432562646039,0.239891169999,0.389424741141
112,allocation_05,-0.244204501672,-0.0236273720928,0.287582606559,0.345861977295,0.190947505474
112,allocation_06,-0.225572460613,0.0984069982645,0.350608988987,0.281133289089,-0.0134412738698
112,allocation_07,-0.121145726167,0.26770851005,0.303326931576,0.0335216516544,-0.230850354268
112,allocation_08,-0.0742259369875,0.32336624117,0.165774813957,-0.302566506228,-0.268215835266
112,allocation_09,-0.0575631114601,0.318511426825,0.110705484817,-0.352052467298,-0.178920374607
112,allocation_10,0.0550279483495,0.298123266481,-0.269043973315,-0.166785970872,0.374276418327
112,allocation_11,0.0737455593459,0.294010321761,-0.311991507314,-0.0881829136817,0.359921030578
112,allocation_12,0.122172820129,0.226732635658,-0.342730530875,0.204704759561,0.0111171256561
112,allocation_13,0.248809095688,0.0791440550268,-0.262014404644,0.37762628133,-0.242428321158
112,allocation_14,0.272983512278,-0.0284619747578,-0.145802046353,0.36633871046,-0.301979146283
112,allocation_15,0.301549451143,-0.135617849225,0.0872968113509,0.0960948218557,-0.202657236706
112,allocation_16,0.307462907889,-0.17377038219,0.163757536077,-0.0922274514204,0.0476063959724
112,allocation_17,0.303353259675,-0.185412889809,0.174992673908,-0.149660025822,0.14893076237
112,allocation_18,0.298629413058,-0.187663960344,0.175934952954,-0.156650297553,0.151271358547
112,allocation_19,0.29763402647,-0.187876676097,0.174587609424,-0.157089053746,0.148498366878
113,allocation_00,-0.178139096007,-0.290371264145,-0.217538986417,-0.183874753573,-0.225416006889
113,allocation_01,-0.182586266307,-0.291653107784,-0.220410987662,-0.183134408291,-0.228960517834
113,allocation_02,-0.200777480516,-0.289064168834,-0.213870477498,-0.148784436584,-0.139184372347
113,allocation_03,-0.227174823717,-0.266106593061,-0.143918566195,-0.00185900699411,0.126079434777
113,allocation_04,-0.237381095135,-0.183083913409,0.0458173649461,0.253085612558,0.412071521192
113,allocation_05,-0.243246580185,-0.0391403700734,0.290707349852,0.340679657096,0.178812498489
113,allocation_06,-0.231446300797,0.0844562732411,0.354174829094,0.268334247555,-0.0379585822777
113,allocation_07,-0.1352172588,0.260749839964,0.29794563183,0.0178519787883,-0.242578091312
113,allocation_08,-0.0902426709095,0.319939411233,0.157458634857,-0.311123322558,-0.246163799991
113,allocation_09,-0.0744872826369,0.319588435022,0.105004517027,-0.341726156978,-0.152343600391
113,allocation_10,0.0382501228908,0.300387722972,-0.277615508579,-0.149035213086,0.36410309256
113,allocation_11,0.0550426656503,0.298638355105,-0.320662019859,-0.0740710263378,0.343372865462
113,allocation_12,0.0985457475698,0.238183585827,-0.349327654321,0.207518653245,0.00407660721874
113,allocation_13,0.243521615872,0.093345469338,-0.260905952886,0.386375452697,-0.251884401953
113,allocation_14,0.276238478901,-0.0170342485779,-0.12966006836,0.365166097413,-0.315826643608
113,allocation_15,0.308765311455,-0.123156668111,0.0931236344188,0.0921637410003,-0.181137652203
113,allocation_16,0.318400385347,-0.153352778107,0.156406696166,-0.0883565819586,0.0499325731074
113,allocation_17,0.317429675145,-0.160681632804,0.16489024745,-0.149895747208,0.146941968785
113,allocation_18,0.31266626094,-0.161122612448,0.164542902433,-0.161294562668,0.150045346469
113,allocation_19,0.311280784968,-0.161129824983,0.163694501819,-0.162235043186,0.150116237813
114,allocation_00,-0.180923923234,-0.286971367654,-0.211602966698,-0.189857551641,-0.194832702588
114,allocation_01,-0.186038187175,-0.288407040475,-0.216979875835,-0.191078242362,-0.202364023702
114,allocation_02,-0.204574249689,-0.28522704057,-0.208920817712,-0.15025667999,-0.130055032164
114,allocation_03,-0.229314237666,-0.265557046551,-0.144713048364,-0.00555078652716,0.0926559469942
114,allocation_04,-0.241552009408,-0.18863217279,0.0269443413159,0.246259962011,0.359348095235
114,allocation_05,-0.239269540328,-0.0329402568781,0.289492784216,0.355592159195,0.182952027419
114,allocation_06,-0.228098115032,0.089934022836,0.347133180387,0.280508560851,0.010917764633
114,allocation_07,-0.138292747211,0.264317153909,0.298099591755,0.0122906725284,-0.208455640641
114,allocation_08,-0.0894767001586,0.318307372274,0.163971936721,-0.319481160729,-0.252349512465
114,allocation_09,-0.0733877173077,0.316956945962,0.113185653607,-0.35327680435,-0.18527263694
114,allocation_10,0.0537927910054,0.29653599576,-0.285954276432,-0.135173473603,0.36188660686
114,allocation_11,0.0690384208873,0.295171533238,-0.319460693794,-0.0741999226406,0.36106733703
114,allocation_12,0.109681539538,0.234630241237,-0.34479193121,0.190364182234,0.0363889520807
114,allocation_13,0.244138973385,0.0887170850374,-0.258897803054,0.377245955512,-0.273658457334
114,allocation_14,0.272100571613,-0.0198406514793,-0.134911628624,0.35860422624,-0.360809306188
114,allocation_15,0.307036095671,-0.129192866005,0.100458230395,0.0735365323606,-0.198074125502
114,allocation_16,0.319164588842,-0.158300570303,0.159877407784,-0.0806623286747,0.0393056695349
114,allocation_17,0.313158657903,-0.167736825015,0.170558617966,-0.143397928609,0.167216844588
114,allocation_18,0.309193165255,-0.170260852133,0.169694373772,-0.15552015256,0.166804756915
114,allocation_19,0.308122381299,-0.170128922445,0.168774201328,-0.156351267253,0.164670314443
115,allocation_00,-0.197518435372,-0.27506145348,-0.221815180101,-0.17473722498,-0.205322136156
115,allocation_01,-0.202000828782,-0.275979328443,-0.225044409069,-0.175897659938,-0.209522669006
115,allocation_02,-0.219337769413,-0.271102971234,-0.213198759354,-0.147403337199,-0.139581205035
115,allocation_03,-0.242923606647,-0.250630395613,-0.14029963874,-0.00684226736559,0.103890956493
115,allocation_04,-0.247733814186,-0.174078353121,0.047067452853,0.242617874036,0.388164816251
115,allocation_05,-0.238879241035,-0.0264166462014,0.306930332503,0.346102191128,0.183655737966
115,allocation_06,-0.223176635267,0.0972490571128,0.363285334351,0.272096473784,-0.0177957737868
115,allocation_07,-0.115535423078,0.273112465073,0.293326187991,0.0117023195658,-0.238244378645
115,allocation_08,-0.0713941622242,0.327504010768,0.153142597681,-0.306003851228,-0.252895946285
115,allocation_09,-0.0548738131141,0.320127367906,0.102204011374,-0.348130661541,-0.176836809348
115,allocation_10,0.0549138181194,0.29883782393,-0.274715482729,-0.137853626824,0.365646884556
115,allocation_11,0.0725097718996,0.297606100297,-0.310783185627,-0.072520487333,0.352761293045
115,allocation_12,0.116549428425,0.232104771375,-0.33952716784,0.207073987124,0.040585851121
115,allocation_13,0.249977801921,0.0782776472651,-0.257023660693,0.390101880083,-0.241619875422
115,allocation_14,0.271402315602,-0.0320343008324,-0.139274775688,0.370139707952,-0.33348891276
115,allocation_15,0.302953295391,-0.141708488693,0.0875749067458,0.0836864219497,-0.206169014672
115,allocation_16,0.310293918853,-0.172493040951,0.155778578363,-0.091577003196,0.0416271809215
115,allocation_17,0.307728812429,-0.179390985431,0.166764613476,-0.152706559759,0.154197293765
115,allocation_18,0.302730072134,-0.18183586374,0.165409062233,-0.16432566484,0.157655427956
115,allocation_19,0.301580404569,-0.181919413292,0.16364575255,-0.164493475661,0.157193684018
116,allocation_00,-0.209632495694,-0.267699040508,-0.208890611563,-0.173151844278,-0.231906583065
116,allocation_01,-0.213035183409,-0.268243102282,-0.211878347533,-0.173183616856,-0.235606727169
116,allocation_02,-0.231401767237,-0.266796561832,-0.201689279963,-0.142403447592,-0.132125357221
116,allocation_03,-0.249361162482,-0.241829430471,-0.136432367242,-0.0158279813624,0.115522667502
116,allocation_04,-0.254432831284,-0.165984593239,0.0371218553686,0.231334631364,0.397966233175
116,allocation_05,-0.239644598695,-0.011379723786,0.296702826427,0.349882367327,0.219061395882
116,allocation_06,-0.215509974414,0.115379211644,0.356503952063,0.27522043952,-0.0264397464947
116,allocation_07,-0.105368440704,0.283429309887,0.296920088446,0.0297823815475,-0.236735369347
116,allocation_08,-0.058971764476,0.332994315484,0.159144587999,-0.30021261485,-0.241568987749
116,allocation_09,-0.0447091006449,0.32707579804,0.106899761614,-0.344397486497,-0.170737370792
116,allocation_10,0.0686661274421,0.293130571982,-0.287287380722,-0.150445226027,0.36152949253
116,allocation_11,0.0854401437952,0.291006405428,-0.322681681994,-0.0858961886339,0.34068054275
116,allocation_12,0.127590989282,0.220518932957,-0.35160658339,0.212754808206,0.00708722010003
116,allocation_13,0.252922862153,0.0622553599844,-0.256932250924,0.391298177237,-0.235832703989
116,allocation_14,0.272640657529,-0.0479681604673,-0.127830279483,0.365252997818,-0.308368977242
116,allocation_15,0.295721533827,-0.149467842786,0.0966785780557,0.0911677979335,-0.197315144738
116,allocation_16,0.301533464214,-0.179255936494,0.15893469486,-0.0932806914998,0.0341874625408
116,allocation_17,0.301253259756,-0.189205304985,0.166064298356,-0.157307520089,0.145844730704
116,allocation_18,0.295502818001,-0.189501560187,0.167298993379,-0.164778058414,0.15803897719
116,allocation_19,0.294460039884,-0.189562448324,0.167168804655,-0.165776463853,0.159427391924
117,allocation_00,-0.176711852596,-0.29683117109,-0.209450327772,-0.163044152453,-0.211889407753
117,allocation_01,-0.181587270997,-0.298270436299,-0.212864462361,-0.16298148683,-0.216709070987
117,allocation_02,-0.199027062216,-0.29579935594,-0.206155914698,-0.137444430609,-0.143867518441
117,allocation_03,-0.220551594715,-0.270723291554,-0.142095895303,-0.0203761120205,0.0919204903303
117,allocation_04,-0.238801969317,-0.191222114183,0.0420822150901,0.225616725549,0.397252306952
117,allocation_05,-0.238529128079,-0.0350700124879,0.302963619946,0.329093936548,0.205797031328
117,allocation_06,-0.228556557014,0.0870439789511,0.359162690957,0.26472572359,0.00818255710247
117,allocation_07,-0.141977483621,0.261836676809,0.297267038128,0.0400908702525,-0.217309167948
117,allocation_08,-0.0956124540796,0.324374657175,0.143401755038,-0.299276218486,-0.270618467511
117,allocation_09,-0.07890391535,0.32115632448,0.08937014099,-0.341645473099,-0.213028500994
117,allocation_10,0.0350920298345,0.296684356238,-0.290028566039,-0.154320933743,0.363681523944
117,allocation_11,0.0515579300785,0.294507531687,-0.325329876398,-0.0946526487879,0.357493514477
117,allocation_12,0.102307334649,0.225405565857,-0.348386583647,0.224405094116,0.0169197960732
117,allocation_13,0.245410670648,0.0830046801157,-0.251895051762,0.403043990029,-0.233958790556
117,allocation_14,0.275255672564,-0.0207610076488,-0.124641165652,0.375187678659,-0.304850059747
117,allocation_15,0.311638805198,-0.116595934006,0.0936361947019,0.0932667017297,-0.191215157125
117,allocation_16,0.3195331265,-0.147129774772,0.161214507597,-0.10277665885,0.047622944399
117,allocation_17,0.316899329854,-0.15357080649,0.169731045062,-0.159130195956,0.148259554124
117,allocation_18,0.313631312882,-0.155069620857,0.166535121142,-0.171923187843,0.150329311637
117,allocation_19,0.312249760456,-0.155207334028,0.1644293685,-0.172867553788,0.146601099272
118,allocation_00,-0.186374785248,-0.284799145546,-0.208442907902,-0.189338101633,-0.222404974929
118,allocation_01,-0.191075751006,-0.285853968031,-0.211448187511,-0.190229030381,-0.222353185383
118,allocation_02,-0.21090793904,-0.285213848178,-0.202167885643,-0.145774127922,-0.116659737811
118,allocation_03,-0.230936482828,-0.260433049651,-0.141515740028,-0.0123436848411,0.109641656141
118,allocation_04,-0.245633619335,-0.183542238754,0.0238074044276,0.251932830606,0.373583749729
118,allocation_05,-0.241704852299,-0.0321421176815,0.278019845225,0.361504128947,0.191249360541
118,allocation_06,-0.22613214684,0.0939532481274,0.347230171935,0.282718883206,-0.0188882666591
118,allocation_07,-0.133909199252,0.264777985017,0.304000984198,0.034803127183,-0.209422342864
118,allocation_08,-0.0860838948923,0.321850404115,0.173358453173,-0.309349483572,-0.246525352456
118,allocation_09,-0.0685036545282,0.315409508872,0.116664849991,-0.357301394355,-0.176008657266
118,allocation_10,0.0460355577031,0.298489103711,-0.279635759044,-0.148001439402,0.375029843252
118,allocation_11,0.0641931542167,0.29649246961,-0.319843567173,-0.0802621349998,0.355070317622
118,allocation_12,0.110594364162,0.233389811835,-0.349867239304,0.1941449694,0.00118867530383
118,allocation_13,0.246782230648,0.0866713955439,-0.264103165057,0.370545677437,-0.264357153984
118,allocation_14,0.277164788065,-0.021468899496,-0.143371936694,0.351327810504,-0.325004178634
118,allocation_15,0.306146530116,-0.128518435229,0.0950668280993,0.0885304853724,-0.199764204822
118,allocation_16,0.312947744978,-0.162491439399,0.163410374701,-0.0899334483099,0.0526388294537
118,allocation_17,0.310148366223,-0.171556045068,0.172182391158,-0.140437030426,0.157598584107
118,allocation_18,0.306283903002,-0.172438686247,0.170918379018,-0.150395847329,0.164965484173
118,allocation_19,0.305214999378,-0.172464858462,0.169180189726,-0.151203037618,0.162453770265
119,allocation_00,-0.19070698484,-0.28303071654,-0.214907444141,-0.171968768328,-0.217178397685
119,allocation_01,-0.194433285189,-0.283158849647,-0.218412103927,-0.17388429659,-0.222171734938
119,allocation_02,-0.21219594816,-0.281202054555,-0.211993023074,-0.150959514785,-0.127381852847
119,allocation_03,-0.232682382757,-0.256440324984,-0.145511476064,-0.0171978927815,0.111992787552
119,allocation_04,-0.246776000939,-0.177907877647,0.0381669286587,0.249693439317,0.384582473408
119,allocation_05,-0.240270308674,-0.0328707193624,0.295275508511,0.347449986012,0.19122582005
119,allocation_06,-0.226275827658,0.0883839133897,0.356468801,0.273890226005,-0.00385733856706
119,allocation_07,-0.128251573527,0.264850797387,0.299803108553,0.0201533850612,-0.223451682597
119,allocation_08,-0.0824896202556,0.326130290643,0.159349815691,-0.306024297233,-0.251150565559
119,allocation_09,-0.0670242156982,0.32255382325,0.108059116444,-0.348011216874,-0.175884301273
119,allocation_10,0.0482317092066,0.30044356693,-0.283873739146,-0.136715192457,0.370715413107
119,allocation_11,0.0665310210996,0.297529793045,-0.321550012629,-0.0727643850299,0.348915747197
119,allocation_12,0.114016006317,0.231907022007,-0.342836284265,0.209463684505,0.0127722312896
119,allocation_13,0.248979260095,0.0788051116004,-0.25280617104,0.383669692269,-0.252615549062
119,allocation_14,0.275344517546,-0.0285913573373,-0.12831081244,0.365327856697,-0.321339665595
119,allocation_15,0.304811434271,-0.129871959501,0.0979249886751,0.0904153558963,-0.199083193309
119,allocation_16,0.311100633032,-0.161440440044,0.160106876528,-0.0938935366799,0.0463897922078
119,allocation_17,0.310614386248,-0.172428031568,0.164905090898,-0.154410072697,0.158327602948
119,allocation_18,0.304939316344,-0.175251390958,0.163296468042,-0.164920653421,0.163839681773
119,allocation_19,0.303913835337,-0.175539282193,0.16235125913,-0.165207799597,0.161771684844
120,allocation_00,-0.185021244368,-0.288575218818,-0.215664021213,-0.176426814509,-0.217076994715
120,allocation_01,-0.188639384255,-0.289729213736,-0.217938852099,-0.175997634659,-0.21861950326
120,allocation_02,-0.205996561037,-0.289302801871,-0.206778234244,-0.143795040814,-0.140363084731
120,allocation_03,-0.23069274334,-0.264551196878,-0.136731429673,-0.0109100232217,0.117087305008
120,allocation_04,-0.241709746129,-0.183817318251,0.0432688550675,0.240674511741,0.403861803709
120,allocation_05,-0.238868609221,-0.0387107435696,0.298550964537,0.337237338669,0.202672828396
120,allocation_06,-0.223936463564,0.0892633781751,0.361000319137,0.268649422362,-0.0290531103236
120,allocation_07,-0.131571472772,0.265213072348,0.292908602411,0.0402383864067,-0.229798561594
120,allocation_08,-0.086770836474,0.324679471314,0.149689857251,-0.30328032569,-0.247869028336
120,allocation_09,-0.0726772682602,0.317218318703,0.105231705551,-0.342121878555,-0.185256548088
120,allocation_10,0.0391776495222,0.299842157133,-0.276604824959,-0.149733464565,0.354742832807
120,allocation_11,0.0545910954782,0.298416915199,-0.317710019891,-0.083340532024,0.344864204898
120,allocation_12,0.099865129218,0.231700343105,-0.352263644179,0.205179778172,0.0369200245147
120,allocation_13,0.245352729038,0.0824531014624,-0.263616277978,0.393112746129,-0.226781432596
120,allocation_14,0.273420663129,-0.0261774155154,-0.135889037477,0.37037191743,-0.314731677809
120,allocation_15,0.308912652827,-0.123123302719,0.0865787530423,0.099766023078,-0.209589420847
120,allocation_16,0.319328143028,-0.1550127789,0.155327008955,-0.0953499742985,0.0376490011046
120,allocation_17,0.315027495624,-0.162770399117,0.166225422722,-0.158286528641,0.155195011504
120,allocation_18,0.31075819338,-0.163622682275,0.166899897545,-0.167053912179,0.16214877939
120,allocation_19,0.310034867505,-0.163947298501,0.165314508822,-0.165671827443,0.160421623492
121,allocation_00,-0.186886276525,-0.280882895467,-0.225861409823,-0.191253761711,-0.190365633872
121,allocation_01,-0.190050906142,-0.28165334077,-0.230327988965,-0.191494234668,-0.1941923908
121,allocation_02,-0.2085123694,-0.279054123998,-0.221407575303,-0.151415785234,-0.133985522123
121,allocation_03,-0.236794107682,-0.256911961779,-0.138093826056,0.00654139632657,0.0937815645396
121,allocation_04,-0.248972426885,-0.180565778474,0.0401036815784,0.251015303519,0.339394362349
121,allocation_05,-0.244918748304,-0.0351547645958,0.283935468329,0.350379453612,0.181776027907
121,allocation_06,-0.232220790963,0.0869554907105,0.345642084041,0.282466875679,0.0102625737125
121,allocation_07,-0.133210153991,0.265803869823,0.297861142288,0.00123618439149,-0.211341090709
121,allocation_08,-0.0868451449179,0.318978060127,0.166831349296,-0.320231298245,-0.249323104738
121,allocation_09,-0.0710621014952,0.31552093253,0.121701674109,-0.35732229434,-0.187515164505
121,allocation_10,0.0547160624155,0.299973000724,-0.280396002945,-0.126874061325,0.372458150827
121,allocation_11,0.0697503199754,0.297118406791,-0.317946411914,-0.0664434932422,0.361878174867
121,allocation_12,0.111659526831,0.24141098504,-0.342257901609,0.190928418183,0.0317571868743
121,allocation_13,0.2453463358,0.0915069828853,-0.2531082369,0.376700324183,-0.271391179289
121,allocation_14,0.274293248749,-0.0199346372686,-0.129039943071,0.356761433354,-0.355725838714
121,allocation_15,0.301380412604,-0.133712716902,0.0994318555194,0.0782250243582,-0.215256744136
121,allocation_16,0.310701989433,-0.166922252869,0.161473333835,-0.0856522090483,0.0344739537607
121,allocation_17,0.308589212144,-0.17569205291,0.166185545518,-0.143775631912,0.169525057524
121,allocation_18,0.304429269796,-0.176925818923,0.164187244373,-0.154879817993,0.176204013556
121,allocation_19,0.303546921044,-0.176980389057,0.163340883613,-0.154044428438,0.175453090214
122,allocation_00,-0.201717984682,-0.271139628372,-0.214787244314,-0.179122987236,-0.218385712376
122,allocation_01,-0.205363691803,-0.272276675272,-0.217862559968,-0.178847299643,-0.221516525325
122,allocation_02,-0.222759588701,-0.270523801421,-0.208723890106,-0.146807641324,-0.129649084698
122,allocation_03,-0.24397205612,-0.245905788027,-0.142924590064,-0.0189929634444,0.106872482111
122,allocation_04,-0.255975304813,-0.172160482595,0.0310742700617,0.235603658875,0.373475833511
122,allocation_05,-0.243891881496,-0.025034603378,0.283327437186,0.352500168584,0.197615233312
122,allocation_06,-0.221502579127,0.0992894529225,0.352873932889,0.283803972838,-0.00252777782519
122,allocation_07,-0.113093765606,0.273979627577,0.306330976665,0.0278677106269,-0.215994955492
122,allocation_08,-0.0677786206543,0.32702044946,0.163855976589,-0.308879134274,-0.250707441448
122,allocation_09,-0.0517931902612,0.323125640556,0.112200994203,-0.349793385814,-0.187409060721
122,allocation_10,0.0631051485006,0.295323040338,-0.281953581928,-0.146103980383,0.375328162189
122,allocation_11,0.0798846166759,0.292323731453,-0.31715585807,-0.0842258658772,0.361446140872
122,allocation_12,0.123966385209,0.227921595668,-0.343823080383,0.205901060786,0.0133432435414
122,allocation_13,0.249897706055,0.0734526083474,-0.25997580096,0.378764996422,-0.253699360154
122,allocation_14,0.273110957747,-0.0356741795374,-0.139449185641,0.363168089577,-0.320547677317
122,allocation_15,0.299056521706,-0.143913321789,0.0896131847991,0.0905950415367,-0.198949529213
122,allocation_16,0.305962154315,-0.178849984175,0.15928228583,-0.0937006862194,0.0643945472369
122,allocation_17,0.302484596653,-0.188226099977,0.168737265368,-0.147698675693,0.155118812209
122,allocation_18,0.297524952441,-0.190803633042,0.168161282793,-0.158156030407,0.151678436001
122,allocation_19,0.296680178986,-0.190619203277,0.16699508399,-0.158624663806,0.149105335076
123,allocation_00,-0.174327410687,-0.293409678873,-0.224666310443,-0.174460475267,-0.220461919439
123,allocation_01,-0.178312021277,-0.294251818149,-0.226614656863,-0.175015879422,-0.222135734673
123,allocation_02,-0.197537224971,-0.292881133061,-0.216810965848,-0.141259911088,-0.136893173262
123,allocation_03,-0.224251618218,-0.269729994359,-0.143344991061,-0.00402836242051,0.118217031728
123,allocation_04,-0.238948620247,-0.186771086367,0.0489797947321,0.248222163782,0.414787948405
123,allocation_05,-0.243415581298,-0.0423107672286,0.296410119829,0.332890546257,0.180296671132
123,allocation_06,-0.236490073386,0.0787700984797,0.352317917283,0.265617921255,-0.0245647797134
123,allocation_07,-0.143550650245,0.258266932782,0.293874667399,0.0299336112369,-0.235781567471
123,allocation_08,-0.0988674881733,0.320706180422,0.150667376162,-0.303741914444,-0.248766712132
123,allocation_09,-0.0801598538258,0.317728141801,0.0977824081755,-0.344878017255,-0.172718103071
123,allocation_10,0.0370825533536,0.299992450208,-0.282516549368,-0.145344594967,0.368747610153
123,allocation_11,0.0551807441082,0.29947165082,-0.315051584619,-0.0826131187605,0.34808849654
123,allocation_12,0.106599427917,0.232003216321,-0.34296994687,0.218918890353,0.0103611553496
123,allocation_13,0.245481588361,0.0886533779076,-0.250252565057,0.395543156225,-0.236486986
123,allocation_14,0.275116535628,-0.0142600644213,-0.130773202767,0.372548792443,-0.304278491623
123,allocation_15,0.306970254727,-0.117150529817,0.0968340463726,0.0852727923521,-0.199329722701
123,allocation_16,0.318068045258,-0.148472657077,0.161560389534,-0.0961684603842,0.0392804325057
123,allocation_17,0.316065477311,-0.159604658315,0.170313429576,-0.154840429361,0.148071381401
123,allocation_18,0.310536984691,-0.162180453291,0.168686092409,-0.161951955038,0.156187637435
123,allocation_19,0.30977460917,-0.162165566488,0.16803593614,-0.16135944594,0.15334363139
124,allocation_00,-0.184801963216,-0.288133365421,-0.211845942269,-0.181762146227,-0.217260690411
124,allocation_01,-0.189207631281,-0.288933143691,-0.214387007514,-0.181902146091,-0.214608965065
124,allocation_02,-0.20802976356,-0.28709807862,-0.206088554319,-0.147480774943,-0.136793711278
124,allocation_03,-0.230169011438,-0.264616974952,-0.141023495185,-0.0143932704905,0.097888425014
124,allocation_04,-0.243986762557,-0.186572473201,0.0258606032495,0.23937806696,0.385723133561
124,allocation_05,-0.245796515113,-0.0339202602222,0.28489455092,0.350102774709,0.187471826877
124,allocation_06,-0.235533239201,0.0895176358487,0.343775349807,0.281857089538,0.0113182726283
124,allocation_07,-0.138433528884,0.26645849191,0.290183975629,0.0274218640422,-0.200093133512
124,allocation_08,-0.0927958390276,0.322083743475,0.16391575872,-0.297675284895,-0.263623452032
124,allocation_09,-0.0765578510001,0.31799582743,0.121353744595,-0.334534932139,-0.20626082303
124,allocation_10,0.043140635477,0.294906220372,-0.279299479829,-0.163057382111,0.365611276464
124,allocation_11,0.0598831640346,0.293718609318,-0.319339615335,-0.100028945032,0.358644104274
124,allocation_12,0.106777103192,0.232021004953,-0.350201138664,0.183781363265,0.0228967656576
124,allocation_13,0.241764892971,0.0911730324944,-0.267512595645,0.383151041002,-0.231772171349
124,allocation_14,0.271611340355,-0.0167812330022,-0.144563578856,0.374386171387,-0.317323601899
124,allocation_15,0.303405281026,-0.121021223001,0.0875769054223,0.108642960511,-0.223443946858
124,allocation_16,0.313746605944,-0.156214488687,0.165430003913,-0.0972645669999,0.0450854839065
124,allocation_17,0.311329658252,-0.168018923651,0.176405551251,-0.151620594796,0.157727988205
124,allocation_18,0.307389177808,-0.170543609127,0.173518141932,-0.156906082008,0.156367391943
124,allocation_19,0.306202156968,-0.170832954216,0.172132700482,-0.158468210971,0.154236948677
125,allocation_00,-0.192518877685,-0.282277139191,-0.205481918252,-0.181494790907,-0.212748377667
125,allocation_01,-0.196349829933,-0.284359671685,-0.208070367682,-0.181937457631,-0.219075430737
125,allocation_02,-0.213067033683,-0.279185933344,-0.200824688962,-0.147079660456,-0.139677086333
125,allocation_03,-0.239877725524,-0.253636625092,-0.137190432305,-0.00651600366506,0.107915026086
125,allocation_04,-0.252066675811,-0.182616744553,0.0169071991198,0.232079324164,0.353498804906
125,allocation_05,-0.245512009324,-0.0248856860909,0.28452929165,0.355912096894,0.20208692017
125,allocation_06,-0.225299859134,0.101547705967,0.347593763051,0.290391500146,0.0304056652375
125,allocation_07,-0.124939320669,0.273560660218,0.296961759072,0.0209783401032,-0.2021891131
125,allocation_08,-0.0801909258437,0.325627617463,0.168996004595,-0.301657587885,-0.259140266708
125,allocation_09,-0.0651167107142,0.320971590307,0.11864052623,-0.3437646334,-0.191421335371
125,allocation_10,0.0523187295587,0.29350060881,-0.28943966051,-0.15315372784,0.356376596792
125,allocation_11,0.0694569438233,0.291259427427,-0.327322927086,-0.0804661207732,0.346926235493
125,allocation_12,0.112105385966,0.23004581253,-0.356316235056,0.191464061539,0.0326154172844
125,allocation_13,0.248005323277,0.0798210036719,-0.262007800708,0.381097279516,-0.245154853694
125,allocation_14,0.274414677713,-0.0296341015107,-0.127661690579,0.367715686772,-0.335644175216
125,allocation_15,0.300009985823,-0.132140548154,0.101625209094,0.0985420708935,-0.217889558479
125,allocation_16,0.31006701473,-0.165612461942,0.162088245204,-0.0825223327022,0.0295534030701
125,allocation_17,0.307467941236,-0.175506394173,0.168996934674,-0.152039435,0.169026706581
125,allocation_18,0.302915242819,-0.176314051229,0.165895537477,-0.160291675941,0.18106656862
125,allocation_19,0.302008345903,-0.17631834466,0.164141346758,-0.159503447191,0.182480962105
126,allocation_00,-0.191775061107,-0.282229493798,-0.212527238401,-0.180260275781,-0.205147146108
126,allocation_01,-0.195117945584,-0.282792901949,-0.215400651892,-0.180417862587,-0.207900163645
126,allocation_02,-0.214502661899,-0.281451520111,-0.203936480751,-0.146925873937,-0.121959252555
126,allocation_03,-0.234299661538,-0.258304512653,-0.148519624097,-0.0204296550687,0.0864086688294
126,allocation_04,-0.247013168219,-0.177575956097,0.0334300699309,0.248989561831,0.37540914832
126,allocation_05,-0.24446092811,-0.0217584551329,0.289046929344,0.343889419178,0.179346125706
126,allocation_06,-0.232950505172,0.097901334562,0.345827140246,0.276369622399,0.0173052578121
126,allocation_07,-0.131677685186,0.267977308642,0.293815904074,0.0315410096763,-0.193095962814
126,allocation_08,-0.0799199261209,0.325842448454,0.154393132173,-0.309810260932,-0.263331504752
126,allocation_09,-0.0665604503256,0.323729573992,0.118116249061,-0.339906038124,-0.215739443744
126,allocation_10,0.0591012170518,0.293638240657,-0.283456130528,-0.15540952377,0.374924334329
126,allocation_11,0.0744364171538,0.293204115607,-0.315919161643,-0.0970695884596,0.358274139205
126,allocation_12,0.121204401465,0.22513844344,-0.345648888065,0.205803269093,0.0219461054712
126,allocation_13,0.249299505882,0.0796730231554,-0.257442652813,0.379819402542,-0.242269798011
126,allocation_14,0.276601756805,-0.0280637480162,-0.134664974243,0.360255684012,-0.315304327835
126,allocation_15,0.300499435974,-0.134639698003,0.0892506677098,0.0989478990236,-0.236417401122
126,allocation_16,0.309449858694,-0.168116420752,0.16490463596,-0.0921980725952,0.0415890617777
126,allocation_17,0.303869366213,-0.176725356099,0.179156405394,-0.153060099288,0.16215256816
126,allocation_18,0.300921643831,-0.176829207379,0.180554738056,-0.161180807194,0.16482041667
126,allocation_19,0.299519499304,-0.176507953249,0.180318910184,-0.161639812825,0.16485841225
127,allocation_00,-0.16820462141,-0.295468517316,-0.21620445721,-0.174098160054,-0.217479838767
127,allocation_01,-0.172905325774,-0.297657392898,-0.22100781446,-0.176068806606,-0.222757116454
127,allocation_02,-0.194198838335,-0.292872435746,-0.210987603425,-0.144779915066,-0.132497601519
127,allocation_03,-0.219886348183,-0.269306630568,-0.148112514786,-0.022302600389,0.102801302725
127,allocation_04,-0.241626375229,-0.189791967916,0.0317447519504,0.2393138175,0.394954645103
127,allocation_05,-0.248469632504,-0.0469579705652,0.272747321571,0.344364250484,0.195761457474
127,allocation_06,-0.238749380939,0.0809111879834,0.343060372138,0.281861042857,-0.00566299628722
127,allocation_07,-0.146666285803,0.257057064833,0.303825710236,0.0390984124276,-0.216964236451
127,allocation_08,-0.0974104341574,0.315077778771,0.167410767554,-0.30518285416,-0.266610606416
127,allocation_09,-0.0785121656034,0.312862425288,0.105944721419,-0.354374980576,-0.171428998769
127,allocation_10,0.0403543466793,0.298334235048,-0.276875473196,-0.159482651745,0.369391586045
127,allocation_11,0.0601098722741,0.296034229536,-0.318489522469,-0.0829131136859,0.35384086467
127,allocation_12,0.109258565231,0.233205787317,-0.349054136066,0.20057591033,0.0059549691349
127,allocation_13,0.244896260378,0.0948729840634,-0.258694197466,0.38205668035,-0.239640523472
127,allocation_14,0.275528396416,-0.0100009652599,-0.132758947781,0.371077885651,-0.306773712723
127,allocation_15,0.307360431088,-0.117924523915,0.0979881168932,0.096802260462,-0.206150687188
127,allocation_16,0.317928223712,-0.154181100274,0.169534751693,-0.092265345278,0.0458635636476
127,allocation_17,0.315193788648,-0.162135994736,0.174752445808,-0.143958027506,0.155389911669
127,allocation_18,0.311857689591,-0.163924023104,0.173586539384,-0.152525171033,0.160270982593
127,allocation_19,0.310228566444,-0.163791368307,0.17266066522,-0.15363296387,0.159407148539
128,allocation_00,-0.176451613796,-0.292911591623,-0.206601414591,-0.184665912406,-0.218899851336
128,allocation_01,-0.180341192801,-0.294297617159,-0.210451635399,-0.184561244601,-0.223590851825
128,allocation_02,-0.200558488677,-0.292099027705,-0.201304728014,-0.144349711453,-0.134011740881
128,allocation_03,-0.225575020168,-0.269434474043,-0.137338803255,-0.00610578385452,0.105701417391
128,allocation_04,-0.24211566953,-0.193810927263,0.016486864716,0.228688901727,0.364247965246
128,allocation_05,-0.243776978113,-0.0344331361914,0.277895136153,0.359607940648,0.2036907844
128,allocation_06,-0.232952109492,0.0873000253647,0.34392698531,0.288111027108,0.0191829945704
128,allocation_07,-0.140718574991,0.262831094106,0.296977663827,0.0253476247945,-0.209494066382
128,allocation_08,-0.0965562274421,0.319921946121,0.165703212341,-0.307153333628,-0.250484369192
128,allocation_09,-0.083059006161,0.31963703758,0.120835518924,-0.339401876867,-0.194800693461
128,allocation_10,0.044430882368,0.294490303445,-0.292018980968,-0.154447460671,0.363022079001
128,allocation_11,0.0642943744446,0.290536257931,-0.328314040375,-0.0942998666135,0.354968174401
128,allocation_12,0.112855118701,0.224379282937,-0.35085428661,0.203445430385,0.0113065458392
128,allocation_13,0.250567879341,0.0859746359683,-0.25377494563,0.376371389874,-0.249474055959
128,allocation_14,0.278975820871,-0.0175392363313,-0.123945787653,0.357374768095,-0.323980975529
128,allocation_15,0.305184183545,-0.120084925137,0.0941120733197,0.097803539891,-0.209920141537
128,allocation_16,0.314767686486,-0.154199725572,0.16455983012,-0.0880670824063,0.0430660209286
128,allocation_17,0.311973678323,-0.164882438077,0.179304384858,-0.152800693587,0.164184541521
128,allocation_18,0.306948468916,-0.166059399889,0.178757970031,-0.160611233386,0.168597860524
128,allocation_19,0.306071277599,-0.166030669594,0.177856456688,-0.161813890283,0.165610547355
129,allocation_00,-0.174347176736,-0.294724862912,-0.208784722821,-0.181981016795,-0.202350670055
129,allocation_01,-0.178706545634,-0.296162495189,-0.214418464175,-0.184437987421,-0.207224557193
129,allocation_02,-0.195982647386,-0.292380243536,-0.206305269816,-0.155645657748,-0.138865241743
129,allocation_03,-0.223625959849,-0.270306158771,-0.139985016797,-0.00882096306343,0.0969777489936
129,allocation_04,-0.238779537811,-0.190131825953,0.0260239316199,0.247732067456,0.365054713251
129,allocation_05,-0.243702782451,-0.0390701881115,0.279565620742,0.360482596631,0.181216645268
129,allocation_06,-0.232046349162,0.0843093016719,0.34235468419,0.28628816413,0.00255676584364
129,allocation_07,-0.144581355191,0.261092132806,0.298318640917,0.0265247669112,-0.198666264015
129,allocation_08,-0.0984781153863,0.315479003303,0.167182516732,-0.314658893289,-0.259798283997
129,allocation_09,-0.0862885988682,0.311776571903,0.126211318765,-0.349722937526,-0.199577712614
129,allocation_10,0.0354840482628,0.298224983622,-0.281006594075,-0.145715517487,0.375631959771
129,allocation_11,0.0537637747444,0.297309090006,-0.320392082291,-0.0842317591612,0.360689653713
129,allocation_12,0.102300299075,0.237991130857,-0.349116963724,0.177866047972,0.0143575393687
129,allocation_13,0.245916527462,0.0975615148232,-0.261583163153,0.369425934599,-0.264817755106
129,allocation_14,0.274450242942,-0.00717483376867,-0.144542488688,0.363881266159,-0.336552911611
129,allocation_15,0.308836736115,-0.115379490865,0.0948590764797,0.093233992156,-0.199280678967
129,allocation_16,0.318898740639,-0.151590136143,0.165274023977,-0.0871598419108,0.0531318945095
129,allocation_17,0.315949764814,-0.159655214225,0.174862670954,-0.143262703251,0.156542930844
129,allocation_18,0.311603243712,-0.161008664785,0.172940768002,-0.154032079258,0.162411954813
129,allocation_19,0.310707827907,-0.161065534924,0.172469822505,-0.154510588165,0.162173798648
130,allocation_00,-0.175985839244,-0.295937472555,-0.206731289938,-0.172973093692,-0.23695784591
130,allocation_01,-0.179966420562,-0.297266499291,-0.210712394588,-0.174205578468,-0.239417249325
130,allocation_02,-0.198620809717,-0.295838117899,-0.204514622983,-0.139412649165,-0.138764068961
130,allocation_03,-0.220742515071,-0.271977587051,-0.135579723236,-0.00202243138189,0.125295626423
130,allocation_04,-0.235616450535,-0.192541608558,0.0429837907269,0.247387629454,0.407152536488
130,allocation_05,-0.237508714469,-0.0320881369534,0.30530273308,0.3369152617,0.192683109063
130,allocation_06,-0.227576540565,0.088797949595,0.361184071841,0.268110808978,-0.0211950057012
130,allocation_07,-0.135456146514,0.261326101223,0.297461584456,0.0182784517855,-0.249913497086
130,allocation_08,-0.0925321813269,0.32020734641,0.156901952895,-0.309927344378,-0.244475925602
130,allocation_09,-0.0784367540495,0.316817582027,0.104740073872,-0.350963776583,-0.143803069396
130,allocation_10,0.030308030773,0.294665806076,-0.291689879265,-0.153974185289,0.373565814654
130,allocation_11,0.0465055255115,0.295008935786,-0.329920553375,-0.0747525527225,0.340852222751
130,allocation_12,0.0935778087029,0.233871091718,-0.349332540994,0.219705632644,-0.0208860053626
130,allocation_13,0.239538272215,0.0963262720513,-0.251138848954,0.401665682899,-0.256545640145
130,allocation_14,0.276079641748,-0.0107236778882,-0.118961785839,0.362502778494,-0.304347082385
130,allocation_15,0.313635405203,-0.114454553666,0.0976309928197,0.0724615314527,-0.160234526123
130,allocation_16,0.323440120889,-0.146233888749,0.154241163334,-0.094315057762,0.0551243636575
130,allocation_17,0.320009326,-0.155315446277,0.160931064066,-0.145472694773,0.147040262794
130,allocation_18,0.317416541328,-0.156302686936,0.159637334875,-0.1555619329,0.142650747646
130,allocation_19,0.316397693149,-0.156179164677,0.158680580267,-0.155930141106,0.141518829145
131,allocation_00,-0.190292322294,-0.288274726961,-0.202284583968,-0.159608094935,-0.22020706854
131,allocation_01,-0.194527120185,-0.290284505376,-0.205275578283,-0.15983766707,-0.221389763282
131,allocation_02,-0.21019403211,-0.285682602931,-0.199339731481,-0.138556017761,-0.130583087107
131,allocation_03,-0.232638569683,-0.263661630581,-0.140611363566,-0.0270964886264,0.0844510059986
131,allocation_04,-0.244698127104,-0.180154275799,0.0331701731567,0.226698959188,0.387436412266
131,allocation_05,-0.24111513872,-0.0165379106693,0.302278077382,0.335327299486,0.195192938196
131,allocation_06,-0.224829947452,0.104025260123,0.356580563928,0.277685918109,0.0219618266789
131,allocation_07,-0.126778482354,0.275807599309,0.289681011384,0.0349457069891,-0.197362624068
131,allocation_08,-0.0787002168485,0.326791321011,0.148172961881,-0.310826531256,-0.267136242471
131,allocation_09,-0.0658255516485,0.320457578251,0.105537440063,-0.347612237974,-0.223985674818
131,allocation_10,0.0505913962554,0.290202260251,-0.294829314019,-0.154162573094,0.374727602909
131,allocation_11,0.0678582940024,0.287140567019,-0.330969692322,-0.0921126526672,0.35989360389
131,allocation_12,0.113760450428,0.224194287664,-0.353069090963,0.21158030476,-0.000301811074159
131,allocation_13,0.248240149311,0.0760683193546,-0.251337236795,0.393771435206,-0.251424596008
131,allocation_14,0.276160516915,-0.029742686558,-0.120805778288,0.370239073865,-0.306607467758
131,allocation_15,0.306264421027,-0.128494204942,0.0985414485831,0.0997540847525,-0.18214183368
131,allocation_16,0.312878368969,-0.159368488392,0.16112753946,-0.0976939988021,0.0509849526441
131,allocation_17,0.310496535696,-0.169166675971,0.169687926324,-0.157438602441,0.151328116241
131,allocation_18,0.305919521756,-0.170704500006,0.169812914177,-0.166989800875,0.148339733052
131,allocation_19,0.304639121585,-0.170666882777,0.169157122659,-0.167668770086,0.145917228884
132,allocation_00,-0.191388488852,-0.283634954206,-0.211420773046,-0.185270840451,-0.218701311261
132,allocation_01,-0.195337481009,-0.28495857415,-0.213417503065,-0.184483824828,-0.219992939136
132,allocation_02,-0.212529747272,-0.282149809885,-0.206125932672,-0.150876084568,-0.138243197058
132,allocation_03,-0.236197896555,-0.256698201895,-0.13685126758,-0.0140137014584,0.105766166617
132,allocation_04,-0.249896493877,-0.17344714197,0.0441573204854,0.256648716708,0.3915183006
132,allocation_05,-0.245335690205,-0.0238594128233,0.287545983815,0.343112933746,0.204477284878
132,allocation_06,-0.228122352137,0.099537997381,0.347584661561,0.274374772827,-0.0244856720286
132,allocation_07,-0.120217768577,0.273582582025,0.291869496177,0.0216126382586,-0.25540518423
132,allocation_08,-0.0735528363115,0.33039938992,0.156761386742,-0.307500784818,-0.236075283526
132,allocation_09,-0.0591318681582,0.325158436532,0.109214031777,-0.344057636078,-0.153904051719
132,allocation_10,0.0586504179965,0.292441088875,-0.281660323174,-0.150610381536,0.37777320573
132,allocation_11,0.0775847245314,0.287158932556,-0.329769023133,-0.0767225213741,0.348143703649
132,allocation_12,0.121484873424,0.216296006911,-0.354092957592,0.215841665671,-0.012345948729
132,allocation_13,0.250428495653,0.072222827329,-0.255688166269,0.385082212246,-0.248077796546
132,allocation_14,0.275125778036,-0.035692837561,-0.124381028707,0.355615738172,-0.312590891643
132,allocation_15,0.302668589597,-0.133813283473,0.101512354012,0.0869079360565,-0.191058090482
132,allocation_16,0.309762853697,-0.167614006187,0.163853541581,-0.0955667527199,0.0455882438792
132,allocation_17,0.306745225564,-0.177018484173,0.173131624332,-0.147311137862,0.15179413743
132,allocation_18,0.302255759776,-0.178773568097,0.173637234433,-0.154372065809,0.156388198976
132,allocation_19,0.300964882447,-0.178871596105,0.172668818096,-0.155816483546,0.154023899701
133,allocation_00,-0.168535578641,-0.296632220064,-0.220383306621,-0.182441314644,-0.230038832068
133,allocation_01,-0.17302891772,-0.297641124266,-0.225160611715,-0.183310291331,-0.233808216947
133,allocation_02,-0.190009483584,-0.295316633492,-0.218479447255,-0.153692614216,-0.141655063727
133,allocation_03,-0.220261084889,-0.274745593897,-0.134126472289,0.00728682534602,0.150088908986
133,allocation_04,-0.235742569599,-0.193967892233,0.045268281601,0.251013475876,0.413350549394
133,allocation_05,-0.245368944831,-0.0436533069691,0.294373661581,0.337423304313,0.159871572136
133,allocation_06,-0.234149919484,0.0807641063976,0.350849415526,0.267584741733,-0.0425539777943
133,allocation_07,-0.146524950245,0.25983394655,0.292558256104,0.0154696437791,-0.234354637234
133,allocation_08,-0.103678561493,0.318475121575,0.149779701548,-0.312956297934,-0.233540124168
133,allocation_09,-0.0867333052673,0.318415855972,0.0991760852642,-0.354377488426,-0.147376392256
133,allocation_10,0.0309776129625,0.301512638766,-0.28217670597,-0.137108841151,0.3573207804
133,allocation_11,0.0487064291427,0.297747662508,-0.329875757196,-0.0561052651843,0.334649926866
133,allocation_12,0.091257570133,0.236975624001,-0.352048617123,0.211497442613,0.0126118161007
133,allocation_13,0.243141015923,0.0947444057464,-0.254378210436,0.387179966025,-0.254398109815
133,allocation_14,0.278432848062,-0.0140105031419,-0.116328840302,0.359440800092,-0.327016217033
133,allocation_15,0.31020335943,-0.11180603126,0.098837430582,0.0848228769688,-0.183700972274
133,allocation_16,0.322129061621,-0.140574582157,0.158714318946,-0.0872561712516,0.051345202578
133,allocation_17,0.31809111291,-0.148201001478,0.163961216131,-0.15289920331,0.15736786678
133,allocation_18,0.314605185448,-0.150274029786,0.163066316115,-0.163129608317,0.156280737499
133,allocation_19,0.313426476024,-0.150465573475,0.162162141798,-0.163180785587,0.152824161649
134,allocation_00,-0.203332090211,-0.277194570655,-0.209772250181,-0.162173998219,-0.211817103393
134,allocation_01,-0.207704458494,-0.277752817054,-0.212268298738,-0.163176902254,-0.214354281807
134,allocation_02,-0.224007013998,-0.272433250806,-0.205535363807,-0.137732350934,-0.144094517801
134,allocation_03,-0.245903880431,-0.249503569895,-0.142338158271,-0.0189865056961,0.091593730251
134,allocation_04,-0.25317956508,-0.172589191983,0.0366411517321,0.220290962856,0.384308500836
134,allocation_05,-0.240474209489,-0.0149722771032,0.309617128965,0.33276303936,0.202355708639
134,allocation_06,-0.219636188207,0.102412019261,0.364478971997,0.277037155533,0.0201654022233
134,allocation_07,-0.111839319286,0.271721362834,0.299837464383,0.0313678917895,-0.225132031357
134,allocation_08,-0.0643254092817,0.328446171003,0.148756812898,-0.30904356724,-0.272394123745
134,allocation_09,-0.0519715943453,0.324919154897,0.100499519064,-0.343961731545,-0.198877139582
134,allocation_10,0.0586843891682,0.294448771619,-0.28762595708,-0.148444676349,0.364261022645
134,allocation_11,0.0748950268713,0.292024386834,-0.321083096202,-0.0848846632425,0.352966750086
134,allocation_12,0.118285825995,0.223260111574,-0.344189124179,0.216666626996,0.0246624448115
134,allocation_13,0.248704582505,0.0674442402538,-0.253038315558,0.399793752394,-0.238263094512
134,allocation_14,0.271738657249,-0.0421846391115,-0.123818682375,0.375755179209,-0.311981689579
134,allocation_15,0.300991350652,-0.143134333057,0.0899270953984,0.09041213444,-0.199909364552
134,allocation_16,0.307597947948,-0.175833512875,0.155009292757,-0.0988821606392,0.0418602577143
134,allocation_17,0.304001290557,-0.183149702607,0.16383731309,-0.15927039159,0.15581119745
134,allocation_18,0.299587240109,-0.185067143214,0.164110038802,-0.168037713511,0.157234898975
134,allocation_19,0.298714430533,-0.185507899216,0.163441544178,-0.167819265738,0.154443510552
135,allocation_00,-0.197233049124,-0.273268275469,-0.220239926784,-0.175914484779,-0.190301702175
135,allocation_01,-0.201695431085,-0.275830402772,-0.223714999441,-0.176971911242,-0.196023502359
135,allocation_02,-0.219053289669,-0.27007574571,-0.213722525462,-0.14438710735,-0.127433532181
135,allocation_03,-0.243805385456,-0.246440900209,-0.146739736172,-0.0242103225368,0.0752403918456
135,allocation_04,-0.25388798421,-0.171611231436,0.0379222335441,0.239134283166,0.346169362342
135,allocation_05,-0.244630910191,-0.0307246078865,0.286058503931,0.345627068022,0.203229084121
135,allocation_06,-0.22656541206,0.09165328235,0.352449008685,0.28516652841,0.0187693957536
135,allocation_07,-0.12307718186,0.269380965313,0.305615576938,0.0329443198023,-0.208723310932
135,allocation_08,-0.0736089059147,0.326318279455,0.162614327817,-0.316581499982,-0.260048831823
135,allocation_09,-0.059543817952,0.323134081802,0.115887572687,-0.35411845805,-0.204385517658
135,allocation_10,0.0622250556055,0.300218003902,-0.280507650445,-0.135150643822,0.367752615428
135,allocation_11,0.0790314264976,0.297021078197,-0.313117326943,-0.0735151579678,0.359959107113
135,allocation_12,0.123174176418,0.232400227334,-0.340056603821,0.206733720182,0.035089155851
135,allocation_13,0.251166209083,0.0740356470336,-0.25393380629,0.381315337514,-0.250976135929
135,allocation_14,0.274034440799,-0.03601105072,-0.130922360951,0.360780189563,-0.336491042243
135,allocation_15,0.295163453269,-0.141783666439,0.0988049855235,0.0840673087313,-0.233238042847
135,allocation_16,0.306794679148,-0.174729508796,0.159303985904,-0.0910664888189,0.0330369774636
135,allocation_17,0.302411202264,-0.185433738597,0.169244356006,-0.150395022825,0.171921677672
135,allocation_18,0.298134114708,-0.186305570315,0.167348269866,-0.160690996466,0.17716373123
135,allocation_19,0.296977432069,-0.185577902985,0.166421720692,-0.160796654815,0.174107093114
136,allocation_00,-0.188144297433,-0.282213110436,-0.218462386818,-0.181605834273,-0.225411197975
136,allocation_01,-0.192717405911,-0.28324751692,-0.221466618458,-0.181663571412,-0.227419380448
136,allocation_02,-0.21051174198,-0.280253732243,-0.21432045179,-0.141453906606,-0.132389719388
136,allocation_03,-0.236574549613,-0.258684244174,-0.138443985656,-0.00179055464534,0.114815469841
136,allocation_04,-0.249180956335,-0.182045631296,0.0404255668322,0.238714875894,0.376865846726
136,allocation_05,-0.242833176257,-0.0298241323874,0.295771376098,0.338002278289,0.202232858568
136,allocation_06,-0.227932686581,0.0951963042946,0.354812747235,0.262382071979,-0.00722969800453
136,allocation_07,-0.129259051913,0.269845202679,0.294953912055,0.0118460702557,-0.218630727362
136,allocation_08,-0.0821976228376,0.323509521951,0.15508312656,-0.303286135173,-0.261423010571
136,allocation_09,-0.066879482621,0.321453476812,0.107157030715,-0.338468884685,-0.187083284882
136,allocation_10,0.0493072467321,0.296520465173,-0.281872840192,-0.149975423777,0.370187386559
136,allocation_11,0.0672666964367,0.294040099105,-0.320570618063,-0.0859182571376,0.354572638025
136,allocation_12,0.115170347456,0.231842614907,-0.347436498708,0.200841216171,0.00759909397206
136,allocation_13,0.249665103643,0.0821408252399,-0.253106989249,0.384635733359,-0.233097812008
136,allocation_14,0.276318127796,-0.0265612411012,-0.122904826036,0.373822077748,-0.308043412942
136,allocation_15,0.300241247292,-0.129477177865,0.0957889790786,0.109907622251,-0.212171284192
136,allocation_16,0.311754576327,-0.164574625258,0.163291768102,-0.092878163635,0.0392734887354
136,allocation_17,0.308816856232,-0.173819337615,0.169001277674,-0.162455463473,0.155042831407
136,allocation_18,0.304333203194,-0.174931620005,0.165141172234,-0.175945922218,0.158741451819
136,allocation_19,0.303319174108,-0.174689276071,0.163759097084,-0.176896662825,0.157483511126
137,allocation_00,-0.192981378771,-0.282173659644,-0.212775425836,-0.180902889054,-0.199727054372
137,allocation_01,-0.196564943066,-0.282983969055,-0.216353418795,-0.180441106185,-0.204094795495
137,allocation_02,-0.212263324117,-0.279815140792,-0.213750578394,-0.15065270636,-0.130452284903
137,allocation_03,-0.235763095743,-0.253698150394,-0.144212079874,-0.0126379164459,0.102919733954
137,allocation_04,-0.249695123381,-0.178180363497,0.0420929324225,0.244439927151,0.3541333138
137,allocation_05,-0.241159905053,-0.0315115395634,0.297031844667,0.351088312673,0.187011668306
137,allocation_06,-0.224991864754,0.091626489122,0.359745786463,0.279068366173,0.000323913023481
137,allocation_07,-0.126340906936,0.268970943591,0.302255071697,0.00902410275535,-0.218355404367
137,allocation_08,-0.0771328456829,0.323728277279,0.154861706396,-0.324259601706,-0.253252405108
137,allocation_09,-0.0643363876029,0.320494527335,0.109179646204,-0.351370699984,-0.186211312519
137,allocation_10,0.0478680149259,0.300924880795,-0.280189481032,-0.126784806402,0.384026297716
137,allocation_11,0.0643680785121,0.297559189236,-0.318278764978,-0.064682274587,0.367118861292
137,allocation_12,0.107447158148,0.234817700051,-0.349084992563,0.2093358721,-0.00402796558625
137,allocation_13,0.24268293254,0.0821928397259,-0.258433979996,0.383413631276,-0.267889100363
137,allocation_14,0.275849237709,-0.0307411724374,-0.12442374249,0.350998222327,-0.328888441602
137,allocation_15,0.303190215072,-0.132352735614,0.0945602725801,0.085382627263,-0.198354124361
137,allocation_16,0.313236580039,-0.165068757703,0.154863118835,-0.0889373900057,0.0529748191633
137,allocation_17,0.31040356111,-0.172267452199,0.161815140639,-0.148206401651,0.157535555039
137,allocation_18,0.30647979229,-0.173437011021,0.16114974745,-0.159061566592,0.164220386278
137,allocation_19,0.30498147184,-0.173727921785,0.160434714314,-0.159774348878,0.166830527796
138,allocation_00,-0.192378411271,-0.275547892827,-0.213212600089,-0.193117798397,-0.234062887754
138,allocation_01,-0.196571139837,-0.27686063339,-0.216636284839,-0.193237557574,-0.239697043862
138,allocation_02,-0.215877931365,-0.274553520129,-0.210531601181,-0.156033255333,-0.135783545691
138,allocation_03,-0.239171073225,-0.250026217021,-0.139028892631,-0.00861556302013,0.146611540537
138,allocation_04,-0.248310665854,-0.177985569352,0.0284096141959,0.239381059276,0.410742628349
138,allocation_05,-0.239043548931,-0.0329010027156,0.287832140749,0.359673346096,0.19214274132
138,allocation_06,-0.225819180816,0.090048767864,0.35245277563,0.284739710744,-0.0540727995931
138,allocation_07,-0.121887498581,0.266391133805,0.298612409183,0.0243708641149,-0.264679141396
138,allocation_08,-0.0768157514371,0.324118060566,0.17272991931,-0.304958786645,-0.225032583019
138,allocation_09,-0.0623652501554,0.320841432979,0.124306353327,-0.340918893249,-0.136315890032
138,allocation_10,0.0503421878463,0.304329504633,-0.265367731403,-0.153171306411,0.370273370728
138,allocation_11,0.069324528046,0.30313200863,-0.306593301987,-0.0853011531741,0.333175613886
138,allocation_12,0.11258351428,0.236329312601,-0.346536173005,0.190994236504,-0.0130523758307
138,allocation_13,0.245377119989,0.0839447516661,-0.273458152079,0.374749850439,-0.231559278692
138,allocation_14,0.27495365285,-0.0268782781057,-0.150467090613,0.358824165945,-0.297216366129
138,allocation_15,0.301264407751,-0.135510305895,0.0891270588456,0.0913817586451,-0.203362655631
138,allocation_16,0.312658246343,-0.170591302073,0.159416795526,-0.0891471127204,0.0449626805778
138,allocation_17,0.308584162533,-0.177024883905,0.170701138229,-0.14705062181,0.146607791198
138,allocation_18,0.305746031906,-0.177348519644,0.169755069262,-0.156387169223,0.150508940514
138,allocation_19,0.305054645417,-0.176979643991,0.168471144823,-0.156819395032,0.149124266748
139,allocation_00,-0.191033881637,-0.281589999169,-0.223278710816,-0.18592224476,-0.196735479108
139,allocation_01,-0.194526040269,-0.282432600056,-0.225209582576,-0.185892118703,-0.201771763209
139,allocation_02,-0.211687450972,-0.279471467532,-0.218446645537,-0.146985967662,-0.134414251603
139,allocation_03,-0.239211704873,-0.253856222803,-0.145473361492,-0.00680185700412,0.0913672544895
139,allocation_04,-0.251039754376,-0.173203484035,0.0428859311761,0.266014407161,0.370871801511
139,allocation_05,-0.24401643136,-0.0312393561177,0.285770364332,0.350093277255,0.194266050252
139,allocation_06,-0.228127559487,0.0936779230964,0.353677460866,0.258943373082,-0.0228250075163
139,allocation_07,-0.128189099546,0.265228161371,0.300427259228,0.0118025252166,-0.224259742521
139,allocation_08,-0.0780794844722,0.324389862597,0.154647958258,-0.320056475389,-0.24043632191
139,allocation_09,-0.062476929538,0.319828704392,0.104713334414,-0.352838043056,-0.168870647757
139,allocation_10,0.0602024886504,0.296679619643,-0.28782747675,-0.124756601049,0.368264683816
139,allocation_11,0.0776938494216,0.293205575347,-0.322501805313,-0.0598809612456,0.348539486824
139,allocation_12,0.118408750784,0.232895266177,-0.338673658772,0.202956319366,0.016557330624
139,allocation_13,0.250663924244,0.0779238759097,-0.249044090594,0.381750406313,-0.259948740951
139,allocation_14,0.274875545092,-0.0335228037027,-0.123944761082,0.357889695876,-0.344913815118
139,allocation_15,0.300163267015,-0.138037897621,0.0993306978434,0.08230528463,-0.218861886288
139,allocation_16,0.309063161128,-0.169648370809,0.160333228445,-0.0910263056802,0.0405366266076
139,allocation_17,0.306197831047,-0.178764129151,0.166959089911,-0.150768503146,0.166379135901
139,allocation_18,0.301498929296,-0.181088778418,0.165342220304,-0.158052161767,0.175012981751
139,allocation_19,0.300408831233,-0.1810147706,0.164599098797,-0.157619605754,0.173134708553
140,allocation_00,-0.179758276665,-0.28982954301,-0.215326310061,-0.186666688081,-0.204044187958
140,allocation_01,-0.183465426258,-0.291370586199,-0.217348435412,-0.188950485682,-0.204820481679
140,allocation_02,-0.199314075664,-0.28986273126,-0.211522304312,-0.158864058918,-0.124575293339
140,allocation_03,-0.221714489237,-0.267351019475,-0.145544150967,-0.00840813663382,0.08959306491
140,allocation_04,-0.240296885751,-0.18815620399,0.0366485526095,0.274292353627,0.365252522411
140,allocation_05,-0.245092722876,-0.0450051756284,0.283462442237,0.359734466942,0.168375796946
140,allocation_06,-0.23368606233,0.0816240082471,0.349989706184,0.270104593733,-0.0115273175014
140,allocation_07,-0.14082805522,0.262846323949,0.301259242606,0.00021749420047,-0.182478195546
140,allocation_08,-0.0948651539495,0.316036948603,0.169586621202,-0.313075918118,-0.248517336878
140,allocation_09,-0.0788644430211,0.314139852203,0.117717250761,-0.345638355847,-0.190978899091
140,allocation_10,0.0365347536107,0.299688649148,-0.284531452566,-0.124645616032,0.357529487054
140,allocation_11,0.0528757718465,0.296198532755,-0.321659622135,-0.065134377014,0.361242276725
140,allocation_12,0.099299019732,0.241750673738,-0.347384620991,0.178243443003,0.0333455834383
140,allocation_13,0.245071263617,0.0974687516923,-0.25576762587,0.376329852555,-0.274178239483
140,allocation_14,0.27448862405,-0.0127288035239,-0.128062052604,0.365082885898,-0.36501947304
140,allocation_15,0.308780984436,-0.121062048775,0.0974849657058,0.0824557588793,-0.203116731872
140,allocation_16,0.31739818201,-0.155159477544,0.157810512869,-0.0892982574315,0.0561239548711
140,allocation_17,0.314407820544,-0.161617712873,0.165778878065,-0.146223618734,0.16962485582
140,allocation_18,0.31152564541,-0.163386987061,0.165014051001,-0.152096953386,0.172057427284
140,allocation_19,0.310302377739,-0.163292542244,0.163928730303,-0.152686859903,0.169743938587
141,allocation_00,-0.168454791659,-0.295368766323,-0.221100214322,-0.188870553977,-0.226690682509
141,allocation_01,-0.172123133851,-0.297104914596,-0.223397178972,-0.188713329098,-0.228429378522
141,allocation_02,-0.191122144704,-0.296310238734,-0.212744668616,-0.149714690241,-0.130644029285
141,allocation_03,-0.219577346107,-0.272236872039,-0.13153370115,0.0140459677366,0.139585262317
141,allocation_04,-0.235208761393,-0.197189520512,0.0428479340893,0.253459652671,0.379830162084
141,allocation_05,-0.237537575579,-0.0444656854577,0.29521429197,0.349062701907,0.187918113828
141,allocation_06,-0.229879243762,0.0828804691071,0.354595973168,0.263937861419,-0.0260855001957
141,allocation_07,-0.142641153313,0.261685708441,0.292412114195,-0.00434210398661,-0.247290197846
141,allocation_08,-0.102902139661,0.315308765099,0.161384919116,-0.300644726935,-0.246896405568
141,allocation_09,-0.0851630902554,0.314535071592,0.0987813395641,-0.345874251243,-0.141197936686
141,allocation_10,0.030980663814,0.298176342848,-0.282575081409,-0.144124537113,0.37374107091
141,allocation_11,0.0499830255004,0.297399085542,-0.322497904246,-0.0656034464418,0.347976052669
141,allocation_12,0.0965172398807,0.24089619539,-0.349250208351,0.20186384197,-0.000146260580184
141,allocation_13,0.245251369499,0.0977667265233,-0.253762969355,0.3833776983,-0.254674089548
141,allocation_14,0.277610068519,-0.0114835022111,-0.126701098949,0.368574645524,-0.31965106332
141,allocation_15,0.311475196918,-0.113176394918,0.0991601159741,0.0854475358519,-0.190536495068
141,allocation_16,0.321988487504,-0.142809486243,0.162596378618,-0.098830670292,0.0602096017861
141,allocation_17,0.320137199136,-0.151569255513,0.16473783841,-0.15408885245,0.154141708652
141,allocation_18,0.317690748933,-0.152931533273,0.162931875244,-0.159390533754,0.15201278844
141,allocation_19,0.316823305673,-0.152874483329,0.162418629653,-0.159532500421,0.15154321253
142,allocation_00,-0.163785160396,-0.300982686229,-0.214187275085,-0.18082223864,-0.223727649039
142,allocation_01,-0.167626354948,-0.302826737102,-0.217027929864,-0.181513014617,-0.228114431021
142,allocation_02,-0.185424950629,-0.301969391299,-0.208946902855,-0.150295951255,-0.134956754286
142,allocation_03,-0.206852598254,-0.282377383064,-0.148413192259,-0.021912544636,0.112843989757
142,allocation_04,-0.224798887997,-0.198541361607,0.0375135555678,0.267729166021,0.437960747086
142,allocation_05,-0.238100994405,-0.0522764648354,0.292260364169,0.351941851657,0.175063076962
142,allocation_06,-0.235582756941,0.0717484649885,0.349950990355,0.263129213158,-0.0612626831493
142,allocation_07,-0.155330578572,0.251088531488,0.29515180858,0.0178081359943,-0.227044366956
142,allocation_08,-0.114503054298,0.312300735282,0.159728589258,-0.310869201877,-0.225651891811
142,allocation_09,-0.100630274715,0.310148363434,0.114012906814,-0.347643098001,-0.152351286077
142,allocation_10,0.0210215337151,0.302333685912,-0.28259819137,-0.14271276872,0.365414732846
142,allocation_11,0.0371148277599,0.301713926877,-0.317990227655,-0.080052765434,0.339068556433
142,allocation_12,0.0882594462886,0.242837455957,-0.34885543886,0.192930439831,-0.0171362569219
142,allocation_13,0.23868896782,0.10790974378,-0.262107362842,0.378258166693,-0.251723139003
142,allocation_14,0.279799826851,-0.00156597327659,-0.129896953636,0.360833292024,-0.307584704007
142,allocation_15,0.313703929501,-0.100522679909,0.0965439678646,0.0844547474691,-0.19271802648
142,allocation_16,0.326584741962,-0.132892050623,0.158739512904,-0.0944094457883,0.0448255838508
142,allocation_17,0.323438654889,-0.14290266313,0.168288062569,-0.152555231351,0.151309418721
142,allocation_18,0.319330898249,-0.14396130222,0.16699468102,-0.161322928375,0.153695349353
142,allocation_19,0.318264859285,-0.144046031745,0.165654376668,-0.161475904413,0.150484819844
143,allocation_00,-0.197768000603,-0.275153727624,-0.213091583362,-0.175865748298,-0.228003951866
143,allocation_01,-0.202429767066,-0.276276710944,-0.216572277983,-0.177851920665,-0.228485502663
143,allocation_02,-0.217488955586,-0.274542802422,-0.212701245842,-0.148743209387,-0.133574759242
143,allocation_03,-0.239742918802,-0.249880928687,-0.14270130524,-0.00796034031907,0.116878275692
143,allocation_04,-0.248307418533,-0.173771850042,0.0332268109119,0.248975277004,0.405014257201
143,allocation_05,-0.24067847273,-0.0225747879696,0.29379154968,0.352782828034,0.177833770195
143,allocation_06,-0.22120813261,0.101854599875,0.354332937968,0.271904409286,-0.031631433373
143,allocation_07,-0.119747153965,0.273640622377,0.297968837688,0.0155206539098,-0.196550100144
143,allocation_08,-0.0742262066587,0.329350122068,0.157283229594,-0.312443433665,-0.23290478101
143,allocation_09,-0.0599803420462,0.322261539874,0.114457162901,-0.344488985677,-0.185198016366
143,allocation_10,0.0604289012984,0.295920272278,-0.294223659071,-0.130260802447,0.362368271536
143,allocation_11,0.0754231500176,0.293922226831,-0.321942533462,-0.0786035636927,0.344017118682
143,allocation_12,0.121438000957,0.232989574296,-0.340951024079,0.195592821578,0.00277433287897
143,allocation_13,0.255995852405,0.074590840105,-0.248502622631,0.379285364284,-0.24785921884
143,allocation_14,0.278468999563,-0.0337137089541,-0.128168366558,0.368478385209,-0.317169132156
143,allocation_15,0.299625769023,-0.13647375667,0.0939461268206,0.0898175630926,-0.214692124096
143,allocation_16,0.307289197969,-0.171241676761,0.159258498218,-0.0947018026559,0.0371695253254
143,allocation_17,0.303911597867,-0.181183444328,0.168668331557,-0.157595503024,0.158132649117
143,allocation_18,0.299806869235,-0.18186531328,0.166573965357,-0.166521081293,0.168055062698
143,allocation_19,0.299256713151,-0.181847968234,0.16571618779,-0.16644295247,0.167480102899
144,allocation_00,-0.179811679731,-0.29409766494,-0.212328749594,-0.165286769961,-0.209316482201
144,allocation_01,-0.18410504949,-0.2955142453,-0.215071004715,-0.166450919305,-0.210750838807
144,allocation_02,-0.203472410341,-0.291852622624,-0.206947592146,-0.143008831297,-0.126778105238
144,allocation_03,-0.227727143483,-0.265827442701,-0.136824833255,-0.0189856016534,0.093221408974
144,allocation_04,-0.250491404905,-0.187429471318,0.0403452870707,0.223281225514,0.347605978215
144,allocation_05,-0.244488054149,-0.0260519523856,0.293984598323,0.331341694057,0.202483052177
144,allocation_06,-0.231121545448,0.0979604760755,0.346591574851,0.279298393032,0.0386694382437
144,allocation_07,-0.138061289248,0.270694673617,0.290275455309,0.0296394524595,-0.199562726306
144,allocation_08,-0.0872361337278,0.324267897691,0.143023808784,-0.313219786862,-0.281296330891
144,allocation_09,-0.0730586538091,0.32130129389,0.0991855279325,-0.350162864452,-0.214821598079
144,allocation_10,0.0463841325391,0.290298984008,-0.293675966128,-0.147352172626,0.382355048611
144,allocation_11,0.0656139905705,0.286180722903,-0.331969282943,-0.0884745307837,0.364016035718
144,allocation_12,0.116079108604,0.221638318402,-0.352817881449,0.212367148036,0.00594804851756
144,allocation_13,0.248012830659,0.077118221281,-0.247184033442,0.392921120271,-0.240537013643
144,allocation_14,0.276293999922,-0.0257958894652,-0.1228437384,0.367439059347,-0.298259535689
144,allocation_15,0.303134981543,-0.121238032956,0.102113729644,0.10160770728,-0.225733415248
144,allocation_16,0.31272334478,-0.155301848695,0.169790597649,-0.101396475819,0.0440086637933
144,allocation_17,0.310751830123,-0.165744105457,0.172463906242,-0.156713454413,0.162815211351
144,allocation_18,0.307366108817,-0.165959308302,0.171097465399,-0.166613764494,0.164951880611
144,allocation_19,0.306690646078,-0.165925057877,0.170248145592,-0.167184064754,0.162531305229
145,allocation_00,-0.179413623994,-0.28502582216,-0.228021526094,-0.17749880935,-0.230057101903
145,allocation_01,-0.183762050769,-0.285684815494,-0.231504745461,-0.178052175333,-0.232516725353
145,allocation_02,-0.203128307554,-0.28516698403,-0.219754430608,-0.143583784212,-0.132884597798
145,allocation_03,-0.229836631919,-0.258644495462,-0.142563296585,0.000408794670235,0.130429876533
145,allocation_04,-0.247699007811,-0.184413980699,0.0348145580487,0.244382098814,0.387312682279
145,allocation_05,-0.248199937919,-0.0408698489275,0.290393271128,0.333188327725,0.188657450943
145,allocation_06,-0.234783155736,0.0818038995538,0.354597067818,0.265101452188,-0.0180550791583
145,allocation_07,-0.135461980418,0.258135175221,0.302632339621,0.0253592930545,-0.226812817875
145,allocation_08,-0.0870282443624,0.322654852978,0.156681697503,-0.305383326827,-0.254606150977
145,allocation_09,-0.0692713240478,0.317649921917,0.0999973414014,-0.346770719644,-0.171808928575
145,allocation_10,0.0469797633679,0.300194144619,-0.2771333167,-0.14563042627,0.366412076589
145,allocation_11,0.0661318624261,0.298337134682,-0.316222304045,-0.076903379533,0.349117761075
145,allocation_12,0.115784264996,0.23289938776,-0.340066232683,0.212336630766,0.010406146005
145,allocation_13,0.254876313868,0.0846163295382,-0.243746840219,0.387768398395,-0.229758678895
145,allocation_14,0.280886846836,-0.0235599660936,-0.120850030318,0.367053912987,-0.303177325082
145,allocation_15,0.303653152911,-0.124371363156,0.0916083797369,0.105612591713,-0.217711146412
145,allocation_16,0.311750953619,-0.164071669482,0.160589951943,-0.0960092578733,0.0516498428856
145,allocation_17,0.307909703668,-0.173222214356,0.171553336012,-0.159007580322,0.157648177181
145,allocation_18,0.303103406272,-0.175231314341,0.171325270477,-0.170679353928,0.159986426547
145,allocation_19,0.302047889393,-0.175319024444,0.170162431295,-0.170054462927,0.15860246381
146,allocation_00,-0.199615400637,-0.276421004299,-0.206262578768,-0.187927610264,-0.229167766033
146,allocation_01,-0.203104234702,-0.276791532982,-0.208973495743,-0.187048303526,-0.231749408953
146,allocation_02,-0.223035889421,-0.275519803724,-0.203814089527,-0.143637308584,-0.136298008693
146,allocation_03,-0.244269647201,-0.247632837154,-0.138619082999,-0.00626684837105,0.129460956461
146,allocation_04,-0.251504802351,-0.1741904709,0.0247979273608,0.239404321453,0.3888467467
146,allocation_05,-0.244559237237,-0.0253173596512,0.283324422096,0.346549268125,0.186399193739
146,allocation_06,-0.224073796037,0.101223033862,0.34930968712,0.286845483471,-0.00460842420774
146,allocation_07,-0.119429129897,0.271562851896,0.305337170553,0.0422498368123,-0.211847868633
146,allocation_08,-0.069014780977,0.329469343625,0.167977864548,-0.303409093035,-0.244755856898
146,allocation_09,-0.0544935974513,0.322692883651,0.117916249374,-0.34623354713,-0.182645750509
146,allocation_10,0.0614987260141,0.292744991905,-0.27587984494,-0.162262583391,0.379306489443
146,allocation_11,0.0813065221404,0.288335851941,-0.322771071742,-0.0910734590504,0.355739887772
146,allocation_12,0.123971307144,0.22215539701,-0.34816137256,0.2110691093,-0.00542447559742
146,allocation_13,0.246168628113,0.0736700958211,-0.261290318049,0.385199275121,-0.256181204494
146,allocation_14,0.273046379724,-0.0347722263932,-0.139136186572,0.356145000754,-0.308791373897
146,allocation_15,0.301461301436,-0.141704151805,0.0948874205412,0.0840368022919,-0.18291334214
146,allocation_16,0.306067267767,-0.176406346036,0.161533329009,-0.0905669406478,0.0506729778139
146,allocation_17,0.302578030667,-0.186716079482,0.174593926822,-0.142560199942,0.148796371992
146,allocation_18,0.298153019116,-0.188594052513,0.173881669327,-0.150954222674,0.150078673622
146,allocation_19,0.297154854989,-0.188763583217,0.172686598053,-0.151154452547,0.14900105286
147,allocation_00,-0.150209597311,-0.305584034547,-0.218261705553,-0.181059059298,-0.235541281054
147,allocation_01,-0.153624960246,-0.307379345125,-0.222535470469,-0.180852208542,-0.236390598446
147,allocation_02,-0.175052868298,-0.308775265199,-0.212792914844,-0.138867106694,-0.130036543649
147,allocation_03,-0.200796780357,-0.285666143676,-0.146220833236,-0.00383558862675,0.129444551629
147,allocation_04,-0.225136022553,-0.210270194469,0.0380474211387,0.239071299419,0.410049890167
147,allocation_05,-0.240708847598,-0.0619787102731,0.29989837437,0.32915413922,0.184397432902
147,allocation_06,-0.238730143953,0.0602125330232,0.356483457867,0.260973583108,-0.0214699535122
147,allocation_07,-0.164185740203,0.243493035857,0.298337728755,0.0220036734146,-0.221156702915
147,allocation_08,-0.123122457019,0.310788082736,0.150355504078,-0.300528284911,-0.245026467425
147,allocation_09,-0.108231416075,0.309737607919,0.101720817164,-0.336813232655,-0.192175599932
147,allocation_10,0.0115163734855,0.303230673104,-0.281049391216,-0.153665050416,0.353460746467
147,allocation_11,0.0263566623066,0.304518993531,-0.314884796219,-0.0946623297524,0.346629022341
147,allocation_12,0.0803174032928,0.240064250469,-0.346790788191,0.210980306782,0.0200592838102
147,allocation_13,0.235264349761,0.110760705145,-0.255206694632,0.398532851723,-0.230886346472
147,allocation_14,0.276036540113,0.00607012804827,-0.121406146044,0.372231353157,-0.304059682043
147,allocation_15,0.317335269267,-0.0885260580933,0.0895960341492,0.0967363390204,-0.201606577892
147,allocation_16,0.330787862655,-0.122207234564,0.159061945,-0.0954965695869,0.0342116809558
147,allocation_17,0.326834195779,-0.133120511446,0.168649186019,-0.161767346391,0.15388170967
147,allocation_18,0.322976511376,-0.135275855119,0.16758089004,-0.16991858345,0.156384787037
147,allocation_19,0.321471656418,-0.135220942035,0.166201764194,-0.171383426162,0.159027074428
148,allocation_00,-0.183432154949,-0.287899903522,-0.217497354615,-0.179557700027,-0.218681848467
148,allocation_01,-0.186951572592,-0.288484803759,-0.219797437338,-0.180422956272,-0.218855180727
148,allocation_02,-0.20592477708,-0.28573738805,-0.213354971741,-0.145976612686,-0.130515486344
148,allocation_03,-0.231610896934,-0.260431771982,-0.14416555121,-0.00675336366393,0.112129654958
148,allocation_04,-0.242351264613,-0.177398986601,0.0409436546239,0.25782572333,0.40231016275
148,allocation_05,-0.243434529956,-0.0301334894867,0.294120619621,0.341278368748,0.167690138582
148,allocation_06,-0.228982874036,0.0945169402113,0.352195260576,0.26611889431,-0.0255917731783
148,allocation_07,-0.132651233894,0.266985491235,0.295222218237,0.0160868436482,-0.206918878987
148,allocation_08,-0.0831847264314,0.320677471686,0.15917212814,-0.314865704486,-0.249457045833
148,allocation_09,-0.0657626830734,0.313655117603,0.106738044266,-0.358703124842,-0.177142797228
148,allocation_10,0.0491359901705,0.297510221993,-0.285944458723,-0.133075068785,0.369232178458
148,allocation_11,0.0648646463011,0.296371573831,-0.3212043536,-0.0672662430695,0.347066494556
148,allocation_12,0.106054775546,0.240724059638,-0.349082399441,0.19130104334,0.00465713668678
148,allocation_13,0.249296247682,0.0883527229073,-0.251774389957,0.377241519856,-0.260152527983
148,allocation_14,0.27922152948,-0.0252700145478,-0.122693877584,0.366335977506,-0.31798396808
148,allocation_15,0.30363178877,-0.128697206504,0.0915916594946,0.10599379049,-0.206348377461
148,allocation_16,0.315109872533,-0.159950894087,0.159150611827,-0.0911449956245,0.0575051155319
148,allocation_17,0.31202025693,-0.167402055816,0.167808036593,-0.155039745414,0.158195698176
148,allocation_18,0.308062958144,-0.169689422389,0.165902611657,-0.162841167211,0.161022414991
148,allocation_19,0.307174387608,-0.170018807753,0.165317552957,-0.163035884502,0.158676198097
149,allocation_00,-0.196330369117,-0.276905705764,-0.216576746814,-0.179640432913,-0.222413735088
149,allocation_01,-0.199194186883,-0.278141276297,-0.218390370428,-0.179554916234,-0.229173636185
149,allocation_02,-0.215836086922,-0.276099059426,-0.213697765666,-0.146238082432,-0.14580620816
149,allocation_03,-0.239877415244,-0.250168838635,-0.144477273028,-0.00354388483944,0.136883681159
149,allocation_04,-0.247500336303,-0.17091645774,0.0361158814336,0.247856266172,0.407532140019
149,allocation_05,-0.243857795939,-0.016305274394,0.295238852661,0.337713420057,0.177366178097
149,allocation_06,-0.221964638666,0.106840954184,0.351550169498,0.264992465256,-0.0316520597596
149,allocation_07,-0.121487160362,0.273487704574,0.293801434494,0.0245528709286,-0.2108677304
149,allocation_08,-0.0714027253411,0.328615905881,0.147716669023,-0.311436363504,-0.238545935336
149,allocation_09,-0.0573751694499,0.323796869193,0.10405299472,-0.346224340458,-0.183145084676
149,allocation_10,0.063181043444,0.297237857066,-0.28346225853,-0.139879799037,0.361898907965
149,allocation_11,0.0805510038588,0.292044364179,-0.319832856619,-0.0871778877258,0.340274859356
149,allocation_12,0.126668505917,0.226960769699,-0.347033413765,0.195390757733,0.0122523562389
149,allocation_13,0.252901445057,0.0752669163611,-0.254810787956,0.382074179034,-0.234241058912
149,allocation_14,0.27621961515,-0.0312855081388,-0.13137666163,0.372848822833,-0.308170221669
149,allocation_15,0.298349646177,-0.137702735636,0.0937924487957,0.100854726814,-0.223865620033
149,allocation_16,0.307591032477,-0.171834765223,0.163498016221,-0.0959950872368,0.0343214151379
149,allocation_17,0.305314014156,-0.180929598317,0.172022315973,-0.159353437822,0.153946413555
149,allocation_18,0.301130629908,-0.181153301029,0.169960714685,-0.167341180394,0.162671935258
149,allocation_19,0.300343547097,-0.18107258067,0.169008727395,-0.166722046426,0.1623555578
150,allocation_00,-0.188903423997,-0.286654607226,-0.214574318696,-0.183194437587,-0.209720360206
150,allocation_01,-0.192663567701,-0.287650783074,-0.216909352716,-0.184149344607,-0.213147211159
150,allocation_02,-0.209019542248,-0.2850785505,-0.20907442876,-0.150311295,-0.149446925109
150,allocation_03,-0.234189893389,-0.26088732942,-0.140699118665,-0.00358338030694,0.109102296254
150,allocation_04,-0.243434356917,-0.178967702192,0.0467879547347,0.265565215222,0.405259573578
150,allocation_05,-0.23963434588,-0.0315305009822,0.299369815935,0.349742068751,0.18552355133
150,allocation_06,-0.227298497915,0.0916426135157,0.358949147208,0.26047523766,-0.0431541216893
150,allocation_07,-0.126334636387,0.270171513245,0.294509999763,0.00392125429229,-0.237527883463
150,allocation_08,-0.0837174918872,0.324123658281,0.155661412734,-0.311109488534,-0.231155149437
150,allocation_09,-0.0679055487525,0.320835842855,0.103412909603,-0.349785910151,-0.142595461938
150,allocation_10,0.0452735772149,0.295589601732,-0.284292025996,-0.135991607138,0.364354531201
150,allocation_11,0.0643234319483,0.293539747164,-0.327574699449,-0.0562223129235,0.338142092771
150,allocation_12,0.106178665206,0.231898647214,-0.34851954444,0.20694379774,0.00451070842753
150,allocation_13,0.247723582563,0.0815029113426,-0.253092108642,0.387286843084,-0.257813707639
150,allocation_14,0.277368633906,-0.0293716877531,-0.119587146672,0.35776733261,-0.331568883043
150,allocation_15,0.304577150631,-0.128357858588,0.102959339212,0.0752073728532,-0.20001224301
150,allocation_16,0.314748674964,-0.159272082253,0.158785586988,-0.0966976497873,0.0477863150483
150,allocation_17,0.311361593953,-0.168090410238,0.161236830429,-0.151084696905,0.164165699673
150,allocation_18,0.307562711001,-0.17109315006,0.161003597773,-0.157970406539,0.162521664783
150,allocation_19,0.305934896642,-0.170751244427,0.159375107531,-0.157541380732,0.16270560606
151,allocation_00,-0.178512706607,-0.287966339848,-0.217215386372,-0.177231287772,-0.232506484949
151,allocation_01,-0.182920513632,-0.289804434288,-0.219811819026,-0.178432917404,-0.234798942565
151,allocation_02,-0.203003424863,-0.288299851272,-0.210160672909,-0.145143886016,-0.135207931954
151,allocation_03,-0.227076481396,-0.260732355772,-0.138692757743,-0.00530184889832,0.132451209799
151,allocation_04,-0.241356279301,-0.183878535404,0.0395753951672,0.254467107039,0.404183044153
151,allocation_05,-0.242883978168,-0.0275131471394,0.297309710376,0.337323960824,0.167038994786
151,allocation_06,-0.227548448611,0.0984758326925,0.353730133168,0.259747657155,-0.0371462215064
151,allocation_07,-0.130657222362,0.267594919442,0.29490241432,0.0235921536241,-0.208242207448
151,allocation_08,-0.082403972245,0.323056776907,0.150211980759,-0.323419916603,-0.237188982345
151,allocation_09,-0.0669901200727,0.318970142575,0.104774313967,-0.356702504674,-0.170947958331
151,allocation_10,0.0518838050341,0.294407526258,-0.293957180756,-0.131956717703,0.360740723149
151,allocation_11,0.0688980468592,0.292563633016,-0.326785910672,-0.0700285755409,0.339037923134
151,allocation_12,0.112478584943,0.233805548506,-0.344237028995,0.200530968638,0.0157755576099
151,allocation_13,0.250338954034,0.0863366082971,-0.24381579702,0.391184178416,-0.269258343692
151,allocation_14,0.276005515704,-0.0209204272614,-0.121601119023,0.371792837027,-0.333038126581
151,allocation_15,0.309028474198,-0.128120129125,0.10502939724,0.0672050622352,-0.170283876413
151,allocation_16,0.317667705589,-0.15699817529,0.158719315378,-0.0938135507869,0.03486170596
151,allocation_17,0.313709959649,-0.166233181961,0.168272271812,-0.147445875486,0.149064579739
151,allocation_18,0.309162664322,-0.168012916354,0.166631794029,-0.155570551035,0.162186234439
151,allocation_19,0.308512890022,-0.168104651538,0.165128336344,-0.155589792008,0.161284800034
152,allocation_00,-0.189611839989,-0.280456969384,-0.216737988429,-0.186652398245,-0.219332870587
152,allocation_01,-0.192917955321,-0.281951429919,-0.219296006682,-0.186646414769,-0.222866962624
152,allocation_02,-0.212863640658,-0.280887418573,-0.213541814227,-0.144491253129,-0.128551458961
152,allocation_03,-0.236056088527,-0.253100053584,-0.144930341612,-0.000894783143269,0.128021967923
152,allocation_04,-0.252016967756,-0.178136574959,0.0235671016757,0.240620783834,0.360619277063
152,allocation_05,-0.244638762766,-0.0276327576964,0.283525458894,0.338844602096,0.1861241004
152,allocation_06,-0.227386416428,0.0956664069901,0.351379521331,0.276799725406,0.00792271423881
152,allocation_07,-0.1297482456,0.265023221755,0.304381919698,0.0275532973807,-0.206406032323
152,allocation_08,-0.0773719769272,0.322142823027,0.158265239782,-0.31259652654,-0.263995540672
152,allocation_09,-0.0603502897462,0.318351452161,0.106395157866,-0.349562852722,-0.18800925603
152,allocation_10,0.059522989769,0.297454046204,-0.279963194786,-0.147805985427,0.363362935145
152,allocation_11,0.0761591535483,0.294538958751,-0.317433533375,-0.0822837393093,0.353149744072
152,allocation_12,0.117873386449,0.232879886219,-0.346514367678,0.194452955715,0.0263405006311
152,allocation_13,0.250774915793,0.0786473223699,-0.256410462992,0.381496562432,-0.246319102238
152,allocation_14,0.276172074172,-0.0299266600815,-0.133171901914,0.364788718627,-0.324360910795
152,allocation_15,0.300978697018,-0.132617605909,0.0919002140574,0.102126368018,-0.222854958327
152,allocation_16,0.310014701847,-0.170216695264,0.16161795028,-0.0921892355324,0.0479899189192
152,allocation_17,0.306498605976,-0.179836484532,0.171103843993,-0.152697063893,0.16421863877
152,allocation_18,0.301549695739,-0.182312470301,0.17110165812,-0.161655644951,0.164809183113
152,allocation_19,0.300500986655,-0.182193223067,0.17055240833,-0.161326371468,0.16580421574
153,allocation_00,-0.189974926161,-0.28554124018,-0.207822561307,-0.175473982308,-0.218848799994
153,allocation_01,-0.194173593756,-0.28672963598,-0.211210832436,-0.176106001259,-0.219752505042
153,allocation_02,-0.213580752928,-0.282191879423,-0.20402873414,-0.138879633054,-0.133304510058
153,allocation_03,-0.236097962716,-0.254705441529,-0.141713974635,-0.0113078078312,0.106900164183
153,allocation_04,-0.248277707279,-0.172971337588,0.0363764404058,0.247023909594,0.389405207795
153,allocation_05,-0.239852599374,-0.017767373757,0.298276017193,0.340917867007,0.185833793767
153,allocation_06,-0.221255223862,0.107178955474,0.35477923604,0.268993202346,-0.00912665325441
153,allocation_07,-0.125230826397,0.274724140564,0.297202183084,0.0216468516966,-0.2042075542
153,allocation_08,-0.0784682565386,0.325909756129,0.15072589848,-0.317539932667,-0.261059616553
153,allocation_09,-0.0656416054934,0.320862833498,0.104836399229,-0.354881340113,-0.18428659811
153,allocation_10,0.0523316128786,0.294476617123,-0.290558277142,-0.145703450956,0.378296586724
153,allocation_11,0.0691013193274,0.292362691364,-0.326211622129,-0.0837553903796,0.355509814408
153,allocation_12,0.118303297975,0.229396708423,-0.347289676038,0.202576501687,-0.000321661690393
153,allocation_13,0.248153998661,0.0818526356589,-0.251407370472,0.38236376028,-0.264863068528
153,allocation_14,0.275018159795,-0.0238934839488,-0.131528368217,0.363441226755,-0.312213473708
153,allocation_15,0.305074277603,-0.127410952889,0.100037510569,0.0923915411587,-0.18459154107
153,allocation_16,0.312910409284,-0.162496893109,0.160679705459,-0.0938531736639,0.0522678827464
153,allocation_17,0.308859059291,-0.17251855214,0.169517758026,-0.152499802288,0.152999197645
153,allocation_18,0.304955285107,-0.174487863688,0.167429429893,-0.163456539267,0.154618454774
153,allocation_19,0.304095062084,-0.174488236813,0.166562199794,-0.164450344608,0.1526468649
154,allocation_00,-0.191884792283,-0.283380703705,-0.214180214012,-0.180275681339,-0.204471062494
154,allocation_01,-0.195819514423,-0.284093983404,-0.217507730335,-0.181431416821,-0.207527737826
154,allocation_02,-0.213584593003,-0.280911637608,-0.208360757587,-0.1516264335,-0.132073000681
154,allocation_03,-0.240237000979,-0.256164067741,-0.135246369554,-0.0102117476301,0.101729842245
154,allocation_04,-0.246734175965,-0.173573088653,0.0420969096281,0.248293641409,0.372607854917
154,allocation_05,-0.242603454037,-0.0210998687666,0.293119991074,0.346632601657,0.176807431926
154,allocation_06,-0.224087430375,0.101261016837,0.350165445992,0.282795631751,0.00196691312916
154,allocation_07,-0.121647269582,0.273483118061,0.293553901474,0.0101185347028,-0.226413488971
154,allocation_08,-0.0749477287837,0.325466401437,0.15580752267,-0.319853644282,-0.248400570386
154,allocation_09,-0.0618277054382,0.322480449924,0.106670007386,-0.354785998582,-0.176686253118
154,allocation_10,0.053613625868,0.294991323069,-0.288067579136,-0.136959361033,0.365757180395
154,allocation_11,0.0694222170446,0.291397311607,-0.323040841075,-0.0729837235114,0.360869501093
154,allocation_12,0.112786945607,0.228730860923,-0.351017441074,0.202917885542,0.0281340204726
154,allocation_13,0.245779443394,0.080543473236,-0.259484991594,0.380866169965,-0.259403223897
154,allocation_14,0.272661376705,-0.0277217685734,-0.132905563769,0.354483879277,-0.341963815767
154,allocation_15,0.304848381246,-0.130286755076,0.0884019404784,0.0881888715423,-0.206150804782
154,allocation_16,0.31227340396,-0.165250486498,0.159379301676,-0.0939208018481,0.0582816522059
154,allocation_17,0.309246062515,-0.175367046779,0.169191663933,-0.146217879366,0.162440747378
154,allocation_18,0.305380193738,-0.176630380884,0.166836964973,-0.154203815293,0.161741530774
154,allocation_19,0.304649917576,-0.176558418246,0.166585669996,-0.153930053069,0.159931695944
155,allocation_00,-0.179006354182,-0.290474509187,-0.212275667418,-0.190703451343,-0.210634999093
155,allocation_01,-0.182205651452,-0.291308006469,-0.215512973055,-0.190008613848,-0.213644510263
155,allocation_02,-0.201990578186,-0.29133166615,-0.209035095266,-0.152620641527,-0.131909011098
155,allocation_03,-0.225451447661,-0.26540828885,-0.145026309895,-0.00814952332788,0.111016241904
155,allocation_04,-0.240529058063,-0.187438147819,0.0298216442284,0.254593175916,0.371624708964
155,allocation_05,-0.243554927935,-0.0413820133567,0.282695669538,0.36085183916,0.170497846245
155,allocation_06,-0.233592653308,0.0802140497158,0.346455905082,0.286988282643,-0.00454728728041
155,allocation_07,-0.137342003335,0.259959716124,0.299224127113,0.0115980798887,-0.214065907805
155,allocation_08,-0.093882483923,0.315857521023,0.170660133026,-0.310532024065,-0.253995493705
155,allocation_09,-0.0800493940426,0.313105898274,0.124278615281,-0.345950296727,-0.179274954345
155,allocation_10,0.0360938968162,0.299190386349,-0.275390146391,-0.144461715897,0.381071258968
155,allocation_11,0.053647165196,0.298254512516,-0.316045587355,-0.0810919873013,0.357852929217
155,allocation_12,0.103851395766,0.239420659967,-0.347399204292,0.184735730834,0.00734458672159
155,allocation_13,0.245494173267,0.0955002234742,-0.26351547068,0.368425941908,-0.257943235802
155,allocation_14,0.277732718272,-0.0135907442071,-0.140127320092,0.35542744371,-0.32918788791
155,allocation_15,0.309405113134,-0.11763657061,0.0834115073956,0.0980771219003,-0.205064222247
155,allocation_16,0.317546259922,-0.155654899499,0.160542747474,-0.0892625704693,0.063673763113
155,allocation_17,0.313700160112,-0.165436106848,0.17310869215,-0.146838969787,0.157275486167
155,allocation_18,0.308881103547,-0.167745646043,0.174710452492,-0.154765288808,0.16056191495
155,allocation_19,0.307497376329,-0.167678077135,0.173531729247,-0.154238575865,0.160446381548
156,allocation_00,-0.18435674129,-0.287749291836,-0.214364395972,-0.170469061472,-0.208407695943
156,allocation_01,-0.188330063479,-0.288309000199,-0.218517258504,-0.171641345239,-0.217559486426
156,allocation_02,-0.206129562303,-0.285622240405,-0.209437667527,-0.141995161476,-0.139626951095
156,allocation_03,-0.230289457464,-0.265659033823,-0.138932906506,-0.0124832083588,0.10057279839
156,allocation_04,-0.240535587346,-0.190031785947,0.0423532585796,0.236405782207,0.380856804719
156,allocation_05,-0.236297717735,-0.0374949230797,0.30913717426,0.336703323927,0.198352025823
156,allocation_06,-0.224405135115,0.083989110595,0.366225563082,0.270720314733,0.00248396228008
156,allocation_07,-0.131760716248,0.263664832822,0.298125915519,0.025441895019,-0.235831924906
156,allocation_08,-0.0865530271701,0.325585974969,0.145643075624,-0.313149117321,-0.248349050003
156,allocation_09,-0.0732960044733,0.323528062274,0.101567541788,-0.343922686531,-0.183443290713
156,allocation_10,0.0383069066734,0.299152623512,-0.285918714131,-0.141681570334,0.358478453238
156,allocation_11,0.0538192244348,0.296495764412,-0.324732953858,-0.0696074307921,0.357194386502
156,allocation_12,0.0971988626527,0.232573901039,-0.340620325802,0.229321217549,0.0311266706448
156,allocation_13,0.242568026372,0.0823919128817,-0.252709963637,0.400495842157,-0.25472663492
156,allocation_14,0.273987154512,-0.0221009112481,-0.129984546224,0.364093783262,-0.324812554309
156,allocation_15,0.30939898029,-0.122655486567,0.0986507431473,0.0744773241504,-0.194937100674
156,allocation_16,0.319097882518,-0.153222016894,0.156618641294,-0.095907140968,0.0373090515497
156,allocation_17,0.31704186536,-0.161234099417,0.159068990415,-0.152257797385,0.157196115725
156,allocation_18,0.312789141178,-0.164044922725,0.15523399515,-0.163008626529,0.163891664488
156,allocation_19,0.311643951389,-0.164187476035,0.153624594897,-0.163262734241,0.160812464703
157,allocation_00,-0.207452539929,-0.272078821282,-0.207743699868,-0.175144587518,-0.212343926793
157,allocation_01,-0.21116943801,-0.272923379089,-0.211291262947,-0.17554438111,-0.212537232195
157,allocation_02,-0.226216495259,-0.270627592134,-0.205685077678,-0.148149477708,-0.127451793881
157,allocation_03,-0.247814252248,-0.24785952371,-0.140136822749,-0.0189159128764,0.0994740804352
157,allocation_04,-0.253846481087,-0.17198671814,0.0249630143693,0.227823528172,0.364133773676
157,allocation_05,-0.243894769218,-0.0230240867746,0.284339614795,0.353058820356,0.198407578129
157,allocation_06,-0.224951339563,0.097266622628,0.349955480095,0.299077568253,0.0349441460944
157,allocation_07,-0.115048716354,0.273263979736,0.300910317697,0.0366108906495,-0.206450690532
157,allocation_08,-0.0719006315179,0.327716765776,0.171849238892,-0.298812737425,-0.261611712983
157,allocation_09,-0.0586037469716,0.321291784425,0.12344504582,-0.339342868333,-0.206972447994
157,allocation_10,0.0612121003295,0.295951162574,-0.277609921825,-0.161973665108,0.365215978415
157,allocation_11,0.0767293824533,0.293467284399,-0.314473452506,-0.0962593456267,0.35781562517
157,allocation_12,0.116258519617,0.227735298679,-0.349104271454,0.202615599322,0.0314887810152
157,allocation_13,0.245143748172,0.0733104529431,-0.267606506655,0.383909549481,-0.233214828885
157,allocation_14,0.273931049345,-0.0372370899611,-0.144719690657,0.356637999389,-0.312844609495
157,allocation_15,0.297553081105,-0.143635009011,0.0871508477675,0.104065933136,-0.235824809251
157,allocation_16,0.302813850336,-0.175971717195,0.162496720555,-0.0834849086821,0.0341264507164
157,allocation_17,0.300561872896,-0.188595452758,0.172965264617,-0.151274737315,0.168379383212
157,allocation_18,0.295931588537,-0.190358870402,0.168858217909,-0.162022929733,0.169081695508
157,allocation_19,0.294937197933,-0.190278077422,0.167847642999,-0.162331297359,0.167729901348
158,allocation_00,-0.192436849911,-0.283269766858,-0.201419961634,-0.173451922415,-0.22954272567
158,allocation_01,-0.196590439083,-0.283977684592,-0.204979363256,-0.175539437447,-0.23113003858
158,allocation_02,-0.214010333291,-0.280613240615,-0.19954201621,-0.148832468599,-0.142772921914
158,allocation_03,-0.236299893803,-0.259256473006,-0.140207849728,-0.0210012344549,0.102508847329
158,allocation_04,-0.243999639747,-0.186258377513,0.0156590765958,0.218523829684,0.402390580659
158,allocation_05,-0.241407495766,-0.0319949182375,0.28890846886,0.359168777307,0.199888798842
158,allocation_06,-0.225883465265,0.0919459442845,0.349712887429,0.302289787521,0.00622027448868
158,allocation_07,-0.1233959063,0.27262461082,0.292269224785,0.032448426669,-0.22783336467
158,allocation_08,-0.0783408609589,0.326932214414,0.166556430854,-0.295177512111,-0.243422941382
158,allocation_09,-0.0632781349265,0.321524361179,0.123438110365,-0.338386903775,-0.183809577078
158,allocation_10,0.050317697992,0.290989897658,-0.282481512357,-0.159687150337,0.364202368754
158,allocation_11,0.0680566200961,0.288623279824,-0.326869853912,-0.0859163329248,0.345464967975
158,allocation_12,0.10812645785,0.22640075695,-0.351518319633,0.190428539273,0.0151685858052
158,allocation_13,0.247811690661,0.079043936662,-0.269561971541,0.387491302017,-0.243305036445
158,allocation_14,0.272952142743,-0.0305781671283,-0.142101954629,0.373152025369,-0.316465214737
158,allocation_15,0.304458386538,-0.133603024868,0.0935885103723,0.0902193989841,-0.183791606429
158,allocation_16,0.314803829096,-0.16558586909,0.159349099175,-0.0850224221866,0.0399613305021
158,allocation_17,0.308767741629,-0.174551567487,0.171643005758,-0.150760776394,0.153225500641
158,allocation_18,0.305984322664,-0.176492022288,0.169476255627,-0.156530629741,0.153098209356
158,allocation_19,0.30487504737,-0.176339452164,0.167721651976,-0.156685206455,0.149249088673
159,allocation_00,-0.18184364399,-0.288749300348,-0.217861773948,-0.186092767426,-0.199603602507
159,allocation_01,-0.184765016786,-0.289683228318,-0.219952020247,-0.186059899081,-0.206246292324
159,allocation_02,-0.201250353017,-0.288702537961,-0.214057419359,-0.152050763346,-0.137852861531
159,allocation_03,-0.226998308428,-0.263827430147,-0.143803848786,0.0003413124952,0.103879606764
159,allocation_04,-0.242786126417,-0.184800558014,0.0387739415392,0.258543403176,0.364384311641
159,allocation_05,-0.245479366735,-0.0329312124239,0.292582560194,0.345344969665,0.168654238941
159,allocation_06,-0.232131414227,0.0869871308468,0.347721020857,0.275169455041,0.000102440316113
159,allocation_07,-0.134985049787,0.265415148561,0.296954463394,0.00369547387562,-0.202693474445
159,allocation_08,-0.0881817515926,0.318282881836,0.156308108698,-0.32424950278,-0.244301153177
159,allocation_09,-0.0751594813364,0.316619893897,0.115245429625,-0.352117275709,-0.186441732783
159,allocation_10,0.0420340763967,0.297675087687,-0.28865580296,-0.126211434696,0.367408583643
159,allocation_11,0.0571968067794,0.296038671955,-0.322774990336,-0.0681835154017,0.35343235896
159,allocation_12,0.102545764371,0.239189089845,-0.347579985098,0.188142258804,0.0256873854879
159,allocation_13,0.244565472947,0.0944668079877,-0.253767274008,0.380153721856,-0.264611947594
159,allocation_14,0.274320787044,-0.0122769914928,-0.130383896409,0.365764172033,-0.34836369385
159,allocation_15,0.306462842808,-0.126704150338,0.101266379828,0.0775357831925,-0.212840844767
159,allocation_16,0.316547294462,-0.156720649941,0.158907189375,-0.0871625622055,0.036719539583
159,allocation_17,0.314656838687,-0.164575165872,0.163675947119,-0.144934603778,0.167380988097
159,allocation_18,0.311296519698,-0.165533719196,0.16149032548,-0.15362213231,0.178038674144
159,allocation_19,0.308827528786,-0.165276737518,0.16016505135,-0.155488217344,0.181036669168
160,allocation_00,-0.179428636781,-0.287458883133,-0.218537799819,-0.193817066883,-0.234464809864
160,allocation_01,-0.18360129798,-0.288428127669,-0.220689742458,-0.193472555748,-0.235541563337
160,allocation_02,-0.204077749236,-0.287133250436,-0.216926751075,-0.148294556652,-0.138613835585
160,allocation_03,-0.227799581324,-0.261655984517,-0.138718490691,0.00972365455962,0.148458806056
160,allocation_04,-0.240735579982,-0.187619304342,0.0402641688759,0.242806272381,0.409226301201
160,allocation_05,-0.243398375894,-0.0356037362041,0.294048044883,0.337496164883,0.185027450784
160,allocation_06,-0.23098200963,0.0877109527811,0.349289974392,0.26998025462,-0.0377765436926
160,allocation_07,-0.13679017612,0.265532256792,0.28800121997,0.0138232505346,-0.255372381743
160,allocation_08,-0.0905936620287,0.32750405622,0.151121593639,-0.299814767562,-0.228181069538
160,allocation_09,-0.0749997255731,0.324873478889,0.105068146998,-0.335486159742,-0.153249528643
160,allocation_10,0.0459439513513,0.298454826232,-0.278247001667,-0.153892774191,0.376362291474
160,allocation_11,0.0634384999235,0.295749191506,-0.318117149239,-0.0876558872525,0.352163853682
160,allocation_12,0.112287936368,0.225501752429,-0.349747714463,0.209595290682,-0.0201312172645
160,allocation_13,0.245290451815,0.0859804499352,-0.258036663012,0.386569560604,-0.235460810445
160,allocation_14,0.27453727349,-0.0166188026106,-0.136122413035,0.364906101466,-0.289230849922
160,allocation_15,0.309266326019,-0.12453046496,0.0922957315829,0.089007809365,-0.184909687862
160,allocation_16,0.316563560213,-0.153686411625,0.162652135161,-0.0820292892473,0.0288278079311
160,allocation_17,0.312933443568,-0.16357183793,0.173736711623,-0.154933223894,0.143603177979
160,allocation_18,0.3082586132,-0.165562905648,0.172236902156,-0.169550867898,0.147796583091
160,allocation_19,0.307200095526,-0.165648548965,0.171600444162,-0.171015948441,0.147442579411
161,allocation_00,-0.186788029267,-0.279884263662,-0.22543096233,-0.181866078887,-0.239429476678
161,allocation_01,-0.191936804843,-0.280309985603,-0.228837596642,-0.182652125979,-0.241460023392
161,allocation_02,-0.210976535792,-0.277843114305,-0.218980275792,-0.149082487408,-0.146215579704
161,allocation_03,-0.237468508508,-0.253818618183,-0.135063544892,0.0091364816228,0.158914750121
161,allocation_04,-0.246680948723,-0.180870456117,0.0428675316802,0.244587694105,0.408679076803
161,allocation_05,-0.246443851636,-0.0298666633975,0.294223855789,0.334190085945,0.177240186156
161,allocation_06,-0.230426982582,0.0935047541086,0.35405162907,0.26454656141,-0.0328445362905
161,allocation_07,-0.125497085787,0.268733505513,0.296008137083,0.00992602799853,-0.247301699102
161,allocation_08,-0.0823424177506,0.326181694336,0.15454052631,-0.306817589896,-0.225335564752
161,allocation_09,-0.0686723000878,0.32297894425,0.106871243068,-0.336535922143,-0.159012183899
161,allocation_10,0.050257585404,0.29820360946,-0.283879335159,-0.14476408553,0.370484134297
161,allocation_11,0.067721678841,0.298016310866,-0.315802768705,-0.0887429917635,0.342753042865
161,allocation_12,0.116646353282,0.233382750644,-0.339037418197,0.205482699948,5.79643365047e-05
161,allocation_13,0.250403855038,0.0845993397782,-0.249855844019,0.384739491499,-0.232732191876
161,allocation_14,0.274734903581,-0.0200012374707,-0.130738284858,0.374178673046,-0.293713078642
161,allocation_15,0.303695424306,-0.128816488908,0.0911179493436,0.101206240423,-0.19584229563
161,allocation_16,0.310855931556,-0.163644392532,0.159982111424,-0.0971960247263,0.0452926663313
161,allocation_17,0.308125230015,-0.174926661918,0.169211976055,-0.159176704049,0.145643947555
161,allocation_18,0.302754980199,-0.176668671881,0.168948223995,-0.170336646958,0.150139463817
161,allocation_19,0.301787894718,-0.176763967334,0.167565420396,-0.170704488049,0.147233463834
162,allocation_00,-0.185730395722,-0.284965917702,-0.212105529996,-0.18378456209,-0.214753371533
162,allocation_01,-0.190941193251,-0.286150240197,-0.216774927719,-0.184903111988,-0.215486150116
162,allocation_02,-0.209301862525,-0.281854242762,-0.209048268546,-0.148881623055,-0.135897287189
162,allocation_03,-0.233907136575,-0.257919270749,-0.140148512781,-0.00962089945095,0.116790441202
162,allocation_04,-0.24837001281,-0.183667832635,0.0276631337431,0.231820845908,0.366149564249
162,allocation_05,-0.242550657331,-0.0319765179943,0.292966030725,0.348550566527,0.186491368066
162,allocation_06,-0.229322681799,0.0897468102502,0.351363480367,0.28433000001,0.0127288841538
162,allocation_07,-0.129855973576,0.269663314699,0.295068584636,0.0159820980671,-0.217518421546
162,allocation_08,-0.083894266303,0.323548833472,0.162284512946,-0.309463338055,-0.255758651745
162,allocation_09,-0.0682559588398,0.320370075435,0.111747942085,-0.349562147922,-0.183658309639
162,allocation_10,0.0491766736192,0.297081376747,-0.286990566524,-0.143408308192,0.364013175014
162,allocation_11,0.0670849964403,0.295975587922,-0.322397561761,-0.0746553401411,0.350446112613
162,allocation_12,0.11046250074,0.233383312257,-0.346814844898,0.199958563709,0.0206484420389
162,allocation_13,0.242296042014,0.0827929926693,-0.259597163124,0.388536821214,-0.252528433104
162,allocation_14,0.274164996594,-0.0305674513841,-0.130105140707,0.35874506113,-0.32793634983
162,allocation_15,0.304730962071,-0.129887070875,0.0978680011852,0.0882454668491,-0.21365371603
162,allocation_16,0.314499089207,-0.160259411201,0.159139574989,-0.0874480538485,0.0348814224283
162,allocation_17,0.310908238054,-0.170177588758,0.16663163423,-0.152060783668,0.166690879704
162,allocation_18,0.306566572838,-0.171064126389,0.166637555892,-0.159773807064,0.170000493284
162,allocation_19,0.305690418706,-0.170896212665,0.165520526848,-0.160065290386,0.171076054264
163,allocation_00,-0.188698593445,-0.288957537122,-0.206794513298,-0.169391531636,-0.210467221617
163,allocation_01,-0.192325129277,-0.288899204618,-0.211287594979,-0.17058713157,-0.216553945488
163,allocation_02,-0.209593795808,-0.286212584766,-0.207033638544,-0.14443000284,-0.142919955851
163,allocation_03,-0.232996093954,-0.259377962548,-0.139731393098,-0.014552041023,0.0952782263065
163,allocation_04,-0.248654613678,-0.182970602474,0.0324536171354,0.230497754804,0.375854937853
163,allocation_05,-0.243097091855,-0.0323714721416,0.291457186603,0.341958398384,0.198440551702
163,allocation_06,-0.226825512235,0.0939250590964,0.351731412853,0.277492639158,0.022324034492
163,allocation_07,-0.13034196858,0.271385965808,0.294551822665,0.0341713116031,-0.189288219079
163,allocation_08,-0.0842112125298,0.324917910478,0.158880364091,-0.30009728926,-0.2684495462
163,allocation_09,-0.068376758746,0.31932284836,0.10999123748,-0.338804754315,-0.221122336237
163,allocation_10,0.0483599215836,0.294067935593,-0.287590436545,-0.154307236799,0.357228522896
163,allocation_11,0.0650725813352,0.289388133363,-0.32625133481,-0.0904709884658,0.360492098507
163,allocation_12,0.11017267003,0.225383168145,-0.352353965599,0.200551730507,0.0302466758941
163,allocation_13,0.248349515728,0.0779629012785,-0.25647279047,0.38831600128,-0.237927282473
163,allocation_14,0.274561605454,-0.0269757146597,-0.127798760596,0.377544690337,-0.319211098827
163,allocation_15,0.303672826477,-0.127595539611,0.0956355132465,0.108200272022,-0.208356618965
163,allocation_16,0.313905759662,-0.162012476835,0.162516758053,-0.0906510370739,0.0369592749408
163,allocation_17,0.310038454005,-0.171148182579,0.170726658285,-0.155804570475,0.155535896683
163,allocation_18,0.304943894336,-0.172555377513,0.168144154956,-0.17010088888,0.167492061819
163,allocation_19,0.303997947146,-0.172882723829,0.167326732822,-0.171384909304,0.165406872306
164,allocation_00,-0.19252138823,-0.282413449526,-0.2135393589,-0.169768153285,-0.218529021733
164,allocation_01,-0.196383693686,-0.282812909324,-0.216584236269,-0.169690789657,-0.220238845132
164,allocation_02,-0.216306827475,-0.279625021966,-0.208588084976,-0.135768607299,-0.134243725823
164,allocation_03,-0.238279141131,-0.257446969138,-0.143270928537,-0.0176584412358,0.094010119939
164,allocation_04,-0.246885502209,-0.179369160002,0.0385242231059,0.240123056215,0.391270647563
164,allocation_05,-0.242857010383,-0.0310037081824,0.289804024227,0.347132393251,0.205755956201
164,allocation_06,-0.228170973806,0.094754763245,0.356946636645,0.272573246482,0.005888807854
164,allocation_07,-0.126236502743,0.262873939914,0.306985068856,0.0291600626349,-0.22158443248
164,allocation_08,-0.081411974546,0.322942178098,0.164335385794,-0.302871188758,-0.255030870175
164,allocation_09,-0.0681484388866,0.319121264312,0.111905663263,-0.340583996436,-0.191998919595
164,allocation_10,0.0516048651789,0.294868803209,-0.278426054285,-0.161091554852,0.386041730542
164,allocation_11,0.0706826739436,0.293388152681,-0.317497311227,-0.0984255046237,0.357238690294
164,allocation_12,0.118471543944,0.228028881502,-0.340762295566,0.218314838016,-0.00617625538242
164,allocation_13,0.245353298174,0.0859806994785,-0.255376813626,0.39294064319,-0.242046744073
164,allocation_14,0.277513292313,-0.0249030416466,-0.125279219518,0.366125073798,-0.297485592653
164,allocation_15,0.30251302095,-0.134282726521,0.0944060083237,0.0867703503804,-0.191443594182
164,allocation_16,0.309903452468,-0.168834795967,0.159778428949,-0.0992671984078,0.0400892136777
164,allocation_17,0.306113545578,-0.179687999865,0.172910194535,-0.150125626792,0.1471858621
164,allocation_18,0.301836071318,-0.182376093255,0.170013878416,-0.158827207919,0.153647631136
164,allocation_19,0.300550077846,-0.182550235556,0.167944624259,-0.160336465642,0.152034595319
165,allocation_00,-0.191540903177,-0.278593038994,-0.214814988264,-0.17830412294,-0.226896063792
165,allocation_01,-0.196617180707,-0.280326053443,-0.216539368568,-0.180629531615,-0.22963051251
165,allocation_02,-0.213687440823,-0.278385398836,-0.208587497231,-0.148059983045,-0.132440642503
165,allocation_03,-0.234647736196,-0.254224792011,-0.144055485418,-0.0163167044598,0.133320334562
165,allocation_04,-0.250628298855,-0.182297005433,0.0324030763808,0.234068077876,0.393977973986
165,allocation_05,-0.242422497751,-0.0326377701376,0.291888577009,0.35276799764,0.182655872407
165,allocation_06,-0.226052322436,0.0941923672805,0.354288212868,0.283369029043,-0.0220243943361
165,allocation_07,-0.128572883994,0.269442645729,0.301290646559,0.0250397187511,-0.21359455966
165,allocation_08,-0.0812637219332,0.322769598731,0.16339096341,-0.304018112065,-0.255688811317
165,allocation_09,-0.0663339988554,0.319391875008,0.109145387037,-0.34664661325,-0.175091378622
165,allocation_10,0.0490243686787,0.301958536451,-0.267649494311,-0.152735260668,0.352207805918
165,allocation_11,0.0683707441118,0.297027237148,-0.313648976766,-0.075526080323,0.348129041163
165,allocation_12,0.110802880142,0.235013612661,-0.345599195663,0.193871451093,0.0305656783964
165,allocation_13,0.245363545185,0.0859882591515,-0.267613506105,0.377277693013,-0.232617906194
165,allocation_14,0.273321862033,-0.027705002372,-0.142654984946,0.369699533329,-0.319531337033
165,allocation_15,0.299323768363,-0.133146997505,0.0941204794906,0.102242079006,-0.220089314882
165,allocation_16,0.312638523834,-0.166828374375,0.159337408829,-0.0866031786559,0.0331257150998
165,allocation_17,0.31029715066,-0.174796647581,0.169553544307,-0.154326880678,0.153208954666
165,allocation_18,0.305568979321,-0.174432612391,0.169406866103,-0.162852137406,0.164976440566
165,allocation_19,0.304066471006,-0.17428907843,0.168634949217,-0.163455998613,0.164721778948
166,allocation_00,-0.176039695883,-0.294361407629,-0.212286984516,-0.184723962928,-0.221483500884
166,allocation_01,-0.17966157243,-0.295504274889,-0.214159675181,-0.185267172368,-0.225257159683
166,allocation_02,-0.198195166476,-0.292824813782,-0.207503340561,-0.155317964736,-0.148346778608
166,allocation_03,-0.22444857208,-0.267983543878,-0.137352529363,0.00211783834251,0.123831069332
166,allocation_04,-0.237886236727,-0.194567429811,0.0202810948633,0.249058079385,0.390894546567
166,allocation_05,-0.244367559113,-0.0372874319455,0.284587423883,0.349638362114,0.182751437167
166,allocation_06,-0.235602206714,0.0823986980453,0.342289293468,0.282186794599,0.00539746384079
166,allocation_07,-0.140468446257,0.266157539506,0.285026337384,0.0166721701247,-0.216294788645
166,allocation_08,-0.0989557540169,0.319683964113,0.166651112036,-0.292902860404,-0.247324554706
166,allocation_09,-0.0830621528341,0.316263494071,0.120151797167,-0.336613661836,-0.17931105287
166,allocation_10,0.0421694958572,0.292582180144,-0.296751781845,-0.145531190548,0.375093574162
166,allocation_11,0.0587172054712,0.291385926535,-0.327857695665,-0.0911233835906,0.346546055817
166,allocation_12,0.106843270139,0.236237903945,-0.348618261699,0.188377881456,-0.0100524124923
166,allocation_13,0.251939035666,0.0860502495607,-0.251531194719,0.381732930282,-0.248881906619
166,allocation_14,0.28022566052,-0.0220700898609,-0.131187658902,0.370085482826,-0.304038210089
166,allocation_15,0.306811452694,-0.119729623087,0.0939713189501,0.101239598647,-0.207396292923
166,allocation_16,0.313528559754,-0.154008603761,0.16625080521,-0.0981527346486,0.0560030383506
166,allocation_17,0.312734845759,-0.159634495282,0.174788313339,-0.15222106129,0.154999562439
166,allocation_18,0.308933409151,-0.160745502423,0.174531569478,-0.162992424976,0.160496159297
166,allocation_19,0.307439469288,-0.160574242848,0.173455710372,-0.16390960137,0.159144553396
167,allocation_00,-0.179713841845,-0.293821660084,-0.207889030161,-0.179249471372,-0.216234960842
167,allocation_01,-0.18391887617,-0.294700621263,-0.20956900427,-0.180627614003,-0.217136717607
167,allocation_02,-0.205550204239,-0.290685967018,-0.20046226621,-0.149708394568,-0.134279872403
167,allocation_03,-0.229304410255,-0.263761005066,-0.139018661519,-0.0173574160504,0.098420778429
167,allocation_04,-0.243088487935,-0.184654465104,0.0303942344152,0.239208143371,0.380586450289
167,allocation_05,-0.24236646344,-0.026783468563,0.283911033925,0.345836840359,0.197688412806
167,allocation_06,-0.227979254843,0.0967208615369,0.345030696663,0.280147804324,-0.00917648707928
167,allocation_07,-0.132750901898,0.270070726551,0.291989517163,0.0342454831832,-0.215384745007
167,allocation_08,-0.0846612817285,0.323600487156,0.156749395741,-0.314138919179,-0.250163974776
167,allocation_09,-0.0682847386782,0.316729541634,0.111356256081,-0.358935978674,-0.188421566585
167,allocation_10,0.0458177447171,0.290578263504,-0.28941639761,-0.15721958968,0.368818056993
167,allocation_11,0.0637784629945,0.288602289181,-0.328966517114,-0.0851178730799,0.349738945823
167,allocation_12,0.10662001188,0.2288022313,-0.356920057648,0.202876230801,0.00859893691006
167,allocation_13,0.244713000188,0.0863816230717,-0.264645466577,0.37594279054,-0.242424275961
167,allocation_14,0.277378585764,-0.0227554264272,-0.133226633643,0.35381790212,-0.320427166971
167,allocation_15,0.308442825501,-0.124228808983,0.0886398493397,0.10050864209,-0.215769053512
167,allocation_16,0.317455133933,-0.155544142339,0.161249020628,-0.0866225603071,0.0397585245014
167,allocation_17,0.314237425737,-0.165621098003,0.172722264428,-0.147442026411,0.159061477405
167,allocation_18,0.30935921819,-0.166340612548,0.173105935453,-0.157394362936,0.169383921199
167,allocation_19,0.308322955857,-0.166811756991,0.17242830334,-0.157392541091,0.167034369806
168,allocation_00,-0.178701633137,-0.288124612281,-0.21667460776,-0.184628039497,-0.239406268258
168,allocation_01,-0.182214960527,-0.288889289805,-0.219130953942,-0.185909603173,-0.240998485825
168,allocation_02,-0.20189659135,-0.287953884801,-0.211788393188,-0.150326327758,-0.136136854158
168,allocation_03,-0.229192284773,-0.262137380105,-0.132593460723,-0.00397496989051,0.146439882931
168,allocation_04,-0.245836166207,-0.18705793667,0.0365434302215,0.236697303883,0.384302453734
168,allocation_05,-0.244176413241,-0.0362093295311,0.288286998566,0.345014504672,0.1878779074
168,allocation_06,-0.230515544136,0.0879218494505,0.349162888126,0.277357533531,-0.0218848255961
168,allocation_07,-0.130550225307,0.268911523446,0.293799358937,0.0143147133231,-0.242417126676
168,allocation_08,-0.0874086228674,0.322596072913,0.1597130529,-0.314834923402,-0.226275045897
168,allocation_09,-0.0752370231839,0.319053854025,0.118326904021,-0.347076977768,-0.168775830565
168,allocation_10,0.0478926060888,0.295046333483,-0.285945663011,-0.144050000484,0.373429382945
168,allocation_11,0.0673107797153,0.293650796009,-0.325690011501,-0.0752058860284,0.344516702024
168,allocation_12,0.11123467914,0.230658480862,-0.350142123056,0.198046210493,-0.00436932941764
168,allocation_13,0.244430881456,0.0883781488267,-0.253832004076,0.389476784252,-0.264999840542
168,allocation_14,0.27120642284,-0.0201142323633,-0.123494374533,0.370308365211,-0.323927676503
168,allocation_15,0.308242827275,-0.128961459844,0.110462806495,0.0706946368446,-0.155200732158
168,allocation_16,0.317055792021,-0.156420442261,0.157643466043,-0.0949100603023,0.0482492599012
168,allocation_17,0.314386756351,-0.165572267675,0.165615398288,-0.148783346954,0.14746470482
168,allocation_18,0.309751649633,-0.167872833062,0.167258424008,-0.152602068434,0.144288919722
168,allocation_19,0.308565702218,-0.168193596507,0.166835186552,-0.151925975976,0.142879382163
169,allocation_00,-0.17400898018,-0.29225995516,-0.219413828526,-0.177735785877,-0.224329594034
169,allocation_01,-0.177173668987,-0.293630292401,-0.22277443574,-0.178426685873,-0.228041221406
169,allocation_02,-0.194585521993,-0.291645031794,-0.215797294463,-0.147634904664,-0.141897232101
169,allocation_03,-0.218646058324,-0.270460687648,-0.140209721848,-0.00427592059655,0.13290166837
169,allocation_04,-0.235132215267,-0.197522203539,0.0360098748421,0.242819103689,0.392009085806
169,allocation_05,-0.237411846502,-0.0511415133926,0.299466853612,0.341508000323,0.18199682854
169,allocation_06,-0.231164005891,0.073726478145,0.361036606629,0.271757899417,-0.0101421525439
169,allocation_07,-0.143773566728,0.260640256916,0.294731574188,0.0108621302121,-0.22534825066
169,allocation_08,-0.102792271554,0.316151745104,0.158687875398,-0.306429879912,-0.251796044941
169,allocation_09,-0.0881567793315,0.314509910807,0.109783824764,-0.340391999802,-0.171791845624
169,allocation_10,0.0293607266892,0.302639192598,-0.281080005674,-0.138314489105,0.372927565973
169,allocation_11,0.0466625719398,0.301662349453,-0.321425996157,-0.0701492192615,0.346889407863
169,allocation_12,0.0920024054916,0.245026067328,-0.347531491776,0.198371028065,0.00224102051913
169,allocation_13,0.241325027769,0.0966610936971,-0.251820684998,0.394371660629,-0.257277087323
169,allocation_14,0.276030895179,-0.0133531128556,-0.123319040158,0.374876500827,-0.314090532243
169,allocation_15,0.30982634677,-0.114711331711,0.0970805805811,0.0841823696808,-0.185964010328
169,allocation_16,0.322976830355,-0.143886133746,0.154941147303,-0.101517367169,0.0557965217958
169,allocation_17,0.320769182427,-0.151016486488,0.160215407968,-0.15463120854,0.148567942591
169,allocation_18,0.316510594688,-0.154037861722,0.158350127983,-0.165116086703,0.150045982604
169,allocation_19,0.315040879114,-0.154097657675,0.1571023709,-0.165540171722,0.150813439113
170,allocation_00,-0.195175609116,-0.281828054273,-0.197826278405,-0.179366852702,-0.23710545786
170,allocation_01,-0.199591344577,-0.283035532098,-0.201334973557,-0.181016160049,-0.237793222607
170,allocation_02,-0.216565912445,-0.279755583462,-0.196865975588,-0.152990230862,-0.146416629837
170,allocation_03,-0.235809596057,-0.25173775187,-0.139872012972,-0.012411545462,0.140266531833
170,allocation_04,-0.246151328722,-0.18327316651,0.0111656617453,0.230867167921,0.406442035772
170,allocation_05,-0.241464906407,-0.0173159696562,0.28130803287,0.367389100014,0.187727543322
170,allocation_06,-0.224910430325,0.10451920854,0.341321101497,0.299810630464,-0.00488392016761
170,allocation_07,-0.12588256773,0.270740144637,0.294974301552,0.0290380233976,-0.217996378722
170,allocation_08,-0.0792153369916,0.324452168032,0.174277962139,-0.298972162637,-0.244096163796
170,allocation_09,-0.0655917429836,0.323207455055,0.129760322238,-0.334292475175,-0.169504041586
170,allocation_10,0.0562592867125,0.290690456391,-0.281098507389,-0.171067912654,0.372764671605
170,allocation_11,0.0752661731915,0.290899368756,-0.321018388611,-0.0994811603824,0.337234287144
170,allocation_12,0.117139076353,0.229592990815,-0.35295720812,0.182075624835,0.00140507728894
170,allocation_13,0.248808804231,0.0824059428216,-0.268441629741,0.373735243604,-0.248491537823
170,allocation_14,0.274806105512,-0.0251347251363,-0.148301933427,0.367976003457,-0.30772331143
170,allocation_15,0.303604128497,-0.134907302354,0.0920055318976,0.0935783442949,-0.183152136498
170,allocation_16,0.31119848887,-0.167393034241,0.164899710667,-0.0847008545011,0.0532768409197
170,allocation_17,0.306133228086,-0.176241162796,0.178124432309,-0.142732802649,0.149111369531
170,allocation_18,0.301278221871,-0.17944531561,0.179485065798,-0.154178210658,0.146367688367
170,allocation_19,0.300294188273,-0.17956141369,0.178120077111,-0.154562088873,0.143736975704
171,allocation_00,-0.187026687613,-0.278946936124,-0.227264500165,-0.175981244283,-0.236572152472
171,allocation_01,-0.191446901264,-0.280652272883,-0.230745801973,-0.177853029441,-0.237443534627
171,allocation_02,-0.211855112222,-0.277398566047,-0.219340733053,-0.144097822212,-0.128630014159
171,allocation_03,-0.237725573472,-0.252674140001,-0.143932655545,-0.0124428743996,0.154816789535
171,allocation_04,-0.250844315767,-0.179472847399,0.0416599034052,0.234787810361,0.397332783181
171,allocation_05,-0.243614445424,-0.0342404074717,0.29663453279,0.341098759978,0.176622925989
171,allocation_06,-0.224805371103,0.087266029988,0.354350032889,0.279821487163,-0.0323891384459
171,allocation_07,-0.128790861351,0.264291721981,0.298733798853,0.0213080422195,-0.250614862022
171,allocation_08,-0.079736090764,0.323825221071,0.15296481788,-0.318809458195,-0.238277500665
171,allocation_09,-0.064276468687,0.320763137585,0.104004301075,-0.351886887864,-0.153576278851
171,allocation_10,0.0495578770591,0.303395068592,-0.274864332764,-0.133040075441,0.379191242152
171,allocation_11,0.0674088630824,0.30037478438,-0.312282054521,-0.074426988625,0.348558351688
171,allocation_12,0.115412567814,0.234127728763,-0.339052146467,0.207217790183,-0.0117006037956
171,allocation_13,0.248142307101,0.0843297200314,-0.255494099899,0.385060540027,-0.235917369054
171,allocation_14,0.273502573946,-0.0231798916697,-0.141248524848,0.367593169527,-0.296470681595
171,allocation_15,0.301032352603,-0.133895909037,0.0927361679519,0.0867593561154,-0.192646513038
171,allocation_16,0.311491662398,-0.167274381575,0.158104460576,-0.0992095999314,0.0473256352009
171,allocation_17,0.310483805722,-0.176020468813,0.166331373453,-0.153336777463,0.143156535973
171,allocation_18,0.305805482715,-0.176714337906,0.163220310557,-0.158371982453,0.149654755984
171,allocation_19,0.304672555011,-0.176551406313,0.16239602348,-0.158902715281,0.150473019605
172,allocation_00,-0.1958327157,-0.277006805793,-0.207558301734,-0.186474493389,-0.234338051197
172,allocation_01,-0.19958011382,-0.27748696351,-0.211606827537,-0.188255446159,-0.236107080922
172,allocation_02,-0.218973777703,-0.273646902829,-0.205600024218,-0.154772350294,-0.136352821857
172,allocation_03,-0.241740897924,-0.248320649241,-0.138516599313,-0.00507016825852,0.13380042821
172,allocation_04,-0.250258185585,-0.175873009179,0.0316763337737,0.240387339437,0.389174189359
172,allocation_05,-0.24225856687,-0.0258166557418,0.291939790699,0.349735754092,0.188621727847
172,allocation_06,-0.222579908915,0.0980329086937,0.353082099567,0.282129026623,-0.0154971083796
172,allocation_07,-0.115393337592,0.271002873268,0.299038420036,0.0180258866225,-0.234161052166
172,allocation_08,-0.0683547907177,0.326969202751,0.168456345424,-0.306801904906,-0.23853480361
172,allocation_09,-0.0550861612606,0.323238424409,0.126010424274,-0.338076940931,-0.168547984025
172,allocation_10,0.0583491751958,0.295719637334,-0.277700990706,-0.147456575198,0.367315946219
172,allocation_11,0.0736785286304,0.292832411012,-0.319681410856,-0.0892138969014,0.349251375426
172,allocation_12,0.114583697994,0.230479010576,-0.348261273926,0.190800364285,0.00650820922815
172,allocation_13,0.243319875966,0.0830539302803,-0.264299523565,0.385386160393,-0.254509362789
172,allocation_14,0.271026972314,-0.0314442226665,-0.136083076522,0.367519627352,-0.318287455696
172,allocation_15,0.303281960428,-0.138796010348,0.0880096086144,0.0957904007974,-0.184975943018
172,allocation_16,0.311129391857,-0.173173184007,0.1597220867,-0.0884625920694,0.0584064405113
172,allocation_17,0.308241971978,-0.182190254309,0.168510698912,-0.148447752352,0.147076404301
172,allocation_18,0.304503722453,-0.183193015342,0.166771335004,-0.156249370985,0.147344487076
172,allocation_19,0.303984607185,-0.182935050773,0.166332100452,-0.155589537736,0.146423544887
173,allocation_00,-0.180810893911,-0.286788516762,-0.222947523382,-0.17665148386,-0.222563934805
173,allocation_01,-0.185219501192,-0.287772003281,-0.226252838026,-0.177379245758,-0.227029452655
173,allocation_02,-0.205547140723,-0.286674402257,-0.215938489812,-0.140811433361,-0.128342707805
173,allocation_03,-0.231968666643,-0.263211902006,-0.134821047309,0.00207675258396,0.134137478883
173,allocation_04,-0.246041306061,-0.187975314932,0.0476259621544,0.235456549405,0.367450851951
173,allocation_05,-0.239415883663,-0.0361083141426,0.301922862426,0.342141622429,0.175622056155
173,allocation_06,-0.226050968412,0.0853317222499,0.361642529063,0.274700659062,-0.0136873863849
173,allocation_07,-0.132053297067,0.265073066637,0.300781203677,0.0145191972983,-0.237565225719
173,allocation_08,-0.0869004328842,0.320940396136,0.15125690975,-0.3153574967,-0.257922386112
173,allocation_09,-0.0704523636308,0.317024453361,0.0931880997515,-0.358530386566,-0.166172619698
173,allocation_10,0.0382791929768,0.29949327784,-0.277431994439,-0.137234494397,0.375081731414
173,allocation_11,0.0575800361867,0.298080525822,-0.317838027109,-0.056289692655,0.352471102191
173,allocation_12,0.104379119738,0.23490775028,-0.343322185196,0.216415441308,0.0173587059715
173,allocation_13,0.246805718226,0.086393957623,-0.252992998633,0.387706869212,-0.25296816037
173,allocation_14,0.275485923592,-0.0209477950459,-0.126053118054,0.36130427558,-0.323580913622
173,allocation_15,0.307825568615,-0.123763604838,0.0883368045775,0.0871229594636,-0.197443237831
173,allocation_16,0.316467029728,-0.15768957688,0.157587376708,-0.0991957432779,0.0561738216264
173,allocation_17,0.313788804773,-0.165976001464,0.164568908162,-0.152390317483,0.15792431324
173,allocation_18,0.31046547207,-0.167913191843,0.162668035489,-0.159688813308,0.154119965091
173,allocation_19,0.309502737054,-0.168008903475,0.161615148937,-0.159636940034,0.151920068707
174,allocation_00,-0.181429796514,-0.286951867968,-0.222727387255,-0.179252802928,-0.221223454308
174,allocation_01,-0.184768618938,-0.288044569488,-0.226991229155,-0.178606940657,-0.226513308882
174,allocation_02,-0.203752571642,-0.286947480109,-0.220686630222,-0.144060982253,-0.13812492848
174,allocation_03,-0.231597546917,-0.260686829258,-0.138587803202,-0.00236733788018,0.13190692508
174,allocation_04,-0.248511036985,-0.181717253937,0.0487386607114,0.242162550646,0.385948076768
174,allocation_05,-0.242874828123,-0.0370765705163,0.298962502325,0.330415319362,0.192852339963
174,allocation_06,-0.229493338956,0.0848361184544,0.360406959393,0.261132739691,-0.0229696592296
174,allocation_07,-0.130392974146,0.262179638935,0.297869533635,0.0225212476498,-0.255034850875
174,allocation_08,-0.082717137612,0.323400609813,0.149634708829,-0.31320907628,-0.243539055301
174,allocation_09,-0.0666288100202,0.319201638532,0.0941305003003,-0.353907944002,-0.162035013069
174,allocation_10,0.0461361704674,0.299224915007,-0.281887438723,-0.134174622751,0.363376503383
174,allocation_11,0.0644468432893,0.297743175568,-0.31777180365,-0.0657271830834,0.344510774104
174,allocation_12,0.108311472322,0.232534378206,-0.34160807925,0.21781650379,0.011608700984
174,allocation_13,0.246664805695,0.0814161641072,-0.250156847253,0.388667023659,-0.238640603126
174,allocation_14,0.275162109554,-0.0284314515762,-0.122855558961,0.36739427857,-0.309333906834
174,allocation_15,0.302628888984,-0.126839096065,0.0950271547177,0.101030551695,-0.211042029016
174,allocation_16,0.317287413185,-0.160086048491,0.157375454238,-0.0937442961129,0.0401851583281
174,allocation_17,0.313414902403,-0.168572965314,0.166217260723,-0.158970539464,0.157191396057
174,allocation_18,0.309739298822,-0.170073193392,0.163202471114,-0.165903932017,0.160469395164
174,allocation_19,0.30838349499,-0.169795493441,0.162683360106,-0.166568666449,0.160854475715
175,allocation_00,-0.18236813168,-0.289530393925,-0.219493949746,-0.162555236347,-0.235547530379
175,allocation_01,-0.186267670804,-0.290591365338,-0.222019153523,-0.162969606556,-0.232527450865
175,allocation_02,-0.20522037351,-0.290383013712,-0.212073937388,-0.134585803844,-0.13078826943
175,allocation_03,-0.229796960428,-0.262483408816,-0.137528707692,-0.00430554539739,0.132490638683
175,allocation_04,-0.246062717353,-0.185360813136,0.041106302417,0.227664101161,0.397204200303
175,allocation_05,-0.242146299489,-0.0273073979086,0.304777883755,0.323488717731,0.192965572025
175,allocation_06,-0.222113206593,0.100573130054,0.360961965269,0.262022905651,-0.0146165624759
175,allocation_07,-0.131975914092,0.271493348863,0.294473226736,0.0294407924436,-0.213772482225
175,allocation_08,-0.0834867188317,0.325307703238,0.136352883154,-0.310462050541,-0.260347385046
175,allocation_09,-0.0677652540653,0.316213268571,0.0780895592776,-0.354831246252,-0.187008543764
175,allocation_10,0.0505729047169,0.29067974048,-0.289561931333,-0.149463395197,0.375960548114
175,allocation_11,0.0688098522007,0.289995529971,-0.32628335322,-0.075776146053,0.352015795591
175,allocation_12,0.11402571682,0.227956832211,-0.345552079469,0.223868665447,-0.0034851381591
175,allocation_13,0.247787151676,0.0803195140835,-0.248577872128,0.399688548861,-0.228685280713
175,allocation_14,0.276886943031,-0.0291783195316,-0.117686091661,0.372671739131,-0.29312978872
175,allocation_15,0.306183270216,-0.124460038906,0.0964020274638,0.0994816524059,-0.201695017572
175,allocation_16,0.31541791866,-0.156871276312,0.161577700599,-0.10530161806,0.0482604635264
175,allocation_17,0.31317673103,-0.166999857178,0.166853345064,-0.162250868295,0.146723007003
175,allocation_18,0.308679402044,-0.169939157011,0.164571322698,-0.168654615873,0.149718402099
175,allocation_19,0.30768486525,-0.170408100971,0.163353569735,-0.167349473086,0.147200603124
176,allocation_00,-0.184454455836,-0.28857931399,-0.217707979994,-0.177465589339,-0.196526349571
176,allocation_01,-0.187505623002,-0.289869175606,-0.220214174903,-0.177402995241,-0.20079603006
176,allocation_02,-0.204777594149,-0.289885197335,-0.211480732148,-0.14525955453,-0.139350184729
176,allocation_03,-0.230476562624,-0.263449234719,-0.141872244991,-0.00450783313231,0.09221451153
176,allocation_04,-0.241895156662,-0.186318602879,0.0293498564014,0.252813229312,0.356881415896
176,allocation_05,-0.240134143867,-0.0336117140077,0.292157401882,0.348078389011,0.196152301011
176,allocation_06,-0.230030443366,0.0910331854147,0.352851447798,0.275756491336,0.0135726748256
176,allocation_07,-0.136842141949,0.263628858182,0.296712453316,0.0100688632793,-0.21169670046
176,allocation_08,-0.0887697565302,0.319425136224,0.157740976498,-0.317120356607,-0.252392122088
176,allocation_09,-0.0725341494632,0.314452353724,0.105878283558,-0.356003079258,-0.178393841624
176,allocation_10,0.0517520201062,0.292601602746,-0.292593124766,-0.137030362778,0.362515275751
176,allocation_11,0.0692658617552,0.290535304253,-0.326431935672,-0.0681939296075,0.353300305311
176,allocation_12,0.112207753946,0.234754086485,-0.343469586415,0.209202003568,0.0359895967893
176,allocation_13,0.247132975633,0.0863115705814,-0.24799803618,0.38407868951,-0.266470557364
176,allocation_14,0.27460587089,-0.0222405038897,-0.122369490677,0.35813547264,-0.355567449747
176,allocation_15,0.305322248538,-0.12628663771,0.101909198363,0.079533516459,-0.210061471495
176,allocation_16,0.314486073963,-0.161508386257,0.161161225815,-0.0952985010784,0.0483717214799
176,allocation_17,0.312146933903,-0.171508251472,0.166657065775,-0.145870094114,0.164008532791
176,allocation_18,0.307415792072,-0.173507260385,0.164465018688,-0.154322634749,0.171323305337
176,allocation_19,0.30690897034,-0.173439429527,0.163113275682,-0.154668161345,0.170545774364
177,allocation_00,-0.189068534132,-0.278609478429,-0.211194073866,-0.19101536617,-0.247943460775
177,allocation_01,-0.193546284418,-0.280685722448,-0.213820501376,-0.191348562807,-0.250881492527
177,allocation_02,-0.215628043661,-0.276124741288,-0.204385541465,-0.152292385584,-0.12812478417
177,allocation_03,-0.237505363942,-0.249634188709,-0.139687022347,0.00135590159784,0.149204198546
177,allocation_04,-0.250691364801,-0.180800799634,0.0123957736194,0.242388601631,0.384017775376
177,allocation_05,-0.250516226309,-0.0285348464792,0.276717976886,0.344582585969,0.181213410254
177,allocation_06,-0.231685730854,0.0957024701523,0.345894445971,0.282267674037,-0.0086488808412
177,allocation_07,-0.127270846147,0.268970395624,0.305171290597,0.0306445533189,-0.207808411759
177,allocation_08,-0.0786925702974,0.329640290664,0.171090448596,-0.300373029295,-0.231705683069
177,allocation_09,-0.0614717809343,0.324450203226,0.118995702329,-0.34511061005,-0.175622581737
177,allocation_10,0.0583139694868,0.295071546368,-0.288198283084,-0.157518580471,0.348622122224
177,allocation_11,0.074173634496,0.292612512333,-0.324322447051,-0.0896024150459,0.345471888983
177,allocation_12,0.118852940631,0.228108925579,-0.346490056749,0.204571600285,0.0165647507608
177,allocation_13,0.249716580648,0.08156818828,-0.255172235281,0.381890574042,-0.246803260341
177,allocation_14,0.274065284472,-0.0264157450818,-0.128869744614,0.356804477701,-0.329053013087
177,allocation_15,0.301454587922,-0.131522245499,0.0914238735452,0.0980454561322,-0.198726412127
177,allocation_16,0.308248509663,-0.16984109932,0.162717914105,-0.0828771881201,0.053418518845
177,allocation_17,0.304915732262,-0.180119017374,0.173089353124,-0.147165562877,0.159706926581
177,allocation_18,0.299656024598,-0.181019517281,0.17450458137,-0.158416616558,0.159934449238
177,allocation_19,0.29879578122,-0.180729508515,0.173766763254,-0.158745357638,0.15819407901
178,allocation_00,-0.195683855482,-0.271530961424,-0.223624978227,-0.187055538312,-0.228496185731
178,allocation_01,-0.199699561687,-0.272388648658,-0.225972052926,-0.18723100927,-0.230332201726
178,allocation_02,-0.220025610648,-0.268269047896,-0.219308249582,-0.148963501165,-0.133793810176
178,allocation_03,-0.242636224383,-0.241234960801,-0.142427894033,0.000292513983911,0.143402039598
178,allocation_04,-0.256855565876,-0.174051887614,0.0387045212425,0.234733101294,0.381116854429
178,allocation_05,-0.248062885519,-0.0355874109161,0.297191292044,0.329185885016,0.181916806766
178,allocation_06,-0.230122734445,0.0887450863729,0.36266259322,0.262356566918,-0.00411229552365
178,allocation_07,-0.123234744943,0.265733836338,0.305401453077,0.025381926765,-0.215009257502
178,allocation_08,-0.0678617099166,0.328491436545,0.156849686865,-0.297047210442,-0.262035082676
178,allocation_09,-0.0538444787132,0.325511262136,0.113629367754,-0.328852424581,-0.193046524815
178,allocation_10,0.0586957679008,0.301846947532,-0.268278832173,-0.152261125911,0.362314741362
178,allocation_11,0.0736735306825,0.301769606975,-0.301703226792,-0.0943584957082,0.350260361735
178,allocation_12,0.115490137158,0.236402119087,-0.337208315701,0.205126417744,0.0290108518177
178,allocation_13,0.240631037209,0.0809913463076,-0.260247149362,0.402173343717,-0.216524679585
178,allocation_14,0.268584142931,-0.0343078719007,-0.136188645776,0.379325722104,-0.306695223366
178,allocation_15,0.298209395639,-0.139539896385,0.0887531975358,0.104239875838,-0.228684742357
178,allocation_16,0.308810119075,-0.175078948198,0.158842399744,-0.0970225431469,0.0292188449557
178,allocation_17,0.3062398051,-0.183395369263,0.167587915715,-0.156334399534,0.154838713431
178,allocation_18,0.301448828466,-0.185032091592,0.16501787184,-0.1639868661,0.162748118119
178,allocation_19,0.300313462304,-0.184943393369,0.16434698942,-0.164434571715,0.162478842625
179,allocation_00,-0.18234706015,-0.286519732528,-0.214467361211,-0.179368726574,-0.246989822671
179,allocation_01,-0.185624433315,-0.287712780218,-0.21677701773,-0.17944794212,-0.247186008511
179,allocation_02,-0.20531844626,-0.287312069053,-0.20714392151,-0.145655640985,-0.134176894268
179,allocation_03,-0.229185362331,-0.261534921771,-0.134494036426,-0.00783762890709,0.143695383745
179,allocation_04,-0.245018391017,-0.191137370028,0.0289772951873,0.221874449054,0.403794101253
179,allocation_05,-0.245881781143,-0.038979696394,0.286985895249,0.33503921899,0.18840749308
179,allocation_06,-0.232051317252,0.0853406943411,0.348864068067,0.281833011016,-0.00966907519051
179,allocation_07,-0.136518141623,0.262625164326,0.302007014668,0.0481956174792,-0.221565897569
179,allocation_08,-0.0894360068654,0.325217810404,0.158753171362,-0.302974830139,-0.244917972578
179,allocation_09,-0.0750662922093,0.322532893842,0.116041781373,-0.33590674956,-0.191905515581
179,allocation_10,0.0393033140507,0.299499345808,-0.28034892947,-0.163595003488,0.36149129216
179,allocation_11,0.0559427869041,0.29768120306,-0.32078442395,-0.0992702305031,0.347426524042
179,allocation_12,0.102548762508,0.230664291337,-0.350004639812,0.210888353702,0.01195240202
179,allocation_13,0.241751346605,0.087151966852,-0.260999318264,0.396288883989,-0.238576178083
179,allocation_14,0.272119876146,-0.0182041516758,-0.140741456455,0.371110715406,-0.298102886244
179,allocation_15,0.30791482308,-0.123866905423,0.0963243720825,0.0888423299076,-0.178786718401
179,allocation_16,0.316902314021,-0.154821994217,0.159830141175,-0.0901983579243,0.0472659624959
179,allocation_17,0.313040528253,-0.162702931788,0.168484633472,-0.151731130339,0.145972621608
179,allocation_18,0.309042049241,-0.165388474816,0.168003769651,-0.160489049169,0.145454077462
179,allocation_19,0.307534368013,-0.165806406701,0.16692627998,-0.160690317946,0.143969373231
180,allocation_00,-0.180315932864,-0.292207379291,-0.208999823197,-0.194007447832,-0.214726456931
180,allocation_01,-0.183339985595,-0.29306056394,-0.210826280994,-0.193035139409,-0.217109738935
180,allocation_02,-0.198921274557,-0.294057671391,-0.203714155629,-0.160498546795,-0.142785729002
180,allocation_03,-0.222167030509,-0.268928063463,-0.13260963952,0.000710070828595,0.119186393011
180,allocation_04,-0.234609118385,-0.193439454507,0.0275320706875,0.254465057857,0.390253631903
180,allocation_05,-0.238429514771,-0.0439539019007,0.282842777188,0.378257672309,0.189996813211
180,allocation_06,-0.232249216406,0.0837985031869,0.341454649209,0.283809798647,-0.0243988887881
180,allocation_07,-0.135725825602,0.272702777812,0.283259073916,-0.000550981443103,-0.224802297011
180,allocation_08,-0.100384711826,0.316914552033,0.175330953179,-0.293406967747,-0.237691430211
180,allocation_09,-0.0891935202264,0.314779694368,0.12842061993,-0.326968400457,-0.161037594137
180,allocation_10,0.0360866801569,0.296270153833,-0.283249376987,-0.145228402298,0.363232811421
180,allocation_11,0.0546423401495,0.294771465626,-0.327456424061,-0.0769694722022,0.34248509966
180,allocation_12,0.0978161740511,0.23818028689,-0.357115816525,0.175158854677,0.0220854860684
180,allocation_13,0.246158594524,0.090347250945,-0.26660981882,0.373258821323,-0.262602989087
180,allocation_14,0.276552523403,-0.0188448536677,-0.138522069081,0.363724329713,-0.338668498379
180,allocation_15,0.309377360256,-0.118896461238,0.0943630104593,0.0911360467915,-0.194234296261
180,allocation_16,0.319154690564,-0.148284357986,0.160969847398,-0.0828001035771,0.0516447815636
180,allocation_17,0.315478234514,-0.156209519684,0.173435670411,-0.15095033435,0.159888056145
180,allocation_18,0.312354632035,-0.156846042062,0.170652199787,-0.158715140246,0.161226418694
180,allocation_19,0.311550183378,-0.15696096917,0.169387689667,-0.159720856927,0.157713343601
181,allocation_00,-0.190001808954,-0.286749014232,-0.214614424168,-0.183320250562,-0.200969030432
181,allocation_01,-0.19332035823,-0.287968900189,-0.215370390133,-0.181611677286,-0.204811707653
181,allocation_02,-0.21149310699,-0.28707178342,-0.204503864032,-0.14942683792,-0.139082495667
181,allocation_03,-0.23491376332,-0.259801042348,-0.139240817477,-0.0069299300391,0.0917965415456
181,allocation_04,-0.246704802894,-0.175335667526,0.0381548121384,0.250443254701,0.376197951087
181,allocation_05,-0.24330260474,-0.0288614584957,0.289142123212,0.351051179306,0.187455501627
181,allocation_06,-0.226110397281,0.0965648424682,0.346553535146,0.276644675963,-0.00275514409865
181,allocation_07,-0.129501107878,0.269671511347,0.29297805359,0.0185171981907,-0.210002073438
181,allocation_08,-0.0831766678066,0.32309857875,0.159357939396,-0.30999748126,-0.251245221139
181,allocation_09,-0.0666970560753,0.320038495364,0.112546249553,-0.349963664323,-0.189410776511
181,allocation_10,0.0471735216767,0.295655564838,-0.282080713462,-0.146413451011,0.359266819057
181,allocation_11,0.065211713849,0.291301054454,-0.327520547082,-0.0777049727405,0.351389156436
181,allocation_12,0.109056045632,0.227093015078,-0.353651744674,0.194239019896,0.0345428720543
181,allocation_13,0.246175483294,0.0851779988095,-0.262353506959,0.380050295337,-0.24516564215
181,allocation_14,0.274726301138,-0.0239774013971,-0.1334314232,0.361907344303,-0.339334317376
181,allocation_15,0.303909201524,-0.128907947504,0.0937701499549,0.0925888040459,-0.224878612006
181,allocation_16,0.314123981497,-0.162584630077,0.159491064919,-0.0867492959381,0.0353386458672
181,allocation_17,0.31014821059,-0.171166053488,0.168534686274,-0.149085757365,0.171685863169
181,allocation_18,0.305572613251,-0.173782534305,0.168198532212,-0.159199573609,0.174085904204
181,allocation_19,0.303711652544,-0.174018826059,0.166803232792,-0.159183707642,0.171826143942
182,allocation_00,-0.180171140292,-0.290371289162,-0.219206669653,-0.172527682942,-0.229012802264
182,allocation_01,-0.183958314025,-0.291180662313,-0.222170614818,-0.172268420213,-0.231477097068
182,allocation_02,-0.202231275079,-0.290759998717,-0.215894921366,-0.140951142506,-0.138578360752
182,allocation_03,-0.223552159387,-0.268104068688,-0.145824452134,-0.0118656516432,0.12254841675
182,allocation_04,-0.239396152358,-0.189059947426,0.0452939768138,0.240749850374,0.414190706466
182,allocation_05,-0.238301587102,-0.0499678053343,0.299799503731,0.339269339497,0.197009528982
182,allocation_06,-0.228708905978,0.0770416037399,0.36252012598,0.270777310906,-0.0425042761341
182,allocation_07,-0.138395728744,0.254741242866,0.303387293317,0.0301690357697,-0.251998759356
182,allocation_08,-0.093679960239,0.31967761577,0.152017488556,-0.311082020067,-0.235716512023
182,allocation_09,-0.0797064651694,0.317621817705,0.101630278599,-0.345067869465,-0.160809266692
182,allocation_10,0.0327293556088,0.304036869051,-0.280689821414,-0.130322996567,0.361392477879
182,allocation_11,0.0489672135866,0.3023533293,-0.31533883672,-0.0720550323046,0.342055331837
182,allocation_12,0.0998849487719,0.233689038608,-0.343585385172,0.210141979632,-0.00309306966057
182,allocation_13,0.248453967538,0.0861499666007,-0.25094316771,0.394852544913,-0.244976887943
182,allocation_14,0.276072158843,-0.0205156892313,-0.128226974183,0.374156006478,-0.300977762299
182,allocation_15,0.30753481337,-0.120606083055,0.0968135785915,0.0794082982493,-0.187252774228
182,allocation_16,0.318253978786,-0.15249443093,0.156272017678,-0.105877416121,0.0457550657571
182,allocation_17,0.315918302571,-0.159792608677,0.162022340847,-0.15851124913,0.150014134403
182,allocation_18,0.312810429089,-0.162305877194,0.158939298904,-0.162316237741,0.150234397926
182,allocation_19,0.311812561821,-0.162309368531,0.157739025493,-0.161821573568,0.149002897731
183,allocation_00,-0.187124922978,-0.283159666945,-0.212158731304,-0.192503494034,-0.24356844937
183,allocation_01,-0.190824533945,-0.28397688817,-0.214532286285,-0.191895142523,-0.242620045029
183,allocation_02,-0.21238653115,-0.28293615568,-0.206285497163,-0.150082303187,-0.141702714189
183,allocation_03,-0.234926340471,-0.254183647548,-0.135472539024,0.00855433923883,0.16230622744
183,allocation_04,-0.245350730124,-0.185547039603,0.0170691008377,0.241727476394,0.395366533357
183,allocation_05,-0.242642659728,-0.0314680956804,0.292028995389,0.344138182458,0.167745382569
183,allocation_06,-0.227932692388,0.0919921819402,0.351474773309,0.282312806327,-0.00630316426356
183,allocation_07,-0.125933058003,0.272692058291,0.291203462187,0.018156280417,-0.230621133657
183,allocation_08,-0.0809464702744,0.326955661398,0.163247277946,-0.299788093899,-0.230956081801
183,allocation_09,-0.0639592509631,0.319972464125,0.115110498124,-0.343758531596,-0.158396451433
183,allocation_10,0.0540534484217,0.293668700754,-0.287874088261,-0.141540755556,0.366873299835
183,allocation_11,0.0726745846088,0.29178311601,-0.325369507674,-0.0804987705023,0.333766717151
183,allocation_12,0.115587760379,0.228047043166,-0.348982601819,0.193423547856,0.00414892665166
183,allocation_13,0.249563134871,0.0779516338993,-0.255769153293,0.383139768275,-0.250150516291
183,allocation_14,0.27462182011,-0.0302181731707,-0.129958377485,0.366785400286,-0.319379514852
183,allocation_15,0.30450363536,-0.13225330024,0.0963072062188,0.0946402913681,-0.185266661712
183,allocation_16,0.313626442728,-0.163576421204,0.157203136131,-0.083123179155,0.0453644860798
183,allocation_17,0.3097050236,-0.174573836256,0.170711072321,-0.153746772795,0.150388352053
183,allocation_18,0.304127320371,-0.175933294906,0.170999045833,-0.163763152574,0.15709902883
183,allocation_19,0.303292580994,-0.175901155201,0.170435157885,-0.164340246047,0.158137021023
184,allocation_00,-0.197875054411,-0.27542207246,-0.215820762259,-0.17013224882,-0.230954789675
184,allocation_01,-0.201265895185,-0.276512338405,-0.219146644773,-0.169454747697,-0.235761861167
184,allocation_02,-0.219086451056,-0.274006785202,-0.208890944861,-0.135803038863,-0.137418743065
184,allocation_03,-0.23961567165,-0.249479224815,-0.139462048522,-0.0121466777623,0.123161492483
184,allocation_04,-0.247953586035,-0.172916789001,0.0430533341171,0.23330726026,0.420337334948
184,allocation_05,-0.241608085627,-0.0306620594287,0.301330814604,0.330132243711,0.20040146308
184,allocation_06,-0.222835579167,0.0977268993661,0.366092250123,0.263633802423,-0.0202738004361
184,allocation_07,-0.121112155501,0.269846086892,0.307230748017,0.036239924155,-0.217697889935
184,allocation_08,-0.0735973182158,0.328148040938,0.155992327616,-0.295151858231,-0.251738938698
184,allocation_09,-0.0568043931467,0.325180015669,0.103546102904,-0.335035992097,-0.189242338748
184,allocation_10,0.0569425278097,0.30032578211,-0.277670629728,-0.154175294067,0.354521077059
184,allocation_11,0.0742534181786,0.297200268854,-0.312920440284,-0.0930068991844,0.343614429579
184,allocation_12,0.118583325659,0.22924422447,-0.339166056921,0.216202472062,0.0247910053701
184,allocation_13,0.249493721412,0.0754362520704,-0.251837256325,0.401750431791,-0.221915764945
184,allocation_14,0.272805468454,-0.0369295753264,-0.123033009802,0.380819918485,-0.305979787131
184,allocation_15,0.300842517178,-0.135905574934,0.0934650216654,0.0996690732275,-0.197371838609
184,allocation_16,0.309567621755,-0.170816340299,0.160187506695,-0.105750635199,0.0471111265874
184,allocation_17,0.306573841532,-0.180394066747,0.1668630115,-0.161416841725,0.142922032066
184,allocation_18,0.302460348515,-0.180785348728,0.166611778715,-0.16900254415,0.149259306346
184,allocation_19,0.301337476464,-0.180909291518,0.16606059349,-0.169780042745,0.148558877572
185,allocation_00,-0.189497761124,-0.289522796465,-0.204065154629,-0.169947174039,-0.221227058184
185,allocation_01,-0.193067975764,-0.290300130574,-0.208400178881,-0.169272852386,-0.226783640894
185,allocation_02,-0.208829407042,-0.286787965612,-0.204844251758,-0.1410679464,-0.153132345474
185,allocation_03,-0.232463081389,-0.263440273616,-0.140429585729,-0.0116924111319,0.0951347368938
185,allocation_04,-0.246179919025,-0.18543168086,0.0267684254873,0.225858244131,0.410500761454
185,allocation_05,-0.246705369681,-0.0216138174768,0.290908933059,0.329761294999,0.211969936202
185,allocation_06,-0.230868949111,0.0969164727035,0.344852590511,0.277537474374,0.0177416841424
185,allocation_07,-0.131644117589,0.267356785214,0.292201932775,0.0436585930436,-0.220871509682
185,allocation_08,-0.0852998474548,0.326610666251,0.161303661364,-0.288021232632,-0.270044319106
185,allocation_09,-0.0695089257807,0.320625383641,0.107040421647,-0.337624118417,-0.195579447834
185,allocation_10,0.0539842416481,0.28816215701,-0.293479598225,-0.174204995282,0.373445501586
185,allocation_11,0.0698303106102,0.288061967134,-0.32702087638,-0.104868041509,0.348558720441
185,allocation_12,0.11391448882,0.224221451522,-0.350652127766,0.20476073741,-0.00743761897474
185,allocation_13,0.245737769975,0.0767266189939,-0.254443620332,0.396244641991,-0.234162117033
185,allocation_14,0.27413617933,-0.0282946056557,-0.131287316012,0.379841983617,-0.281741092581
185,allocation_15,0.304595091946,-0.131325081691,0.0953879260939,0.107395096182,-0.187092249825
185,allocation_16,0.311258557076,-0.162066906204,0.165711263456,-0.0865130079689,0.0434919678441
185,allocation_17,0.308606654387,-0.170341719796,0.177411824057,-0.157527370344,0.140916032102
185,allocation_18,0.303928701106,-0.172363519234,0.173910871276,-0.170225231801,0.143102349695
185,allocation_19,0.302299020957,-0.172734477642,0.172719427177,-0.171530816665,0.144777782049
186,allocation_00,-0.189636507551,-0.285398759241,-0.205347036703,-0.174153487885,-0.217313624005
186,allocation_01,-0.193573573494,-0.287196616382,-0.20652671613,-0.173830186497,-0.215063637622
186,allocation_02,-0.211834293163,-0.284751729431,-0.198921846747,-0.142744429787,-0.138700863167
186,allocation_03,-0.232021622838,-0.261678925149,-0.143541651725,-0.0212817824015,0.0938127320134
186,allocation_04,-0.247219785211,-0.192508878424,0.00799625797791,0.214743233718,0.367229609747
186,allocation_05,-0.241274671674,-0.0306793266995,0.284007331449,0.356051837926,0.220685784586
186,allocation_06,-0.230296469188,0.0898887086833,0.347254417605,0.300859976914,0.038737270691
186,allocation_07,-0.133575146782,0.264270142128,0.296362458788,0.0348105965842,-0.217338781735
186,allocation_08,-0.0882548630809,0.319166947594,0.172744374085,-0.298067834466,-0.262810572597
186,allocation_09,-0.0727213460788,0.314725123197,0.127868868107,-0.341432162396,-0.200345908956
186,allocation_10,0.0505935869404,0.295050546873,-0.28390941015,-0.159310749989,0.371257948426
186,allocation_11,0.0673530693437,0.292616969853,-0.322253988426,-0.101492617251,0.351436708479
186,allocation_12,0.110393620428,0.23097469119,-0.353489901099,0.19108656994,0.00999644395586
186,allocation_13,0.246143223597,0.0829524486078,-0.264277892147,0.383359647501,-0.244197506727
186,allocation_14,0.27357302579,-0.0277618417759,-0.131992000617,0.3731191364,-0.316939016601
186,allocation_15,0.303238366892,-0.133767877163,0.0975147293616,0.0939496521195,-0.197175286688
186,allocation_16,0.312304268692,-0.163306494292,0.159770158679,-0.0892936392527,0.045669628376
186,allocation_17,0.310279488801,-0.173234223778,0.169857710836,-0.147785080211,0.15526598895
186,allocation_18,0.303757895371,-0.175420747219,0.172105172847,-0.160210556819,0.15922915584
186,allocation_19,0.303036315462,-0.175046222037,0.171738893514,-0.160945081928,0.158212143609
187,allocation_00,-0.183990472245,-0.287672299539,-0.208522013899,-0.184410278256,-0.227440475325
187,allocation_01,-0.188027386588,-0.288973577491,-0.212142270882,-0.185414579398,-0.229163271034
187,allocation_02,-0.204467294647,-0.286521281449,-0.208587146208,-0.150580426686,-0.13550629521
187,allocation_03,-0.226440914496,-0.262179909627,-0.146859958261,-0.00884126767307,0.123497351995
187,allocation_04,-0.243490834812,-0.184362380567,0.0196487739523,0.249798978784,0.405344905381
187,allocation_05,-0.246277906295,-0.029965166338,0.283021233062,0.351724299994,0.189994251469
187,allocation_06,-0.23339506801,0.0961853057676,0.34504267194,0.270810037124,-0.016647519419
187,allocation_07,-0.139043044626,0.267961413876,0.289855438217,0.0284227768503,-0.211733400202
187,allocation_08,-0.0902859853746,0.325594270332,0.155670362902,-0.300992095432,-0.243864854732
187,allocation_09,-0.0751148036912,0.321713226913,0.112052251604,-0.335363454525,-0.178195852538
187,allocation_10,0.0544313986569,0.295437869927,-0.284677892211,-0.155454900988,0.363501013035
187,allocation_11,0.070991332206,0.292405941099,-0.323998218971,-0.0900508601513,0.347254237372
187,allocation_12,0.114295207362,0.22882439482,-0.351920561682,0.197284872835,0.00283940156729
187,allocation_13,0.248177213633,0.0832813874327,-0.261253767639,0.378180662573,-0.244243304284
187,allocation_14,0.277114208981,-0.0246696320799,-0.131456642959,0.366257604845,-0.31061489931
187,allocation_15,0.302598730833,-0.12405262204,0.0961291528778,0.108647747467,-0.206547557657
187,allocation_16,0.311117796689,-0.157066692699,0.168922674622,-0.0876654681061,0.0454888117083
187,allocation_17,0.310118332006,-0.166783135807,0.178734969448,-0.153640294719,0.151477211347
187,allocation_18,0.305737082774,-0.168614465521,0.174965148078,-0.164012048617,0.157347480397
187,allocation_19,0.304485236135,-0.168690856399,0.174234362663,-0.164877249999,0.155272346124
188,allocation_00,-0.18609618317,-0.289226355681,-0.210118786379,-0.181728567889,-0.214216987186
188,allocation_01,-0.189978764134,-0.28950485526,-0.213333556331,-0.181028246074,-0.215367285765
188,allocation_02,-0.206950969226,-0.288234486237,-0.206549539786,-0.144894099959,-0.135856778253
188,allocation_03,-0.233987117476,-0.263084525989,-0.132922462406,0.000142304942599,0.110309614714
188,allocation_04,-0.243401253911,-0.185949119319,0.0309738652751,0.244538895113,0.370114292844
188,allocation_05,-0.240064480891,-0.0260519389977,0.286306728509,0.357404104504,0.189417078904
188,allocation_06,-0.228034994308,0.0986235377479,0.345318604983,0.28438405898,0.0164127145216
188,allocation_07,-0.130339837235,0.272170715074,0.289640128594,0.010552590357,-0.219073931341
188,allocation_08,-0.0927560984859,0.32130630408,0.168140065424,-0.301659544563,-0.250915059438
188,allocation_09,-0.0754158279577,0.315518147514,0.113039325071,-0.352523962173,-0.175289580602
188,allocation_10,0.0488279447009,0.288762844116,-0.284814539461,-0.165409506079,0.374341346676
188,allocation_11,0.0686120106724,0.288696238017,-0.326288618114,-0.0796462198818,0.356272962438
188,allocation_12,0.11369545694,0.229204741485,-0.353696306486,0.197255678445,0.0227203322144
188,allocation_13,0.245487247795,0.0899771667069,-0.259681672939,0.378704772465,-0.254476851655
188,allocation_14,0.274287358799,-0.0153654812847,-0.132575791247,0.360515499017,-0.334829506665
188,allocation_15,0.306660767383,-0.124912829301,0.0971817733639,0.0843392037143,-0.200509772463
188,allocation_16,0.314090624259,-0.158836652634,0.1667025308,-0.0950797515153,0.0504881297606
188,allocation_17,0.311079388623,-0.170923790137,0.173691640322,-0.142583615316,0.15386834677
188,allocation_18,0.305895459397,-0.174055056711,0.170593173341,-0.152230434718,0.161508069733
188,allocation_19,0.304943708121,-0.174513735272,0.169384587611,-0.154126995567,0.159156710789
189,allocation_00,-0.183829886123,-0.28406774186,-0.212098229116,-0.196180769251,-0.23286017693
189,allocation_01,-0.187437500511,-0.285255760294,-0.214394108984,-0.194208896957,-0.239999927818
189,allocation_02,-0.207060376907,-0.284556796995,-0.207168507758,-0.152377727298,-0.148098367391
189,allocation_03,-0.234129532387,-0.257276545459,-0.13767224807,0.0101904599807,0.141459828473
189,allocation_04,-0.24708889061,-0.184474826426,0.0167442588359,0.240646977353,0.394445348255
189,allocation_05,-0.248156277108,-0.0273410779756,0.279532375649,0.350878167545,0.184505184921
189,allocation_06,-0.231008362781,0.0975470235199,0.34303130725,0.274380440563,-0.0187395242018
189,allocation_07,-0.127790235992,0.269993170692,0.292801331218,0.0125703944539,-0.217899965802
189,allocation_08,-0.0813921332947,0.325046193911,0.164852157616,-0.296532692088,-0.236168885622
189,allocation_09,-0.0655261510777,0.321146932797,0.114219256772,-0.336194540752,-0.168359382334
189,allocation_10,0.0580650048917,0.291599784594,-0.28636310418,-0.155928351434,0.357661426511
189,allocation_11,0.0751752694068,0.289403214043,-0.325810077523,-0.093297526394,0.335933169223
189,allocation_12,0.117872724178,0.22834586399,-0.353039882513,0.187693031827,0.0139610011344
189,allocation_13,0.252044937793,0.0795785376986,-0.256790593929,0.38276371483,-0.239883090142
189,allocation_14,0.27881798096,-0.0260788730772,-0.131212963548,0.368474246514,-0.316963807439
189,allocation_15,0.302461368179,-0.129412585754,0.0950416294047,0.0987020029022,-0.212474960102
189,allocation_16,0.310218141383,-0.164757264198,0.168837967751,-0.0860144777674,0.0415978884994
189,allocation_17,0.307938704044,-0.174917024517,0.176984641627,-0.151503431297,0.157694506432
189,allocation_18,0.303513016067,-0.176683398277,0.174184697427,-0.162218133545,0.164224470033
189,allocation_19,0.302138319374,-0.17648049529,0.173142984856,-0.161582844263,0.164194394794
190,allocation_00,-0.179972572871,-0.292841315788,-0.21549837249,-0.177069186115,-0.221757077018
190,allocation_01,-0.183406669235,-0.293739197717,-0.217723945754,-0.175538792255,-0.224903579664
190,allocation_02,-0.202540218629,-0.292296966104,-0.212387559342,-0.141396408219,-0.143214287732
190,allocation_03,-0.227528451065,-0.263259777716,-0.1331002923,0.000708126418021,0.116025192823
190,allocation_04,-0.242359205893,-0.186992231527,0.0437151911965,0.239495236709,0.392167085142
190,allocation_05,-0.242781465273,-0.0334888455381,0.292677468238,0.33567439488,0.199480443846
190,allocation_06,-0.228325969008,0.094741265664,0.351510961658,0.261678574219,-0.0118811401549
190,allocation_07,-0.138596983653,0.264845423338,0.296604727681,0.025220375052,-0.217729831907
190,allocation_08,-0.09436429039,0.322582339759,0.152790949664,-0.307640514431,-0.25049663086
190,allocation_09,-0.0780503821639,0.317677572162,0.105536899698,-0.344648340052,-0.191560851724
190,allocation_10,0.0392135950151,0.298497498661,-0.291845536632,-0.153299246198,0.354951565292
190,allocation_11,0.0554501174299,0.295849780915,-0.328236006922,-0.086121193696,0.350154838268
190,allocation_12,0.103008787244,0.231344574057,-0.351092920988,0.209901919982,0.0173941418052
190,allocation_13,0.248892283347,0.0866360103149,-0.247022583747,0.388084851897,-0.239022008815
190,allocation_14,0.277926138874,-0.0175340363419,-0.12058022715,0.367112092314,-0.309518682387
190,allocation_15,0.307229709496,-0.117065049186,0.0922926969653,0.102760485916,-0.209588257602
190,allocation_16,0.316917889433,-0.149949521469,0.159478362031,-0.0945546076187,0.0407250933251
190,allocation_17,0.312615158674,-0.161360318378,0.168339742476,-0.163293665376,0.159928612992
190,allocation_18,0.308762491503,-0.162409770192,0.167263612169,-0.170998238343,0.16368758572
190,allocation_19,0.30799002687,-0.162691237878,0.166549289348,-0.171767368446,0.160933196508
191,allocation_00,-0.171430452976,-0.296708759662,-0.208776623703,-0.177483624044,-0.223250202186
191,allocation_01,-0.174719062221,-0.297767737569,-0.212199023064,-0.1774294905,-0.224646928036
191,allocation_02,-0.196017061731,-0.298012821565,-0.205264440224,-0.138610397411,-0.126012361706
191,allocation_03,-0.215948654122,-0.272557004848,-0.144828665788,-0.0160757729589,0.109017296802
191,allocation_04,-0.234628957455,-0.192977167178,0.0365662261572,0.24417659525,0.407504293645
191,allocation_05,-0.238564024684,-0.0377768940558,0.297171583385,0.346500445931,0.18268091954
191,allocation_06,-0.232796038852,0.0821060079683,0.352211680334,0.27938528022,-0.0107870910257
191,allocation_07,-0.1456177913,0.260832297905,0.291089133225,0.0289373905328,-0.22580799976
191,allocation_08,-0.100487987452,0.319400113476,0.15661969906,-0.306707530409,-0.249121303575
191,allocation_09,-0.0860370669877,0.314176369256,0.113481102052,-0.348707865839,-0.176659700282
191,allocation_10,0.0312644041069,0.29761940973,-0.282413692727,-0.152896897294,0.375012112886
191,allocation_11,0.0480319466196,0.298953743333,-0.318847160042,-0.0833754364199,0.351489266888
191,allocation_12,0.0963292937264,0.236659851302,-0.351363623325,0.204288611363,-0.00717455142625
191,allocation_13,0.243707658725,0.0962164041911,-0.259822722443,0.383942695782,-0.241455587542
191,allocation_14,0.279371678294,-0.0101043922309,-0.131956371636,0.361653916091,-0.296700011589
191,allocation_15,0.311105102545,-0.11100666645,0.0928160879836,0.0958071045859,-0.203649486392
191,allocation_16,0.322997788926,-0.142282262381,0.159905172456,-0.0869265063569,0.0397071641808
191,allocation_17,0.319227195889,-0.152213513234,0.171710798909,-0.151445395042,0.154546885971
191,allocation_18,0.314486758403,-0.153226371078,0.172283428906,-0.163093657315,0.159810312634
191,allocation_19,0.313429971344,-0.153302656758,0.171128552449,-0.163595011652,0.158384512187
192,allocation_00,-0.184031926949,-0.285903451789,-0.219000282093,-0.188561972296,-0.213870477339
192,allocation_01,-0.188090771181,-0.287045206812,-0.221172577136,-0.188405470501,-0.215729857157
192,allocation_02,-0.208616158153,-0.283710920889,-0.212300501423,-0.149433965881,-0.130620280477
192,allocation_03,-0.233472041225,-0.259421681512,-0.140687579154,-0.00247001678128,0.11961082458
192,allocation_04,-0.245884628712,-0.177978104861,0.0428712550139,0.250901309351,0.392125238702
192,allocation_05,-0.244737751713,-0.0284788792848,0.291367744219,0.339163643173,0.159129648065
192,allocation_06,-0.229137198409,0.0914498776714,0.351944444836,0.271514560307,-0.0167521181213
192,allocation_07,-0.130725773004,0.266593035791,0.30345220843,0.0141551611001,-0.223092767482
192,allocation_08,-0.0788688179987,0.325689483272,0.148423778568,-0.323443098197,-0.242863921652
192,allocation_09,-0.0642902144951,0.322254952122,0.0990160069222,-0.356489651217,-0.166666404694
192,allocation_10,0.0495118009727,0.296180686264,-0.281707752787,-0.137827128531,0.384734597859
192,allocation_11,0.0674066662892,0.294908491768,-0.320409399042,-0.0687915541961,0.357891063818
192,allocation_12,0.114044202433,0.228261676277,-0.344938640062,0.214640502299,-0.00520512179262
192,allocation_13,0.244181717114,0.0837052799251,-0.256518073159,0.383997753525,-0.259105692714
192,allocation_14,0.274260801626,-0.0221668167072,-0.132587444843,0.352217084221,-0.329484694756
192,allocation_15,0.30511484484,-0.129314022033,0.0961212242894,0.0753697553334,-0.186838162177
192,allocation_16,0.313415512142,-0.162717244489,0.164751460473,-0.093111933606,0.0643854327903
192,allocation_17,0.311694544922,-0.170654816543,0.168218857417,-0.143290653512,0.151386791132
192,allocation_18,0.307926549579,-0.172591418401,0.165610515802,-0.15298328229,0.153192889827
192,allocation_19,0.307051032126,-0.172694710726,0.165076409401,-0.153003444846,0.152269022143
193,allocation_00,-0.187880392875,-0.288566649232,-0.208081518992,-0.170315759992,-0.216969942353
193,allocation_01,-0.190537832192,-0.289895172949,-0.210994053663,-0.171257408441,-0.216968531114
193,allocation_02,-0.209001534155,-0.288599723315,-0.205275349424,-0.139794289355,-0.126495442787
193,allocation_03,-0.232243863096,-0.264088219188,-0.138979479877,-0.0146930746869,0.0974390973737
193,allocation_04,-0.245625700589,-0.183459196893,0.0292206649508,0.23160432029,0.3639677641
193,allocation_05,-0.243742793892,-0.0209909959047,0.284955521034,0.346456184842,0.196157143711
193,allocation_06,-0.231629275088,0.100540073143,0.344306634165,0.28221304924,0.0367434129915
193,allocation_07,-0.135360523082,0.27061221675,0.290769844073,0.0331671183605,-0.195338565802
193,allocation_08,-0.0874337571239,0.325639949053,0.154255681953,-0.30413218744,-0.272810069456
193,allocation_09,-0.0759365383907,0.321332357032,0.110112396105,-0.339648196644,-0.217710405381
193,allocation_10,0.050816555153,0.291402137549,-0.297707949147,-0.154326310165,0.37180394374
193,allocation_11,0.0668939380785,0.289598508577,-0.327034160302,-0.100891313037,0.35943956885
193,allocation_12,0.114609145389,0.225240887462,-0.352195491375,0.203955803058,0.0126579014828
193,allocation_13,0.249217844636,0.0793824537917,-0.254898942928,0.384320055813,-0.234182093586
193,allocation_14,0.276070451212,-0.024500486625,-0.128721650473,0.368919989534,-0.315556394389
193,allocation_15,0.302342076777,-0.122842199332,0.0896975322458,0.108645284235,-0.214224718932
193,allocation_16,0.312508345147,-0.156993895717,0.161035880877,-0.0914108606898,0.0345039547548
193,allocation_17,0.309338812603,-0.168392675127,0.176974714376,-0.158752310101,0.155145035869
193,allocation_18,0.302441426219,-0.17082839209,0.178111397447,-0.166035854111,0.165243507664
193,allocation_19,0.301494565203,-0.170971119792,0.177413158203,-0.165238223401,0.166139211124
194,allocation_00,-0.19942313092,-0.277077182875,-0.208550746785,-0.192591155168,-0.205390895699
194,allocation_01,-0.203571718166,-0.276350913363,-0.213544351419,-0.194803573744,-0.209721491371
194,allocation_02,-0.221288006034,-0.27372114432,-0.208139583417,-0.162442706998,-0.135269025174
194,allocation_03,-0.243435016361,-0.245754227388,-0.135397116959,-0.00479893064157,0.126787807601
194,allocation_04,-0.253198496382,-0.172566342076,0.0306406505332,0.245307153149,0.364694796832
194,allocation_05,-0.238243941539,-0.0236333979253,0.283134676032,0.369706485004,0.188042325251
194,allocation_06,-0.219570214779,0.0992026814317,0.349477143968,0.289950345365,-0.0198487658589
194,allocation_07,-0.118826651166,0.271655006773,0.299097891082,0.00918474562346,-0.229869239386
194,allocation_08,-0.0677217148483,0.321582085092,0.173131160476,-0.314340518811,-0.237717027942
194,allocation_09,-0.0523555903973,0.318229656605,0.125300410749,-0.348157205951,-0.167346133084
194,allocation_10,0.0620409553991,0.298367153162,-0.265920369012,-0.1435091606,0.372866759535
194,allocation_11,0.0807934945558,0.292972821627,-0.311809798255,-0.0744585483165,0.360187982083
194,allocation_12,0.118655126043,0.230407046069,-0.353230621438,0.184322918102,0.00964083878489
194,allocation_13,0.243740053423,0.0797556012609,-0.276822992235,0.363100478473,-0.258306658398
194,allocation_14,0.271724280991,-0.0330960751966,-0.144229038769,0.352165439145,-0.332201209678
194,allocation_15,0.29969305316,-0.142958906485,0.0913065021163,0.0990354189975,-0.21977920864
194,allocation_16,0.308174441382,-0.178287954408,0.164614157698,-0.0899912487043,0.0619974375836
194,allocation_17,0.306947253443,-0.186553922689,0.170344919367,-0.141240141448,0.154807204882
194,allocation_18,0.303206463054,-0.187742453359,0.168095494641,-0.147388122986,0.160490001449
194,allocation_19,0.302315964137,-0.187633611253,0.16741083414,-0.148179894334,0.159817512466
195,allocation_00,-0.195050924929,-0.280531025745,-0.204699163668,-0.179177399604,-0.223990177479
195,allocation_01,-0.198164682236,-0.280919563467,-0.208001627334,-0.179796887024,-0.227030694238
195,allocation_02,-0.218560302681,-0.279655347443,-0.202090532222,-0.141500547694,-0.131761667852
195,allocation_03,-0.236706497632,-0.25349326376,-0.139779802651,-0.00642486452684,0.115118032021
195,allocation_04,-0.248670462953,-0.181778639315,0.0195253873662,0.218366605614,0.384433231268
195,allocation_05,-0.241412964939,-0.0275176053654,0.293998559681,0.356995126152,0.186532315537
195,allocation_06,-0.223343917093,0.0972107956857,0.353817170825,0.29722510207,0.0137077429547
195,allocation_07,-0.123424097873,0.274020971846,0.297577427226,0.0264549671067,-0.21087035914
195,allocation_08,-0.0806811381629,0.325281297371,0.165068848608,-0.293383456035,-0.262994498066
195,allocation_09,-0.0656036335409,0.321480483211,0.111083881913,-0.337771811441,-0.196890491155
195,allocation_10,0.0473718926291,0.295671406278,-0.277646575856,-0.166013949594,0.358875718233
195,allocation_11,0.063431695823,0.295520555173,-0.312672201824,-0.0881519449091,0.358156333227
195,allocation_12,0.11206905846,0.231666927062,-0.349645522752,0.192165967904,0.0266639108938
195,allocation_13,0.24897645577,0.0795865017648,-0.26991016293,0.381380815055,-0.22884623732
195,allocation_14,0.275283271862,-0.0281572949495,-0.14732958211,0.370963773921,-0.311393662909
195,allocation_15,0.303706588501,-0.132258715239,0.086560094014,0.100848231912,-0.215030311937
195,allocation_16,0.311600798875,-0.163439366716,0.16347198617,-0.0897709023074,0.0382890185201
195,allocation_17,0.30680335985,-0.173818474371,0.173857603876,-0.155299862207,0.162457572991
195,allocation_18,0.303133958273,-0.176819060131,0.171252645121,-0.164032089133,0.160957675826
195,allocation_19,0.30148342445,-0.176612065433,0.169944816526,-0.163066633695,0.159322099357
196,allocation_00,-0.18167041277,-0.28373093828,-0.217901264086,-0.185590903346,-0.232497912208
196,allocation_01,-0.185736039116,-0.28499307206,-0.221714889118,-0.186001914501,-0.235417964693
196,allocation_02,-0.206372936952,-0.284696116486,-0.208950939772,-0.150461671682,-0.13229386363
196,allocation_03,-0.231142100364,-0.260751714872,-0.136871105789,-0.00762511272545,0.121501300272
196,allocation_04,-0.247462366986,-0.184934617077,0.0348182397868,0.25625634249,0.385349303785
196,allocation_05,-0.243724265049,-0.0341921769087,0.282239179539,0.354598652856,0.193334955356
196,allocation_06,-0.228339015577,0.0933235193853,0.347642446144,0.269817169609,-0.0438472327368
196,allocation_07,-0.128808788985,0.267145970839,0.297653669931,0.0217205490051,-0.234735811974
196,allocation_08,-0.0832548429887,0.320736280638,0.165236152407,-0.310192852831,-0.238187848349
196,allocation_09,-0.0708742964329,0.31733448388,0.1175468714,-0.349357210935,-0.154358312622
196,allocation_10,0.047527570584,0.295161575521,-0.2817971141,-0.144053316869,0.375548670212
196,allocation_11,0.0675830221668,0.294436022067,-0.319259345783,-0.0788396235976,0.342805089676
196,allocation_12,0.114108802459,0.233458188351,-0.34327661634,0.185362557221,-0.00586367451719
196,allocation_13,0.250737198659,0.0881727347872,-0.258219774267,0.376050736492,-0.249059112609
196,allocation_14,0.276393019523,-0.0163923000717,-0.140055398775,0.368882595893,-0.310118895585
196,allocation_15,0.305822810221,-0.126572918468,0.0995713083705,0.0877897237172,-0.200880203458
196,allocation_16,0.3149489104,-0.162622031941,0.162126200221,-0.0877892871512,0.025125861092
196,allocation_17,0.310682293115,-0.174141481848,0.172861284975,-0.14849309194,0.153125251019
196,allocation_18,0.305978050537,-0.174813375374,0.170638746788,-0.156466678866,0.165115175275
196,allocation_19,0.30525658075,-0.174650717305,0.169873352981,-0.156687310504,0.162227442159
197,allocation_00,-0.16683101056,-0.300137445953,-0.202015968893,-0.17424903133,-0.239485427777
197,allocation_01,-0.171438621006,-0.301481280989,-0.207206713828,-0.175928813776,-0.245851662806
197,allocation_02,-0.191157209887,-0.299865595923,-0.202038874018,-0.139976049857,-0.136848106396
197,allocation_03,-0.215817005614,-0.275368145643,-0.141177730238,-0.00606807775806,0.131391270318
197,allocation_04,-0.234221452342,-0.198243537861,0.0193436215048,0.234115242705,0.415631854612
197,allocation_05,-0.241762155773,-0.0346408816068,0.294493309273,0.345514661076,0.192078800411
197,allocation_06,-0.230505402471,0.0863100559031,0.349068983521,0.283905360697,-0.00969370648067
197,allocation_07,-0.146274163968,0.259599967438,0.290541011224,0.0352813572816,-0.236736352885
197,allocation_08,-0.106329021233,0.319986195825,0.154610200147,-0.306746339138,-0.234549268558
197,allocation_09,-0.0911439726671,0.317404210031,0.111359168136,-0.34514465717,-0.161510755371
197,allocation_10,0.0390784126855,0.296236057371,-0.291876132044,-0.15251131433,0.350421299141
197,allocation_11,0.0568715092284,0.292979547607,-0.33195120171,-0.0819150780853,0.331076343278
197,allocation_12,0.107340943289,0.226081806008,-0.351550273871,0.209733276749,-0.00608855093979
197,allocation_13,0.252435541706,0.0878484661667,-0.249034460044,0.381080062953,-0.237312720432
197,allocation_14,0.282188082245,-0.0143570431546,-0.117534119522,0.366673243075,-0.304214196459
197,allocation_15,0.307777610238,-0.111406449738,0.107114113742,0.0927746443341,-0.200044608877
197,allocation_16,0.319570053348,-0.142489861982,0.168952108499,-0.0941522491933,0.0388786022054
197,allocation_17,0.317610122478,-0.150905014603,0.175728398766,-0.154635755295,0.1585430457
197,allocation_18,0.312689418523,-0.152822394657,0.173955822292,-0.16481604443,0.161653735688
197,allocation_19,0.31155616719,-0.152741148186,0.172836686804,-0.166202493025,0.158829586093
198,allocation_00,-0.160720232192,-0.30399217978,-0.214900147179,-0.183307582057,-0.221917714584
198,allocation_01,-0.163446236504,-0.305352971732,-0.217918258083,-0.18389271153,-0.223105152335
198,allocation_02,-0.181048669347,-0.305694586964,-0.210442294457,-0.15442049628,-0.142621227226
198,allocation_03,-0.208296149621,-0.283737770923,-0.141045447323,0.00277722316415,0.130503534502
198,allocation_04,-0.229053017121,-0.204155133941,0.031227299337,0.248567321685,0.402349455398
198,allocation_05,-0.242591004903,-0.0486394081769,0.291232944024,0.346562434598,0.179765840238
198,allocation_06,-0.235096021791,0.0740486805638,0.348898220246,0.271300395586,-0.033475083225
198,allocation_07,-0.155698255975,0.249814028639,0.294670431519,0.0217941940309,-0.232140087617
198,allocation_08,-0.111252931657,0.313555406597,0.151518304508,-0.317530224889,-0.231606944421
198,allocation_09,-0.0957555796935,0.310387205713,0.104074952152,-0.350631992937,-0.164430374079
198,allocation_10,0.0282329674883,0.294422578194,-0.287153775827,-0.144861638731,0.381522438984
198,allocation_11,0.0456437622834,0.29528313252,-0.321870948731,-0.0794594800996,0.356148430372
198,allocation_12,0.0967644184274,0.23371287599,-0.346417039389,0.21331598931,-0.0301846145479
198,allocation_13,0.242589787028,0.102465384703,-0.255265199259,0.379058151706,-0.256425527441
198,allocation_14,0.279959634408,-0.00597533014699,-0.128092748579,0.352812869193,-0.299723122721
198,allocation_15,0.313352994184,-0.10613818866,0.0924299584554,0.0878111885447,-0.189341405411
198,allocation_16,0.324200919872,-0.137640718702,0.164762906923,-0.0972834808956,0.0599109145968
198,allocation_17,0.322870611503,-0.145913896702,0.173926544944,-0.150755002894,0.142034636019
198,allocation_18,0.318230465329,-0.146912874483,0.174233973277,-0.155190778308,0.150484431384
198,allocation_19,0.317223756218,-0.147246546681,0.173432740206,-0.155046726522,0.150186512783
199,allocation_00,-0.188715674884,-0.28144475841,-0.21788497936,-0.177465571406,-0.235203492489
199,allocation_01,-0.193274282181,-0.282491703334,-0.220520355304,-0.178504591545,-0.238463595591
199,allocation_02,-0.213255026638,-0.282237560169,-0.209439590729,-0.13894249158,-0.120697942915
199,allocation_03,-0.234820935446,-0.260457736847,-0.137609828934,-0.00572057018106,0.140610318173
199,allocation_04,-0.246007374284,-0.186267367787,0.0421609276576,0.240430408294,0.397076690735
199,allocation_05,-0.235775951776,-0.0320834271046,0.303729859931,0.350584848783,0.165659183018
199,allocation_06,-0.220826414003,0.0948273188838,0.361692198575,0.279575564356,-0.0304244554695
199,allocation_07,-0.126332986462,0.267180171581,0.29835454425,0.0208832147349,-0.237971367469
199,allocation_08,-0.0815527768359,0.324200523301,0.149782640638,-0.309944109557,-0.248625392818
199,allocation_09,-0.0674071760369,0.320227779507,0.0991066312343,-0.353110911389,-0.152071285844
199,allocation_10,0.0450740683754,0.29940561462,-0.272898329176,-0.140812122914,0.374238429561
199,allocation_11,0.0645199339883,0.294999366705,-0.318435121183,-0.0627419806895,0.348402085862
199,allocation_12,0.109931412196,0.230205381399,-0.341307232796,0.210300267674,0.00682944244679
199,allocation_13,0.246056241633,0.0827098480928,-0.260828650844,0.388084083833,-0.24984307733
199,allocation_14,0.274533802106,-0.0246592394461,-0.139855419048,0.364985090102,-0.313978976443
199,allocation_15,0.306161705339,-0.129661513815,0.0901131922824,0.0713609271664,-0.186487796579
199,allocation_16,0.315449161001,-0.163527065607,0.154170550001,-0.0891508341315,0.0385362463957
199,allocation_17,0.312720517204,-0.171945093735,0.167436620776,-0.148156410067,0.147380023857
199,allocation_18,0.308287399831,-0.172482677662,0.166715818206,-0.158487696899,0.151187413552
199,allocation_19,0.306779613974,-0.17250042747,0.165221604452,-0.159101985976,0.150117845286
