kind,fold,stage,feature,center,scale,train_n
random_fire,0,autoregressive,current_growth_log1p,0.851331009632,0.826256203774,70039
random_fire,0,autoregressive,previous_growth_log1p,0.843973254291,0.829094200247,70039
random_fire,0,autoregressive,cumulative_log1p,1.96116594637,1.33206118565,70039
random_fire,0,autoregressive,elapsed_log1p,1.67805232215,0.738886772732,70039
random_fire,0,weather_only,maximum_temperature_c,25.937018661,7.22201265592,70039
random_fire,0,weather_only,minimum_temperature_c,11.0498001114,7.3970139153,70039
random_fire,0,weather_only,vpd_kpa,1.30563871557,0.718592063835,70039
random_fire,0,weather_only,wind_speed_m_s,3.80055112152,1.59685883784,70039
random_fire,0,state_plus_weather,current_growth_log1p,0.851331009632,0.826256203774,70039
random_fire,0,state_plus_weather,previous_growth_log1p,0.843973254291,0.829094200247,70039
random_fire,0,state_plus_weather,cumulative_log1p,1.96116594637,1.33206118565,70039
random_fire,0,state_plus_weather,elapsed_log1p,1.67805232215,0.738886772732,70039
random_fire,0,state_plus_weather,maximum_temperature_c,25.937018661,7.22201265592,70039
random_fire,0,state_plus_weather,minimum_temperature_c,11.0498001114,7.3970139153,70039
random_fire,0,state_plus_weather,vpd_kpa,1.30563871557,0.718592063835,70039
random_fire,0,state_plus_weather,wind_speed_m_s,3.80055112152,1.59685883784,70039
random_fire,0,state_weather_interactions,current_growth_log1p,0.851331009632,0.826256203774,70039
random_fire,0,state_weather_interactions,previous_growth_log1p,0.843973254291,0.829094200247,70039
random_fire,0,state_weather_interactions,cumulative_log1p,1.96116594637,1.33206118565,70039
random_fire,0,state_weather_interactions,elapsed_log1p,1.67805232215,0.738886772732,70039
random_fire,0,state_weather_interactions,maximum_temperature_c,25.937018661,7.22201265592,70039
random_fire,0,state_weather_interactions,minimum_temperature_c,11.0498001114,7.3970139153,70039
random_fire,0,state_weather_interactions,vpd_kpa,1.30563871557,0.718592063835,70039
random_fire,0,state_weather_interactions,wind_speed_m_s,3.80055112152,1.59685883784,70039
random_fire,0,state_weather_interactions,maximum_temperature_c_x_current_growth_log1p,22.1937602689,23.8196449508,70039
random_fire,0,state_weather_interactions,maximum_temperature_c_x_previous_growth_log1p,21.9859601015,23.8801417819,70039
random_fire,0,state_weather_interactions,minimum_temperature_c_x_current_growth_log1p,9.11309534353,11.8798373895,70039
random_fire,0,state_weather_interactions,minimum_temperature_c_x_previous_growth_log1p,9.00980689039,11.827365459,70039
random_fire,0,state_weather_interactions,vpd_kpa_x_current_growth_log1p,1.23912442511,1.7808155493,70039
random_fire,0,state_weather_interactions,vpd_kpa_x_previous_growth_log1p,1.22058634247,1.76741957705,70039
random_fire,0,state_weather_interactions,wind_speed_m_s_x_current_growth_log1p,3.30006093485,3.80801872817,70039
random_fire,0,state_weather_interactions,wind_speed_m_s_x_previous_growth_log1p,3.24850626033,3.73318857775,70039
random_fire,1,autoregressive,current_growth_log1p,0.846513691666,0.81912670813,69625
random_fire,1,autoregressive,previous_growth_log1p,0.839538260434,0.823654333583,69625
random_fire,1,autoregressive,cumulative_log1p,1.95391864447,1.32171344826,69625
random_fire,1,autoregressive,elapsed_log1p,1.6777017002,0.740044956706,69625
random_fire,1,weather_only,maximum_temperature_c,25.9519576302,7.22643302996,69625
random_fire,1,weather_only,minimum_temperature_c,11.103189228,7.39247459979,69625
random_fire,1,weather_only,vpd_kpa,1.3017351526,0.718308062678,69625
random_fire,1,weather_only,wind_speed_m_s,3.80612567325,1.59749371658,69625
random_fire,1,state_plus_weather,current_growth_log1p,0.846513691666,0.81912670813,69625
random_fire,1,state_plus_weather,previous_growth_log1p,0.839538260434,0.823654333583,69625
random_fire,1,state_plus_weather,cumulative_log1p,1.95391864447,1.32171344826,69625
random_fire,1,state_plus_weather,elapsed_log1p,1.6777017002,0.740044956706,69625
random_fire,1,state_plus_weather,maximum_temperature_c,25.9519576302,7.22643302996,69625
random_fire,1,state_plus_weather,minimum_temperature_c,11.103189228,7.39247459979,69625
random_fire,1,state_plus_weather,vpd_kpa,1.3017351526,0.718308062678,69625
random_fire,1,state_plus_weather,wind_speed_m_s,3.80612567325,1.59749371658,69625
random_fire,1,state_weather_interactions,current_growth_log1p,0.846513691666,0.81912670813,69625
random_fire,1,state_weather_interactions,previous_growth_log1p,0.839538260434,0.823654333583,69625
random_fire,1,state_weather_interactions,cumulative_log1p,1.95391864447,1.32171344826,69625
random_fire,1,state_weather_interactions,elapsed_log1p,1.6777017002,0.740044956706,69625
random_fire,1,state_weather_interactions,maximum_temperature_c,25.9519576302,7.22643302996,69625
random_fire,1,state_weather_interactions,minimum_temperature_c,11.103189228,7.39247459979,69625
random_fire,1,state_weather_interactions,vpd_kpa,1.3017351526,0.718308062678,69625
random_fire,1,state_weather_interactions,wind_speed_m_s,3.80612567325,1.59749371658,69625
random_fire,1,state_weather_interactions,maximum_temperature_c_x_current_growth_log1p,22.0545652444,23.6238520351,69625
random_fire,1,state_weather_interactions,maximum_temperature_c_x_previous_growth_log1p,21.8787122662,23.7464141541,69625
random_fire,1,state_weather_interactions,minimum_temperature_c_x_current_growth_log1p,9.08163644284,11.7943884702,69625
random_fire,1,state_weather_interactions,minimum_temperature_c_x_previous_growth_log1p,8.99557783291,11.7876668871,69625
random_fire,1,state_weather_interactions,vpd_kpa_x_current_growth_log1p,1.22580252204,1.7675608816,69625
random_fire,1,state_weather_interactions,vpd_kpa_x_previous_growth_log1p,1.21088252783,1.76219465823,69625
random_fire,1,state_weather_interactions,wind_speed_m_s_x_current_growth_log1p,3.30300249487,3.8406222188,69625
random_fire,1,state_weather_interactions,wind_speed_m_s_x_previous_growth_log1p,3.25473412027,3.79201582381,69625
random_fire,2,autoregressive,current_growth_log1p,0.86104421139,0.840886559885,70397
random_fire,2,autoregressive,previous_growth_log1p,0.855240679505,0.844856861182,70397
random_fire,2,autoregressive,cumulative_log1p,1.97962416244,1.35368949204,70397
random_fire,2,autoregressive,elapsed_log1p,1.67863179878,0.737070451253,70397
random_fire,2,weather_only,maximum_temperature_c,25.8873751722,7.21333905723,70397
random_fire,2,weather_only,minimum_temperature_c,10.9831249911,7.36484039092,70397
random_fire,2,weather_only,vpd_kpa,1.30147136952,0.717496157316,70397
random_fire,2,weather_only,wind_speed_m_s,3.8139707658,1.60925324491,70397
random_fire,2,state_plus_weather,current_growth_log1p,0.86104421139,0.840886559885,70397
random_fire,2,state_plus_weather,previous_growth_log1p,0.855240679505,0.844856861182,70397
random_fire,2,state_plus_weather,cumulative_log1p,1.97962416244,1.35368949204,70397
random_fire,2,state_plus_weather,elapsed_log1p,1.67863179878,0.737070451253,70397
random_fire,2,state_plus_weather,maximum_temperature_c,25.8873751722,7.21333905723,70397
random_fire,2,state_plus_weather,minimum_temperature_c,10.9831249911,7.36484039092,70397
random_fire,2,state_plus_weather,vpd_kpa,1.30147136952,0.717496157316,70397
random_fire,2,state_plus_weather,wind_speed_m_s,3.8139707658,1.60925324491,70397
random_fire,2,state_weather_interactions,current_growth_log1p,0.86104421139,0.840886559885,70397
random_fire,2,state_weather_interactions,previous_growth_log1p,0.855240679505,0.844856861182,70397
random_fire,2,state_weather_interactions,cumulative_log1p,1.97962416244,1.35368949204,70397
random_fire,2,state_weather_interactions,elapsed_log1p,1.67863179878,0.737070451253,70397
random_fire,2,state_weather_interactions,maximum_temperature_c,25.8873751722,7.21333905723,70397
random_fire,2,state_weather_interactions,minimum_temperature_c,10.9831249911,7.36484039092,70397
random_fire,2,state_weather_interactions,vpd_kpa,1.30147136952,0.717496157316,70397
random_fire,2,state_weather_interactions,wind_speed_m_s,3.8139707658,1.60925324491,70397
random_fire,2,state_weather_interactions,maximum_temperature_c_x_current_growth_log1p,22.4108193823,24.2588442658,70397
random_fire,2,state_weather_interactions,maximum_temperature_c_x_previous_growth_log1p,22.2530506046,24.348511837,70397
random_fire,2,state_weather_interactions,minimum_temperature_c_x_current_growth_log1p,9.15704880171,12.021980721,70397
random_fire,2,state_weather_interactions,minimum_temperature_c_x_previous_growth_log1p,9.07416818419,11.9939540309,70397
random_fire,2,state_weather_interactions,vpd_kpa_x_current_growth_log1p,1.25130406136,1.81691749335,70397
random_fire,2,state_weather_interactions,vpd_kpa_x_previous_growth_log1p,1.23611691292,1.8072521965,70397
random_fire,2,state_weather_interactions,wind_speed_m_s_x_current_growth_log1p,3.35242995497,3.90010931128,70397
random_fire,2,state_weather_interactions,wind_speed_m_s_x_previous_growth_log1p,3.30879084884,3.84125110707,70397
random_fire,3,autoregressive,current_growth_log1p,0.853428375142,0.826843716011,70714
random_fire,3,autoregressive,previous_growth_log1p,0.846060616747,0.828870637645,70714
random_fire,3,autoregressive,cumulative_log1p,1.96689501339,1.33210927499,70714
random_fire,3,autoregressive,elapsed_log1p,1.67768879172,0.736087713021,70714
random_fire,3,weather_only,maximum_temperature_c,25.9252128291,7.20206973211,70714
random_fire,3,weather_only,minimum_temperature_c,11.0407005685,7.37008012634,70714
random_fire,3,weather_only,vpd_kpa,1.30477331222,0.718629426102,70714
random_fire,3,weather_only,wind_speed_m_s,3.816176429,1.60835104344,70714
random_fire,3,state_plus_weather,current_growth_log1p,0.853428375142,0.826843716011,70714
random_fire,3,state_plus_weather,previous_growth_log1p,0.846060616747,0.828870637645,70714
random_fire,3,state_plus_weather,cumulative_log1p,1.96689501339,1.33210927499,70714
random_fire,3,state_plus_weather,elapsed_log1p,1.67768879172,0.736087713021,70714
random_fire,3,state_plus_weather,maximum_temperature_c,25.9252128291,7.20206973211,70714
random_fire,3,state_plus_weather,minimum_temperature_c,11.0407005685,7.37008012634,70714
random_fire,3,state_plus_weather,vpd_kpa,1.30477331222,0.718629426102,70714
random_fire,3,state_plus_weather,wind_speed_m_s,3.816176429,1.60835104344,70714
random_fire,3,state_weather_interactions,current_growth_log1p,0.853428375142,0.826843716011,70714
random_fire,3,state_weather_interactions,previous_growth_log1p,0.846060616747,0.828870637645,70714
random_fire,3,state_weather_interactions,cumulative_log1p,1.96689501339,1.33210927499,70714
random_fire,3,state_weather_interactions,elapsed_log1p,1.67768879172,0.736087713021,70714
random_fire,3,state_weather_interactions,maximum_temperature_c,25.9252128291,7.20206973211,70714
random_fire,3,state_weather_interactions,minimum_temperature_c,11.0407005685,7.37008012634,70714
random_fire,3,state_weather_interactions,vpd_kpa,1.30477331222,0.718629426102,70714
random_fire,3,state_weather_interactions,wind_speed_m_s,3.816176429,1.60835104344,70714
random_fire,3,state_weather_interactions,maximum_temperature_c_x_current_growth_log1p,22.2189816058,23.826949415,70714
random_fire,3,state_weather_interactions,maximum_temperature_c_x_previous_growth_log1p,22.0141068259,23.8511671899,70714
random_fire,3,state_weather_interactions,minimum_temperature_c_x_current_growth_log1p,9.11364757349,11.8870887898,70714
random_fire,3,state_weather_interactions,minimum_temperature_c_x_previous_growth_log1p,9.01790274971,11.8288884232,70714
random_fire,3,state_weather_interactions,vpd_kpa_x_current_growth_log1p,1.23982184861,1.79008485871,70714
random_fire,3,state_weather_interactions,vpd_kpa_x_previous_growth_log1p,1.22192817435,1.77587047328,70714
random_fire,3,state_weather_interactions,wind_speed_m_s_x_current_growth_log1p,3.32573154328,3.8489884614,70714
random_fire,3,state_weather_interactions,wind_speed_m_s_x_previous_growth_log1p,3.27509089369,3.78093884943,70714
random_fire,4,autoregressive,current_growth_log1p,0.854622811728,0.826984734017,71001
random_fire,4,autoregressive,previous_growth_log1p,0.847303032273,0.829890158863,71001
random_fire,4,autoregressive,cumulative_log1p,1.96949201618,1.32997113334,71001
random_fire,4,autoregressive,elapsed_log1p,1.67815402716,0.736634711441,71001
random_fire,4,weather_only,maximum_temperature_c,25.9221567302,7.20014266739,71001
random_fire,4,weather_only,minimum_temperature_c,11.0259510429,7.3702486302,71001
random_fire,4,weather_only,vpd_kpa,1.30481767862,0.716243556223,71001
random_fire,4,weather_only,wind_speed_m_s,3.80566611738,1.6007936763,71001
random_fire,4,state_plus_weather,current_growth_log1p,0.854622811728,0.826984734017,71001
random_fire,4,state_plus_weather,previous_growth_log1p,0.847303032273,0.829890158863,71001
random_fire,4,state_plus_weather,cumulative_log1p,1.96949201618,1.32997113334,71001
random_fire,4,state_plus_weather,elapsed_log1p,1.67815402716,0.736634711441,71001
random_fire,4,state_plus_weather,maximum_temperature_c,25.9221567302,7.20014266739,71001
random_fire,4,state_plus_weather,minimum_temperature_c,11.0259510429,7.3702486302,71001
random_fire,4,state_plus_weather,vpd_kpa,1.30481767862,0.716243556223,71001
random_fire,4,state_plus_weather,wind_speed_m_s,3.80566611738,1.6007936763,71001
random_fire,4,state_weather_interactions,current_growth_log1p,0.854622811728,0.826984734017,71001
random_fire,4,state_weather_interactions,previous_growth_log1p,0.847303032273,0.829890158863,71001
random_fire,4,state_weather_interactions,cumulative_log1p,1.96949201618,1.32997113334,71001
random_fire,4,state_weather_interactions,elapsed_log1p,1.67815402716,0.736634711441,71001
random_fire,4,state_weather_interactions,maximum_temperature_c,25.9221567302,7.20014266739,71001
random_fire,4,state_weather_interactions,minimum_temperature_c,11.0259510429,7.3702486302,71001
random_fire,4,state_weather_interactions,vpd_kpa,1.30481767862,0.716243556223,71001
random_fire,4,state_weather_interactions,wind_speed_m_s,3.80566611738,1.6007936763,71001
random_fire,4,state_weather_interactions,maximum_temperature_c_x_current_growth_log1p,22.260278764,23.8271651658,71001
random_fire,4,state_weather_interactions,maximum_temperature_c_x_previous_growth_log1p,22.0552050706,23.887161469,71001
random_fire,4,state_weather_interactions,minimum_temperature_c_x_current_growth_log1p,9.10056223725,11.7906716425,71001
random_fire,4,state_weather_interactions,minimum_temperature_c_x_previous_growth_log1p,8.99456032358,11.7318583317,71001
random_fire,4,state_weather_interactions,vpd_kpa_x_current_growth_log1p,1.24093223271,1.77627629698,71001
random_fire,4,state_weather_interactions,vpd_kpa_x_previous_growth_log1p,1.22337610124,1.76423398836,71001
random_fire,4,state_weather_interactions,wind_speed_m_s_x_current_growth_log1p,3.32909214571,3.86626468947,71001
random_fire,4,state_weather_interactions,wind_speed_m_s_x_previous_growth_log1p,3.278742746,3.8066867326,71001
year_block,0,autoregressive,current_growth_log1p,0.864746195904,0.838788817042,74787
year_block,0,autoregressive,previous_growth_log1p,0.857381669222,0.842771762813,74787
year_block,0,autoregressive,cumulative_log1p,1.98622859223,1.34717350905,74787
year_block,0,autoregressive,elapsed_log1p,1.68051628182,0.73976707808,74787
year_block,0,weather_only,maximum_temperature_c,25.8704554267,7.25645985306,74787
year_block,0,weather_only,minimum_temperature_c,10.9708044179,7.43873561852,74787
year_block,0,weather_only,vpd_kpa,1.30938839638,0.722428594673,74787
year_block,0,weather_only,wind_speed_m_s,3.82327008705,1.62119435322,74787
year_block,0,state_plus_weather,current_growth_log1p,0.864746195904,0.838788817042,74787
year_block,0,state_plus_weather,previous_growth_log1p,0.857381669222,0.842771762813,74787
year_block,0,state_plus_weather,cumulative_log1p,1.98622859223,1.34717350905,74787
year_block,0,state_plus_weather,elapsed_log1p,1.68051628182,0.73976707808,74787
year_block,0,state_plus_weather,maximum_temperature_c,25.8704554267,7.25645985306,74787
year_block,0,state_plus_weather,minimum_temperature_c,10.9708044179,7.43873561852,74787
year_block,0,state_plus_weather,vpd_kpa,1.30938839638,0.722428594673,74787
year_block,0,state_plus_weather,wind_speed_m_s,3.82327008705,1.62119435322,74787
year_block,0,state_weather_interactions,current_growth_log1p,0.864746195904,0.838788817042,74787
year_block,0,state_weather_interactions,previous_growth_log1p,0.857381669222,0.842771762813,74787
year_block,0,state_weather_interactions,cumulative_log1p,1.98622859223,1.34717350905,74787
year_block,0,state_weather_interactions,elapsed_log1p,1.68051628182,0.73976707808,74787
year_block,0,state_weather_interactions,maximum_temperature_c,25.8704554267,7.25645985306,74787
year_block,0,state_weather_interactions,minimum_temperature_c,10.9708044179,7.43873561852,74787
year_block,0,state_weather_interactions,vpd_kpa,1.30938839638,0.722428594673,74787
year_block,0,state_weather_interactions,wind_speed_m_s,3.82327008705,1.62119435322,74787
year_block,0,state_weather_interactions,maximum_temperature_c_x_current_growth_log1p,22.4495627256,24.1073524711,74787
year_block,0,state_weather_interactions,maximum_temperature_c_x_previous_growth_log1p,22.2608271151,24.2273277975,74787
year_block,0,state_weather_interactions,minimum_temperature_c_x_current_growth_log1p,9.15704491996,12.0297590886,74787
year_block,0,state_weather_interactions,minimum_temperature_c_x_previous_growth_log1p,9.06808592347,12.0087577863,74787
year_block,0,state_weather_interactions,vpd_kpa_x_current_growth_log1p,1.25807506466,1.80926166705,74787
year_block,0,state_weather_interactions,vpd_kpa_x_previous_growth_log1p,1.2415016038,1.80146487767,74787
year_block,0,state_weather_interactions,wind_speed_m_s_x_current_growth_log1p,3.37771190048,3.92445148741,74787
year_block,0,state_weather_interactions,wind_speed_m_s_x_previous_growth_log1p,3.32779918334,3.86464035919,74787
year_block,1,autoregressive,current_growth_log1p,0.854201105986,0.835665707069,63816
year_block,1,autoregressive,previous_growth_log1p,0.846371972361,0.838229365548,63816
year_block,1,autoregressive,cumulative_log1p,1.96477712211,1.34989042718,63816
year_block,1,autoregressive,elapsed_log1p,1.67518500673,0.737407882872,63816
year_block,1,weather_only,maximum_temperature_c,26.040554093,7.23721197359,63816
year_block,1,weather_only,minimum_temperature_c,11.0852090385,7.38799674521,63816
year_block,1,weather_only,vpd_kpa,1.31186645982,0.721318267935,63816
year_block,1,weather_only,wind_speed_m_s,3.81219286699,1.59709351708,63816
year_block,1,state_plus_weather,current_growth_log1p,0.854201105986,0.835665707069,63816
year_block,1,state_plus_weather,previous_growth_log1p,0.846371972361,0.838229365548,63816
year_block,1,state_plus_weather,cumulative_log1p,1.96477712211,1.34989042718,63816
year_block,1,state_plus_weather,elapsed_log1p,1.67518500673,0.737407882872,63816
year_block,1,state_plus_weather,maximum_temperature_c,26.040554093,7.23721197359,63816
year_block,1,state_plus_weather,minimum_temperature_c,11.0852090385,7.38799674521,63816
year_block,1,state_plus_weather,vpd_kpa,1.31186645982,0.721318267935,63816
year_block,1,state_plus_weather,wind_speed_m_s,3.81219286699,1.59709351708,63816
year_block,1,state_weather_interactions,current_growth_log1p,0.854201105986,0.835665707069,63816
year_block,1,state_weather_interactions,previous_growth_log1p,0.846371972361,0.838229365548,63816
year_block,1,state_weather_interactions,cumulative_log1p,1.96477712211,1.34989042718,63816
year_block,1,state_weather_interactions,elapsed_log1p,1.67518500673,0.737407882872,63816
year_block,1,state_weather_interactions,maximum_temperature_c,26.040554093,7.23721197359,63816
year_block,1,state_weather_interactions,minimum_temperature_c,11.0852090385,7.38799674521,63816
year_block,1,state_weather_interactions,vpd_kpa,1.31186645982,0.721318267935,63816
year_block,1,state_weather_interactions,wind_speed_m_s,3.81219286699,1.59709351708,63816
year_block,1,state_weather_interactions,maximum_temperature_c_x_current_growth_log1p,22.2940355086,24.0245607799,63816
year_block,1,state_weather_interactions,maximum_temperature_c_x_previous_growth_log1p,22.0850025644,24.0926456056,63816
year_block,1,state_weather_interactions,minimum_temperature_c_x_current_growth_log1p,9.10098508041,11.8556956745,63816
year_block,1,state_weather_interactions,minimum_temperature_c_x_previous_growth_log1p,8.99530383871,11.7989479182,63816
year_block,1,state_weather_interactions,vpd_kpa_x_current_growth_log1p,1.24528468487,1.78528022844,63816
year_block,1,state_weather_interactions,vpd_kpa_x_previous_growth_log1p,1.2280479218,1.77453861075,63816
year_block,1,state_weather_interactions,wind_speed_m_s_x_current_growth_log1p,3.33578749947,3.91257172349,63816
year_block,1,state_weather_interactions,wind_speed_m_s_x_previous_growth_log1p,3.28360630027,3.84649502972,63816
year_block,2,autoregressive,current_growth_log1p,0.852623277131,0.823993883814,66633
year_block,2,autoregressive,previous_growth_log1p,0.845129749074,0.827175046804,66633
year_block,2,autoregressive,cumulative_log1p,1.97165355239,1.3377530509,66633
year_block,2,autoregressive,elapsed_log1p,1.68714904246,0.743287926581,66633
year_block,2,weather_only,maximum_temperature_c,25.7031103207,7.12939691418,66633
year_block,2,weather_only,minimum_temperature_c,11.1102299161,7.33252183814,66633
year_block,2,weather_only,vpd_kpa,1.26851575045,0.695195155154,66633
year_block,2,weather_only,wind_speed_m_s,3.78832860595,1.58570952797,66633
year_block,2,state_plus_weather,current_growth_log1p,0.852623277131,0.823993883814,66633
year_block,2,state_plus_weather,previous_growth_log1p,0.845129749074,0.827175046804,66633
year_block,2,state_plus_weather,cumulative_log1p,1.97165355239,1.3377530509,66633
year_block,2,state_plus_weather,elapsed_log1p,1.68714904246,0.743287926581,66633
year_block,2,state_plus_weather,maximum_temperature_c,25.7031103207,7.12939691418,66633
year_block,2,state_plus_weather,minimum_temperature_c,11.1102299161,7.33252183814,66633
year_block,2,state_plus_weather,vpd_kpa,1.26851575045,0.695195155154,66633
year_block,2,state_plus_weather,wind_speed_m_s,3.78832860595,1.58570952797,66633
year_block,2,state_weather_interactions,current_growth_log1p,0.852623277131,0.823993883814,66633
year_block,2,state_weather_interactions,previous_growth_log1p,0.845129749074,0.827175046804,66633
year_block,2,state_weather_interactions,cumulative_log1p,1.97165355239,1.3377530509,66633
year_block,2,state_weather_interactions,elapsed_log1p,1.68714904246,0.743287926581,66633
year_block,2,state_weather_interactions,maximum_temperature_c,25.7031103207,7.12939691418,66633
year_block,2,state_weather_interactions,minimum_temperature_c,11.1102299161,7.33252183814,66633
year_block,2,state_weather_interactions,vpd_kpa,1.26851575045,0.695195155154,66633
year_block,2,state_weather_interactions,wind_speed_m_s,3.78832860595,1.58570952797,66633
year_block,2,state_weather_interactions,maximum_temperature_c_x_current_growth_log1p,22.0361262437,23.5756298257,66633
year_block,2,state_weather_interactions,maximum_temperature_c_x_previous_growth_log1p,21.8280443043,23.6372983515,66633
year_block,2,state_weather_interactions,minimum_temperature_c_x_current_growth_log1p,9.20893020305,11.9707424271,66633
year_block,2,state_weather_interactions,minimum_temperature_c_x_previous_growth_log1p,9.09986546161,11.898826088,66633
year_block,2,state_weather_interactions,vpd_kpa_x_current_growth_log1p,1.21455372614,1.76354127178,66633
year_block,2,state_weather_interactions,vpd_kpa_x_previous_growth_log1p,1.19638646269,1.75114594908,66633
year_block,2,state_weather_interactions,wind_speed_m_s_x_current_growth_log1p,3.28118113982,3.73461552371,66633
year_block,2,state_weather_interactions,wind_speed_m_s_x_previous_growth_log1p,3.23137296155,3.67459306525,66633
year_block,3,autoregressive,current_growth_log1p,0.854991117858,0.830563645244,64803
year_block,3,autoregressive,previous_growth_log1p,0.850135196674,0.833980702149,64803
year_block,3,autoregressive,cumulative_log1p,1.96336193565,1.33191304354,64803
year_block,3,autoregressive,elapsed_log1p,1.66749759596,0.731577815877,64803
year_block,3,weather_only,maximum_temperature_c,25.8599702174,7.3164871058,64803
year_block,3,weather_only,minimum_temperature_c,10.8164074194,7.40994751854,64803
year_block,3,weather_only,vpd_kpa,1.31316559419,0.734446740772,64803
year_block,3,weather_only,wind_speed_m_s,3.81929848927,1.60412943976,64803
year_block,3,state_plus_weather,current_growth_log1p,0.854991117858,0.830563645244,64803
year_block,3,state_plus_weather,previous_growth_log1p,0.850135196674,0.833980702149,64803
year_block,3,state_plus_weather,cumulative_log1p,1.96336193565,1.33191304354,64803
year_block,3,state_plus_weather,elapsed_log1p,1.66749759596,0.731577815877,64803
year_block,3,state_plus_weather,maximum_temperature_c,25.8599702174,7.3164871058,64803
year_block,3,state_plus_weather,minimum_temperature_c,10.8164074194,7.40994751854,64803
year_block,3,state_plus_weather,vpd_kpa,1.31316559419,0.734446740772,64803
year_block,3,state_plus_weather,wind_speed_m_s,3.81929848927,1.60412943976,64803
year_block,3,state_weather_interactions,current_growth_log1p,0.854991117858,0.830563645244,64803
year_block,3,state_weather_interactions,previous_growth_log1p,0.850135196674,0.833980702149,64803
year_block,3,state_weather_interactions,cumulative_log1p,1.96336193565,1.33191304354,64803
year_block,3,state_weather_interactions,elapsed_log1p,1.66749759596,0.731577815877,64803
year_block,3,state_weather_interactions,maximum_temperature_c,25.8599702174,7.3164871058,64803
year_block,3,state_weather_interactions,minimum_temperature_c,10.8164074194,7.40994751854,64803
year_block,3,state_weather_interactions,vpd_kpa,1.31316559419,0.734446740772,64803
year_block,3,state_weather_interactions,wind_speed_m_s,3.81929848927,1.60412943976,64803
year_block,3,state_weather_interactions,maximum_temperature_c_x_current_growth_log1p,22.2851305463,24.1326964629,64803
year_block,3,state_weather_interactions,maximum_temperature_c_x_previous_growth_log1p,22.1422972701,24.1885272706,64803
year_block,3,state_weather_interactions,minimum_temperature_c_x_current_growth_log1p,9.02723902059,12.0259686485,64803
year_block,3,state_weather_interactions,minimum_temperature_c_x_previous_growth_log1p,8.95937405822,12.0015923772,64803
year_block,3,state_weather_interactions,vpd_kpa_x_current_growth_log1p,1.2533540511,1.82470187923,64803
year_block,3,state_weather_interactions,vpd_kpa_x_previous_growth_log1p,1.23872824533,1.8125240787,64803
year_block,3,state_weather_interactions,wind_speed_m_s_x_current_growth_log1p,3.34346883561,3.87994017169,64803
year_block,3,state_weather_interactions,wind_speed_m_s_x_previous_growth_log1p,3.3006332179,3.81829949696,64803
year_block,4,autoregressive,current_growth_log1p,0.841796473104,0.813341061027,81737
year_block,4,autoregressive,previous_growth_log1p,0.834628710349,0.81637987465,81737
year_block,4,autoregressive,cumulative_log1p,1.94703716673,1.30743884795,81737
year_block,4,autoregressive,elapsed_log1p,1.67896305334,0.736338348491,81737
year_block,4,weather_only,maximum_temperature_c,26.1157034146,7.13139723229,81737
year_block,4,weather_only,minimum_temperature_c,11.1896735872,7.32508508541,81737
year_block,4,weather_only,vpd_kpa,1.31326498403,0.714932310394,81737
year_block,4,weather_only,wind_speed_m_s,3.80004282027,1.60199246272,81737
year_block,4,state_plus_weather,current_growth_log1p,0.841796473104,0.813341061027,81737
year_block,4,state_plus_weather,previous_growth_log1p,0.834628710349,0.81637987465,81737
year_block,4,state_plus_weather,cumulative_log1p,1.94703716673,1.30743884795,81737
year_block,4,state_plus_weather,elapsed_log1p,1.67896305334,0.736338348491,81737
year_block,4,state_plus_weather,maximum_temperature_c,26.1157034146,7.13139723229,81737
year_block,4,state_plus_weather,minimum_temperature_c,11.1896735872,7.32508508541,81737
year_block,4,state_plus_weather,vpd_kpa,1.31326498403,0.714932310394,81737
year_block,4,state_plus_weather,wind_speed_m_s,3.80004282027,1.60199246272,81737
year_block,4,state_weather_interactions,current_growth_log1p,0.841796473104,0.813341061027,81737
year_block,4,state_weather_interactions,previous_growth_log1p,0.834628710349,0.81637987465,81737
year_block,4,state_weather_interactions,cumulative_log1p,1.94703716673,1.30743884795,81737
year_block,4,state_weather_interactions,elapsed_log1p,1.67896305334,0.736338348491,81737
year_block,4,state_weather_interactions,maximum_temperature_c,26.1157034146,7.13139723229,81737
year_block,4,state_weather_interactions,minimum_temperature_c,11.1896735872,7.32508508541,81737
year_block,4,state_weather_interactions,vpd_kpa,1.31326498403,0.714932310394,81737
year_block,4,state_weather_interactions,wind_speed_m_s,3.80004282027,1.60199246272,81737
year_block,4,state_weather_interactions,maximum_temperature_c_x_current_growth_log1p,22.0854609063,23.5684617456,81737
year_block,4,state_weather_interactions,maximum_temperature_c_x_previous_growth_log1p,21.8851046964,23.6166929772,81737
year_block,4,state_weather_interactions,minimum_temperature_c_x_current_growth_log1p,9.07293002824,11.5440680542,81737
year_block,4,state_weather_interactions,minimum_temperature_c_x_previous_growth_log1p,8.97144545952,11.5094531702,81737
year_block,4,state_weather_interactions,vpd_kpa_x_current_growth_log1p,1.22704003762,1.75369102324,81737
year_block,4,state_weather_interactions,vpd_kpa_x_previous_growth_log1p,1.20966280108,1.74173070702,81737
year_block,4,state_weather_interactions,wind_speed_m_s_x_current_growth_log1p,3.27713117731,3.81291262375,81737
year_block,4,state_weather_interactions,wind_speed_m_s_x_previous_growth_log1p,3.22768131316,3.7503999814,81737
region_block,central,autoregressive,current_growth_log1p,0.946585303437,0.904675586696,63621
region_block,central,autoregressive,previous_growth_log1p,0.937338798943,0.909322512154,63621
region_block,central,autoregressive,cumulative_log1p,2.14141728085,1.44229775296,63621
region_block,central,autoregressive,elapsed_log1p,1.69161271503,0.753705042944,63621
region_block,central,weather_only,maximum_temperature_c,25.7759882743,7.1514095404,63621
region_block,central,weather_only,minimum_temperature_c,10.512004684,7.09682883756,63621
region_block,central,weather_only,vpd_kpa,1.37320837459,0.760867921194,63621
region_block,central,weather_only,wind_speed_m_s,3.84642020716,1.62438206075,63621
region_block,central,state_plus_weather,current_growth_log1p,0.946585303437,0.904675586696,63621
region_block,central,state_plus_weather,previous_growth_log1p,0.937338798943,0.909322512154,63621
region_block,central,state_plus_weather,cumulative_log1p,2.14141728085,1.44229775296,63621
region_block,central,state_plus_weather,elapsed_log1p,1.69161271503,0.753705042944,63621
region_block,central,state_plus_weather,maximum_temperature_c,25.7759882743,7.1514095404,63621
region_block,central,state_plus_weather,minimum_temperature_c,10.512004684,7.09682883756,63621
region_block,central,state_plus_weather,vpd_kpa,1.37320837459,0.760867921194,63621
region_block,central,state_plus_weather,wind_speed_m_s,3.84642020716,1.62438206075,63621
region_block,central,state_weather_interactions,current_growth_log1p,0.946585303437,0.904675586696,63621
region_block,central,state_weather_interactions,previous_growth_log1p,0.937338798943,0.909322512154,63621
region_block,central,state_weather_interactions,cumulative_log1p,2.14141728085,1.44229775296,63621
region_block,central,state_weather_interactions,elapsed_log1p,1.69161271503,0.753705042944,63621
region_block,central,state_weather_interactions,maximum_temperature_c,25.7759882743,7.1514095404,63621
region_block,central,state_weather_interactions,minimum_temperature_c,10.512004684,7.09682883756,63621
region_block,central,state_weather_interactions,vpd_kpa,1.37320837459,0.760867921194,63621
region_block,central,state_weather_interactions,wind_speed_m_s,3.84642020716,1.62438206075,63621
region_block,central,state_weather_interactions,maximum_temperature_c_x_current_growth_log1p,24.8105965842,26.4442662141,63621
region_block,central,state_weather_interactions,maximum_temperature_c_x_previous_growth_log1p,24.5637800593,26.5585137109,63621
region_block,central,state_weather_interactions,minimum_temperature_c_x_current_growth_log1p,9.9173516902,13.0216425023,63621
region_block,central,state_weather_interactions,minimum_temperature_c_x_previous_growth_log1p,9.8063634656,12.9898727136,63621
region_block,central,state_weather_interactions,vpd_kpa_x_current_growth_log1p,1.46332338687,2.02005677087,63621
region_block,central,state_weather_interactions,vpd_kpa_x_previous_growth_log1p,1.44123514709,2.00942873693,63621
region_block,central,state_weather_interactions,wind_speed_m_s_x_current_growth_log1p,3.68942253415,4.17384903484,63621
region_block,central,state_weather_interactions,wind_speed_m_s_x_previous_growth_log1p,3.62518535936,4.10652023136,63621
region_block,east,autoregressive,current_growth_log1p,0.920959639413,0.876285079956,70720
region_block,east,autoregressive,previous_growth_log1p,0.911510660663,0.880833240554,70720
region_block,east,autoregressive,cumulative_log1p,2.07858905245,1.3960225851,70720
region_block,east,autoregressive,elapsed_log1p,1.67219361038,0.741667484407,70720
region_block,east,weather_only,maximum_temperature_c,25.8469471154,7.61233068718,70720
region_block,east,weather_only,minimum_temperature_c,10.6096479072,7.56131042889,70720
region_block,east,weather_only,vpd_kpa,1.39291628959,0.75664284554,70720
region_block,east,weather_only,wind_speed_m_s,3.87861566742,1.6474437318,70720
region_block,east,state_plus_weather,current_growth_log1p,0.920959639413,0.876285079956,70720
region_block,east,state_plus_weather,previous_growth_log1p,0.911510660663,0.880833240554,70720
region_block,east,state_plus_weather,cumulative_log1p,2.07858905245,1.3960225851,70720
region_block,east,state_plus_weather,elapsed_log1p,1.67219361038,0.741667484407,70720
region_block,east,state_plus_weather,maximum_temperature_c,25.8469471154,7.61233068718,70720
region_block,east,state_plus_weather,minimum_temperature_c,10.6096479072,7.56131042889,70720
region_block,east,state_plus_weather,vpd_kpa,1.39291628959,0.75664284554,70720
region_block,east,state_plus_weather,wind_speed_m_s,3.87861566742,1.6474437318,70720
region_block,east,state_weather_interactions,current_growth_log1p,0.920959639413,0.876285079956,70720
region_block,east,state_weather_interactions,previous_growth_log1p,0.911510660663,0.880833240554,70720
region_block,east,state_weather_interactions,cumulative_log1p,2.07858905245,1.3960225851,70720
region_block,east,state_weather_interactions,elapsed_log1p,1.67219361038,0.741667484407,70720
region_block,east,state_weather_interactions,maximum_temperature_c,25.8469471154,7.61233068718,70720
region_block,east,state_weather_interactions,minimum_temperature_c,10.6096479072,7.56131042889,70720
region_block,east,state_weather_interactions,vpd_kpa,1.39291628959,0.75664284554,70720
region_block,east,state_weather_interactions,wind_speed_m_s,3.87861566742,1.6474437318,70720
region_block,east,state_weather_interactions,maximum_temperature_c_x_current_growth_log1p,23.9247887393,25.2925068767,70720
region_block,east,state_weather_interactions,maximum_temperature_c_x_previous_growth_log1p,23.6673378424,25.3873715579,70720
region_block,east,state_weather_interactions,minimum_temperature_c_x_current_growth_log1p,9.54199425337,12.532663621,70720
region_block,east,state_weather_interactions,minimum_temperature_c_x_previous_growth_log1p,9.41393777757,12.4801552774,70720
region_block,east,state_weather_interactions,vpd_kpa_x_current_growth_log1p,1.4036194355,1.92800398811,70720
region_block,east,state_weather_interactions,vpd_kpa_x_previous_growth_log1p,1.38186452742,1.917132526,70720
region_block,east,state_weather_interactions,wind_speed_m_s_x_current_growth_log1p,3.62852570224,4.10330965513,70720
region_block,east,state_weather_interactions,wind_speed_m_s_x_previous_growth_log1p,3.56740899098,4.03649651457,70720
region_block,intermountain,autoregressive,current_growth_log1p,0.801058369407,0.793103811321,64545
region_block,intermountain,autoregressive,previous_growth_log1p,0.797701572257,0.7966738413,64545
region_block,intermountain,autoregressive,cumulative_log1p,1.90894640354,1.3157926301,64545
region_block,intermountain,autoregressive,elapsed_log1p,1.71937338543,0.74826607543,64545
region_block,intermountain,weather_only,maximum_temperature_c,26.1245495391,6.66894438106,64545
region_block,intermountain,weather_only,minimum_temperature_c,11.5251491208,6.95485512057,64545
region_block,intermountain,weather_only,vpd_kpa,1.25602354946,0.674920413497,64545
region_block,intermountain,weather_only,wind_speed_m_s,3.52487256953,1.43138395044,64545
region_block,intermountain,state_plus_weather,current_growth_log1p,0.801058369407,0.793103811321,64545
region_block,intermountain,state_plus_weather,previous_growth_log1p,0.797701572257,0.7966738413,64545
region_block,intermountain,state_plus_weather,cumulative_log1p,1.90894640354,1.3157926301,64545
region_block,intermountain,state_plus_weather,elapsed_log1p,1.71937338543,0.74826607543,64545
region_block,intermountain,state_plus_weather,maximum_temperature_c,26.1245495391,6.66894438106,64545
region_block,intermountain,state_plus_weather,minimum_temperature_c,11.5251491208,6.95485512057,64545
region_block,intermountain,state_plus_weather,vpd_kpa,1.25602354946,0.674920413497,64545
region_block,intermountain,state_plus_weather,wind_speed_m_s,3.52487256953,1.43138395044,64545
region_block,intermountain,state_weather_interactions,current_growth_log1p,0.801058369407,0.793103811321,64545
region_block,intermountain,state_weather_interactions,previous_growth_log1p,0.797701572257,0.7966738413,64545
region_block,intermountain,state_weather_interactions,cumulative_log1p,1.90894640354,1.3157926301,64545
region_block,intermountain,state_weather_interactions,elapsed_log1p,1.71937338543,0.74826607543,64545
region_block,intermountain,state_weather_interactions,maximum_temperature_c,26.1245495391,6.66894438106,64545
region_block,intermountain,state_weather_interactions,minimum_temperature_c,11.5251491208,6.95485512057,64545
region_block,intermountain,state_weather_interactions,vpd_kpa,1.25602354946,0.674920413497,64545
region_block,intermountain,state_weather_interactions,wind_speed_m_s,3.52487256953,1.43138395044,64545
region_block,intermountain,state_weather_interactions,maximum_temperature_c_x_current_growth_log1p,21.1203848831,23.1330336364,64545
region_block,intermountain,state_weather_interactions,maximum_temperature_c_x_previous_growth_log1p,20.9932942651,23.1321094573,64545
region_block,intermountain,state_weather_interactions,minimum_temperature_c_x_current_growth_log1p,9.07818455155,11.644934851,64545
region_block,intermountain,state_weather_interactions,minimum_temperature_c_x_previous_growth_log1p,8.98617837885,11.5520554109,64545
region_block,intermountain,state_weather_interactions,vpd_kpa_x_current_growth_log1p,1.14097058363,1.71434314868,64545
region_block,intermountain,state_weather_interactions,vpd_kpa_x_previous_growth_log1p,1.12770272144,1.69895515308,64545
region_block,intermountain,state_weather_interactions,wind_speed_m_s_x_current_growth_log1p,2.83488023278,3.19118567429,64545
region_block,intermountain,state_weather_interactions,wind_speed_m_s_x_previous_growth_log1p,2.80300232222,3.1337025933,64545
region_block,west,autoregressive,current_growth_log1p,0.740598155778,0.702623340408,64946
region_block,west,autoregressive,previous_growth_log1p,0.734985377786,0.703164584711,64946
region_block,west,autoregressive,cumulative_log1p,1.7293102325,1.11596443056,64946
region_block,west,autoregressive,elapsed_log1p,1.63005792963,0.703438990845,64946
region_block,west,weather_only,maximum_temperature_c,25.9562975395,7.33967782915,64946
region_block,west,weather_only,minimum_temperature_c,11.545231423,7.7821342933,64946
region_block,west,weather_only,vpd_kpa,1.18581313707,0.648529999673,64946
region_block,west,weather_only,wind_speed_m_s,3.9769346842,1.65583678642,64946
region_block,west,state_plus_weather,current_growth_log1p,0.740598155778,0.702623340408,64946
region_block,west,state_plus_weather,previous_growth_log1p,0.734985377786,0.703164584711,64946
region_block,west,state_plus_weather,cumulative_log1p,1.7293102325,1.11596443056,64946
region_block,west,state_plus_weather,elapsed_log1p,1.63005792963,0.703438990845,64946
region_block,west,state_plus_weather,maximum_temperature_c,25.9562975395,7.33967782915,64946
region_block,west,state_plus_weather,minimum_temperature_c,11.545231423,7.7821342933,64946
region_block,west,state_plus_weather,vpd_kpa,1.18581313707,0.648529999673,64946
region_block,west,state_plus_weather,wind_speed_m_s,3.9769346842,1.65583678642,64946
region_block,west,state_weather_interactions,current_growth_log1p,0.740598155778,0.702623340408,64946
region_block,west,state_weather_interactions,previous_growth_log1p,0.734985377786,0.703164584711,64946
region_block,west,state_weather_interactions,cumulative_log1p,1.7293102325,1.11596443056,64946
region_block,west,state_weather_interactions,elapsed_log1p,1.63005792963,0.703438990845,64946
region_block,west,state_weather_interactions,maximum_temperature_c,25.9562975395,7.33967782915,64946
region_block,west,state_weather_interactions,minimum_temperature_c,11.545231423,7.7821342933,64946
region_block,west,state_weather_interactions,vpd_kpa,1.18581313707,0.648529999673,64946
region_block,west,state_weather_interactions,wind_speed_m_s,3.9769346842,1.65583678642,64946
region_block,west,state_weather_interactions,maximum_temperature_c_x_current_growth_log1p,18.951811053,19.4967513481,64946
region_block,west,state_weather_interactions,maximum_temperature_c_x_previous_growth_log1p,18.8270688824,19.5940884725,64946
region_block,west,state_weather_interactions,minimum_temperature_c_x_current_growth_log1p,7.89352497494,9.93184493611,64946
region_block,west,state_weather_interactions,minimum_temperature_c_x_previous_growth_log1p,7.84791585473,9.96263233794,64946
region_block,west,state_weather_interactions,vpd_kpa_x_current_growth_log1p,0.939169847398,1.34928844426,64946
region_block,west,state_weather_interactions,vpd_kpa_x_previous_growth_log1p,0.92933918418,1.34558468679,64946
region_block,west,state_weather_interactions,wind_speed_m_s_x_current_growth_log1p,3.11298927656,3.77823877815,64946
region_block,west,state_weather_interactions,wind_speed_m_s_x_previous_growth_log1p,3.07552711105,3.72703540232,64946
spatiotemporal,central:2000-2004,autoregressive,current_growth_log1p,0.964662616331,0.919070751805,53514
spatiotemporal,central:2000-2004,autoregressive,previous_growth_log1p,0.955316582989,0.924649316062,53514
spatiotemporal,central:2000-2004,autoregressive,cumulative_log1p,2.17456876161,1.4588370971,53514
spatiotemporal,central:2000-2004,autoregressive,elapsed_log1p,1.69717197175,0.757285611377,53514
spatiotemporal,central:2000-2004,weather_only,maximum_temperature_c,25.6509324663,7.170918103,53514
spatiotemporal,central:2000-2004,weather_only,minimum_temperature_c,10.3733920096,7.13172524619,53514
spatiotemporal,central:2000-2004,weather_only,vpd_kpa,1.37566636768,0.765493773298,53514
spatiotemporal,central:2000-2004,weather_only,wind_speed_m_s,3.8663172254,1.64295429493,53514
spatiotemporal,central:2000-2004,state_plus_weather,current_growth_log1p,0.964662616331,0.919070751805,53514
spatiotemporal,central:2000-2004,state_plus_weather,previous_growth_log1p,0.955316582989,0.924649316062,53514
spatiotemporal,central:2000-2004,state_plus_weather,cumulative_log1p,2.17456876161,1.4588370971,53514
spatiotemporal,central:2000-2004,state_plus_weather,elapsed_log1p,1.69717197175,0.757285611377,53514
spatiotemporal,central:2000-2004,state_plus_weather,maximum_temperature_c,25.6509324663,7.170918103,53514
spatiotemporal,central:2000-2004,state_plus_weather,minimum_temperature_c,10.3733920096,7.13172524619,53514
spatiotemporal,central:2000-2004,state_plus_weather,vpd_kpa,1.37566636768,0.765493773298,53514
spatiotemporal,central:2000-2004,state_plus_weather,wind_speed_m_s,3.8663172254,1.64295429493,53514
spatiotemporal,central:2000-2004,state_weather_interactions,current_growth_log1p,0.964662616331,0.919070751805,53514
spatiotemporal,central:2000-2004,state_weather_interactions,previous_growth_log1p,0.955316582989,0.924649316062,53514
spatiotemporal,central:2000-2004,state_weather_interactions,cumulative_log1p,2.17456876161,1.4588370971,53514
spatiotemporal,central:2000-2004,state_weather_interactions,elapsed_log1p,1.69717197175,0.757285611377,53514
spatiotemporal,central:2000-2004,state_weather_interactions,maximum_temperature_c,25.6509324663,7.170918103,53514
spatiotemporal,central:2000-2004,state_weather_interactions,minimum_temperature_c,10.3733920096,7.13172524619,53514
spatiotemporal,central:2000-2004,state_weather_interactions,vpd_kpa,1.37566636768,0.765493773298,53514
spatiotemporal,central:2000-2004,state_weather_interactions,wind_speed_m_s,3.8663172254,1.64295429493,53514
spatiotemporal,central:2000-2004,state_weather_interactions,maximum_temperature_c_x_current_growth_log1p,25.1701872846,26.7986328827,53514
spatiotemporal,central:2000-2004,state_weather_interactions,maximum_temperature_c_x_previous_growth_log1p,24.9358068588,26.9664978727,53514
spatiotemporal,central:2000-2004,state_weather_interactions,minimum_temperature_c_x_current_growth_log1p,9.99094759595,13.2455926468,53514
spatiotemporal,central:2000-2004,state_weather_interactions,minimum_temperature_c_x_previous_growth_log1p,9.88892197387,13.2303218681,53514
spatiotemporal,central:2000-2004,state_weather_interactions,vpd_kpa_x_current_growth_log1p,1.49287752349,2.05399799622,53514
spatiotemporal,central:2000-2004,state_weather_interactions,vpd_kpa_x_previous_growth_log1p,1.47167058354,2.04693919904,53514
spatiotemporal,central:2000-2004,state_weather_interactions,wind_speed_m_s_x_current_growth_log1p,3.77504280684,4.2669236958,53514
spatiotemporal,central:2000-2004,state_weather_interactions,wind_speed_m_s_x_previous_growth_log1p,3.71096082294,4.20209681687,53514
spatiotemporal,central:2005-2009,autoregressive,current_growth_log1p,0.956297183884,0.919049789697,45293
spatiotemporal,central:2005-2009,autoregressive,previous_growth_log1p,0.946273192462,0.922752325517,45293
spatiotemporal,central:2005-2009,autoregressive,cumulative_log1p,2.150436544,1.46791060785,45293
spatiotemporal,central:2005-2009,autoregressive,elapsed_log1p,1.68007232,0.750227455043,45293
spatiotemporal,central:2005-2009,weather_only,maximum_temperature_c,25.7430474908,7.18222138275,45293
spatiotemporal,central:2005-2009,weather_only,minimum_temperature_c,10.4020323229,7.10015702813,45293
spatiotemporal,central:2005-2009,weather_only,vpd_kpa,1.37152871305,0.764038616458,45293
spatiotemporal,central:2005-2009,weather_only,wind_speed_m_s,3.85927626786,1.63113659991,45293
spatiotemporal,central:2005-2009,state_plus_weather,current_growth_log1p,0.956297183884,0.919049789697,45293
spatiotemporal,central:2005-2009,state_plus_weather,previous_growth_log1p,0.946273192462,0.922752325517,45293
spatiotemporal,central:2005-2009,state_plus_weather,cumulative_log1p,2.150436544,1.46791060785,45293
spatiotemporal,central:2005-2009,state_plus_weather,elapsed_log1p,1.68007232,0.750227455043,45293
spatiotemporal,central:2005-2009,state_plus_weather,maximum_temperature_c,25.7430474908,7.18222138275,45293
spatiotemporal,central:2005-2009,state_plus_weather,minimum_temperature_c,10.4020323229,7.10015702813,45293
spatiotemporal,central:2005-2009,state_plus_weather,vpd_kpa,1.37152871305,0.764038616458,45293
spatiotemporal,central:2005-2009,state_plus_weather,wind_speed_m_s,3.85927626786,1.63113659991,45293
spatiotemporal,central:2005-2009,state_weather_interactions,current_growth_log1p,0.956297183884,0.919049789697,45293
spatiotemporal,central:2005-2009,state_weather_interactions,previous_growth_log1p,0.946273192462,0.922752325517,45293
spatiotemporal,central:2005-2009,state_weather_interactions,cumulative_log1p,2.150436544,1.46791060785,45293
spatiotemporal,central:2005-2009,state_weather_interactions,elapsed_log1p,1.68007232,0.750227455043,45293
spatiotemporal,central:2005-2009,state_weather_interactions,maximum_temperature_c,25.7430474908,7.18222138275,45293
spatiotemporal,central:2005-2009,state_weather_interactions,minimum_temperature_c,10.4020323229,7.10015702813,45293
spatiotemporal,central:2005-2009,state_weather_interactions,vpd_kpa,1.37152871305,0.764038616458,45293
spatiotemporal,central:2005-2009,state_weather_interactions,wind_speed_m_s,3.85927626786,1.63113659991,45293
spatiotemporal,central:2005-2009,state_weather_interactions,maximum_temperature_c_x_current_growth_log1p,25.0413742849,26.8024327199,45293
spatiotemporal,central:2005-2009,state_weather_interactions,maximum_temperature_c_x_previous_growth_log1p,24.7733744834,26.9125569836,45293
spatiotemporal,central:2005-2009,state_weather_interactions,minimum_temperature_c_x_current_growth_log1p,9.91449368762,13.1121076981,45293
spatiotemporal,central:2005-2009,state_weather_interactions,minimum_temperature_c_x_previous_growth_log1p,9.7960625919,13.0654173663,45293
spatiotemporal,central:2005-2009,state_weather_interactions,vpd_kpa_x_current_growth_log1p,1.48004734371,2.03217064519,45293
spatiotemporal,central:2005-2009,state_weather_interactions,vpd_kpa_x_previous_growth_log1p,1.45731377819,2.0218195394,45293
spatiotemporal,central:2005-2009,state_weather_interactions,wind_speed_m_s_x_current_growth_log1p,3.73946465254,4.25968379069,45293
spatiotemporal,central:2005-2009,state_weather_interactions,wind_speed_m_s_x_previous_growth_log1p,3.67344164309,4.18898954772,45293
spatiotemporal,central:2010-2014,autoregressive,current_growth_log1p,0.938578675533,0.89586478471,49150
spatiotemporal,central:2010-2014,autoregressive,previous_growth_log1p,0.92897590941,0.900201306266,49150
spatiotemporal,central:2010-2014,autoregressive,cumulative_log1p,2.13592995465,1.43995726526,49150
spatiotemporal,central:2010-2014,autoregressive,elapsed_log1p,1.7020829799,0.759729636021,49150
spatiotemporal,central:2010-2014,weather_only,maximum_temperature_c,25.6477538149,7.13269926608,49150
spatiotemporal,central:2010-2014,weather_only,minimum_temperature_c,10.6256236012,7.06182764282,49150
spatiotemporal,central:2010-2014,weather_only,vpd_kpa,1.35392655137,0.74692790299,49150
spatiotemporal,central:2010-2014,weather_only,wind_speed_m_s,3.82671617497,1.60954900383,49150
spatiotemporal,central:2010-2014,state_plus_weather,current_growth_log1p,0.938578675533,0.89586478471,49150
spatiotemporal,central:2010-2014,state_plus_weather,previous_growth_log1p,0.92897590941,0.900201306266,49150
spatiotemporal,central:2010-2014,state_plus_weather,cumulative_log1p,2.13592995465,1.43995726526,49150
spatiotemporal,central:2010-2014,state_plus_weather,elapsed_log1p,1.7020829799,0.759729636021,49150
spatiotemporal,central:2010-2014,state_plus_weather,maximum_temperature_c,25.6477538149,7.13269926608,49150
spatiotemporal,central:2010-2014,state_plus_weather,minimum_temperature_c,10.6256236012,7.06182764282,49150
spatiotemporal,central:2010-2014,state_plus_weather,vpd_kpa,1.35392655137,0.74692790299,49150
spatiotemporal,central:2010-2014,state_plus_weather,wind_speed_m_s,3.82671617497,1.60954900383,49150
spatiotemporal,central:2010-2014,state_weather_interactions,current_growth_log1p,0.938578675533,0.89586478471,49150
spatiotemporal,central:2010-2014,state_weather_interactions,previous_growth_log1p,0.92897590941,0.900201306266,49150
spatiotemporal,central:2010-2014,state_weather_interactions,cumulative_log1p,2.13592995465,1.43995726526,49150
spatiotemporal,central:2010-2014,state_weather_interactions,elapsed_log1p,1.7020829799,0.759729636021,49150
spatiotemporal,central:2010-2014,state_weather_interactions,maximum_temperature_c,25.6477538149,7.13269926608,49150
spatiotemporal,central:2010-2014,state_weather_interactions,minimum_temperature_c,10.6256236012,7.06182764282,49150
spatiotemporal,central:2010-2014,state_weather_interactions,vpd_kpa,1.35392655137,0.74692790299,49150
spatiotemporal,central:2010-2014,state_weather_interactions,wind_speed_m_s,3.82671617497,1.60954900383,49150
spatiotemporal,central:2010-2014,state_weather_interactions,maximum_temperature_c_x_current_growth_log1p,24.4358001669,25.9556038392,49150
spatiotemporal,central:2010-2014,state_weather_interactions,maximum_temperature_c_x_previous_growth_log1p,24.1887490561,26.0627615933,49150
spatiotemporal,central:2010-2014,state_weather_interactions,minimum_temperature_c_x_current_growth_log1p,9.95725675003,13.0456205996,49150
spatiotemporal,central:2010-2014,state_weather_interactions,minimum_temperature_c_x_previous_growth_log1p,9.84591398704,12.9902615822,49150
spatiotemporal,central:2010-2014,state_weather_interactions,vpd_kpa_x_current_growth_log1p,1.43069139208,1.9820294696,49150
spatiotemporal,central:2010-2014,state_weather_interactions,vpd_kpa_x_previous_growth_log1p,1.40812972747,1.96982895862,49150
spatiotemporal,central:2010-2014,state_weather_interactions,wind_speed_m_s_x_current_growth_log1p,3.61818769221,4.03473999068,49150
spatiotemporal,central:2010-2014,state_weather_interactions,wind_speed_m_s_x_previous_growth_log1p,3.5512364738,3.96212164798,49150
spatiotemporal,central:2015-2019,autoregressive,current_growth_log1p,0.940726225391,0.901718786041,47760
spatiotemporal,central:2015-2019,autoregressive,previous_growth_log1p,0.932928252408,0.90687821493,47760
spatiotemporal,central:2015-2019,autoregressive,cumulative_log1p,2.12882633352,1.43551923897,47760
spatiotemporal,central:2015-2019,autoregressive,elapsed_log1p,1.68706705122,0.748481848008,47760
spatiotemporal,central:2015-2019,weather_only,maximum_temperature_c,25.8531972362,7.25632468565,47760
spatiotemporal,central:2015-2019,weather_only,minimum_temperature_c,10.5097613065,7.19534244316,47760
spatiotemporal,central:2015-2019,weather_only,vpd_kpa,1.38073324958,0.771546727987,47760
spatiotemporal,central:2015-2019,weather_only,wind_speed_m_s,3.84023241206,1.61415809418,47760
spatiotemporal,central:2015-2019,state_plus_weather,current_growth_log1p,0.940726225391,0.901718786041,47760
spatiotemporal,central:2015-2019,state_plus_weather,previous_growth_log1p,0.932928252408,0.90687821493,47760
spatiotemporal,central:2015-2019,state_plus_weather,cumulative_log1p,2.12882633352,1.43551923897,47760
spatiotemporal,central:2015-2019,state_plus_weather,elapsed_log1p,1.68706705122,0.748481848008,47760
spatiotemporal,central:2015-2019,state_plus_weather,maximum_temperature_c,25.8531972362,7.25632468565,47760
spatiotemporal,central:2015-2019,state_plus_weather,minimum_temperature_c,10.5097613065,7.19534244316,47760
spatiotemporal,central:2015-2019,state_plus_weather,vpd_kpa,1.38073324958,0.771546727987,47760
spatiotemporal,central:2015-2019,state_plus_weather,wind_speed_m_s,3.84023241206,1.61415809418,47760
spatiotemporal,central:2015-2019,state_weather_interactions,current_growth_log1p,0.940726225391,0.901718786041,47760
spatiotemporal,central:2015-2019,state_weather_interactions,previous_growth_log1p,0.932928252408,0.90687821493,47760
spatiotemporal,central:2015-2019,state_weather_interactions,cumulative_log1p,2.12882633352,1.43551923897,47760
spatiotemporal,central:2015-2019,state_weather_interactions,elapsed_log1p,1.68706705122,0.748481848008,47760
spatiotemporal,central:2015-2019,state_weather_interactions,maximum_temperature_c,25.8531972362,7.25632468565,47760
spatiotemporal,central:2015-2019,state_weather_interactions,minimum_temperature_c,10.5097613065,7.19534244316,47760
spatiotemporal,central:2015-2019,state_weather_interactions,vpd_kpa,1.38073324958,0.771546727987,47760
spatiotemporal,central:2015-2019,state_weather_interactions,wind_speed_m_s,3.84023241206,1.61415809418,47760
spatiotemporal,central:2015-2019,state_weather_interactions,maximum_temperature_c_x_current_growth_log1p,24.7674039666,26.5730200164,47760
spatiotemporal,central:2015-2019,state_weather_interactions,maximum_temperature_c_x_previous_growth_log1p,24.5434316796,26.6717561597,47760
spatiotemporal,central:2015-2019,state_weather_interactions,minimum_temperature_c_x_current_growth_log1p,9.889538979,13.1366807829,47760
spatiotemporal,central:2015-2019,state_weather_interactions,minimum_temperature_c_x_previous_growth_log1p,9.78695113794,13.1135437101,47760
spatiotemporal,central:2015-2019,state_weather_interactions,vpd_kpa_x_current_growth_log1p,1.46539464865,2.04893319582,47760
spatiotemporal,central:2015-2019,state_weather_interactions,vpd_kpa_x_previous_growth_log1p,1.44450289331,2.03700042912,47760
spatiotemporal,central:2015-2019,state_weather_interactions,wind_speed_m_s_x_current_growth_log1p,3.67492270653,4.16878118299,47760
spatiotemporal,central:2015-2019,state_weather_interactions,wind_speed_m_s_x_previous_growth_log1p,3.61536963383,4.10740954235,47760
spatiotemporal,central:2020-2024,autoregressive,current_growth_log1p,0.934096760643,0.889566414524,58767
spatiotemporal,central:2020-2024,autoregressive,previous_growth_log1p,0.92466085217,0.893940126762,58767
spatiotemporal,central:2020-2024,autoregressive,cumulative_log1p,2.11909978802,1.41381057734,58767
spatiotemporal,central:2020-2024,autoregressive,elapsed_log1p,1.6903822359,0.752120816146,58767
spatiotemporal,central:2020-2024,weather_only,maximum_temperature_c,25.959755475,7.03387857,58767
spatiotemporal,central:2020-2024,weather_only,minimum_temperature_c,10.6297828713,7.00679248879,58767
spatiotemporal,central:2020-2024,weather_only,vpd_kpa,1.38227559685,0.756701287231,58767
spatiotemporal,central:2020-2024,weather_only,wind_speed_m_s,3.83990164548,1.62251462948,58767
spatiotemporal,central:2020-2024,state_plus_weather,current_growth_log1p,0.934096760643,0.889566414524,58767
spatiotemporal,central:2020-2024,state_plus_weather,previous_growth_log1p,0.92466085217,0.893940126762,58767
spatiotemporal,central:2020-2024,state_plus_weather,cumulative_log1p,2.11909978802,1.41381057734,58767
spatiotemporal,central:2020-2024,state_plus_weather,elapsed_log1p,1.6903822359,0.752120816146,58767
spatiotemporal,central:2020-2024,state_plus_weather,maximum_temperature_c,25.959755475,7.03387857,58767
spatiotemporal,central:2020-2024,state_plus_weather,minimum_temperature_c,10.6297828713,7.00679248879,58767
spatiotemporal,central:2020-2024,state_plus_weather,vpd_kpa,1.38227559685,0.756701287231,58767
spatiotemporal,central:2020-2024,state_plus_weather,wind_speed_m_s,3.83990164548,1.62251462948,58767
spatiotemporal,central:2020-2024,state_weather_interactions,current_growth_log1p,0.934096760643,0.889566414524,58767
spatiotemporal,central:2020-2024,state_weather_interactions,previous_growth_log1p,0.92466085217,0.893940126762,58767
spatiotemporal,central:2020-2024,state_weather_interactions,cumulative_log1p,2.11909978802,1.41381057734,58767
spatiotemporal,central:2020-2024,state_weather_interactions,elapsed_log1p,1.6903822359,0.752120816146,58767
spatiotemporal,central:2020-2024,state_weather_interactions,maximum_temperature_c,25.959755475,7.03387857,58767
spatiotemporal,central:2020-2024,state_weather_interactions,minimum_temperature_c,10.6297828713,7.00679248879,58767
spatiotemporal,central:2020-2024,state_weather_interactions,vpd_kpa,1.38227559685,0.756701287231,58767
spatiotemporal,central:2020-2024,state_weather_interactions,wind_speed_m_s,3.83990164548,1.62251462948,58767
spatiotemporal,central:2020-2024,state_weather_interactions,maximum_temperature_c_x_current_growth_log1p,24.6538482761,26.1339851117,58767
spatiotemporal,central:2020-2024,state_weather_interactions,maximum_temperature_c_x_previous_growth_log1p,24.3936643484,26.2200501671,58767
spatiotemporal,central:2020-2024,state_weather_interactions,minimum_temperature_c_x_current_growth_log1p,9.84176569139,12.6255040612,58767
spatiotemporal,central:2020-2024,state_weather_interactions,minimum_temperature_c_x_previous_growth_log1p,9.72182190489,12.6028405369,58767
spatiotemporal,central:2020-2024,state_weather_interactions,vpd_kpa_x_current_growth_log1p,1.4491300613,1.98659614661,58767
spatiotemporal,central:2020-2024,state_weather_interactions,vpd_kpa_x_previous_growth_log1p,1.42616023141,1.97475958129,58767
spatiotemporal,central:2020-2024,state_weather_interactions,wind_speed_m_s_x_current_growth_log1p,3.64424859824,4.13787656452,58767
spatiotemporal,central:2020-2024,state_weather_interactions,wind_speed_m_s_x_previous_growth_log1p,3.57970961207,4.07018393732,58767
spatiotemporal,east:2000-2004,autoregressive,current_growth_log1p,0.931296934686,0.885802408025,60552
spatiotemporal,east:2000-2004,autoregressive,previous_growth_log1p,0.921798849924,0.890897804409,60552
spatiotemporal,east:2000-2004,autoregressive,cumulative_log1p,2.09849622716,1.4064862475,60552
spatiotemporal,east:2000-2004,autoregressive,elapsed_log1p,1.6768597706,0.744682898047,60552
spatiotemporal,east:2000-2004,weather_only,maximum_temperature_c,25.737405866,7.64578025683,60552
spatiotemporal,east:2000-2004,weather_only,minimum_temperature_c,10.5082755318,7.61398648643,60552
spatiotemporal,east:2000-2004,weather_only,vpd_kpa,1.39194378386,0.761857319831,60552
spatiotemporal,east:2000-2004,weather_only,wind_speed_m_s,3.89200521866,1.66758922013,60552
spatiotemporal,east:2000-2004,state_plus_weather,current_growth_log1p,0.931296934686,0.885802408025,60552
spatiotemporal,east:2000-2004,state_plus_weather,previous_growth_log1p,0.921798849924,0.890897804409,60552
spatiotemporal,east:2000-2004,state_plus_weather,cumulative_log1p,2.09849622716,1.4064862475,60552
spatiotemporal,east:2000-2004,state_plus_weather,elapsed_log1p,1.6768597706,0.744682898047,60552
spatiotemporal,east:2000-2004,state_plus_weather,maximum_temperature_c,25.737405866,7.64578025683,60552
spatiotemporal,east:2000-2004,state_plus_weather,minimum_temperature_c,10.5082755318,7.61398648643,60552
spatiotemporal,east:2000-2004,state_plus_weather,vpd_kpa,1.39194378386,0.761857319831,60552
spatiotemporal,east:2000-2004,state_plus_weather,wind_speed_m_s,3.89200521866,1.66758922013,60552
spatiotemporal,east:2000-2004,state_weather_interactions,current_growth_log1p,0.931296934686,0.885802408025,60552
spatiotemporal,east:2000-2004,state_weather_interactions,previous_growth_log1p,0.921798849924,0.890897804409,60552
spatiotemporal,east:2000-2004,state_weather_interactions,cumulative_log1p,2.09849622716,1.4064862475,60552
spatiotemporal,east:2000-2004,state_weather_interactions,elapsed_log1p,1.6768597706,0.744682898047,60552
spatiotemporal,east:2000-2004,state_weather_interactions,maximum_temperature_c,25.737405866,7.64578025683,60552
spatiotemporal,east:2000-2004,state_weather_interactions,minimum_temperature_c,10.5082755318,7.61398648643,60552
spatiotemporal,east:2000-2004,state_weather_interactions,vpd_kpa,1.39194378386,0.761857319831,60552
spatiotemporal,east:2000-2004,state_weather_interactions,wind_speed_m_s,3.89200521866,1.66758922013,60552
spatiotemporal,east:2000-2004,state_weather_interactions,maximum_temperature_c_x_current_growth_log1p,24.0727577298,25.4750471305,60552
spatiotemporal,east:2000-2004,state_weather_interactions,maximum_temperature_c_x_previous_growth_log1p,23.8287938055,25.6186358604,60552
spatiotemporal,east:2000-2004,state_weather_interactions,minimum_temperature_c_x_current_growth_log1p,9.53878682516,12.6624081746,60552
spatiotemporal,east:2000-2004,state_weather_interactions,minimum_temperature_c_x_previous_growth_log1p,9.42276343984,12.6312370384,60552
spatiotemporal,east:2000-2004,state_weather_interactions,vpd_kpa_x_current_growth_log1p,1.4164473404,1.94722691005,60552
spatiotemporal,east:2000-2004,state_weather_interactions,vpd_kpa_x_previous_growth_log1p,1.39554041353,1.9396671523,60552
spatiotemporal,east:2000-2004,state_weather_interactions,wind_speed_m_s_x_current_growth_log1p,3.68082531149,4.17114939295,60552
spatiotemporal,east:2000-2004,state_weather_interactions,wind_speed_m_s_x_previous_growth_log1p,3.61941186382,4.10548475657,60552
spatiotemporal,east:2005-2009,autoregressive,current_growth_log1p,0.926146636393,0.887182215317,51288
spatiotemporal,east:2005-2009,autoregressive,previous_growth_log1p,0.914995855461,0.89110001877,51288
spatiotemporal,east:2005-2009,autoregressive,cumulative_log1p,2.08628200233,1.41767872897,51288
spatiotemporal,east:2005-2009,autoregressive,elapsed_log1p,1.67279282346,0.743230370056,51288
spatiotemporal,east:2005-2009,weather_only,maximum_temperature_c,25.9548003432,7.62629664041,51288
spatiotemporal,east:2005-2009,weather_only,minimum_temperature_c,10.621051708,7.54489057448,51288
spatiotemporal,east:2005-2009,weather_only,vpd_kpa,1.40383871471,0.757934782685,51288
spatiotemporal,east:2005-2009,weather_only,wind_speed_m_s,3.87668460459,1.64191224725,51288
spatiotemporal,east:2005-2009,state_plus_weather,current_growth_log1p,0.926146636393,0.887182215317,51288
spatiotemporal,east:2005-2009,state_plus_weather,previous_growth_log1p,0.914995855461,0.89110001877,51288
spatiotemporal,east:2005-2009,state_plus_weather,cumulative_log1p,2.08628200233,1.41767872897,51288
spatiotemporal,east:2005-2009,state_plus_weather,elapsed_log1p,1.67279282346,0.743230370056,51288
spatiotemporal,east:2005-2009,state_plus_weather,maximum_temperature_c,25.9548003432,7.62629664041,51288
spatiotemporal,east:2005-2009,state_plus_weather,minimum_temperature_c,10.621051708,7.54489057448,51288
spatiotemporal,east:2005-2009,state_plus_weather,vpd_kpa,1.40383871471,0.757934782685,51288
spatiotemporal,east:2005-2009,state_plus_weather,wind_speed_m_s,3.87668460459,1.64191224725,51288
spatiotemporal,east:2005-2009,state_weather_interactions,current_growth_log1p,0.926146636393,0.887182215317,51288
spatiotemporal,east:2005-2009,state_weather_interactions,previous_growth_log1p,0.914995855461,0.89110001877,51288
spatiotemporal,east:2005-2009,state_weather_interactions,cumulative_log1p,2.08628200233,1.41767872897,51288
spatiotemporal,east:2005-2009,state_weather_interactions,elapsed_log1p,1.67279282346,0.743230370056,51288
spatiotemporal,east:2005-2009,state_weather_interactions,maximum_temperature_c,25.9548003432,7.62629664041,51288
spatiotemporal,east:2005-2009,state_weather_interactions,minimum_temperature_c,10.621051708,7.54489057448,51288
spatiotemporal,east:2005-2009,state_weather_interactions,vpd_kpa,1.40383871471,0.757934782685,51288
spatiotemporal,east:2005-2009,state_weather_interactions,wind_speed_m_s,3.87668460459,1.64191224725,51288
spatiotemporal,east:2005-2009,state_weather_interactions,maximum_temperature_c_x_current_growth_log1p,24.1012341189,25.525115992,51288
spatiotemporal,east:2005-2009,state_weather_interactions,maximum_temperature_c_x_previous_growth_log1p,23.8082732109,25.6217266474,51288
spatiotemporal,east:2005-2009,state_weather_interactions,minimum_temperature_c_x_current_growth_log1p,9.56364481103,12.55525913,51288
spatiotemporal,east:2005-2009,state_weather_interactions,minimum_temperature_c_x_previous_growth_log1p,9.41876614285,12.4871471736,51288
spatiotemporal,east:2005-2009,state_weather_interactions,vpd_kpa_x_current_growth_log1p,1.41569732685,1.92574907468,51288
spatiotemporal,east:2005-2009,state_weather_interactions,vpd_kpa_x_previous_growth_log1p,1.39285539337,1.91520193752,51288
spatiotemporal,east:2005-2009,state_weather_interactions,wind_speed_m_s_x_current_growth_log1p,3.65931163351,4.18433473998,51288
spatiotemporal,east:2005-2009,state_weather_interactions,wind_speed_m_s_x_previous_growth_log1p,3.59133563948,4.11372417178,51288
spatiotemporal,east:2010-2014,autoregressive,current_growth_log1p,0.921180005592,0.871465357623,53647
spatiotemporal,east:2010-2014,autoregressive,previous_growth_log1p,0.910686785913,0.876308431058,53647
spatiotemporal,east:2010-2014,autoregressive,cumulative_log1p,2.08637916788,1.39979252753,53647
spatiotemporal,east:2010-2014,autoregressive,elapsed_log1p,1.68328584777,0.747997120384,53647
spatiotemporal,east:2010-2014,weather_only,maximum_temperature_c,25.6068643167,7.55820438184,53647
spatiotemporal,east:2010-2014,weather_only,minimum_temperature_c,10.6788198781,7.5459920144,53647
spatiotemporal,east:2010-2014,weather_only,vpd_kpa,1.3536695435,0.735705465009,53647
spatiotemporal,east:2010-2014,weather_only,wind_speed_m_s,3.84956474733,1.62819679338,53647
spatiotemporal,east:2010-2014,state_plus_weather,current_growth_log1p,0.921180005592,0.871465357623,53647
spatiotemporal,east:2010-2014,state_plus_weather,previous_growth_log1p,0.910686785913,0.876308431058,53647
spatiotemporal,east:2010-2014,state_plus_weather,cumulative_log1p,2.08637916788,1.39979252753,53647
spatiotemporal,east:2010-2014,state_plus_weather,elapsed_log1p,1.68328584777,0.747997120384,53647
spatiotemporal,east:2010-2014,state_plus_weather,maximum_temperature_c,25.6068643167,7.55820438184,53647
spatiotemporal,east:2010-2014,state_plus_weather,minimum_temperature_c,10.6788198781,7.5459920144,53647
spatiotemporal,east:2010-2014,state_plus_weather,vpd_kpa,1.3536695435,0.735705465009,53647
spatiotemporal,east:2010-2014,state_plus_weather,wind_speed_m_s,3.84956474733,1.62819679338,53647
spatiotemporal,east:2010-2014,state_weather_interactions,current_growth_log1p,0.921180005592,0.871465357623,53647
spatiotemporal,east:2010-2014,state_weather_interactions,previous_growth_log1p,0.910686785913,0.876308431058,53647
spatiotemporal,east:2010-2014,state_weather_interactions,cumulative_log1p,2.08637916788,1.39979252753,53647
spatiotemporal,east:2010-2014,state_weather_interactions,elapsed_log1p,1.68328584777,0.747997120384,53647
spatiotemporal,east:2010-2014,state_weather_interactions,maximum_temperature_c,25.6068643167,7.55820438184,53647
spatiotemporal,east:2010-2014,state_weather_interactions,minimum_temperature_c,10.6788198781,7.5459920144,53647
spatiotemporal,east:2010-2014,state_weather_interactions,vpd_kpa,1.3536695435,0.735705465009,53647
spatiotemporal,east:2010-2014,state_weather_interactions,wind_speed_m_s,3.84956474733,1.62819679338,53647
spatiotemporal,east:2010-2014,state_weather_interactions,maximum_temperature_c_x_current_growth_log1p,23.7536433382,25.0172400712,53647
spatiotemporal,east:2010-2014,state_weather_interactions,maximum_temperature_c_x_previous_growth_log1p,23.4615990869,25.1086820118,53647
spatiotemporal,east:2010-2014,state_weather_interactions,minimum_temperature_c_x_current_growth_log1p,9.67718218057,12.6923745617,53647
spatiotemporal,east:2010-2014,state_weather_interactions,minimum_temperature_c_x_previous_growth_log1p,9.5238373813,12.6055015814,53647
spatiotemporal,east:2010-2014,state_weather_interactions,vpd_kpa_x_current_growth_log1p,1.37784613562,1.90711124109,53647
spatiotemporal,east:2010-2014,state_weather_interactions,vpd_kpa_x_previous_growth_log1p,1.35399571418,1.89500756026,53647
spatiotemporal,east:2010-2014,state_weather_interactions,wind_speed_m_s_x_current_growth_log1p,3.57738762125,3.96440888772,53647
spatiotemporal,east:2010-2014,state_weather_interactions,wind_speed_m_s_x_previous_growth_log1p,3.51423855804,3.90057988735,53647
spatiotemporal,east:2015-2019,autoregressive,current_growth_log1p,0.92250767873,0.879446594764,51766
spatiotemporal,east:2015-2019,autoregressive,previous_growth_log1p,0.915828097538,0.883983519736,51766
spatiotemporal,east:2015-2019,autoregressive,cumulative_log1p,2.07166010701,1.39553397925,51766
spatiotemporal,east:2015-2019,autoregressive,elapsed_log1p,1.65525556267,0.732351664855,51766
spatiotemporal,east:2015-2019,weather_only,maximum_temperature_c,25.8073561797,7.72813012093,51766
spatiotemporal,east:2015-2019,weather_only,minimum_temperature_c,10.393300622,7.59680266978,51766
spatiotemporal,east:2015-2019,weather_only,vpd_kpa,1.40778889619,0.775244069571,51766
spatiotemporal,east:2015-2019,weather_only,wind_speed_m_s,3.9037012711,1.64777928738,51766
spatiotemporal,east:2015-2019,state_plus_weather,current_growth_log1p,0.92250767873,0.879446594764,51766
spatiotemporal,east:2015-2019,state_plus_weather,previous_growth_log1p,0.915828097538,0.883983519736,51766
spatiotemporal,east:2015-2019,state_plus_weather,cumulative_log1p,2.07166010701,1.39553397925,51766
spatiotemporal,east:2015-2019,state_plus_weather,elapsed_log1p,1.65525556267,0.732351664855,51766
spatiotemporal,east:2015-2019,state_plus_weather,maximum_temperature_c,25.8073561797,7.72813012093,51766
spatiotemporal,east:2015-2019,state_plus_weather,minimum_temperature_c,10.393300622,7.59680266978,51766
spatiotemporal,east:2015-2019,state_plus_weather,vpd_kpa,1.40778889619,0.775244069571,51766
spatiotemporal,east:2015-2019,state_plus_weather,wind_speed_m_s,3.9037012711,1.64777928738,51766
spatiotemporal,east:2015-2019,state_weather_interactions,current_growth_log1p,0.92250767873,0.879446594764,51766
spatiotemporal,east:2015-2019,state_weather_interactions,previous_growth_log1p,0.915828097538,0.883983519736,51766
spatiotemporal,east:2015-2019,state_weather_interactions,cumulative_log1p,2.07166010701,1.39553397925,51766
spatiotemporal,east:2015-2019,state_weather_interactions,elapsed_log1p,1.65525556267,0.732351664855,51766
spatiotemporal,east:2015-2019,state_weather_interactions,maximum_temperature_c,25.8073561797,7.72813012093,51766
spatiotemporal,east:2015-2019,state_weather_interactions,minimum_temperature_c,10.393300622,7.59680266978,51766
spatiotemporal,east:2015-2019,state_weather_interactions,vpd_kpa,1.40778889619,0.775244069571,51766
spatiotemporal,east:2015-2019,state_weather_interactions,wind_speed_m_s,3.9037012711,1.64777928738,51766
spatiotemporal,east:2015-2019,state_weather_interactions,maximum_temperature_c_x_current_growth_log1p,23.9961715753,25.5758250727,51766
spatiotemporal,east:2015-2019,state_weather_interactions,maximum_temperature_c_x_previous_growth_log1p,23.8028215238,25.6509606683,51766
spatiotemporal,east:2015-2019,state_weather_interactions,minimum_temperature_c_x_current_growth_log1p,9.44995524997,12.6888404882,51766
spatiotemporal,east:2015-2019,state_weather_interactions,minimum_temperature_c_x_previous_growth_log1p,9.35805939401,12.6543030101,51766
spatiotemporal,east:2015-2019,state_weather_interactions,vpd_kpa_x_current_growth_log1p,1.42300053108,1.97347024559,51766
spatiotemporal,east:2015-2019,state_weather_interactions,vpd_kpa_x_previous_growth_log1p,1.40413643145,1.96115276328,51766
spatiotemporal,east:2015-2019,state_weather_interactions,wind_speed_m_s_x_current_growth_log1p,3.660330758,4.13505421822,51766
spatiotemporal,east:2015-2019,state_weather_interactions,wind_speed_m_s_x_previous_growth_log1p,3.60807558597,4.06914751599,51766
spatiotemporal,east:2020-2024,autoregressive,current_growth_log1p,0.905966840835,0.859968160048,65627
spatiotemporal,east:2020-2024,autoregressive,previous_growth_log1p,0.89656228369,0.864271535474,65627
spatiotemporal,east:2020-2024,autoregressive,cumulative_log1p,2.05330665664,1.36584158118,65627
spatiotemporal,east:2020-2024,autoregressive,elapsed_log1p,1.67171319753,0.73952538316,65627
spatiotemporal,east:2020-2024,weather_only,maximum_temperature_c,26.0912147439,7.51346615644,65627
spatiotemporal,east:2020-2024,weather_only,minimum_temperature_c,10.8083768876,7.5036393995,65627
spatiotemporal,east:2020-2024,weather_only,vpd_kpa,1.40562862846,0.751697720827,65627
spatiotemporal,east:2020-2024,weather_only,wind_speed_m_s,3.87173114724,1.64800935621,65627
spatiotemporal,east:2020-2024,state_plus_weather,current_growth_log1p,0.905966840835,0.859968160048,65627
spatiotemporal,east:2020-2024,state_plus_weather,previous_growth_log1p,0.89656228369,0.864271535474,65627
spatiotemporal,east:2020-2024,state_plus_weather,cumulative_log1p,2.05330665664,1.36584158118,65627
spatiotemporal,east:2020-2024,state_plus_weather,elapsed_log1p,1.67171319753,0.73952538316,65627
spatiotemporal,east:2020-2024,state_plus_weather,maximum_temperature_c,26.0912147439,7.51346615644,65627
spatiotemporal,east:2020-2024,state_plus_weather,minimum_temperature_c,10.8083768876,7.5036393995,65627
spatiotemporal,east:2020-2024,state_plus_weather,vpd_kpa,1.40562862846,0.751697720827,65627
spatiotemporal,east:2020-2024,state_plus_weather,wind_speed_m_s,3.87173114724,1.64800935621,65627
spatiotemporal,east:2020-2024,state_weather_interactions,current_growth_log1p,0.905966840835,0.859968160048,65627
spatiotemporal,east:2020-2024,state_weather_interactions,previous_growth_log1p,0.89656228369,0.864271535474,65627
spatiotemporal,east:2020-2024,state_weather_interactions,cumulative_log1p,2.05330665664,1.36584158118,65627
spatiotemporal,east:2020-2024,state_weather_interactions,elapsed_log1p,1.67171319753,0.73952538316,65627
spatiotemporal,east:2020-2024,state_weather_interactions,maximum_temperature_c,26.0912147439,7.51346615644,65627
spatiotemporal,east:2020-2024,state_weather_interactions,minimum_temperature_c,10.8083768876,7.5036393995,65627
spatiotemporal,east:2020-2024,state_weather_interactions,vpd_kpa,1.40562862846,0.751697720827,65627
spatiotemporal,east:2020-2024,state_weather_interactions,wind_speed_m_s,3.87173114724,1.64800935621,65627
spatiotemporal,east:2020-2024,state_weather_interactions,maximum_temperature_c_x_current_growth_log1p,23.7339661282,24.9352395801,65627
spatiotemporal,east:2020-2024,state_weather_interactions,maximum_temperature_c_x_previous_growth_log1p,23.4695388286,25.0011381229,65627
spatiotemporal,east:2020-2024,state_weather_interactions,minimum_temperature_c_x_current_growth_log1p,9.49012332696,12.1319195587,65627
spatiotemporal,east:2020-2024,state_weather_interactions,minimum_temperature_c_x_previous_growth_log1p,9.35625980453,12.0862974647,65627
spatiotemporal,east:2020-2024,state_weather_interactions,vpd_kpa_x_current_growth_log1p,1.3881253894,1.89195455259,65627
spatiotemporal,east:2020-2024,state_weather_interactions,vpd_kpa_x_previous_growth_log1p,1.36587033372,1.87981959371,65627
spatiotemporal,east:2020-2024,state_weather_interactions,wind_speed_m_s_x_current_growth_log1p,3.57292647223,4.06139179954,65627
spatiotemporal,east:2020-2024,state_weather_interactions,wind_speed_m_s_x_previous_growth_log1p,3.51211558056,3.99332185151,65627
spatiotemporal,intermountain:2000-2004,autoregressive,current_growth_log1p,0.812192815408,0.803143378136,55016
spatiotemporal,intermountain:2000-2004,autoregressive,previous_growth_log1p,0.808332313702,0.807676000478,55016
spatiotemporal,intermountain:2000-2004,autoregressive,cumulative_log1p,1.93118613417,1.33267211961,55016
spatiotemporal,intermountain:2000-2004,autoregressive,elapsed_log1p,1.72281524383,0.751252725145,55016
spatiotemporal,intermountain:2000-2004,weather_only,maximum_temperature_c,26.211027701,6.73413120957,55016
spatiotemporal,intermountain:2000-2004,weather_only,minimum_temperature_c,11.6028373564,7.02292018331,55016
spatiotemporal,intermountain:2000-2004,weather_only,vpd_kpa,1.27367838447,0.680920046989,55016
spatiotemporal,intermountain:2000-2004,weather_only,wind_speed_m_s,3.52922967864,1.44126882018,55016
spatiotemporal,intermountain:2000-2004,state_plus_weather,current_growth_log1p,0.812192815408,0.803143378136,55016
spatiotemporal,intermountain:2000-2004,state_plus_weather,previous_growth_log1p,0.808332313702,0.807676000478,55016
spatiotemporal,intermountain:2000-2004,state_plus_weather,cumulative_log1p,1.93118613417,1.33267211961,55016
spatiotemporal,intermountain:2000-2004,state_plus_weather,elapsed_log1p,1.72281524383,0.751252725145,55016
spatiotemporal,intermountain:2000-2004,state_plus_weather,maximum_temperature_c,26.211027701,6.73413120957,55016
spatiotemporal,intermountain:2000-2004,state_plus_weather,minimum_temperature_c,11.6028373564,7.02292018331,55016
spatiotemporal,intermountain:2000-2004,state_plus_weather,vpd_kpa,1.27367838447,0.680920046989,55016
spatiotemporal,intermountain:2000-2004,state_plus_weather,wind_speed_m_s,3.52922967864,1.44126882018,55016
spatiotemporal,intermountain:2000-2004,state_weather_interactions,current_growth_log1p,0.812192815408,0.803143378136,55016
spatiotemporal,intermountain:2000-2004,state_weather_interactions,previous_growth_log1p,0.808332313702,0.807676000478,55016
spatiotemporal,intermountain:2000-2004,state_weather_interactions,cumulative_log1p,1.93118613417,1.33267211961,55016
spatiotemporal,intermountain:2000-2004,state_weather_interactions,elapsed_log1p,1.72281524383,0.751252725145,55016
spatiotemporal,intermountain:2000-2004,state_weather_interactions,maximum_temperature_c,26.211027701,6.73413120957,55016
spatiotemporal,intermountain:2000-2004,state_weather_interactions,minimum_temperature_c,11.6028373564,7.02292018331,55016
spatiotemporal,intermountain:2000-2004,state_weather_interactions,vpd_kpa,1.27367838447,0.680920046989,55016
spatiotemporal,intermountain:2000-2004,state_weather_interactions,wind_speed_m_s,3.52922967864,1.44126882018,55016
spatiotemporal,intermountain:2000-2004,state_weather_interactions,maximum_temperature_c_x_current_growth_log1p,21.4674739292,23.4532098323,55016
spatiotemporal,intermountain:2000-2004,state_weather_interactions,maximum_temperature_c_x_previous_growth_log1p,21.3355056535,23.5080209185,55016
spatiotemporal,intermountain:2000-2004,state_weather_interactions,minimum_temperature_c_x_current_growth_log1p,9.26225219006,11.8692856133,55016
spatiotemporal,intermountain:2000-2004,state_weather_interactions,minimum_temperature_c_x_previous_growth_log1p,9.17230206922,11.8044023353,55016
spatiotemporal,intermountain:2000-2004,state_weather_interactions,vpd_kpa_x_current_growth_log1p,1.17022476025,1.74424106124,55016
spatiotemporal,intermountain:2000-2004,state_weather_interactions,vpd_kpa_x_previous_growth_log1p,1.15709316643,1.73332401314,55016
spatiotemporal,intermountain:2000-2004,state_weather_interactions,wind_speed_m_s_x_current_growth_log1p,2.87151601636,3.22051221585,55016
spatiotemporal,intermountain:2000-2004,state_weather_interactions,wind_speed_m_s_x_previous_growth_log1p,2.83619079792,3.15882938663,55016
spatiotemporal,intermountain:2005-2009,autoregressive,current_growth_log1p,0.791953686284,0.792757416839,46904
spatiotemporal,intermountain:2005-2009,autoregressive,previous_growth_log1p,0.788031985628,0.795683231323,46904
spatiotemporal,intermountain:2005-2009,autoregressive,cumulative_log1p,1.88700195834,1.31787834944,46904
spatiotemporal,intermountain:2005-2009,autoregressive,elapsed_log1p,1.71501592135,0.746748357006,46904
spatiotemporal,intermountain:2005-2009,weather_only,maximum_temperature_c,26.3500831486,6.68366487852,46904
spatiotemporal,intermountain:2005-2009,weather_only,minimum_temperature_c,11.7635660072,6.95520289453,46904
spatiotemporal,intermountain:2005-2009,weather_only,vpd_kpa,1.25870181648,0.667781419327,46904
spatiotemporal,intermountain:2005-2009,weather_only,wind_speed_m_s,3.53417618966,1.42431864408,46904
spatiotemporal,intermountain:2005-2009,state_plus_weather,current_growth_log1p,0.791953686284,0.792757416839,46904
spatiotemporal,intermountain:2005-2009,state_plus_weather,previous_growth_log1p,0.788031985628,0.795683231323,46904
spatiotemporal,intermountain:2005-2009,state_plus_weather,cumulative_log1p,1.88700195834,1.31787834944,46904
spatiotemporal,intermountain:2005-2009,state_plus_weather,elapsed_log1p,1.71501592135,0.746748357006,46904
spatiotemporal,intermountain:2005-2009,state_plus_weather,maximum_temperature_c,26.3500831486,6.68366487852,46904
spatiotemporal,intermountain:2005-2009,state_plus_weather,minimum_temperature_c,11.7635660072,6.95520289453,46904
spatiotemporal,intermountain:2005-2009,state_plus_weather,vpd_kpa,1.25870181648,0.667781419327,46904
spatiotemporal,intermountain:2005-2009,state_plus_weather,wind_speed_m_s,3.53417618966,1.42431864408,46904
spatiotemporal,intermountain:2005-2009,state_weather_interactions,current_growth_log1p,0.791953686284,0.792757416839,46904
spatiotemporal,intermountain:2005-2009,state_weather_interactions,previous_growth_log1p,0.788031985628,0.795683231323,46904
spatiotemporal,intermountain:2005-2009,state_weather_interactions,cumulative_log1p,1.88700195834,1.31787834944,46904
spatiotemporal,intermountain:2005-2009,state_weather_interactions,elapsed_log1p,1.71501592135,0.746748357006,46904
spatiotemporal,intermountain:2005-2009,state_weather_interactions,maximum_temperature_c,26.3500831486,6.68366487852,46904
spatiotemporal,intermountain:2005-2009,state_weather_interactions,minimum_temperature_c,11.7635660072,6.95520289453,46904
spatiotemporal,intermountain:2005-2009,state_weather_interactions,vpd_kpa,1.25870181648,0.667781419327,46904
spatiotemporal,intermountain:2005-2009,state_weather_interactions,wind_speed_m_s,3.53417618966,1.42431864408,46904
spatiotemporal,intermountain:2005-2009,state_weather_interactions,maximum_temperature_c_x_current_growth_log1p,20.9382554315,22.9332370697,46904
spatiotemporal,intermountain:2005-2009,state_weather_interactions,maximum_temperature_c_x_previous_growth_log1p,20.7970884255,22.9084606857,46904
spatiotemporal,intermountain:2005-2009,state_weather_interactions,minimum_temperature_c_x_current_growth_log1p,9.06654667347,11.4986603702,46904
spatiotemporal,intermountain:2005-2009,state_weather_interactions,minimum_temperature_c_x_previous_growth_log1p,8.96157274398,11.3724291736,46904
spatiotemporal,intermountain:2005-2009,state_weather_interactions,vpd_kpa_x_current_growth_log1p,1.11903594597,1.66732994885,46904
spatiotemporal,intermountain:2005-2009,state_weather_interactions,vpd_kpa_x_previous_growth_log1p,1.10519808505,1.64891193026,46904
spatiotemporal,intermountain:2005-2009,state_weather_interactions,wind_speed_m_s_x_current_growth_log1p,2.81005020974,3.19249660403,46904
spatiotemporal,intermountain:2005-2009,state_weather_interactions,wind_speed_m_s_x_previous_growth_log1p,2.7779425283,3.14420703768,46904
spatiotemporal,intermountain:2010-2014,autoregressive,current_growth_log1p,0.812057106424,0.804223684738,48890
spatiotemporal,intermountain:2010-2014,autoregressive,previous_growth_log1p,0.808883242815,0.80797763333,48890
spatiotemporal,intermountain:2010-2014,autoregressive,cumulative_log1p,1.93854556612,1.34310081637,48890
spatiotemporal,intermountain:2010-2014,autoregressive,elapsed_log1p,1.73339293384,0.755893714166,48890
spatiotemporal,intermountain:2010-2014,weather_only,maximum_temperature_c,25.8671609736,6.51333852073,48890
spatiotemporal,intermountain:2010-2014,weather_only,minimum_temperature_c,11.5521926774,6.85879268698,48890
spatiotemporal,intermountain:2010-2014,weather_only,vpd_kpa,1.22545142156,0.658558807665,48890
spatiotemporal,intermountain:2010-2014,weather_only,wind_speed_m_s,3.51577214154,1.42437670932,48890
spatiotemporal,intermountain:2010-2014,state_plus_weather,current_growth_log1p,0.812057106424,0.804223684738,48890
spatiotemporal,intermountain:2010-2014,state_plus_weather,previous_growth_log1p,0.808883242815,0.80797763333,48890
spatiotemporal,intermountain:2010-2014,state_plus_weather,cumulative_log1p,1.93854556612,1.34310081637,48890
spatiotemporal,intermountain:2010-2014,state_plus_weather,elapsed_log1p,1.73339293384,0.755893714166,48890
spatiotemporal,intermountain:2010-2014,state_plus_weather,maximum_temperature_c,25.8671609736,6.51333852073,48890
spatiotemporal,intermountain:2010-2014,state_plus_weather,minimum_temperature_c,11.5521926774,6.85879268698,48890
spatiotemporal,intermountain:2010-2014,state_plus_weather,vpd_kpa,1.22545142156,0.658558807665,48890
spatiotemporal,intermountain:2010-2014,state_plus_weather,wind_speed_m_s,3.51577214154,1.42437670932,48890
spatiotemporal,intermountain:2010-2014,state_weather_interactions,current_growth_log1p,0.812057106424,0.804223684738,48890
spatiotemporal,intermountain:2010-2014,state_weather_interactions,previous_growth_log1p,0.808883242815,0.80797763333,48890
spatiotemporal,intermountain:2010-2014,state_weather_interactions,cumulative_log1p,1.93854556612,1.34310081637,48890
spatiotemporal,intermountain:2010-2014,state_weather_interactions,elapsed_log1p,1.73339293384,0.755893714166,48890
spatiotemporal,intermountain:2010-2014,state_weather_interactions,maximum_temperature_c,25.8671609736,6.51333852073,48890
spatiotemporal,intermountain:2010-2014,state_weather_interactions,minimum_temperature_c,11.5521926774,6.85879268698,48890
spatiotemporal,intermountain:2010-2014,state_weather_interactions,vpd_kpa,1.22545142156,0.658558807665,48890
spatiotemporal,intermountain:2010-2014,state_weather_interactions,wind_speed_m_s,3.51577214154,1.42437670932,48890
spatiotemporal,intermountain:2010-2014,state_weather_interactions,maximum_temperature_c_x_current_growth_log1p,21.2630644015,23.3354827008,48890
spatiotemporal,intermountain:2010-2014,state_weather_interactions,maximum_temperature_c_x_previous_growth_log1p,21.1263233052,23.3247683451,48890
spatiotemporal,intermountain:2010-2014,state_weather_interactions,minimum_temperature_c_x_current_growth_log1p,9.28509093292,11.9009715467,48890
spatiotemporal,intermountain:2010-2014,state_weather_interactions,minimum_temperature_c_x_previous_growth_log1p,9.17933887608,11.7846548967,48890
spatiotemporal,intermountain:2010-2014,state_weather_interactions,vpd_kpa_x_current_growth_log1p,1.14680652707,1.74687993208,48890
spatiotemporal,intermountain:2010-2014,state_weather_interactions,vpd_kpa_x_previous_growth_log1p,1.13246356845,1.73063037302,48890
spatiotemporal,intermountain:2010-2014,state_weather_interactions,wind_speed_m_s_x_current_growth_log1p,2.86391893162,3.21833686093,48890
spatiotemporal,intermountain:2010-2014,state_weather_interactions,wind_speed_m_s_x_previous_growth_log1p,2.83412034054,3.16955852968,48890
spatiotemporal,intermountain:2015-2019,autoregressive,current_growth_log1p,0.799772879565,0.791900856541,46960
spatiotemporal,intermountain:2015-2019,autoregressive,previous_growth_log1p,0.798327209741,0.795300418056,46960
spatiotemporal,intermountain:2015-2019,autoregressive,cumulative_log1p,1.89656212706,1.30348894582,46960
spatiotemporal,intermountain:2015-2019,autoregressive,elapsed_log1p,1.70145718926,0.739714282855,46960
spatiotemporal,intermountain:2015-2019,weather_only,maximum_temperature_c,25.9111222317,6.75536188524,46960
spatiotemporal,intermountain:2015-2019,weather_only,minimum_temperature_c,11.072996167,6.9822060839,46960
spatiotemporal,intermountain:2015-2019,weather_only,vpd_kpa,1.25735689949,0.691388668443,46960
spatiotemporal,intermountain:2015-2019,weather_only,wind_speed_m_s,3.52998722317,1.44245815171,46960
spatiotemporal,intermountain:2015-2019,state_plus_weather,current_growth_log1p,0.799772879565,0.791900856541,46960
spatiotemporal,intermountain:2015-2019,state_plus_weather,previous_growth_log1p,0.798327209741,0.795300418056,46960
spatiotemporal,intermountain:2015-2019,state_plus_weather,cumulative_log1p,1.89656212706,1.30348894582,46960
spatiotemporal,intermountain:2015-2019,state_plus_weather,elapsed_log1p,1.70145718926,0.739714282855,46960
spatiotemporal,intermountain:2015-2019,state_plus_weather,maximum_temperature_c,25.9111222317,6.75536188524,46960
spatiotemporal,intermountain:2015-2019,state_plus_weather,minimum_temperature_c,11.072996167,6.9822060839,46960
spatiotemporal,intermountain:2015-2019,state_plus_weather,vpd_kpa,1.25735689949,0.691388668443,46960
spatiotemporal,intermountain:2015-2019,state_plus_weather,wind_speed_m_s,3.52998722317,1.44245815171,46960
spatiotemporal,intermountain:2015-2019,state_weather_interactions,current_growth_log1p,0.799772879565,0.791900856541,46960
spatiotemporal,intermountain:2015-2019,state_weather_interactions,previous_growth_log1p,0.798327209741,0.795300418056,46960
spatiotemporal,intermountain:2015-2019,state_weather_interactions,cumulative_log1p,1.89656212706,1.30348894582,46960
spatiotemporal,intermountain:2015-2019,state_weather_interactions,elapsed_log1p,1.70145718926,0.739714282855,46960
spatiotemporal,intermountain:2015-2019,state_weather_interactions,maximum_temperature_c,25.9111222317,6.75536188524,46960
spatiotemporal,intermountain:2015-2019,state_weather_interactions,minimum_temperature_c,11.072996167,6.9822060839,46960
spatiotemporal,intermountain:2015-2019,state_weather_interactions,vpd_kpa,1.25735689949,0.691388668443,46960
spatiotemporal,intermountain:2015-2019,state_weather_interactions,wind_speed_m_s,3.52998722317,1.44245815171,46960
spatiotemporal,intermountain:2015-2019,state_weather_interactions,maximum_temperature_c_x_current_growth_log1p,20.9997432644,23.2263156797,46960
spatiotemporal,intermountain:2015-2019,state_weather_interactions,maximum_temperature_c_x_previous_growth_log1p,20.9222066511,23.2167661308,46960
spatiotemporal,intermountain:2015-2019,state_weather_interactions,minimum_temperature_c_x_current_growth_log1p,8.80267341792,11.7167081859,46960
spatiotemporal,intermountain:2015-2019,state_weather_interactions,minimum_temperature_c_x_previous_growth_log1p,8.74134377224,11.6389880622,46960
spatiotemporal,intermountain:2015-2019,state_weather_interactions,vpd_kpa_x_current_growth_log1p,1.14388474585,1.73870303638,46960
spatiotemporal,intermountain:2015-2019,state_weather_interactions,vpd_kpa_x_previous_growth_log1p,1.13269919263,1.72119969998,46960
spatiotemporal,intermountain:2015-2019,state_weather_interactions,wind_speed_m_s_x_current_growth_log1p,2.83854065025,3.20178317984,46960
spatiotemporal,intermountain:2015-2019,state_weather_interactions,wind_speed_m_s_x_previous_growth_log1p,2.81018243708,3.12300939017,46960
spatiotemporal,intermountain:2020-2024,autoregressive,current_growth_log1p,0.790085214733,0.775600329285,60410
spatiotemporal,intermountain:2020-2024,autoregressive,previous_growth_log1p,0.785992080619,0.778745521354,60410
spatiotemporal,intermountain:2020-2024,autoregressive,cumulative_log1p,1.89140301342,1.28478027446,60410
spatiotemporal,intermountain:2020-2024,autoregressive,elapsed_log1p,1.72220328221,0.746826310973,60410
spatiotemporal,intermountain:2020-2024,weather_only,maximum_temperature_c,26.2448965403,6.64341578501,60410
spatiotemporal,intermountain:2020-2024,weather_only,minimum_temperature_c,11.59888098,6.93273569312,60410
spatiotemporal,intermountain:2020-2024,weather_only,vpd_kpa,1.26157126304,0.674270003293,60410
spatiotemporal,intermountain:2020-2024,weather_only,wind_speed_m_s,3.51707002152,1.42474128311,60410
spatiotemporal,intermountain:2020-2024,state_plus_weather,current_growth_log1p,0.790085214733,0.775600329285,60410
spatiotemporal,intermountain:2020-2024,state_plus_weather,previous_growth_log1p,0.785992080619,0.778745521354,60410
spatiotemporal,intermountain:2020-2024,state_plus_weather,cumulative_log1p,1.89140301342,1.28478027446,60410
spatiotemporal,intermountain:2020-2024,state_plus_weather,elapsed_log1p,1.72220328221,0.746826310973,60410
spatiotemporal,intermountain:2020-2024,state_plus_weather,maximum_temperature_c,26.2448965403,6.64341578501,60410
spatiotemporal,intermountain:2020-2024,state_plus_weather,minimum_temperature_c,11.59888098,6.93273569312,60410
spatiotemporal,intermountain:2020-2024,state_plus_weather,vpd_kpa,1.26157126304,0.674270003293,60410
spatiotemporal,intermountain:2020-2024,state_plus_weather,wind_speed_m_s,3.51707002152,1.42474128311,60410
spatiotemporal,intermountain:2020-2024,state_weather_interactions,current_growth_log1p,0.790085214733,0.775600329285,60410
spatiotemporal,intermountain:2020-2024,state_weather_interactions,previous_growth_log1p,0.785992080619,0.778745521354,60410
spatiotemporal,intermountain:2020-2024,state_weather_interactions,cumulative_log1p,1.89140301342,1.28478027446,60410
spatiotemporal,intermountain:2020-2024,state_weather_interactions,elapsed_log1p,1.72220328221,0.746826310973,60410
spatiotemporal,intermountain:2020-2024,state_weather_interactions,maximum_temperature_c,26.2448965403,6.64341578501,60410
spatiotemporal,intermountain:2020-2024,state_weather_interactions,minimum_temperature_c,11.59888098,6.93273569312,60410
spatiotemporal,intermountain:2020-2024,state_weather_interactions,vpd_kpa,1.26157126304,0.674270003293,60410
spatiotemporal,intermountain:2020-2024,state_weather_interactions,wind_speed_m_s,3.51707002152,1.42474128311,60410
spatiotemporal,intermountain:2020-2024,state_weather_interactions,maximum_temperature_c_x_current_growth_log1p,20.9240080844,22.749118781,60410
spatiotemporal,intermountain:2020-2024,state_weather_interactions,maximum_temperature_c_x_previous_growth_log1p,20.7815780186,22.7294728208,60410
spatiotemporal,intermountain:2020-2024,state_weather_interactions,minimum_temperature_c_x_current_growth_log1p,8.96630816821,11.2742644897,60410
spatiotemporal,intermountain:2020-2024,state_weather_interactions,minimum_temperature_c_x_previous_growth_log1p,8.8697760972,11.1891459835,60410
spatiotemporal,intermountain:2020-2024,state_weather_interactions,vpd_kpa_x_current_growth_log1p,1.12437078446,1.67637947196,60410
spatiotemporal,intermountain:2020-2024,state_weather_interactions,vpd_kpa_x_previous_growth_log1p,1.11067277021,1.66148537532,60410
spatiotemporal,intermountain:2020-2024,state_weather_interactions,wind_speed_m_s_x_current_growth_log1p,2.79444781995,3.13183507857,60410
spatiotemporal,intermountain:2020-2024,state_weather_interactions,wind_speed_m_s_x_previous_growth_log1p,2.76146895499,3.0805770693,60410
spatiotemporal,west:2000-2004,autoregressive,current_growth_log1p,0.747424412296,0.710883106319,55279
spatiotemporal,west:2000-2004,autoregressive,previous_growth_log1p,0.740827846652,0.711770886149,55279
spatiotemporal,west:2000-2004,autoregressive,cumulative_log1p,1.73570579367,1.12133793319,55279
spatiotemporal,west:2000-2004,autoregressive,elapsed_log1p,1.62629997514,0.701303086742,55279
spatiotemporal,west:2000-2004,weather_only,maximum_temperature_c,25.8897583169,7.38829114101,55279
spatiotemporal,west:2000-2004,weather_only,minimum_temperature_c,11.4267651369,7.84697796435,55279
spatiotemporal,west:2000-2004,weather_only,vpd_kpa,1.19033647497,0.653129911752,55279
spatiotemporal,west:2000-2004,weather_only,wind_speed_m_s,3.99894715896,1.67835865188,55279
spatiotemporal,west:2000-2004,state_plus_weather,current_growth_log1p,0.747424412296,0.710883106319,55279
spatiotemporal,west:2000-2004,state_plus_weather,previous_growth_log1p,0.740827846652,0.711770886149,55279
spatiotemporal,west:2000-2004,state_plus_weather,cumulative_log1p,1.73570579367,1.12133793319,55279
spatiotemporal,west:2000-2004,state_plus_weather,elapsed_log1p,1.62629997514,0.701303086742,55279
spatiotemporal,west:2000-2004,state_plus_weather,maximum_temperature_c,25.8897583169,7.38829114101,55279
spatiotemporal,west:2000-2004,state_plus_weather,minimum_temperature_c,11.4267651369,7.84697796435,55279
spatiotemporal,west:2000-2004,state_plus_weather,vpd_kpa,1.19033647497,0.653129911752,55279
spatiotemporal,west:2000-2004,state_plus_weather,wind_speed_m_s,3.99894715896,1.67835865188,55279
spatiotemporal,west:2000-2004,state_weather_interactions,current_growth_log1p,0.747424412296,0.710883106319,55279
spatiotemporal,west:2000-2004,state_weather_interactions,previous_growth_log1p,0.740827846652,0.711770886149,55279
spatiotemporal,west:2000-2004,state_weather_interactions,cumulative_log1p,1.73570579367,1.12133793319,55279
spatiotemporal,west:2000-2004,state_weather_interactions,elapsed_log1p,1.62629997514,0.701303086742,55279
spatiotemporal,west:2000-2004,state_weather_interactions,maximum_temperature_c,25.8897583169,7.38829114101,55279
spatiotemporal,west:2000-2004,state_weather_interactions,minimum_temperature_c,11.4267651369,7.84697796435,55279
spatiotemporal,west:2000-2004,state_weather_interactions,vpd_kpa,1.19033647497,0.653129911752,55279
spatiotemporal,west:2000-2004,state_weather_interactions,wind_speed_m_s,3.99894715896,1.67835865188,55279
spatiotemporal,west:2000-2004,state_weather_interactions,maximum_temperature_c_x_current_growth_log1p,19.0151914575,19.5553383996,55279
spatiotemporal,west:2000-2004,state_weather_interactions,maximum_temperature_c_x_previous_growth_log1p,18.8746424969,19.6845188713,55279
spatiotemporal,west:2000-2004,state_weather_interactions,minimum_temperature_c_x_current_growth_log1p,7.82690532233,9.95278344592,55279
spatiotemporal,west:2000-2004,state_weather_interactions,minimum_temperature_c_x_previous_growth_log1p,7.78122818642,9.99744454551,55279
spatiotemporal,west:2000-2004,state_weather_interactions,vpd_kpa_x_current_growth_log1p,0.944722716098,1.35413042968,55279
spatiotemporal,west:2000-2004,state_weather_interactions,vpd_kpa_x_previous_growth_log1p,0.933956130858,1.35098738233,55279
spatiotemporal,west:2000-2004,state_weather_interactions,wind_speed_m_s_x_current_growth_log1p,3.16482786446,3.86649454186,55279
spatiotemporal,west:2000-2004,state_weather_interactions,wind_speed_m_s_x_previous_growth_log1p,3.12671168033,3.82294925761,55279
spatiotemporal,west:2005-2009,autoregressive,current_growth_log1p,0.741728428169,0.708358220455,47963
spatiotemporal,west:2005-2009,autoregressive,previous_growth_log1p,0.735702728553,0.70869390169,47963
spatiotemporal,west:2005-2009,autoregressive,cumulative_log1p,1.73558278043,1.13325953056,47963
spatiotemporal,west:2005-2009,autoregressive,elapsed_log1p,1.63417631245,0.706911612689,47963
spatiotemporal,west:2005-2009,weather_only,maximum_temperature_c,26.1105028876,7.36801462875,47963
spatiotemporal,west:2005-2009,weather_only,minimum_temperature_c,11.56331026,7.79334254038,47963
spatiotemporal,west:2005-2009,weather_only,vpd_kpa,1.20916810875,0.670422025639,47963
spatiotemporal,west:2005-2009,weather_only,wind_speed_m_s,3.97064612305,1.64163267382,47963
spatiotemporal,west:2005-2009,state_plus_weather,current_growth_log1p,0.741728428169,0.708358220455,47963
spatiotemporal,west:2005-2009,state_plus_weather,previous_growth_log1p,0.735702728553,0.70869390169,47963
spatiotemporal,west:2005-2009,state_plus_weather,cumulative_log1p,1.73558278043,1.13325953056,47963
spatiotemporal,west:2005-2009,state_plus_weather,elapsed_log1p,1.63417631245,0.706911612689,47963
spatiotemporal,west:2005-2009,state_plus_weather,maximum_temperature_c,26.1105028876,7.36801462875,47963
spatiotemporal,west:2005-2009,state_plus_weather,minimum_temperature_c,11.56331026,7.79334254038,47963
spatiotemporal,west:2005-2009,state_plus_weather,vpd_kpa,1.20916810875,0.670422025639,47963
spatiotemporal,west:2005-2009,state_plus_weather,wind_speed_m_s,3.97064612305,1.64163267382,47963
spatiotemporal,west:2005-2009,state_weather_interactions,current_growth_log1p,0.741728428169,0.708358220455,47963
spatiotemporal,west:2005-2009,state_weather_interactions,previous_growth_log1p,0.735702728553,0.70869390169,47963
spatiotemporal,west:2005-2009,state_weather_interactions,cumulative_log1p,1.73558278043,1.13325953056,47963
spatiotemporal,west:2005-2009,state_weather_interactions,elapsed_log1p,1.63417631245,0.706911612689,47963
spatiotemporal,west:2005-2009,state_weather_interactions,maximum_temperature_c,26.1105028876,7.36801462875,47963
spatiotemporal,west:2005-2009,state_weather_interactions,minimum_temperature_c,11.56331026,7.79334254038,47963
spatiotemporal,west:2005-2009,state_weather_interactions,vpd_kpa,1.20916810875,0.670422025639,47963
spatiotemporal,west:2005-2009,state_weather_interactions,wind_speed_m_s,3.97064612305,1.64163267382,47963
spatiotemporal,west:2005-2009,state_weather_interactions,maximum_temperature_c_x_current_growth_log1p,19.0929991098,19.7937470587,47963
spatiotemporal,west:2005-2009,state_weather_interactions,maximum_temperature_c_x_previous_growth_log1p,18.9630291794,19.9099155088,47963
spatiotemporal,west:2005-2009,state_weather_interactions,minimum_temperature_c_x_current_growth_log1p,7.87170754209,9.92276140028,47963
spatiotemporal,west:2005-2009,state_weather_interactions,minimum_temperature_c_x_previous_growth_log1p,7.81928946105,9.95435975481,47963
spatiotemporal,west:2005-2009,state_weather_interactions,vpd_kpa_x_current_growth_log1p,0.964825626036,1.40024279912,47963
spatiotemporal,west:2005-2009,state_weather_interactions,vpd_kpa_x_previous_growth_log1p,0.955449558647,1.40011397667,47963
spatiotemporal,west:2005-2009,state_weather_interactions,wind_speed_m_s_x_current_growth_log1p,3.12275926432,3.83382214753,47963
spatiotemporal,west:2005-2009,state_weather_interactions,wind_speed_m_s_x_previous_growth_log1p,3.08090878401,3.76658016924,47963
spatiotemporal,west:2010-2014,autoregressive,current_growth_log1p,0.729846985805,0.683031604994,48212
spatiotemporal,west:2010-2014,autoregressive,previous_growth_log1p,0.723461171857,0.682813790453,48212
spatiotemporal,west:2010-2014,autoregressive,cumulative_log1p,1.71009583196,1.08856086225,48212
spatiotemporal,west:2010-2014,autoregressive,elapsed_log1p,1.62932903769,0.703242286251,48212
spatiotemporal,west:2010-2014,weather_only,maximum_temperature_c,25.7002820874,7.2287149193,48212
spatiotemporal,west:2010-2014,weather_only,minimum_temperature_c,11.6361300091,7.75243253568,48212
spatiotemporal,west:2010-2014,weather_only,vpd_kpa,1.13035986891,0.597126333061,48212
spatiotemporal,west:2010-2014,weather_only,wind_speed_m_s,3.95744420476,1.63331692646,48212
spatiotemporal,west:2010-2014,state_plus_weather,current_growth_log1p,0.729846985805,0.683031604994,48212
spatiotemporal,west:2010-2014,state_plus_weather,previous_growth_log1p,0.723461171857,0.682813790453,48212
spatiotemporal,west:2010-2014,state_plus_weather,cumulative_log1p,1.71009583196,1.08856086225,48212
spatiotemporal,west:2010-2014,state_plus_weather,elapsed_log1p,1.62932903769,0.703242286251,48212
spatiotemporal,west:2010-2014,state_plus_weather,maximum_temperature_c,25.7002820874,7.2287149193,48212
spatiotemporal,west:2010-2014,state_plus_weather,minimum_temperature_c,11.6361300091,7.75243253568,48212
spatiotemporal,west:2010-2014,state_plus_weather,vpd_kpa,1.13035986891,0.597126333061,48212
spatiotemporal,west:2010-2014,state_plus_weather,wind_speed_m_s,3.95744420476,1.63331692646,48212
spatiotemporal,west:2010-2014,state_weather_interactions,current_growth_log1p,0.729846985805,0.683031604994,48212
spatiotemporal,west:2010-2014,state_weather_interactions,previous_growth_log1p,0.723461171857,0.682813790453,48212
spatiotemporal,west:2010-2014,state_weather_interactions,cumulative_log1p,1.71009583196,1.08856086225,48212
spatiotemporal,west:2010-2014,state_weather_interactions,elapsed_log1p,1.62932903769,0.703242286251,48212
spatiotemporal,west:2010-2014,state_weather_interactions,maximum_temperature_c,25.7002820874,7.2287149193,48212
spatiotemporal,west:2010-2014,state_weather_interactions,minimum_temperature_c,11.6361300091,7.75243253568,48212
spatiotemporal,west:2010-2014,state_weather_interactions,vpd_kpa,1.13035986891,0.597126333061,48212
spatiotemporal,west:2010-2014,state_weather_interactions,wind_speed_m_s,3.95744420476,1.63331692646,48212
spatiotemporal,west:2010-2014,state_weather_interactions,maximum_temperature_c_x_current_growth_log1p,18.4625632423,18.6166452577,48212
spatiotemporal,west:2010-2014,state_weather_interactions,maximum_temperature_c_x_previous_growth_log1p,18.3152920367,18.6926545224,48212
spatiotemporal,west:2010-2014,state_weather_interactions,minimum_temperature_c_x_current_growth_log1p,7.84777402398,9.75178961528,48212
spatiotemporal,west:2010-2014,state_weather_interactions,minimum_temperature_c_x_previous_growth_log1p,7.78694415915,9.73983481566,48212
spatiotemporal,west:2010-2014,state_weather_interactions,vpd_kpa_x_current_growth_log1p,0.881210292776,1.24725005022,48212
spatiotemporal,west:2010-2014,state_weather_interactions,vpd_kpa_x_previous_growth_log1p,0.869968668811,1.24164708008,48212
spatiotemporal,west:2010-2014,state_weather_interactions,wind_speed_m_s_x_current_growth_log1p,3.03114978248,3.57620521899,48212
spatiotemporal,west:2010-2014,state_weather_interactions,wind_speed_m_s_x_previous_growth_log1p,2.99337201487,3.529079142,48212
spatiotemporal,west:2015-2019,autoregressive,current_growth_log1p,0.750725471805,0.715584161342,47923
spatiotemporal,west:2015-2019,autoregressive,previous_growth_log1p,0.747429773773,0.71647929264,47923
spatiotemporal,west:2015-2019,autoregressive,cumulative_log1p,1.74693508905,1.13271483521,47923
spatiotemporal,west:2015-2019,autoregressive,elapsed_log1p,1.62794125369,0.702907975686,47923
spatiotemporal,west:2015-2019,weather_only,maximum_temperature_c,25.8734292511,7.44625542228,47923
spatiotemporal,west:2015-2019,weather_only,minimum_temperature_c,11.3276140893,7.77313062266,47923
spatiotemporal,west:2015-2019,weather_only,vpd_kpa,1.19830373725,0.668500276466,47923
spatiotemporal,west:2015-2019,weather_only,wind_speed_m_s,3.99076226447,1.65856423083,47923
spatiotemporal,west:2015-2019,state_plus_weather,current_growth_log1p,0.750725471805,0.715584161342,47923
spatiotemporal,west:2015-2019,state_plus_weather,previous_growth_log1p,0.747429773773,0.71647929264,47923
spatiotemporal,west:2015-2019,state_plus_weather,cumulative_log1p,1.74693508905,1.13271483521,47923
spatiotemporal,west:2015-2019,state_plus_weather,elapsed_log1p,1.62794125369,0.702907975686,47923
spatiotemporal,west:2015-2019,state_plus_weather,maximum_temperature_c,25.8734292511,7.44625542228,47923
spatiotemporal,west:2015-2019,state_plus_weather,minimum_temperature_c,11.3276140893,7.77313062266,47923
spatiotemporal,west:2015-2019,state_plus_weather,vpd_kpa,1.19830373725,0.668500276466,47923
spatiotemporal,west:2015-2019,state_plus_weather,wind_speed_m_s,3.99076226447,1.65856423083,47923
spatiotemporal,west:2015-2019,state_weather_interactions,current_growth_log1p,0.750725471805,0.715584161342,47923
spatiotemporal,west:2015-2019,state_weather_interactions,previous_growth_log1p,0.747429773773,0.71647929264,47923
spatiotemporal,west:2015-2019,state_weather_interactions,cumulative_log1p,1.74693508905,1.13271483521,47923
spatiotemporal,west:2015-2019,state_weather_interactions,elapsed_log1p,1.62794125369,0.702907975686,47923
spatiotemporal,west:2015-2019,state_weather_interactions,maximum_temperature_c,25.8734292511,7.44625542228,47923
spatiotemporal,west:2015-2019,state_weather_interactions,minimum_temperature_c,11.3276140893,7.77313062266,47923
spatiotemporal,west:2015-2019,state_weather_interactions,vpd_kpa,1.19830373725,0.668500276466,47923
spatiotemporal,west:2015-2019,state_weather_interactions,wind_speed_m_s,3.99076226447,1.65856423083,47923
spatiotemporal,west:2015-2019,state_weather_interactions,maximum_temperature_c_x_current_growth_log1p,19.2226064619,20.0833932675,47923
spatiotemporal,west:2015-2019,state_weather_interactions,maximum_temperature_c_x_previous_growth_log1p,19.1512194485,20.1617524855,47923
spatiotemporal,west:2015-2019,state_weather_interactions,minimum_temperature_c_x_current_growth_log1p,7.93131068467,10.2021868584,47923
spatiotemporal,west:2015-2019,state_weather_interactions,minimum_temperature_c_x_previous_growth_log1p,7.91760446552,10.2584846672,47923
spatiotemporal,west:2015-2019,state_weather_interactions,vpd_kpa_x_current_growth_log1p,0.966053588951,1.4084216666,47923
spatiotemporal,west:2015-2019,state_weather_interactions,vpd_kpa_x_previous_growth_log1p,0.958879466369,1.404758734,47923
spatiotemporal,west:2015-2019,state_weather_interactions,wind_speed_m_s_x_current_growth_log1p,3.16565268126,3.83861445579,47923
spatiotemporal,west:2015-2019,state_weather_interactions,wind_speed_m_s_x_previous_growth_log1p,3.13546609181,3.79789686092,47923
spatiotemporal,west:2020-2024,autoregressive,current_growth_log1p,0.734000313674,0.695265573746,60407
spatiotemporal,west:2020-2024,autoregressive,previous_growth_log1p,0.728394421375,0.69592404537,60407
spatiotemporal,west:2020-2024,autoregressive,cumulative_log1p,1.71983017617,1.10504404374,60407
spatiotemporal,west:2020-2024,autoregressive,elapsed_log1p,1.63248785943,0.703178805222,60407
spatiotemporal,west:2020-2024,weather_only,maximum_temperature_c,26.1648227854,7.26640289163,60407
spatiotemporal,west:2020-2024,weather_only,minimum_temperature_c,11.7393820253,7.73821623877,60407
spatiotemporal,west:2020-2024,weather_only,vpd_kpa,1.1974791001,0.647501680025,60407
spatiotemporal,west:2020-2024,weather_only,wind_speed_m_s,3.96636979158,1.66167733234,60407
spatiotemporal,west:2020-2024,state_plus_weather,current_growth_log1p,0.734000313674,0.695265573746,60407
spatiotemporal,west:2020-2024,state_plus_weather,previous_growth_log1p,0.728394421375,0.69592404537,60407
spatiotemporal,west:2020-2024,state_plus_weather,cumulative_log1p,1.71983017617,1.10504404374,60407
spatiotemporal,west:2020-2024,state_plus_weather,elapsed_log1p,1.63248785943,0.703178805222,60407
spatiotemporal,west:2020-2024,state_plus_weather,maximum_temperature_c,26.1648227854,7.26640289163,60407
spatiotemporal,west:2020-2024,state_plus_weather,minimum_temperature_c,11.7393820253,7.73821623877,60407
spatiotemporal,west:2020-2024,state_plus_weather,vpd_kpa,1.1974791001,0.647501680025,60407
spatiotemporal,west:2020-2024,state_plus_weather,wind_speed_m_s,3.96636979158,1.66167733234,60407
spatiotemporal,west:2020-2024,state_weather_interactions,current_growth_log1p,0.734000313674,0.695265573746,60407
spatiotemporal,west:2020-2024,state_weather_interactions,previous_growth_log1p,0.728394421375,0.69592404537,60407
spatiotemporal,west:2020-2024,state_weather_interactions,cumulative_log1p,1.71983017617,1.10504404374,60407
spatiotemporal,west:2020-2024,state_weather_interactions,elapsed_log1p,1.63248785943,0.703178805222,60407
spatiotemporal,west:2020-2024,state_weather_interactions,maximum_temperature_c,26.1648227854,7.26640289163,60407
spatiotemporal,west:2020-2024,state_weather_interactions,minimum_temperature_c,11.7393820253,7.73821623877,60407
spatiotemporal,west:2020-2024,state_weather_interactions,vpd_kpa,1.1974791001,0.647501680025,60407
spatiotemporal,west:2020-2024,state_weather_interactions,wind_speed_m_s,3.96636979158,1.66167733234,60407
spatiotemporal,west:2020-2024,state_weather_interactions,maximum_temperature_c_x_current_growth_log1p,18.9573547633,19.4125433188,60407
spatiotemporal,west:2020-2024,state_weather_interactions,maximum_temperature_c_x_previous_growth_log1p,18.8268806948,19.4962551818,60407
spatiotemporal,west:2020-2024,state_weather_interactions,minimum_temperature_c_x_current_growth_log1p,7.9783502036,9.84376765505,60407
spatiotemporal,west:2020-2024,state_weather_interactions,minimum_temperature_c_x_previous_growth_log1p,7.92504789952,9.87364586599,60407
spatiotemporal,west:2020-2024,state_weather_interactions,vpd_kpa_x_current_growth_log1p,0.938648572732,1.33253275525,60407
spatiotemporal,west:2020-2024,state_weather_interactions,vpd_kpa_x_previous_growth_log1p,0.928332020403,1.32658548589,60407
spatiotemporal,west:2020-2024,state_weather_interactions,wind_speed_m_s_x_current_growth_log1p,3.08133192097,3.75921446664,60407
spatiotemporal,west:2020-2024,state_weather_interactions,wind_speed_m_s_x_previous_growth_log1p,3.04243248189,3.70195391021,60407
