kind,fold,alpha,predictor_set,response,n,train_n,r2,status,cohort_hash
random_fire,0,0.01,mean_only,next_growth_log1p,17905,70039,-0.000142714579554,evaluated,a9ccc574c7245d71a3db3f603a1d3a6984c9bdd73c9ecb9379c0db4fbd604eff
random_fire,0,0.01,persistence,next_growth_log1p,17905,70039,0.302887895639,evaluated,a9ccc574c7245d71a3db3f603a1d3a6984c9bdd73c9ecb9379c0db4fbd604eff
random_fire,0,0.01,autoregressive,next_growth_log1p,17905,70039,0.459820661018,evaluated,a9ccc574c7245d71a3db3f603a1d3a6984c9bdd73c9ecb9379c0db4fbd604eff
random_fire,0,0.01,weather_only,next_growth_log1p,17905,70039,0.0842301083838,evaluated,a9ccc574c7245d71a3db3f603a1d3a6984c9bdd73c9ecb9379c0db4fbd604eff
random_fire,0,0.01,state_plus_weather,next_growth_log1p,17905,70039,0.465310398409,evaluated,a9ccc574c7245d71a3db3f603a1d3a6984c9bdd73c9ecb9379c0db4fbd604eff
random_fire,0,0.01,state_weather_interactions,next_growth_log1p,17905,70039,0.47651134756,evaluated,a9ccc574c7245d71a3db3f603a1d3a6984c9bdd73c9ecb9379c0db4fbd604eff
random_fire,1,0.01,mean_only,next_growth_log1p,18319,69625,-0.00162555483942,evaluated,a9ccc574c7245d71a3db3f603a1d3a6984c9bdd73c9ecb9379c0db4fbd604eff
random_fire,1,0.01,persistence,next_growth_log1p,18319,69625,0.33010409185,evaluated,a9ccc574c7245d71a3db3f603a1d3a6984c9bdd73c9ecb9379c0db4fbd604eff
random_fire,1,0.01,autoregressive,next_growth_log1p,18319,69625,0.473068804691,evaluated,a9ccc574c7245d71a3db3f603a1d3a6984c9bdd73c9ecb9379c0db4fbd604eff
random_fire,1,0.01,weather_only,next_growth_log1p,18319,69625,0.0826043800746,evaluated,a9ccc574c7245d71a3db3f603a1d3a6984c9bdd73c9ecb9379c0db4fbd604eff
random_fire,1,0.01,state_plus_weather,next_growth_log1p,18319,69625,0.477892845065,evaluated,a9ccc574c7245d71a3db3f603a1d3a6984c9bdd73c9ecb9379c0db4fbd604eff
random_fire,1,0.01,state_weather_interactions,next_growth_log1p,18319,69625,0.487637632553,evaluated,a9ccc574c7245d71a3db3f603a1d3a6984c9bdd73c9ecb9379c0db4fbd604eff
random_fire,2,0.01,mean_only,next_growth_log1p,17547,70397,-0.00277101944776,evaluated,a9ccc574c7245d71a3db3f603a1d3a6984c9bdd73c9ecb9379c0db4fbd604eff
random_fire,2,0.01,persistence,next_growth_log1p,17547,70397,0.224749937894,evaluated,a9ccc574c7245d71a3db3f603a1d3a6984c9bdd73c9ecb9379c0db4fbd604eff
random_fire,2,0.01,autoregressive,next_growth_log1p,17547,70397,0.410372272448,evaluated,a9ccc574c7245d71a3db3f603a1d3a6984c9bdd73c9ecb9379c0db4fbd604eff
random_fire,2,0.01,weather_only,next_growth_log1p,17547,70397,0.0767106039757,evaluated,a9ccc574c7245d71a3db3f603a1d3a6984c9bdd73c9ecb9379c0db4fbd604eff
random_fire,2,0.01,state_plus_weather,next_growth_log1p,17547,70397,0.417130467241,evaluated,a9ccc574c7245d71a3db3f603a1d3a6984c9bdd73c9ecb9379c0db4fbd604eff
random_fire,2,0.01,state_weather_interactions,next_growth_log1p,17547,70397,0.428894494699,evaluated,a9ccc574c7245d71a3db3f603a1d3a6984c9bdd73c9ecb9379c0db4fbd604eff
random_fire,3,0.01,mean_only,next_growth_log1p,17230,70714,-5.75134388758e-06,evaluated,a9ccc574c7245d71a3db3f603a1d3a6984c9bdd73c9ecb9379c0db4fbd604eff
random_fire,3,0.01,persistence,next_growth_log1p,17230,70714,0.315482823868,evaluated,a9ccc574c7245d71a3db3f603a1d3a6984c9bdd73c9ecb9379c0db4fbd604eff
random_fire,3,0.01,autoregressive,next_growth_log1p,17230,70714,0.466250289275,evaluated,a9ccc574c7245d71a3db3f603a1d3a6984c9bdd73c9ecb9379c0db4fbd604eff
random_fire,3,0.01,weather_only,next_growth_log1p,17230,70714,0.0823994118091,evaluated,a9ccc574c7245d71a3db3f603a1d3a6984c9bdd73c9ecb9379c0db4fbd604eff
random_fire,3,0.01,state_plus_weather,next_growth_log1p,17230,70714,0.471230247305,evaluated,a9ccc574c7245d71a3db3f603a1d3a6984c9bdd73c9ecb9379c0db4fbd604eff
random_fire,3,0.01,state_weather_interactions,next_growth_log1p,17230,70714,0.477544084829,evaluated,a9ccc574c7245d71a3db3f603a1d3a6984c9bdd73c9ecb9379c0db4fbd604eff
random_fire,4,0.01,mean_only,next_growth_log1p,16943,71001,-8.22706834029e-05,evaluated,a9ccc574c7245d71a3db3f603a1d3a6984c9bdd73c9ecb9379c0db4fbd604eff
random_fire,4,0.01,persistence,next_growth_log1p,16943,71001,0.314431267072,evaluated,a9ccc574c7245d71a3db3f603a1d3a6984c9bdd73c9ecb9379c0db4fbd604eff
random_fire,4,0.01,autoregressive,next_growth_log1p,16943,71001,0.473052919048,evaluated,a9ccc574c7245d71a3db3f603a1d3a6984c9bdd73c9ecb9379c0db4fbd604eff
random_fire,4,0.01,weather_only,next_growth_log1p,16943,71001,0.0865341296473,evaluated,a9ccc574c7245d71a3db3f603a1d3a6984c9bdd73c9ecb9379c0db4fbd604eff
random_fire,4,0.01,state_plus_weather,next_growth_log1p,16943,71001,0.478196029436,evaluated,a9ccc574c7245d71a3db3f603a1d3a6984c9bdd73c9ecb9379c0db4fbd604eff
random_fire,4,0.01,state_weather_interactions,next_growth_log1p,16943,71001,0.488546636903,evaluated,a9ccc574c7245d71a3db3f603a1d3a6984c9bdd73c9ecb9379c0db4fbd604eff
random_fire,0,1,mean_only,next_growth_log1p,17905,70039,-0.000142714579554,evaluated,a9ccc574c7245d71a3db3f603a1d3a6984c9bdd73c9ecb9379c0db4fbd604eff
random_fire,0,1,persistence,next_growth_log1p,17905,70039,0.302887895639,evaluated,a9ccc574c7245d71a3db3f603a1d3a6984c9bdd73c9ecb9379c0db4fbd604eff
random_fire,0,1,autoregressive,next_growth_log1p,17905,70039,0.459820623987,evaluated,a9ccc574c7245d71a3db3f603a1d3a6984c9bdd73c9ecb9379c0db4fbd604eff
random_fire,0,1,weather_only,next_growth_log1p,17905,70039,0.0842304630449,evaluated,a9ccc574c7245d71a3db3f603a1d3a6984c9bdd73c9ecb9379c0db4fbd604eff
random_fire,0,1,state_plus_weather,next_growth_log1p,17905,70039,0.465310442006,evaluated,a9ccc574c7245d71a3db3f603a1d3a6984c9bdd73c9ecb9379c0db4fbd604eff
random_fire,0,1,state_weather_interactions,next_growth_log1p,17905,70039,0.476511451634,evaluated,a9ccc574c7245d71a3db3f603a1d3a6984c9bdd73c9ecb9379c0db4fbd604eff
random_fire,1,1,mean_only,next_growth_log1p,18319,69625,-0.00162555483942,evaluated,a9ccc574c7245d71a3db3f603a1d3a6984c9bdd73c9ecb9379c0db4fbd604eff
random_fire,1,1,persistence,next_growth_log1p,18319,69625,0.33010409185,evaluated,a9ccc574c7245d71a3db3f603a1d3a6984c9bdd73c9ecb9379c0db4fbd604eff
random_fire,1,1,autoregressive,next_growth_log1p,18319,69625,0.473068568997,evaluated,a9ccc574c7245d71a3db3f603a1d3a6984c9bdd73c9ecb9379c0db4fbd604eff
random_fire,1,1,weather_only,next_growth_log1p,18319,69625,0.0826039253833,evaluated,a9ccc574c7245d71a3db3f603a1d3a6984c9bdd73c9ecb9379c0db4fbd604eff
random_fire,1,1,state_plus_weather,next_growth_log1p,18319,69625,0.477892655694,evaluated,a9ccc574c7245d71a3db3f603a1d3a6984c9bdd73c9ecb9379c0db4fbd604eff
random_fire,1,1,state_weather_interactions,next_growth_log1p,18319,69625,0.487635752886,evaluated,a9ccc574c7245d71a3db3f603a1d3a6984c9bdd73c9ecb9379c0db4fbd604eff
random_fire,2,1,mean_only,next_growth_log1p,17547,70397,-0.00277101944776,evaluated,a9ccc574c7245d71a3db3f603a1d3a6984c9bdd73c9ecb9379c0db4fbd604eff
random_fire,2,1,persistence,next_growth_log1p,17547,70397,0.224749937894,evaluated,a9ccc574c7245d71a3db3f603a1d3a6984c9bdd73c9ecb9379c0db4fbd604eff
random_fire,2,1,autoregressive,next_growth_log1p,17547,70397,0.410372661643,evaluated,a9ccc574c7245d71a3db3f603a1d3a6984c9bdd73c9ecb9379c0db4fbd604eff
random_fire,2,1,weather_only,next_growth_log1p,17547,70397,0.0767115771762,evaluated,a9ccc574c7245d71a3db3f603a1d3a6984c9bdd73c9ecb9379c0db4fbd604eff
random_fire,2,1,state_plus_weather,next_growth_log1p,17547,70397,0.417130753025,evaluated,a9ccc574c7245d71a3db3f603a1d3a6984c9bdd73c9ecb9379c0db4fbd604eff
random_fire,2,1,state_weather_interactions,next_growth_log1p,17547,70397,0.428890861432,evaluated,a9ccc574c7245d71a3db3f603a1d3a6984c9bdd73c9ecb9379c0db4fbd604eff
random_fire,3,1,mean_only,next_growth_log1p,17230,70714,-5.75134388758e-06,evaluated,a9ccc574c7245d71a3db3f603a1d3a6984c9bdd73c9ecb9379c0db4fbd604eff
random_fire,3,1,persistence,next_growth_log1p,17230,70714,0.315482823868,evaluated,a9ccc574c7245d71a3db3f603a1d3a6984c9bdd73c9ecb9379c0db4fbd604eff
random_fire,3,1,autoregressive,next_growth_log1p,17230,70714,0.46625009654,evaluated,a9ccc574c7245d71a3db3f603a1d3a6984c9bdd73c9ecb9379c0db4fbd604eff
random_fire,3,1,weather_only,next_growth_log1p,17230,70714,0.0824002554031,evaluated,a9ccc574c7245d71a3db3f603a1d3a6984c9bdd73c9ecb9379c0db4fbd604eff
random_fire,3,1,state_plus_weather,next_growth_log1p,17230,70714,0.471230171062,evaluated,a9ccc574c7245d71a3db3f603a1d3a6984c9bdd73c9ecb9379c0db4fbd604eff
random_fire,3,1,state_weather_interactions,next_growth_log1p,17230,70714,0.477549648418,evaluated,a9ccc574c7245d71a3db3f603a1d3a6984c9bdd73c9ecb9379c0db4fbd604eff
random_fire,4,1,mean_only,next_growth_log1p,16943,71001,-8.22706834029e-05,evaluated,a9ccc574c7245d71a3db3f603a1d3a6984c9bdd73c9ecb9379c0db4fbd604eff
random_fire,4,1,persistence,next_growth_log1p,16943,71001,0.314431267072,evaluated,a9ccc574c7245d71a3db3f603a1d3a6984c9bdd73c9ecb9379c0db4fbd604eff
random_fire,4,1,autoregressive,next_growth_log1p,16943,71001,0.473053090872,evaluated,a9ccc574c7245d71a3db3f603a1d3a6984c9bdd73c9ecb9379c0db4fbd604eff
random_fire,4,1,weather_only,next_growth_log1p,16943,71001,0.086532781603,evaluated,a9ccc574c7245d71a3db3f603a1d3a6984c9bdd73c9ecb9379c0db4fbd604eff
random_fire,4,1,state_plus_weather,next_growth_log1p,16943,71001,0.478196058861,evaluated,a9ccc574c7245d71a3db3f603a1d3a6984c9bdd73c9ecb9379c0db4fbd604eff
random_fire,4,1,state_weather_interactions,next_growth_log1p,16943,71001,0.488549417521,evaluated,a9ccc574c7245d71a3db3f603a1d3a6984c9bdd73c9ecb9379c0db4fbd604eff
random_fire,0,100,mean_only,next_growth_log1p,17905,70039,-0.000142714579554,evaluated,a9ccc574c7245d71a3db3f603a1d3a6984c9bdd73c9ecb9379c0db4fbd604eff
random_fire,0,100,persistence,next_growth_log1p,17905,70039,0.302887895639,evaluated,a9ccc574c7245d71a3db3f603a1d3a6984c9bdd73c9ecb9379c0db4fbd604eff
random_fire,0,100,autoregressive,next_growth_log1p,17905,70039,0.459815801426,evaluated,a9ccc574c7245d71a3db3f603a1d3a6984c9bdd73c9ecb9379c0db4fbd604eff
random_fire,0,100,weather_only,next_growth_log1p,17905,70039,0.0842605316046,evaluated,a9ccc574c7245d71a3db3f603a1d3a6984c9bdd73c9ecb9379c0db4fbd604eff
random_fire,0,100,state_plus_weather,next_growth_log1p,17905,70039,0.465312712851,evaluated,a9ccc574c7245d71a3db3f603a1d3a6984c9bdd73c9ecb9379c0db4fbd604eff
random_fire,0,100,state_weather_interactions,next_growth_log1p,17905,70039,0.476465055444,evaluated,a9ccc574c7245d71a3db3f603a1d3a6984c9bdd73c9ecb9379c0db4fbd604eff
random_fire,1,100,mean_only,next_growth_log1p,18319,69625,-0.00162555483942,evaluated,a9ccc574c7245d71a3db3f603a1d3a6984c9bdd73c9ecb9379c0db4fbd604eff
random_fire,1,100,persistence,next_growth_log1p,18319,69625,0.33010409185,evaluated,a9ccc574c7245d71a3db3f603a1d3a6984c9bdd73c9ecb9379c0db4fbd604eff
random_fire,1,100,autoregressive,next_growth_log1p,18319,69625,0.473043829072,evaluated,a9ccc574c7245d71a3db3f603a1d3a6984c9bdd73c9ecb9379c0db4fbd604eff
random_fire,1,100,weather_only,next_growth_log1p,18319,69625,0.0825546123516,evaluated,a9ccc574c7245d71a3db3f603a1d3a6984c9bdd73c9ecb9379c0db4fbd604eff
random_fire,1,100,state_plus_weather,next_growth_log1p,18319,69625,0.477871720934,evaluated,a9ccc574c7245d71a3db3f603a1d3a6984c9bdd73c9ecb9379c0db4fbd604eff
random_fire,1,100,state_weather_interactions,next_growth_log1p,18319,69625,0.487428884114,evaluated,a9ccc574c7245d71a3db3f603a1d3a6984c9bdd73c9ecb9379c0db4fbd604eff
random_fire,2,100,mean_only,next_growth_log1p,17547,70397,-0.00277101944776,evaluated,a9ccc574c7245d71a3db3f603a1d3a6984c9bdd73c9ecb9379c0db4fbd604eff
random_fire,2,100,persistence,next_growth_log1p,17547,70397,0.224749937894,evaluated,a9ccc574c7245d71a3db3f603a1d3a6984c9bdd73c9ecb9379c0db4fbd604eff
random_fire,2,100,autoregressive,next_growth_log1p,17547,70397,0.410410424496,evaluated,a9ccc574c7245d71a3db3f603a1d3a6984c9bdd73c9ecb9379c0db4fbd604eff
random_fire,2,100,weather_only,next_growth_log1p,17547,70397,0.0768027385953,evaluated,a9ccc574c7245d71a3db3f603a1d3a6984c9bdd73c9ecb9379c0db4fbd604eff
random_fire,2,100,state_plus_weather,next_growth_log1p,17547,70397,0.417157589595,evaluated,a9ccc574c7245d71a3db3f603a1d3a6984c9bdd73c9ecb9379c0db4fbd604eff
random_fire,2,100,state_weather_interactions,next_growth_log1p,17547,70397,0.428550132646,evaluated,a9ccc574c7245d71a3db3f603a1d3a6984c9bdd73c9ecb9379c0db4fbd604eff
random_fire,3,100,mean_only,next_growth_log1p,17230,70714,-5.75134388758e-06,evaluated,a9ccc574c7245d71a3db3f603a1d3a6984c9bdd73c9ecb9379c0db4fbd604eff
random_fire,3,100,persistence,next_growth_log1p,17230,70714,0.315482823868,evaluated,a9ccc574c7245d71a3db3f603a1d3a6984c9bdd73c9ecb9379c0db4fbd604eff
random_fire,3,100,autoregressive,next_growth_log1p,17230,70714,0.466229892065,evaluated,a9ccc574c7245d71a3db3f603a1d3a6984c9bdd73c9ecb9379c0db4fbd604eff
random_fire,3,100,weather_only,next_growth_log1p,17230,70714,0.0824782392443,evaluated,a9ccc574c7245d71a3db3f603a1d3a6984c9bdd73c9ecb9379c0db4fbd604eff
random_fire,3,100,state_plus_weather,next_growth_log1p,17230,70714,0.471220593549,evaluated,a9ccc574c7245d71a3db3f603a1d3a6984c9bdd73c9ecb9379c0db4fbd604eff
random_fire,3,100,state_weather_interactions,next_growth_log1p,17230,70714,0.477897821012,evaluated,a9ccc574c7245d71a3db3f603a1d3a6984c9bdd73c9ecb9379c0db4fbd604eff
random_fire,4,100,mean_only,next_growth_log1p,16943,71001,-8.22706834029e-05,evaluated,a9ccc574c7245d71a3db3f603a1d3a6984c9bdd73c9ecb9379c0db4fbd604eff
random_fire,4,100,persistence,next_growth_log1p,16943,71001,0.314431267072,evaluated,a9ccc574c7245d71a3db3f603a1d3a6984c9bdd73c9ecb9379c0db4fbd604eff
random_fire,4,100,autoregressive,next_growth_log1p,16943,71001,0.473069188148,evaluated,a9ccc574c7245d71a3db3f603a1d3a6984c9bdd73c9ecb9379c0db4fbd604eff
random_fire,4,100,weather_only,next_growth_log1p,16943,71001,0.0863966832859,evaluated,a9ccc574c7245d71a3db3f603a1d3a6984c9bdd73c9ecb9379c0db4fbd604eff
random_fire,4,100,state_plus_weather,next_growth_log1p,16943,71001,0.478197507116,evaluated,a9ccc574c7245d71a3db3f603a1d3a6984c9bdd73c9ecb9379c0db4fbd604eff
random_fire,4,100,state_weather_interactions,next_growth_log1p,16943,71001,0.48853474006,evaluated,a9ccc574c7245d71a3db3f603a1d3a6984c9bdd73c9ecb9379c0db4fbd604eff
year_block,0,0.01,mean_only,next_growth_log1p,13157,74787,-0.00842114026637,evaluated,a9ccc574c7245d71a3db3f603a1d3a6984c9bdd73c9ecb9379c0db4fbd604eff
year_block,0,0.01,persistence,next_growth_log1p,13157,74787,0.293242457632,evaluated,a9ccc574c7245d71a3db3f603a1d3a6984c9bdd73c9ecb9379c0db4fbd604eff
year_block,0,0.01,autoregressive,next_growth_log1p,13157,74787,0.45067297018,evaluated,a9ccc574c7245d71a3db3f603a1d3a6984c9bdd73c9ecb9379c0db4fbd604eff
year_block,0,0.01,weather_only,next_growth_log1p,13157,74787,0.083147994657,evaluated,a9ccc574c7245d71a3db3f603a1d3a6984c9bdd73c9ecb9379c0db4fbd604eff
year_block,0,0.01,state_plus_weather,next_growth_log1p,13157,74787,0.455303786911,evaluated,a9ccc574c7245d71a3db3f603a1d3a6984c9bdd73c9ecb9379c0db4fbd604eff
year_block,0,0.01,state_weather_interactions,next_growth_log1p,13157,74787,0.4651063476,evaluated,a9ccc574c7245d71a3db3f603a1d3a6984c9bdd73c9ecb9379c0db4fbd604eff
year_block,1,0.01,mean_only,next_growth_log1p,24128,63816,-0.000140655596807,evaluated,a9ccc574c7245d71a3db3f603a1d3a6984c9bdd73c9ecb9379c0db4fbd604eff
year_block,1,0.01,persistence,next_growth_log1p,24128,63816,0.245724300622,evaluated,a9ccc574c7245d71a3db3f603a1d3a6984c9bdd73c9ecb9379c0db4fbd604eff
year_block,1,0.01,autoregressive,next_growth_log1p,24128,63816,0.428430630405,evaluated,a9ccc574c7245d71a3db3f603a1d3a6984c9bdd73c9ecb9379c0db4fbd604eff
year_block,1,0.01,weather_only,next_growth_log1p,24128,63816,0.0837935605459,evaluated,a9ccc574c7245d71a3db3f603a1d3a6984c9bdd73c9ecb9379c0db4fbd604eff
year_block,1,0.01,state_plus_weather,next_growth_log1p,24128,63816,0.434764670624,evaluated,a9ccc574c7245d71a3db3f603a1d3a6984c9bdd73c9ecb9379c0db4fbd604eff
year_block,1,0.01,state_weather_interactions,next_growth_log1p,24128,63816,0.444508402177,evaluated,a9ccc574c7245d71a3db3f603a1d3a6984c9bdd73c9ecb9379c0db4fbd604eff
year_block,2,0.01,mean_only,next_growth_log1p,21311,66633,-2.36835545175e-05,evaluated,a9ccc574c7245d71a3db3f603a1d3a6984c9bdd73c9ecb9379c0db4fbd604eff
year_block,2,0.01,persistence,next_growth_log1p,21311,66633,0.306262564578,evaluated,a9ccc574c7245d71a3db3f603a1d3a6984c9bdd73c9ecb9379c0db4fbd604eff
year_block,2,0.01,autoregressive,next_growth_log1p,21311,66633,0.461379894856,evaluated,a9ccc574c7245d71a3db3f603a1d3a6984c9bdd73c9ecb9379c0db4fbd604eff
year_block,2,0.01,weather_only,next_growth_log1p,21311,66633,0.0535156434426,evaluated,a9ccc574c7245d71a3db3f603a1d3a6984c9bdd73c9ecb9379c0db4fbd604eff
year_block,2,0.01,state_plus_weather,next_growth_log1p,21311,66633,0.464105877682,evaluated,a9ccc574c7245d71a3db3f603a1d3a6984c9bdd73c9ecb9379c0db4fbd604eff
year_block,2,0.01,state_weather_interactions,next_growth_log1p,21311,66633,0.47427009209,evaluated,a9ccc574c7245d71a3db3f603a1d3a6984c9bdd73c9ecb9379c0db4fbd604eff
year_block,3,0.01,mean_only,next_growth_log1p,23141,64803,-4.23058109573e-05,evaluated,a9ccc574c7245d71a3db3f603a1d3a6984c9bdd73c9ecb9379c0db4fbd604eff
year_block,3,0.01,persistence,next_growth_log1p,23141,64803,0.296914628216,evaluated,a9ccc574c7245d71a3db3f603a1d3a6984c9bdd73c9ecb9379c0db4fbd604eff
year_block,3,0.01,autoregressive,next_growth_log1p,23141,64803,0.454073551325,evaluated,a9ccc574c7245d71a3db3f603a1d3a6984c9bdd73c9ecb9379c0db4fbd604eff
year_block,3,0.01,weather_only,next_growth_log1p,23141,64803,0.0892584909492,evaluated,a9ccc574c7245d71a3db3f603a1d3a6984c9bdd73c9ecb9379c0db4fbd604eff
year_block,3,0.01,state_plus_weather,next_growth_log1p,23141,64803,0.460020545274,evaluated,a9ccc574c7245d71a3db3f603a1d3a6984c9bdd73c9ecb9379c0db4fbd604eff
year_block,3,0.01,state_weather_interactions,next_growth_log1p,23141,64803,0.469185586686,evaluated,a9ccc574c7245d71a3db3f603a1d3a6984c9bdd73c9ecb9379c0db4fbd604eff
year_block,4,0.01,mean_only,next_growth_log1p,6207,81737,-0.0255237401722,evaluated,a9ccc574c7245d71a3db3f603a1d3a6984c9bdd73c9ecb9379c0db4fbd604eff
year_block,4,0.01,persistence,next_growth_log1p,6207,81737,0.419657108815,evaluated,a9ccc574c7245d71a3db3f603a1d3a6984c9bdd73c9ecb9379c0db4fbd604eff
year_block,4,0.01,autoregressive,next_growth_log1p,6207,81737,0.527571080166,evaluated,a9ccc574c7245d71a3db3f603a1d3a6984c9bdd73c9ecb9379c0db4fbd604eff
year_block,4,0.01,weather_only,next_growth_log1p,6207,81737,0.0865328594154,evaluated,a9ccc574c7245d71a3db3f603a1d3a6984c9bdd73c9ecb9379c0db4fbd604eff
year_block,4,0.01,state_plus_weather,next_growth_log1p,6207,81737,0.534004176814,evaluated,a9ccc574c7245d71a3db3f603a1d3a6984c9bdd73c9ecb9379c0db4fbd604eff
year_block,4,0.01,state_weather_interactions,next_growth_log1p,6207,81737,0.542482494901,evaluated,a9ccc574c7245d71a3db3f603a1d3a6984c9bdd73c9ecb9379c0db4fbd604eff
year_block,0,1,mean_only,next_growth_log1p,13157,74787,-0.00842114026637,evaluated,a9ccc574c7245d71a3db3f603a1d3a6984c9bdd73c9ecb9379c0db4fbd604eff
year_block,0,1,persistence,next_growth_log1p,13157,74787,0.293242457632,evaluated,a9ccc574c7245d71a3db3f603a1d3a6984c9bdd73c9ecb9379c0db4fbd604eff
year_block,0,1,autoregressive,next_growth_log1p,13157,74787,0.450673060835,evaluated,a9ccc574c7245d71a3db3f603a1d3a6984c9bdd73c9ecb9379c0db4fbd604eff
year_block,0,1,weather_only,next_growth_log1p,13157,74787,0.0831481191745,evaluated,a9ccc574c7245d71a3db3f603a1d3a6984c9bdd73c9ecb9379c0db4fbd604eff
year_block,0,1,state_plus_weather,next_growth_log1p,13157,74787,0.45530395831,evaluated,a9ccc574c7245d71a3db3f603a1d3a6984c9bdd73c9ecb9379c0db4fbd604eff
year_block,0,1,state_weather_interactions,next_growth_log1p,13157,74787,0.465108208094,evaluated,a9ccc574c7245d71a3db3f603a1d3a6984c9bdd73c9ecb9379c0db4fbd604eff
year_block,1,1,mean_only,next_growth_log1p,24128,63816,-0.000140655596807,evaluated,a9ccc574c7245d71a3db3f603a1d3a6984c9bdd73c9ecb9379c0db4fbd604eff
year_block,1,1,persistence,next_growth_log1p,24128,63816,0.245724300622,evaluated,a9ccc574c7245d71a3db3f603a1d3a6984c9bdd73c9ecb9379c0db4fbd604eff
year_block,1,1,autoregressive,next_growth_log1p,24128,63816,0.428431266322,evaluated,a9ccc574c7245d71a3db3f603a1d3a6984c9bdd73c9ecb9379c0db4fbd604eff
year_block,1,1,weather_only,next_growth_log1p,24128,63816,0.083794522037,evaluated,a9ccc574c7245d71a3db3f603a1d3a6984c9bdd73c9ecb9379c0db4fbd604eff
year_block,1,1,state_plus_weather,next_growth_log1p,24128,63816,0.434765440156,evaluated,a9ccc574c7245d71a3db3f603a1d3a6984c9bdd73c9ecb9379c0db4fbd604eff
year_block,1,1,state_weather_interactions,next_growth_log1p,24128,63816,0.444510511762,evaluated,a9ccc574c7245d71a3db3f603a1d3a6984c9bdd73c9ecb9379c0db4fbd604eff
year_block,2,1,mean_only,next_growth_log1p,21311,66633,-2.36835545175e-05,evaluated,a9ccc574c7245d71a3db3f603a1d3a6984c9bdd73c9ecb9379c0db4fbd604eff
year_block,2,1,persistence,next_growth_log1p,21311,66633,0.306262564578,evaluated,a9ccc574c7245d71a3db3f603a1d3a6984c9bdd73c9ecb9379c0db4fbd604eff
year_block,2,1,autoregressive,next_growth_log1p,21311,66633,0.461379635279,evaluated,a9ccc574c7245d71a3db3f603a1d3a6984c9bdd73c9ecb9379c0db4fbd604eff
year_block,2,1,weather_only,next_growth_log1p,21311,66633,0.0535180440093,evaluated,a9ccc574c7245d71a3db3f603a1d3a6984c9bdd73c9ecb9379c0db4fbd604eff
year_block,2,1,state_plus_weather,next_growth_log1p,21311,66633,0.464105726105,evaluated,a9ccc574c7245d71a3db3f603a1d3a6984c9bdd73c9ecb9379c0db4fbd604eff
year_block,2,1,state_weather_interactions,next_growth_log1p,21311,66633,0.474274013236,evaluated,a9ccc574c7245d71a3db3f603a1d3a6984c9bdd73c9ecb9379c0db4fbd604eff
year_block,3,1,mean_only,next_growth_log1p,23141,64803,-4.23058109573e-05,evaluated,a9ccc574c7245d71a3db3f603a1d3a6984c9bdd73c9ecb9379c0db4fbd604eff
year_block,3,1,persistence,next_growth_log1p,23141,64803,0.296914628216,evaluated,a9ccc574c7245d71a3db3f603a1d3a6984c9bdd73c9ecb9379c0db4fbd604eff
year_block,3,1,autoregressive,next_growth_log1p,23141,64803,0.454073598724,evaluated,a9ccc574c7245d71a3db3f603a1d3a6984c9bdd73c9ecb9379c0db4fbd604eff
year_block,3,1,weather_only,next_growth_log1p,23141,64803,0.0892589278202,evaluated,a9ccc574c7245d71a3db3f603a1d3a6984c9bdd73c9ecb9379c0db4fbd604eff
year_block,3,1,state_plus_weather,next_growth_log1p,23141,64803,0.460020753159,evaluated,a9ccc574c7245d71a3db3f603a1d3a6984c9bdd73c9ecb9379c0db4fbd604eff
year_block,3,1,state_weather_interactions,next_growth_log1p,23141,64803,0.469188418097,evaluated,a9ccc574c7245d71a3db3f603a1d3a6984c9bdd73c9ecb9379c0db4fbd604eff
year_block,4,1,mean_only,next_growth_log1p,6207,81737,-0.0255237401722,evaluated,a9ccc574c7245d71a3db3f603a1d3a6984c9bdd73c9ecb9379c0db4fbd604eff
year_block,4,1,persistence,next_growth_log1p,6207,81737,0.419657108815,evaluated,a9ccc574c7245d71a3db3f603a1d3a6984c9bdd73c9ecb9379c0db4fbd604eff
year_block,4,1,autoregressive,next_growth_log1p,6207,81737,0.527570368382,evaluated,a9ccc574c7245d71a3db3f603a1d3a6984c9bdd73c9ecb9379c0db4fbd604eff
year_block,4,1,weather_only,next_growth_log1p,6207,81737,0.0865272487827,evaluated,a9ccc574c7245d71a3db3f603a1d3a6984c9bdd73c9ecb9379c0db4fbd604eff
year_block,4,1,state_plus_weather,next_growth_log1p,6207,81737,0.534002791817,evaluated,a9ccc574c7245d71a3db3f603a1d3a6984c9bdd73c9ecb9379c0db4fbd604eff
year_block,4,1,state_weather_interactions,next_growth_log1p,6207,81737,0.542470535672,evaluated,a9ccc574c7245d71a3db3f603a1d3a6984c9bdd73c9ecb9379c0db4fbd604eff
year_block,0,100,mean_only,next_growth_log1p,13157,74787,-0.00842114026637,evaluated,a9ccc574c7245d71a3db3f603a1d3a6984c9bdd73c9ecb9379c0db4fbd604eff
year_block,0,100,persistence,next_growth_log1p,13157,74787,0.293242457632,evaluated,a9ccc574c7245d71a3db3f603a1d3a6984c9bdd73c9ecb9379c0db4fbd604eff
year_block,0,100,autoregressive,next_growth_log1p,13157,74787,0.450681000649,evaluated,a9ccc574c7245d71a3db3f603a1d3a6984c9bdd73c9ecb9379c0db4fbd604eff
year_block,0,100,weather_only,next_growth_log1p,13157,74787,0.0831566921136,evaluated,a9ccc574c7245d71a3db3f603a1d3a6984c9bdd73c9ecb9379c0db4fbd604eff
year_block,0,100,state_plus_weather,next_growth_log1p,13157,74787,0.455319240821,evaluated,a9ccc574c7245d71a3db3f603a1d3a6984c9bdd73c9ecb9379c0db4fbd604eff
year_block,0,100,state_weather_interactions,next_growth_log1p,13157,74787,0.465225788064,evaluated,a9ccc574c7245d71a3db3f603a1d3a6984c9bdd73c9ecb9379c0db4fbd604eff
year_block,1,100,mean_only,next_growth_log1p,24128,63816,-0.000140655596807,evaluated,a9ccc574c7245d71a3db3f603a1d3a6984c9bdd73c9ecb9379c0db4fbd604eff
year_block,1,100,persistence,next_growth_log1p,24128,63816,0.245724300622,evaluated,a9ccc574c7245d71a3db3f603a1d3a6984c9bdd73c9ecb9379c0db4fbd604eff
year_block,1,100,autoregressive,next_growth_log1p,24128,63816,0.428493072521,evaluated,a9ccc574c7245d71a3db3f603a1d3a6984c9bdd73c9ecb9379c0db4fbd604eff
year_block,1,100,weather_only,next_growth_log1p,24128,63816,0.0838827714501,evaluated,a9ccc574c7245d71a3db3f603a1d3a6984c9bdd73c9ecb9379c0db4fbd604eff
year_block,1,100,state_plus_weather,next_growth_log1p,24128,63816,0.434839362462,evaluated,a9ccc574c7245d71a3db3f603a1d3a6984c9bdd73c9ecb9379c0db4fbd604eff
year_block,1,100,state_weather_interactions,next_growth_log1p,24128,63816,0.444636975519,evaluated,a9ccc574c7245d71a3db3f603a1d3a6984c9bdd73c9ecb9379c0db4fbd604eff
year_block,2,100,mean_only,next_growth_log1p,21311,66633,-2.36835545175e-05,evaluated,a9ccc574c7245d71a3db3f603a1d3a6984c9bdd73c9ecb9379c0db4fbd604eff
year_block,2,100,persistence,next_growth_log1p,21311,66633,0.306262564578,evaluated,a9ccc574c7245d71a3db3f603a1d3a6984c9bdd73c9ecb9379c0db4fbd604eff
year_block,2,100,autoregressive,next_growth_log1p,21311,66633,0.461352675953,evaluated,a9ccc574c7245d71a3db3f603a1d3a6984c9bdd73c9ecb9379c0db4fbd604eff
year_block,2,100,weather_only,next_growth_log1p,21311,66633,0.0537501159545,evaluated,a9ccc574c7245d71a3db3f603a1d3a6984c9bdd73c9ecb9379c0db4fbd604eff
year_block,2,100,state_plus_weather,next_growth_log1p,21311,66633,0.464088489446,evaluated,a9ccc574c7245d71a3db3f603a1d3a6984c9bdd73c9ecb9379c0db4fbd604eff
year_block,2,100,state_weather_interactions,next_growth_log1p,21311,66633,0.474502844335,evaluated,a9ccc574c7245d71a3db3f603a1d3a6984c9bdd73c9ecb9379c0db4fbd604eff
year_block,3,100,mean_only,next_growth_log1p,23141,64803,-4.23058109573e-05,evaluated,a9ccc574c7245d71a3db3f603a1d3a6984c9bdd73c9ecb9379c0db4fbd604eff
year_block,3,100,persistence,next_growth_log1p,23141,64803,0.296914628216,evaluated,a9ccc574c7245d71a3db3f603a1d3a6984c9bdd73c9ecb9379c0db4fbd604eff
year_block,3,100,autoregressive,next_growth_log1p,23141,64803,0.454077124058,evaluated,a9ccc574c7245d71a3db3f603a1d3a6984c9bdd73c9ecb9379c0db4fbd604eff
year_block,3,100,weather_only,next_growth_log1p,23141,64803,0.0892951165184,evaluated,a9ccc574c7245d71a3db3f603a1d3a6984c9bdd73c9ecb9379c0db4fbd604eff
year_block,3,100,state_plus_weather,next_growth_log1p,23141,64803,0.46003890909,evaluated,a9ccc574c7245d71a3db3f603a1d3a6984c9bdd73c9ecb9379c0db4fbd604eff
year_block,3,100,state_weather_interactions,next_growth_log1p,23141,64803,0.469202894409,evaluated,a9ccc574c7245d71a3db3f603a1d3a6984c9bdd73c9ecb9379c0db4fbd604eff
year_block,4,100,mean_only,next_growth_log1p,6207,81737,-0.0255237401722,evaluated,a9ccc574c7245d71a3db3f603a1d3a6984c9bdd73c9ecb9379c0db4fbd604eff
year_block,4,100,persistence,next_growth_log1p,6207,81737,0.419657108815,evaluated,a9ccc574c7245d71a3db3f603a1d3a6984c9bdd73c9ecb9379c0db4fbd604eff
year_block,4,100,autoregressive,next_growth_log1p,6207,81737,0.527498667636,evaluated,a9ccc574c7245d71a3db3f603a1d3a6984c9bdd73c9ecb9379c0db4fbd604eff
year_block,4,100,weather_only,next_growth_log1p,6207,81737,0.085971425066,evaluated,a9ccc574c7245d71a3db3f603a1d3a6984c9bdd73c9ecb9379c0db4fbd604eff
year_block,4,100,state_plus_weather,next_growth_log1p,6207,81737,0.533864388891,evaluated,a9ccc574c7245d71a3db3f603a1d3a6984c9bdd73c9ecb9379c0db4fbd604eff
year_block,4,100,state_weather_interactions,next_growth_log1p,6207,81737,0.541376648856,evaluated,a9ccc574c7245d71a3db3f603a1d3a6984c9bdd73c9ecb9379c0db4fbd604eff
region_block,central,0.01,mean_only,next_growth_log1p,24323,63621,-0.363422468571,evaluated,a9ccc574c7245d71a3db3f603a1d3a6984c9bdd73c9ecb9379c0db4fbd604eff
region_block,central,0.01,persistence,next_growth_log1p,24323,63621,-0.188567423788,evaluated,a9ccc574c7245d71a3db3f603a1d3a6984c9bdd73c9ecb9379c0db4fbd604eff
region_block,central,0.01,autoregressive,next_growth_log1p,24323,63621,0.143770273721,evaluated,a9ccc574c7245d71a3db3f603a1d3a6984c9bdd73c9ecb9379c0db4fbd604eff
region_block,central,0.01,weather_only,next_growth_log1p,24323,63621,-0.188534097655,evaluated,a9ccc574c7245d71a3db3f603a1d3a6984c9bdd73c9ecb9379c0db4fbd604eff
region_block,central,0.01,state_plus_weather,next_growth_log1p,24323,63621,0.149318527959,evaluated,a9ccc574c7245d71a3db3f603a1d3a6984c9bdd73c9ecb9379c0db4fbd604eff
region_block,central,0.01,state_weather_interactions,next_growth_log1p,24323,63621,0.175096670594,evaluated,a9ccc574c7245d71a3db3f603a1d3a6984c9bdd73c9ecb9379c0db4fbd604eff
region_block,east,0.01,mean_only,next_growth_log1p,17224,70720,-0.356301361951,evaluated,a9ccc574c7245d71a3db3f603a1d3a6984c9bdd73c9ecb9379c0db4fbd604eff
region_block,east,0.01,persistence,next_growth_log1p,17224,70720,0.0671709020039,evaluated,a9ccc574c7245d71a3db3f603a1d3a6984c9bdd73c9ecb9379c0db4fbd604eff
region_block,east,0.01,autoregressive,next_growth_log1p,17224,70720,0.305534258746,evaluated,a9ccc574c7245d71a3db3f603a1d3a6984c9bdd73c9ecb9379c0db4fbd604eff
region_block,east,0.01,weather_only,next_growth_log1p,17224,70720,-0.0282472258381,evaluated,a9ccc574c7245d71a3db3f603a1d3a6984c9bdd73c9ecb9379c0db4fbd604eff
region_block,east,0.01,state_plus_weather,next_growth_log1p,17224,70720,0.31718970689,evaluated,a9ccc574c7245d71a3db3f603a1d3a6984c9bdd73c9ecb9379c0db4fbd604eff
region_block,east,0.01,state_weather_interactions,next_growth_log1p,17224,70720,0.332736254109,evaluated,a9ccc574c7245d71a3db3f603a1d3a6984c9bdd73c9ecb9379c0db4fbd604eff
region_block,intermountain,0.01,mean_only,next_growth_log1p,23399,64545,-0.0337058603095,evaluated,a9ccc574c7245d71a3db3f603a1d3a6984c9bdd73c9ecb9379c0db4fbd604eff
region_block,intermountain,0.01,persistence,next_growth_log1p,23399,64545,0.212230455131,evaluated,a9ccc574c7245d71a3db3f603a1d3a6984c9bdd73c9ecb9379c0db4fbd604eff
region_block,intermountain,0.01,autoregressive,next_growth_log1p,23399,64545,0.399562617,evaluated,a9ccc574c7245d71a3db3f603a1d3a6984c9bdd73c9ecb9379c0db4fbd604eff
region_block,intermountain,0.01,weather_only,next_growth_log1p,23399,64545,0.022345111188,evaluated,a9ccc574c7245d71a3db3f603a1d3a6984c9bdd73c9ecb9379c0db4fbd604eff
region_block,intermountain,0.01,state_plus_weather,next_growth_log1p,23399,64545,0.402635651114,evaluated,a9ccc574c7245d71a3db3f603a1d3a6984c9bdd73c9ecb9379c0db4fbd604eff
region_block,intermountain,0.01,state_weather_interactions,next_growth_log1p,23399,64545,0.410618795876,evaluated,a9ccc574c7245d71a3db3f603a1d3a6984c9bdd73c9ecb9379c0db4fbd604eff
region_block,west,0.01,mean_only,next_growth_log1p,22998,64946,-0.14633826125,evaluated,a9ccc574c7245d71a3db3f603a1d3a6984c9bdd73c9ecb9379c0db4fbd604eff
region_block,west,0.01,persistence,next_growth_log1p,22998,64946,0.403948738495,evaluated,a9ccc574c7245d71a3db3f603a1d3a6984c9bdd73c9ecb9379c0db4fbd604eff
region_block,west,0.01,autoregressive,next_growth_log1p,22998,64946,0.484666292468,evaluated,a9ccc574c7245d71a3db3f603a1d3a6984c9bdd73c9ecb9379c0db4fbd604eff
region_block,west,0.01,weather_only,next_growth_log1p,22998,64946,-0.0336440494987,evaluated,a9ccc574c7245d71a3db3f603a1d3a6984c9bdd73c9ecb9379c0db4fbd604eff
region_block,west,0.01,state_plus_weather,next_growth_log1p,22998,64946,0.490720288993,evaluated,a9ccc574c7245d71a3db3f603a1d3a6984c9bdd73c9ecb9379c0db4fbd604eff
region_block,west,0.01,state_weather_interactions,next_growth_log1p,22998,64946,0.506552489298,evaluated,a9ccc574c7245d71a3db3f603a1d3a6984c9bdd73c9ecb9379c0db4fbd604eff
region_block,central,1,mean_only,next_growth_log1p,24323,63621,-0.363422468571,evaluated,a9ccc574c7245d71a3db3f603a1d3a6984c9bdd73c9ecb9379c0db4fbd604eff
region_block,central,1,persistence,next_growth_log1p,24323,63621,-0.188567423788,evaluated,a9ccc574c7245d71a3db3f603a1d3a6984c9bdd73c9ecb9379c0db4fbd604eff
region_block,central,1,autoregressive,next_growth_log1p,24323,63621,0.143775983067,evaluated,a9ccc574c7245d71a3db3f603a1d3a6984c9bdd73c9ecb9379c0db4fbd604eff
region_block,central,1,weather_only,next_growth_log1p,24323,63621,-0.188533939757,evaluated,a9ccc574c7245d71a3db3f603a1d3a6984c9bdd73c9ecb9379c0db4fbd604eff
region_block,central,1,state_plus_weather,next_growth_log1p,24323,63621,0.149325058676,evaluated,a9ccc574c7245d71a3db3f603a1d3a6984c9bdd73c9ecb9379c0db4fbd604eff
region_block,central,1,state_weather_interactions,next_growth_log1p,24323,63621,0.175097264127,evaluated,a9ccc574c7245d71a3db3f603a1d3a6984c9bdd73c9ecb9379c0db4fbd604eff
region_block,east,1,mean_only,next_growth_log1p,17224,70720,-0.356301361951,evaluated,a9ccc574c7245d71a3db3f603a1d3a6984c9bdd73c9ecb9379c0db4fbd604eff
region_block,east,1,persistence,next_growth_log1p,17224,70720,0.0671709020039,evaluated,a9ccc574c7245d71a3db3f603a1d3a6984c9bdd73c9ecb9379c0db4fbd604eff
region_block,east,1,autoregressive,next_growth_log1p,17224,70720,0.305536492691,evaluated,a9ccc574c7245d71a3db3f603a1d3a6984c9bdd73c9ecb9379c0db4fbd604eff
region_block,east,1,weather_only,next_growth_log1p,17224,70720,-0.0282439027914,evaluated,a9ccc574c7245d71a3db3f603a1d3a6984c9bdd73c9ecb9379c0db4fbd604eff
region_block,east,1,state_plus_weather,next_growth_log1p,17224,70720,0.317193219962,evaluated,a9ccc574c7245d71a3db3f603a1d3a6984c9bdd73c9ecb9379c0db4fbd604eff
region_block,east,1,state_weather_interactions,next_growth_log1p,17224,70720,0.332750040166,evaluated,a9ccc574c7245d71a3db3f603a1d3a6984c9bdd73c9ecb9379c0db4fbd604eff
region_block,intermountain,1,mean_only,next_growth_log1p,23399,64545,-0.0337058603095,evaluated,a9ccc574c7245d71a3db3f603a1d3a6984c9bdd73c9ecb9379c0db4fbd604eff
region_block,intermountain,1,persistence,next_growth_log1p,23399,64545,0.212230455131,evaluated,a9ccc574c7245d71a3db3f603a1d3a6984c9bdd73c9ecb9379c0db4fbd604eff
region_block,intermountain,1,autoregressive,next_growth_log1p,23399,64545,0.399563374997,evaluated,a9ccc574c7245d71a3db3f603a1d3a6984c9bdd73c9ecb9379c0db4fbd604eff
region_block,intermountain,1,weather_only,next_growth_log1p,23399,64545,0.022349556017,evaluated,a9ccc574c7245d71a3db3f603a1d3a6984c9bdd73c9ecb9379c0db4fbd604eff
region_block,intermountain,1,state_plus_weather,next_growth_log1p,23399,64545,0.40263639253,evaluated,a9ccc574c7245d71a3db3f603a1d3a6984c9bdd73c9ecb9379c0db4fbd604eff
region_block,intermountain,1,state_weather_interactions,next_growth_log1p,23399,64545,0.410618751324,evaluated,a9ccc574c7245d71a3db3f603a1d3a6984c9bdd73c9ecb9379c0db4fbd604eff
region_block,west,1,mean_only,next_growth_log1p,22998,64946,-0.14633826125,evaluated,a9ccc574c7245d71a3db3f603a1d3a6984c9bdd73c9ecb9379c0db4fbd604eff
region_block,west,1,persistence,next_growth_log1p,22998,64946,0.403948738495,evaluated,a9ccc574c7245d71a3db3f603a1d3a6984c9bdd73c9ecb9379c0db4fbd604eff
region_block,west,1,autoregressive,next_growth_log1p,22998,64946,0.484663786997,evaluated,a9ccc574c7245d71a3db3f603a1d3a6984c9bdd73c9ecb9379c0db4fbd604eff
region_block,west,1,weather_only,next_growth_log1p,22998,64946,-0.0336500778322,evaluated,a9ccc574c7245d71a3db3f603a1d3a6984c9bdd73c9ecb9379c0db4fbd604eff
region_block,west,1,state_plus_weather,next_growth_log1p,22998,64946,0.490716994359,evaluated,a9ccc574c7245d71a3db3f603a1d3a6984c9bdd73c9ecb9379c0db4fbd604eff
region_block,west,1,state_weather_interactions,next_growth_log1p,22998,64946,0.506541361894,evaluated,a9ccc574c7245d71a3db3f603a1d3a6984c9bdd73c9ecb9379c0db4fbd604eff
region_block,central,100,mean_only,next_growth_log1p,24323,63621,-0.363422468571,evaluated,a9ccc574c7245d71a3db3f603a1d3a6984c9bdd73c9ecb9379c0db4fbd604eff
region_block,central,100,persistence,next_growth_log1p,24323,63621,-0.188567423788,evaluated,a9ccc574c7245d71a3db3f603a1d3a6984c9bdd73c9ecb9379c0db4fbd604eff
region_block,central,100,autoregressive,next_growth_log1p,24323,63621,0.144341139237,evaluated,a9ccc574c7245d71a3db3f603a1d3a6984c9bdd73c9ecb9379c0db4fbd604eff
region_block,central,100,weather_only,next_growth_log1p,24323,63621,-0.188529073057,evaluated,a9ccc574c7245d71a3db3f603a1d3a6984c9bdd73c9ecb9379c0db4fbd604eff
region_block,central,100,state_plus_weather,next_growth_log1p,24323,63621,0.149968924418,evaluated,a9ccc574c7245d71a3db3f603a1d3a6984c9bdd73c9ecb9379c0db4fbd604eff
region_block,central,100,state_weather_interactions,next_growth_log1p,24323,63621,0.175062410088,evaluated,a9ccc574c7245d71a3db3f603a1d3a6984c9bdd73c9ecb9379c0db4fbd604eff
region_block,east,100,mean_only,next_growth_log1p,17224,70720,-0.356301361951,evaluated,a9ccc574c7245d71a3db3f603a1d3a6984c9bdd73c9ecb9379c0db4fbd604eff
region_block,east,100,persistence,next_growth_log1p,17224,70720,0.0671709020039,evaluated,a9ccc574c7245d71a3db3f603a1d3a6984c9bdd73c9ecb9379c0db4fbd604eff
region_block,east,100,autoregressive,next_growth_log1p,17224,70720,0.305757114712,evaluated,a9ccc574c7245d71a3db3f603a1d3a6984c9bdd73c9ecb9379c0db4fbd604eff
region_block,east,100,weather_only,next_growth_log1p,17224,70720,-0.0279321369954,evaluated,a9ccc574c7245d71a3db3f603a1d3a6984c9bdd73c9ecb9379c0db4fbd604eff
region_block,east,100,state_plus_weather,next_growth_log1p,17224,70720,0.317538482743,evaluated,a9ccc574c7245d71a3db3f603a1d3a6984c9bdd73c9ecb9379c0db4fbd604eff
region_block,east,100,state_weather_interactions,next_growth_log1p,17224,70720,0.333702173956,evaluated,a9ccc574c7245d71a3db3f603a1d3a6984c9bdd73c9ecb9379c0db4fbd604eff
region_block,intermountain,100,mean_only,next_growth_log1p,23399,64545,-0.0337058603095,evaluated,a9ccc574c7245d71a3db3f603a1d3a6984c9bdd73c9ecb9379c0db4fbd604eff
region_block,intermountain,100,persistence,next_growth_log1p,23399,64545,0.212230455131,evaluated,a9ccc574c7245d71a3db3f603a1d3a6984c9bdd73c9ecb9379c0db4fbd604eff
region_block,intermountain,100,autoregressive,next_growth_log1p,23399,64545,0.399637311982,evaluated,a9ccc574c7245d71a3db3f603a1d3a6984c9bdd73c9ecb9379c0db4fbd604eff
region_block,intermountain,100,weather_only,next_growth_log1p,23399,64545,0.0227797001194,evaluated,a9ccc574c7245d71a3db3f603a1d3a6984c9bdd73c9ecb9379c0db4fbd604eff
region_block,intermountain,100,state_plus_weather,next_growth_log1p,23399,64545,0.402707828228,evaluated,a9ccc574c7245d71a3db3f603a1d3a6984c9bdd73c9ecb9379c0db4fbd604eff
region_block,intermountain,100,state_weather_interactions,next_growth_log1p,23399,64545,0.41039103709,evaluated,a9ccc574c7245d71a3db3f603a1d3a6984c9bdd73c9ecb9379c0db4fbd604eff
region_block,west,100,mean_only,next_growth_log1p,22998,64946,-0.14633826125,evaluated,a9ccc574c7245d71a3db3f603a1d3a6984c9bdd73c9ecb9379c0db4fbd604eff
region_block,west,100,persistence,next_growth_log1p,22998,64946,0.403948738495,evaluated,a9ccc574c7245d71a3db3f603a1d3a6984c9bdd73c9ecb9379c0db4fbd604eff
region_block,west,100,autoregressive,next_growth_log1p,22998,64946,0.484413494513,evaluated,a9ccc574c7245d71a3db3f603a1d3a6984c9bdd73c9ecb9379c0db4fbd604eff
region_block,west,100,weather_only,next_growth_log1p,22998,64946,-0.0342455811187,evaluated,a9ccc574c7245d71a3db3f603a1d3a6984c9bdd73c9ecb9379c0db4fbd604eff
region_block,west,100,state_plus_weather,next_growth_log1p,22998,64946,0.490388883897,evaluated,a9ccc574c7245d71a3db3f603a1d3a6984c9bdd73c9ecb9379c0db4fbd604eff
region_block,west,100,state_weather_interactions,next_growth_log1p,22998,64946,0.505586086039,evaluated,a9ccc574c7245d71a3db3f603a1d3a6984c9bdd73c9ecb9379c0db4fbd604eff
spatiotemporal,central:2000-2004,0.01,mean_only,next_growth_log1p,3050,53514,-0.478801651015,evaluated,a9ccc574c7245d71a3db3f603a1d3a6984c9bdd73c9ecb9379c0db4fbd604eff
spatiotemporal,central:2000-2004,0.01,persistence,next_growth_log1p,3050,53514,-0.189134844626,evaluated,a9ccc574c7245d71a3db3f603a1d3a6984c9bdd73c9ecb9379c0db4fbd604eff
spatiotemporal,central:2000-2004,0.01,autoregressive,next_growth_log1p,3050,53514,0.129146306735,evaluated,a9ccc574c7245d71a3db3f603a1d3a6984c9bdd73c9ecb9379c0db4fbd604eff
spatiotemporal,central:2000-2004,0.01,weather_only,next_growth_log1p,3050,53514,-0.137835211588,evaluated,a9ccc574c7245d71a3db3f603a1d3a6984c9bdd73c9ecb9379c0db4fbd604eff
spatiotemporal,central:2000-2004,0.01,state_plus_weather,next_growth_log1p,3050,53514,0.135819879765,evaluated,a9ccc574c7245d71a3db3f603a1d3a6984c9bdd73c9ecb9379c0db4fbd604eff
spatiotemporal,central:2000-2004,0.01,state_weather_interactions,next_growth_log1p,3050,53514,0.157679761525,evaluated,a9ccc574c7245d71a3db3f603a1d3a6984c9bdd73c9ecb9379c0db4fbd604eff
spatiotemporal,central:2005-2009,0.01,mean_only,next_growth_log1p,5800,45293,-0.341353734354,evaluated,a9ccc574c7245d71a3db3f603a1d3a6984c9bdd73c9ecb9379c0db4fbd604eff
spatiotemporal,central:2005-2009,0.01,persistence,next_growth_log1p,5800,45293,-0.178201628263,evaluated,a9ccc574c7245d71a3db3f603a1d3a6984c9bdd73c9ecb9379c0db4fbd604eff
spatiotemporal,central:2005-2009,0.01,autoregressive,next_growth_log1p,5800,45293,0.139049402146,evaluated,a9ccc574c7245d71a3db3f603a1d3a6984c9bdd73c9ecb9379c0db4fbd604eff
spatiotemporal,central:2005-2009,0.01,weather_only,next_growth_log1p,5800,45293,-0.104666030584,evaluated,a9ccc574c7245d71a3db3f603a1d3a6984c9bdd73c9ecb9379c0db4fbd604eff
spatiotemporal,central:2005-2009,0.01,state_plus_weather,next_growth_log1p,5800,45293,0.149017510254,evaluated,a9ccc574c7245d71a3db3f603a1d3a6984c9bdd73c9ecb9379c0db4fbd604eff
spatiotemporal,central:2005-2009,0.01,state_weather_interactions,next_growth_log1p,5800,45293,0.172763261377,evaluated,a9ccc574c7245d71a3db3f603a1d3a6984c9bdd73c9ecb9379c0db4fbd604eff
spatiotemporal,central:2010-2014,0.01,mean_only,next_growth_log1p,6840,49150,-0.367852975701,evaluated,a9ccc574c7245d71a3db3f603a1d3a6984c9bdd73c9ecb9379c0db4fbd604eff
spatiotemporal,central:2010-2014,0.01,persistence,next_growth_log1p,6840,49150,-0.165776736663,evaluated,a9ccc574c7245d71a3db3f603a1d3a6984c9bdd73c9ecb9379c0db4fbd604eff
spatiotemporal,central:2010-2014,0.01,autoregressive,next_growth_log1p,6840,49150,0.160336038738,evaluated,a9ccc574c7245d71a3db3f603a1d3a6984c9bdd73c9ecb9379c0db4fbd604eff
spatiotemporal,central:2010-2014,0.01,weather_only,next_growth_log1p,6840,49150,-0.383760292816,evaluated,a9ccc574c7245d71a3db3f603a1d3a6984c9bdd73c9ecb9379c0db4fbd604eff
spatiotemporal,central:2010-2014,0.01,state_plus_weather,next_growth_log1p,6840,49150,0.158818917879,evaluated,a9ccc574c7245d71a3db3f603a1d3a6984c9bdd73c9ecb9379c0db4fbd604eff
spatiotemporal,central:2010-2014,0.01,state_weather_interactions,next_growth_log1p,6840,49150,0.179528263501,evaluated,a9ccc574c7245d71a3db3f603a1d3a6984c9bdd73c9ecb9379c0db4fbd604eff
spatiotemporal,central:2015-2019,0.01,mean_only,next_growth_log1p,7280,47760,-0.374260870221,evaluated,a9ccc574c7245d71a3db3f603a1d3a6984c9bdd73c9ecb9379c0db4fbd604eff
spatiotemporal,central:2015-2019,0.01,persistence,next_growth_log1p,7280,47760,-0.23811209288,evaluated,a9ccc574c7245d71a3db3f603a1d3a6984c9bdd73c9ecb9379c0db4fbd604eff
spatiotemporal,central:2015-2019,0.01,autoregressive,next_growth_log1p,7280,47760,0.119845998808,evaluated,a9ccc574c7245d71a3db3f603a1d3a6984c9bdd73c9ecb9379c0db4fbd604eff
spatiotemporal,central:2015-2019,0.01,weather_only,next_growth_log1p,7280,47760,-0.136208255331,evaluated,a9ccc574c7245d71a3db3f603a1d3a6984c9bdd73c9ecb9379c0db4fbd604eff
spatiotemporal,central:2015-2019,0.01,state_plus_weather,next_growth_log1p,7280,47760,0.126648358573,evaluated,a9ccc574c7245d71a3db3f603a1d3a6984c9bdd73c9ecb9379c0db4fbd604eff
spatiotemporal,central:2015-2019,0.01,state_weather_interactions,next_growth_log1p,7280,47760,0.162065916827,evaluated,a9ccc574c7245d71a3db3f603a1d3a6984c9bdd73c9ecb9379c0db4fbd604eff
spatiotemporal,central:2020-2024,0.01,mean_only,next_growth_log1p,1353,58767,-0.207564635335,evaluated,a9ccc574c7245d71a3db3f603a1d3a6984c9bdd73c9ecb9379c0db4fbd604eff
spatiotemporal,central:2020-2024,0.01,persistence,next_growth_log1p,1353,58767,-0.132936304641,evaluated,a9ccc574c7245d71a3db3f603a1d3a6984c9bdd73c9ecb9379c0db4fbd604eff
spatiotemporal,central:2020-2024,0.01,autoregressive,next_growth_log1p,1353,58767,0.200521282291,evaluated,a9ccc574c7245d71a3db3f603a1d3a6984c9bdd73c9ecb9379c0db4fbd604eff
spatiotemporal,central:2020-2024,0.01,weather_only,next_growth_log1p,1353,58767,-0.0269015098682,evaluated,a9ccc574c7245d71a3db3f603a1d3a6984c9bdd73c9ecb9379c0db4fbd604eff
spatiotemporal,central:2020-2024,0.01,state_plus_weather,next_growth_log1p,1353,58767,0.209573937281,evaluated,a9ccc574c7245d71a3db3f603a1d3a6984c9bdd73c9ecb9379c0db4fbd604eff
spatiotemporal,central:2020-2024,0.01,state_weather_interactions,next_growth_log1p,1353,58767,0.231589737341,evaluated,a9ccc574c7245d71a3db3f603a1d3a6984c9bdd73c9ecb9379c0db4fbd604eff
spatiotemporal,east:2000-2004,0.01,mean_only,next_growth_log1p,2989,60552,-0.54136620189,evaluated,a9ccc574c7245d71a3db3f603a1d3a6984c9bdd73c9ecb9379c0db4fbd604eff
spatiotemporal,east:2000-2004,0.01,persistence,next_growth_log1p,2989,60552,-0.0287611833826,evaluated,a9ccc574c7245d71a3db3f603a1d3a6984c9bdd73c9ecb9379c0db4fbd604eff
spatiotemporal,east:2000-2004,0.01,autoregressive,next_growth_log1p,2989,60552,0.242588746358,evaluated,a9ccc574c7245d71a3db3f603a1d3a6984c9bdd73c9ecb9379c0db4fbd604eff
spatiotemporal,east:2000-2004,0.01,weather_only,next_growth_log1p,2989,60552,-0.0629587824382,evaluated,a9ccc574c7245d71a3db3f603a1d3a6984c9bdd73c9ecb9379c0db4fbd604eff
spatiotemporal,east:2000-2004,0.01,state_plus_weather,next_growth_log1p,2989,60552,0.260472556985,evaluated,a9ccc574c7245d71a3db3f603a1d3a6984c9bdd73c9ecb9379c0db4fbd604eff
spatiotemporal,east:2000-2004,0.01,state_weather_interactions,next_growth_log1p,2989,60552,0.279049442552,evaluated,a9ccc574c7245d71a3db3f603a1d3a6984c9bdd73c9ecb9379c0db4fbd604eff
spatiotemporal,east:2005-2009,0.01,mean_only,next_growth_log1p,4696,51288,-0.226899868443,evaluated,a9ccc574c7245d71a3db3f603a1d3a6984c9bdd73c9ecb9379c0db4fbd604eff
spatiotemporal,east:2005-2009,0.01,persistence,next_growth_log1p,4696,51288,0.164140872375,evaluated,a9ccc574c7245d71a3db3f603a1d3a6984c9bdd73c9ecb9379c0db4fbd604eff
spatiotemporal,east:2005-2009,0.01,autoregressive,next_growth_log1p,4696,51288,0.370621701258,evaluated,a9ccc574c7245d71a3db3f603a1d3a6984c9bdd73c9ecb9379c0db4fbd604eff
spatiotemporal,east:2005-2009,0.01,weather_only,next_growth_log1p,4696,51288,-0.0008437490992,evaluated,a9ccc574c7245d71a3db3f603a1d3a6984c9bdd73c9ecb9379c0db4fbd604eff
spatiotemporal,east:2005-2009,0.01,state_plus_weather,next_growth_log1p,4696,51288,0.379225792751,evaluated,a9ccc574c7245d71a3db3f603a1d3a6984c9bdd73c9ecb9379c0db4fbd604eff
spatiotemporal,east:2005-2009,0.01,state_weather_interactions,next_growth_log1p,4696,51288,0.385646137248,evaluated,a9ccc574c7245d71a3db3f603a1d3a6984c9bdd73c9ecb9379c0db4fbd604eff
spatiotemporal,east:2010-2014,0.01,mean_only,next_growth_log1p,4238,53647,-0.279185187646,evaluated,a9ccc574c7245d71a3db3f603a1d3a6984c9bdd73c9ecb9379c0db4fbd604eff
spatiotemporal,east:2010-2014,0.01,persistence,next_growth_log1p,4238,53647,0.0793674414361,evaluated,a9ccc574c7245d71a3db3f603a1d3a6984c9bdd73c9ecb9379c0db4fbd604eff
spatiotemporal,east:2010-2014,0.01,autoregressive,next_growth_log1p,4238,53647,0.310312801525,evaluated,a9ccc574c7245d71a3db3f603a1d3a6984c9bdd73c9ecb9379c0db4fbd604eff
spatiotemporal,east:2010-2014,0.01,weather_only,next_growth_log1p,4238,53647,-0.00520542062103,evaluated,a9ccc574c7245d71a3db3f603a1d3a6984c9bdd73c9ecb9379c0db4fbd604eff
spatiotemporal,east:2010-2014,0.01,state_plus_weather,next_growth_log1p,4238,53647,0.321614341169,evaluated,a9ccc574c7245d71a3db3f603a1d3a6984c9bdd73c9ecb9379c0db4fbd604eff
spatiotemporal,east:2010-2014,0.01,state_weather_interactions,next_growth_log1p,4238,53647,0.338619754229,evaluated,a9ccc574c7245d71a3db3f603a1d3a6984c9bdd73c9ecb9379c0db4fbd604eff
spatiotemporal,east:2015-2019,0.01,mean_only,next_growth_log1p,4187,51766,-0.526880024377,evaluated,a9ccc574c7245d71a3db3f603a1d3a6984c9bdd73c9ecb9379c0db4fbd604eff
spatiotemporal,east:2015-2019,0.01,persistence,next_growth_log1p,4187,51766,-0.00438236966073,evaluated,a9ccc574c7245d71a3db3f603a1d3a6984c9bdd73c9ecb9379c0db4fbd604eff
spatiotemporal,east:2015-2019,0.01,autoregressive,next_growth_log1p,4187,51766,0.260455296925,evaluated,a9ccc574c7245d71a3db3f603a1d3a6984c9bdd73c9ecb9379c0db4fbd604eff
spatiotemporal,east:2015-2019,0.01,weather_only,next_growth_log1p,4187,51766,-0.0852138709724,evaluated,a9ccc574c7245d71a3db3f603a1d3a6984c9bdd73c9ecb9379c0db4fbd604eff
spatiotemporal,east:2015-2019,0.01,state_plus_weather,next_growth_log1p,4187,51766,0.268035438543,evaluated,a9ccc574c7245d71a3db3f603a1d3a6984c9bdd73c9ecb9379c0db4fbd604eff
spatiotemporal,east:2015-2019,0.01,state_weather_interactions,next_growth_log1p,4187,51766,0.291179121995,evaluated,a9ccc574c7245d71a3db3f603a1d3a6984c9bdd73c9ecb9379c0db4fbd604eff
spatiotemporal,east:2020-2024,0.01,mean_only,next_growth_log1p,1114,65627,-0.758218437143,evaluated,a9ccc574c7245d71a3db3f603a1d3a6984c9bdd73c9ecb9379c0db4fbd604eff
spatiotemporal,east:2020-2024,0.01,persistence,next_growth_log1p,1114,65627,-0.242038957582,evaluated,a9ccc574c7245d71a3db3f603a1d3a6984c9bdd73c9ecb9379c0db4fbd604eff
spatiotemporal,east:2020-2024,0.01,autoregressive,next_growth_log1p,1114,65627,0.0903935007154,evaluated,a9ccc574c7245d71a3db3f603a1d3a6984c9bdd73c9ecb9379c0db4fbd604eff
spatiotemporal,east:2020-2024,0.01,weather_only,next_growth_log1p,1114,65627,-0.132327470194,evaluated,a9ccc574c7245d71a3db3f603a1d3a6984c9bdd73c9ecb9379c0db4fbd604eff
spatiotemporal,east:2020-2024,0.01,state_plus_weather,next_growth_log1p,1114,65627,0.127979268704,evaluated,a9ccc574c7245d71a3db3f603a1d3a6984c9bdd73c9ecb9379c0db4fbd604eff
spatiotemporal,east:2020-2024,0.01,state_weather_interactions,next_growth_log1p,1114,65627,0.156196661189,evaluated,a9ccc574c7245d71a3db3f603a1d3a6984c9bdd73c9ecb9379c0db4fbd604eff
spatiotemporal,intermountain:2000-2004,0.01,mean_only,next_growth_log1p,3628,55016,-0.0117094777099,evaluated,a9ccc574c7245d71a3db3f603a1d3a6984c9bdd73c9ecb9379c0db4fbd604eff
spatiotemporal,intermountain:2000-2004,0.01,persistence,next_growth_log1p,3628,55016,0.255338576354,evaluated,a9ccc574c7245d71a3db3f603a1d3a6984c9bdd73c9ecb9379c0db4fbd604eff
spatiotemporal,intermountain:2000-2004,0.01,autoregressive,next_growth_log1p,3628,55016,0.427142845875,evaluated,a9ccc574c7245d71a3db3f603a1d3a6984c9bdd73c9ecb9379c0db4fbd604eff
spatiotemporal,intermountain:2000-2004,0.01,weather_only,next_growth_log1p,3628,55016,0.0446141449338,evaluated,a9ccc574c7245d71a3db3f603a1d3a6984c9bdd73c9ecb9379c0db4fbd604eff
spatiotemporal,intermountain:2000-2004,0.01,state_plus_weather,next_growth_log1p,3628,55016,0.427653245262,evaluated,a9ccc574c7245d71a3db3f603a1d3a6984c9bdd73c9ecb9379c0db4fbd604eff
spatiotemporal,intermountain:2000-2004,0.01,state_weather_interactions,next_growth_log1p,3628,55016,0.434628377869,evaluated,a9ccc574c7245d71a3db3f603a1d3a6984c9bdd73c9ecb9379c0db4fbd604eff
spatiotemporal,intermountain:2005-2009,0.01,mean_only,next_growth_log1p,6487,46904,-0.0137894109578,evaluated,a9ccc574c7245d71a3db3f603a1d3a6984c9bdd73c9ecb9379c0db4fbd604eff
spatiotemporal,intermountain:2005-2009,0.01,persistence,next_growth_log1p,6487,46904,0.106432712851,evaluated,a9ccc574c7245d71a3db3f603a1d3a6984c9bdd73c9ecb9379c0db4fbd604eff
spatiotemporal,intermountain:2005-2009,0.01,autoregressive,next_growth_log1p,6487,46904,0.342912513762,evaluated,a9ccc574c7245d71a3db3f603a1d3a6984c9bdd73c9ecb9379c0db4fbd604eff
spatiotemporal,intermountain:2005-2009,0.01,weather_only,next_growth_log1p,6487,46904,0.0186558221468,evaluated,a9ccc574c7245d71a3db3f603a1d3a6984c9bdd73c9ecb9379c0db4fbd604eff
spatiotemporal,intermountain:2005-2009,0.01,state_plus_weather,next_growth_log1p,6487,46904,0.348635931833,evaluated,a9ccc574c7245d71a3db3f603a1d3a6984c9bdd73c9ecb9379c0db4fbd604eff
spatiotemporal,intermountain:2005-2009,0.01,state_weather_interactions,next_growth_log1p,6487,46904,0.364479727986,evaluated,a9ccc574c7245d71a3db3f603a1d3a6984c9bdd73c9ecb9379c0db4fbd604eff
spatiotemporal,intermountain:2010-2014,0.01,mean_only,next_growth_log1p,5656,48890,-0.0595012316667,evaluated,a9ccc574c7245d71a3db3f603a1d3a6984c9bdd73c9ecb9379c0db4fbd604eff
spatiotemporal,intermountain:2010-2014,0.01,persistence,next_growth_log1p,5656,48890,0.286001209677,evaluated,a9ccc574c7245d71a3db3f603a1d3a6984c9bdd73c9ecb9379c0db4fbd604eff
spatiotemporal,intermountain:2010-2014,0.01,autoregressive,next_growth_log1p,5656,48890,0.443976323957,evaluated,a9ccc574c7245d71a3db3f603a1d3a6984c9bdd73c9ecb9379c0db4fbd604eff
spatiotemporal,intermountain:2010-2014,0.01,weather_only,next_growth_log1p,5656,48890,-0.00678508183733,evaluated,a9ccc574c7245d71a3db3f603a1d3a6984c9bdd73c9ecb9379c0db4fbd604eff
spatiotemporal,intermountain:2010-2014,0.01,state_plus_weather,next_growth_log1p,5656,48890,0.442759921558,evaluated,a9ccc574c7245d71a3db3f603a1d3a6984c9bdd73c9ecb9379c0db4fbd604eff
spatiotemporal,intermountain:2010-2014,0.01,state_weather_interactions,next_growth_log1p,5656,48890,0.450611660904,evaluated,a9ccc574c7245d71a3db3f603a1d3a6984c9bdd73c9ecb9379c0db4fbd604eff
spatiotemporal,intermountain:2015-2019,0.01,mean_only,next_growth_log1p,5556,46960,-0.0357660681624,evaluated,a9ccc574c7245d71a3db3f603a1d3a6984c9bdd73c9ecb9379c0db4fbd604eff
spatiotemporal,intermountain:2015-2019,0.01,persistence,next_growth_log1p,5556,46960,0.180055440154,evaluated,a9ccc574c7245d71a3db3f603a1d3a6984c9bdd73c9ecb9379c0db4fbd604eff
spatiotemporal,intermountain:2015-2019,0.01,autoregressive,next_growth_log1p,5556,46960,0.372128425717,evaluated,a9ccc574c7245d71a3db3f603a1d3a6984c9bdd73c9ecb9379c0db4fbd604eff
spatiotemporal,intermountain:2015-2019,0.01,weather_only,next_growth_log1p,5556,46960,0.0153385115842,evaluated,a9ccc574c7245d71a3db3f603a1d3a6984c9bdd73c9ecb9379c0db4fbd604eff
spatiotemporal,intermountain:2015-2019,0.01,state_plus_weather,next_growth_log1p,5556,46960,0.37705378439,evaluated,a9ccc574c7245d71a3db3f603a1d3a6984c9bdd73c9ecb9379c0db4fbd604eff
spatiotemporal,intermountain:2015-2019,0.01,state_weather_interactions,next_growth_log1p,5556,46960,0.380003689914,evaluated,a9ccc574c7245d71a3db3f603a1d3a6984c9bdd73c9ecb9379c0db4fbd604eff
spatiotemporal,intermountain:2020-2024,0.01,mean_only,next_growth_log1p,2072,60410,-0.086326380875,evaluated,a9ccc574c7245d71a3db3f603a1d3a6984c9bdd73c9ecb9379c0db4fbd604eff
spatiotemporal,intermountain:2020-2024,0.01,persistence,next_growth_log1p,2072,60410,0.208657581622,evaluated,a9ccc574c7245d71a3db3f603a1d3a6984c9bdd73c9ecb9379c0db4fbd604eff
spatiotemporal,intermountain:2020-2024,0.01,autoregressive,next_growth_log1p,2072,60410,0.386794108256,evaluated,a9ccc574c7245d71a3db3f603a1d3a6984c9bdd73c9ecb9379c0db4fbd604eff
spatiotemporal,intermountain:2020-2024,0.01,weather_only,next_growth_log1p,2072,60410,0.0116599042393,evaluated,a9ccc574c7245d71a3db3f603a1d3a6984c9bdd73c9ecb9379c0db4fbd604eff
spatiotemporal,intermountain:2020-2024,0.01,state_plus_weather,next_growth_log1p,2072,60410,0.39210767143,evaluated,a9ccc574c7245d71a3db3f603a1d3a6984c9bdd73c9ecb9379c0db4fbd604eff
spatiotemporal,intermountain:2020-2024,0.01,state_weather_interactions,next_growth_log1p,2072,60410,0.399446406181,evaluated,a9ccc574c7245d71a3db3f603a1d3a6984c9bdd73c9ecb9379c0db4fbd604eff
spatiotemporal,west:2000-2004,0.01,mean_only,next_growth_log1p,3490,55279,-0.0736768757442,evaluated,a9ccc574c7245d71a3db3f603a1d3a6984c9bdd73c9ecb9379c0db4fbd604eff
spatiotemporal,west:2000-2004,0.01,persistence,next_growth_log1p,3490,55279,0.39580728049,evaluated,a9ccc574c7245d71a3db3f603a1d3a6984c9bdd73c9ecb9379c0db4fbd604eff
spatiotemporal,west:2000-2004,0.01,autoregressive,next_growth_log1p,3490,55279,0.482297203523,evaluated,a9ccc574c7245d71a3db3f603a1d3a6984c9bdd73c9ecb9379c0db4fbd604eff
spatiotemporal,west:2000-2004,0.01,weather_only,next_growth_log1p,3490,55279,0.00653553344352,evaluated,a9ccc574c7245d71a3db3f603a1d3a6984c9bdd73c9ecb9379c0db4fbd604eff
spatiotemporal,west:2000-2004,0.01,state_plus_weather,next_growth_log1p,3490,55279,0.486351210603,evaluated,a9ccc574c7245d71a3db3f603a1d3a6984c9bdd73c9ecb9379c0db4fbd604eff
spatiotemporal,west:2000-2004,0.01,state_weather_interactions,next_growth_log1p,3490,55279,0.503079479668,evaluated,a9ccc574c7245d71a3db3f603a1d3a6984c9bdd73c9ecb9379c0db4fbd604eff
spatiotemporal,west:2005-2009,0.01,mean_only,next_growth_log1p,7145,47963,-0.122770767257,evaluated,a9ccc574c7245d71a3db3f603a1d3a6984c9bdd73c9ecb9379c0db4fbd604eff
spatiotemporal,west:2005-2009,0.01,persistence,next_growth_log1p,7145,47963,0.356015117537,evaluated,a9ccc574c7245d71a3db3f603a1d3a6984c9bdd73c9ecb9379c0db4fbd604eff
spatiotemporal,west:2005-2009,0.01,autoregressive,next_growth_log1p,7145,47963,0.469729637693,evaluated,a9ccc574c7245d71a3db3f603a1d3a6984c9bdd73c9ecb9379c0db4fbd604eff
spatiotemporal,west:2005-2009,0.01,weather_only,next_growth_log1p,7145,47963,0.00334643314191,evaluated,a9ccc574c7245d71a3db3f603a1d3a6984c9bdd73c9ecb9379c0db4fbd604eff
spatiotemporal,west:2005-2009,0.01,state_plus_weather,next_growth_log1p,7145,47963,0.477014771013,evaluated,a9ccc574c7245d71a3db3f603a1d3a6984c9bdd73c9ecb9379c0db4fbd604eff
spatiotemporal,west:2005-2009,0.01,state_weather_interactions,next_growth_log1p,7145,47963,0.491441516181,evaluated,a9ccc574c7245d71a3db3f603a1d3a6984c9bdd73c9ecb9379c0db4fbd604eff
spatiotemporal,west:2010-2014,0.01,mean_only,next_growth_log1p,4577,48212,-0.139669986427,evaluated,a9ccc574c7245d71a3db3f603a1d3a6984c9bdd73c9ecb9379c0db4fbd604eff
spatiotemporal,west:2010-2014,0.01,persistence,next_growth_log1p,4577,48212,0.390526629698,evaluated,a9ccc574c7245d71a3db3f603a1d3a6984c9bdd73c9ecb9379c0db4fbd604eff
spatiotemporal,west:2010-2014,0.01,autoregressive,next_growth_log1p,4577,48212,0.468464976301,evaluated,a9ccc574c7245d71a3db3f603a1d3a6984c9bdd73c9ecb9379c0db4fbd604eff
spatiotemporal,west:2010-2014,0.01,weather_only,next_growth_log1p,4577,48212,-0.0183309181441,evaluated,a9ccc574c7245d71a3db3f603a1d3a6984c9bdd73c9ecb9379c0db4fbd604eff
spatiotemporal,west:2010-2014,0.01,state_plus_weather,next_growth_log1p,4577,48212,0.474616915005,evaluated,a9ccc574c7245d71a3db3f603a1d3a6984c9bdd73c9ecb9379c0db4fbd604eff
spatiotemporal,west:2010-2014,0.01,state_weather_interactions,next_growth_log1p,4577,48212,0.496443056157,evaluated,a9ccc574c7245d71a3db3f603a1d3a6984c9bdd73c9ecb9379c0db4fbd604eff
spatiotemporal,west:2015-2019,0.01,mean_only,next_growth_log1p,6118,47923,-0.184831617124,evaluated,a9ccc574c7245d71a3db3f603a1d3a6984c9bdd73c9ecb9379c0db4fbd604eff
spatiotemporal,west:2015-2019,0.01,persistence,next_growth_log1p,6118,47923,0.386454456226,evaluated,a9ccc574c7245d71a3db3f603a1d3a6984c9bdd73c9ecb9379c0db4fbd604eff
spatiotemporal,west:2015-2019,0.01,autoregressive,next_growth_log1p,6118,47923,0.467237610535,evaluated,a9ccc574c7245d71a3db3f603a1d3a6984c9bdd73c9ecb9379c0db4fbd604eff
spatiotemporal,west:2015-2019,0.01,weather_only,next_growth_log1p,6118,47923,-0.0746116205798,evaluated,a9ccc574c7245d71a3db3f603a1d3a6984c9bdd73c9ecb9379c0db4fbd604eff
spatiotemporal,west:2015-2019,0.01,state_plus_weather,next_growth_log1p,6118,47923,0.474291820909,evaluated,a9ccc574c7245d71a3db3f603a1d3a6984c9bdd73c9ecb9379c0db4fbd604eff
spatiotemporal,west:2015-2019,0.01,state_weather_interactions,next_growth_log1p,6118,47923,0.488093390411,evaluated,a9ccc574c7245d71a3db3f603a1d3a6984c9bdd73c9ecb9379c0db4fbd604eff
spatiotemporal,west:2020-2024,0.01,mean_only,next_growth_log1p,1668,60407,-0.314174340113,evaluated,a9ccc574c7245d71a3db3f603a1d3a6984c9bdd73c9ecb9379c0db4fbd604eff
spatiotemporal,west:2020-2024,0.01,persistence,next_growth_log1p,1668,60407,0.535429290232,evaluated,a9ccc574c7245d71a3db3f603a1d3a6984c9bdd73c9ecb9379c0db4fbd604eff
spatiotemporal,west:2020-2024,0.01,autoregressive,next_growth_log1p,1668,60407,0.543330943356,evaluated,a9ccc574c7245d71a3db3f603a1d3a6984c9bdd73c9ecb9379c0db4fbd604eff
spatiotemporal,west:2020-2024,0.01,weather_only,next_growth_log1p,1668,60407,-0.18913136937,evaluated,a9ccc574c7245d71a3db3f603a1d3a6984c9bdd73c9ecb9379c0db4fbd604eff
spatiotemporal,west:2020-2024,0.01,state_plus_weather,next_growth_log1p,1668,60407,0.547724721381,evaluated,a9ccc574c7245d71a3db3f603a1d3a6984c9bdd73c9ecb9379c0db4fbd604eff
spatiotemporal,west:2020-2024,0.01,state_weather_interactions,next_growth_log1p,1668,60407,0.558589691668,evaluated,a9ccc574c7245d71a3db3f603a1d3a6984c9bdd73c9ecb9379c0db4fbd604eff
spatiotemporal,central:2000-2004,1,mean_only,next_growth_log1p,3050,53514,-0.478801651015,evaluated,a9ccc574c7245d71a3db3f603a1d3a6984c9bdd73c9ecb9379c0db4fbd604eff
spatiotemporal,central:2000-2004,1,persistence,next_growth_log1p,3050,53514,-0.189134844626,evaluated,a9ccc574c7245d71a3db3f603a1d3a6984c9bdd73c9ecb9379c0db4fbd604eff
spatiotemporal,central:2000-2004,1,autoregressive,next_growth_log1p,3050,53514,0.129152878308,evaluated,a9ccc574c7245d71a3db3f603a1d3a6984c9bdd73c9ecb9379c0db4fbd604eff
spatiotemporal,central:2000-2004,1,weather_only,next_growth_log1p,3050,53514,-0.137837606828,evaluated,a9ccc574c7245d71a3db3f603a1d3a6984c9bdd73c9ecb9379c0db4fbd604eff
spatiotemporal,central:2000-2004,1,state_plus_weather,next_growth_log1p,3050,53514,0.135827956948,evaluated,a9ccc574c7245d71a3db3f603a1d3a6984c9bdd73c9ecb9379c0db4fbd604eff
spatiotemporal,central:2000-2004,1,state_weather_interactions,next_growth_log1p,3050,53514,0.157680763473,evaluated,a9ccc574c7245d71a3db3f603a1d3a6984c9bdd73c9ecb9379c0db4fbd604eff
spatiotemporal,central:2005-2009,1,mean_only,next_growth_log1p,5800,45293,-0.341353734354,evaluated,a9ccc574c7245d71a3db3f603a1d3a6984c9bdd73c9ecb9379c0db4fbd604eff
spatiotemporal,central:2005-2009,1,persistence,next_growth_log1p,5800,45293,-0.178201628263,evaluated,a9ccc574c7245d71a3db3f603a1d3a6984c9bdd73c9ecb9379c0db4fbd604eff
spatiotemporal,central:2005-2009,1,autoregressive,next_growth_log1p,5800,45293,0.139057739021,evaluated,a9ccc574c7245d71a3db3f603a1d3a6984c9bdd73c9ecb9379c0db4fbd604eff
spatiotemporal,central:2005-2009,1,weather_only,next_growth_log1p,5800,45293,-0.104662209881,evaluated,a9ccc574c7245d71a3db3f603a1d3a6984c9bdd73c9ecb9379c0db4fbd604eff
spatiotemporal,central:2005-2009,1,state_plus_weather,next_growth_log1p,5800,45293,0.149027892676,evaluated,a9ccc574c7245d71a3db3f603a1d3a6984c9bdd73c9ecb9379c0db4fbd604eff
spatiotemporal,central:2005-2009,1,state_weather_interactions,next_growth_log1p,5800,45293,0.172776746797,evaluated,a9ccc574c7245d71a3db3f603a1d3a6984c9bdd73c9ecb9379c0db4fbd604eff
spatiotemporal,central:2010-2014,1,mean_only,next_growth_log1p,6840,49150,-0.367852975701,evaluated,a9ccc574c7245d71a3db3f603a1d3a6984c9bdd73c9ecb9379c0db4fbd604eff
spatiotemporal,central:2010-2014,1,persistence,next_growth_log1p,6840,49150,-0.165776736663,evaluated,a9ccc574c7245d71a3db3f603a1d3a6984c9bdd73c9ecb9379c0db4fbd604eff
spatiotemporal,central:2010-2014,1,autoregressive,next_growth_log1p,6840,49150,0.1603425103,evaluated,a9ccc574c7245d71a3db3f603a1d3a6984c9bdd73c9ecb9379c0db4fbd604eff
spatiotemporal,central:2010-2014,1,weather_only,next_growth_log1p,6840,49150,-0.383764099833,evaluated,a9ccc574c7245d71a3db3f603a1d3a6984c9bdd73c9ecb9379c0db4fbd604eff
spatiotemporal,central:2010-2014,1,state_plus_weather,next_growth_log1p,6840,49150,0.158825462438,evaluated,a9ccc574c7245d71a3db3f603a1d3a6984c9bdd73c9ecb9379c0db4fbd604eff
spatiotemporal,central:2010-2014,1,state_weather_interactions,next_growth_log1p,6840,49150,0.179531714211,evaluated,a9ccc574c7245d71a3db3f603a1d3a6984c9bdd73c9ecb9379c0db4fbd604eff
spatiotemporal,central:2015-2019,1,mean_only,next_growth_log1p,7280,47760,-0.374260870221,evaluated,a9ccc574c7245d71a3db3f603a1d3a6984c9bdd73c9ecb9379c0db4fbd604eff
spatiotemporal,central:2015-2019,1,persistence,next_growth_log1p,7280,47760,-0.23811209288,evaluated,a9ccc574c7245d71a3db3f603a1d3a6984c9bdd73c9ecb9379c0db4fbd604eff
spatiotemporal,central:2015-2019,1,autoregressive,next_growth_log1p,7280,47760,0.11985473501,evaluated,a9ccc574c7245d71a3db3f603a1d3a6984c9bdd73c9ecb9379c0db4fbd604eff
spatiotemporal,central:2015-2019,1,weather_only,next_growth_log1p,7280,47760,-0.136204238696,evaluated,a9ccc574c7245d71a3db3f603a1d3a6984c9bdd73c9ecb9379c0db4fbd604eff
spatiotemporal,central:2015-2019,1,state_plus_weather,next_growth_log1p,7280,47760,0.126658324064,evaluated,a9ccc574c7245d71a3db3f603a1d3a6984c9bdd73c9ecb9379c0db4fbd604eff
spatiotemporal,central:2015-2019,1,state_weather_interactions,next_growth_log1p,7280,47760,0.162058536091,evaluated,a9ccc574c7245d71a3db3f603a1d3a6984c9bdd73c9ecb9379c0db4fbd604eff
spatiotemporal,central:2020-2024,1,mean_only,next_growth_log1p,1353,58767,-0.207564635335,evaluated,a9ccc574c7245d71a3db3f603a1d3a6984c9bdd73c9ecb9379c0db4fbd604eff
spatiotemporal,central:2020-2024,1,persistence,next_growth_log1p,1353,58767,-0.132936304641,evaluated,a9ccc574c7245d71a3db3f603a1d3a6984c9bdd73c9ecb9379c0db4fbd604eff
spatiotemporal,central:2020-2024,1,autoregressive,next_growth_log1p,1353,58767,0.200526699657,evaluated,a9ccc574c7245d71a3db3f603a1d3a6984c9bdd73c9ecb9379c0db4fbd604eff
spatiotemporal,central:2020-2024,1,weather_only,next_growth_log1p,1353,58767,-0.0269034727214,evaluated,a9ccc574c7245d71a3db3f603a1d3a6984c9bdd73c9ecb9379c0db4fbd604eff
spatiotemporal,central:2020-2024,1,state_plus_weather,next_growth_log1p,1353,58767,0.209580099209,evaluated,a9ccc574c7245d71a3db3f603a1d3a6984c9bdd73c9ecb9379c0db4fbd604eff
spatiotemporal,central:2020-2024,1,state_weather_interactions,next_growth_log1p,1353,58767,0.231575664651,evaluated,a9ccc574c7245d71a3db3f603a1d3a6984c9bdd73c9ecb9379c0db4fbd604eff
spatiotemporal,east:2000-2004,1,mean_only,next_growth_log1p,2989,60552,-0.54136620189,evaluated,a9ccc574c7245d71a3db3f603a1d3a6984c9bdd73c9ecb9379c0db4fbd604eff
spatiotemporal,east:2000-2004,1,persistence,next_growth_log1p,2989,60552,-0.0287611833826,evaluated,a9ccc574c7245d71a3db3f603a1d3a6984c9bdd73c9ecb9379c0db4fbd604eff
spatiotemporal,east:2000-2004,1,autoregressive,next_growth_log1p,2989,60552,0.242591943084,evaluated,a9ccc574c7245d71a3db3f603a1d3a6984c9bdd73c9ecb9379c0db4fbd604eff
spatiotemporal,east:2000-2004,1,weather_only,next_growth_log1p,2989,60552,-0.0629554223351,evaluated,a9ccc574c7245d71a3db3f603a1d3a6984c9bdd73c9ecb9379c0db4fbd604eff
spatiotemporal,east:2000-2004,1,state_plus_weather,next_growth_log1p,2989,60552,0.260477212102,evaluated,a9ccc574c7245d71a3db3f603a1d3a6984c9bdd73c9ecb9379c0db4fbd604eff
spatiotemporal,east:2000-2004,1,state_weather_interactions,next_growth_log1p,2989,60552,0.279056839274,evaluated,a9ccc574c7245d71a3db3f603a1d3a6984c9bdd73c9ecb9379c0db4fbd604eff
spatiotemporal,east:2005-2009,1,mean_only,next_growth_log1p,4696,51288,-0.226899868443,evaluated,a9ccc574c7245d71a3db3f603a1d3a6984c9bdd73c9ecb9379c0db4fbd604eff
spatiotemporal,east:2005-2009,1,persistence,next_growth_log1p,4696,51288,0.164140872375,evaluated,a9ccc574c7245d71a3db3f603a1d3a6984c9bdd73c9ecb9379c0db4fbd604eff
spatiotemporal,east:2005-2009,1,autoregressive,next_growth_log1p,4696,51288,0.370624401951,evaluated,a9ccc574c7245d71a3db3f603a1d3a6984c9bdd73c9ecb9379c0db4fbd604eff
spatiotemporal,east:2005-2009,1,weather_only,next_growth_log1p,4696,51288,-0.000839880306215,evaluated,a9ccc574c7245d71a3db3f603a1d3a6984c9bdd73c9ecb9379c0db4fbd604eff
spatiotemporal,east:2005-2009,1,state_plus_weather,next_growth_log1p,4696,51288,0.37922980577,evaluated,a9ccc574c7245d71a3db3f603a1d3a6984c9bdd73c9ecb9379c0db4fbd604eff
spatiotemporal,east:2005-2009,1,state_weather_interactions,next_growth_log1p,4696,51288,0.38567623646,evaluated,a9ccc574c7245d71a3db3f603a1d3a6984c9bdd73c9ecb9379c0db4fbd604eff
spatiotemporal,east:2010-2014,1,mean_only,next_growth_log1p,4238,53647,-0.279185187646,evaluated,a9ccc574c7245d71a3db3f603a1d3a6984c9bdd73c9ecb9379c0db4fbd604eff
spatiotemporal,east:2010-2014,1,persistence,next_growth_log1p,4238,53647,0.0793674414361,evaluated,a9ccc574c7245d71a3db3f603a1d3a6984c9bdd73c9ecb9379c0db4fbd604eff
spatiotemporal,east:2010-2014,1,autoregressive,next_growth_log1p,4238,53647,0.310315449406,evaluated,a9ccc574c7245d71a3db3f603a1d3a6984c9bdd73c9ecb9379c0db4fbd604eff
spatiotemporal,east:2010-2014,1,weather_only,next_growth_log1p,4238,53647,-0.00520211192375,evaluated,a9ccc574c7245d71a3db3f603a1d3a6984c9bdd73c9ecb9379c0db4fbd604eff
spatiotemporal,east:2010-2014,1,state_plus_weather,next_growth_log1p,4238,53647,0.321618356054,evaluated,a9ccc574c7245d71a3db3f603a1d3a6984c9bdd73c9ecb9379c0db4fbd604eff
spatiotemporal,east:2010-2014,1,state_weather_interactions,next_growth_log1p,4238,53647,0.338640661663,evaluated,a9ccc574c7245d71a3db3f603a1d3a6984c9bdd73c9ecb9379c0db4fbd604eff
spatiotemporal,east:2015-2019,1,mean_only,next_growth_log1p,4187,51766,-0.526880024377,evaluated,a9ccc574c7245d71a3db3f603a1d3a6984c9bdd73c9ecb9379c0db4fbd604eff
spatiotemporal,east:2015-2019,1,persistence,next_growth_log1p,4187,51766,-0.00438236966073,evaluated,a9ccc574c7245d71a3db3f603a1d3a6984c9bdd73c9ecb9379c0db4fbd604eff
spatiotemporal,east:2015-2019,1,autoregressive,next_growth_log1p,4187,51766,0.260459092785,evaluated,a9ccc574c7245d71a3db3f603a1d3a6984c9bdd73c9ecb9379c0db4fbd604eff
spatiotemporal,east:2015-2019,1,weather_only,next_growth_log1p,4187,51766,-0.085202677846,evaluated,a9ccc574c7245d71a3db3f603a1d3a6984c9bdd73c9ecb9379c0db4fbd604eff
spatiotemporal,east:2015-2019,1,state_plus_weather,next_growth_log1p,4187,51766,0.26804283926,evaluated,a9ccc574c7245d71a3db3f603a1d3a6984c9bdd73c9ecb9379c0db4fbd604eff
spatiotemporal,east:2015-2019,1,state_weather_interactions,next_growth_log1p,4187,51766,0.291187054134,evaluated,a9ccc574c7245d71a3db3f603a1d3a6984c9bdd73c9ecb9379c0db4fbd604eff
spatiotemporal,east:2020-2024,1,mean_only,next_growth_log1p,1114,65627,-0.758218437143,evaluated,a9ccc574c7245d71a3db3f603a1d3a6984c9bdd73c9ecb9379c0db4fbd604eff
spatiotemporal,east:2020-2024,1,persistence,next_growth_log1p,1114,65627,-0.242038957582,evaluated,a9ccc574c7245d71a3db3f603a1d3a6984c9bdd73c9ecb9379c0db4fbd604eff
spatiotemporal,east:2020-2024,1,autoregressive,next_growth_log1p,1114,65627,0.09039691158,evaluated,a9ccc574c7245d71a3db3f603a1d3a6984c9bdd73c9ecb9379c0db4fbd604eff
spatiotemporal,east:2020-2024,1,weather_only,next_growth_log1p,1114,65627,-0.132334122987,evaluated,a9ccc574c7245d71a3db3f603a1d3a6984c9bdd73c9ecb9379c0db4fbd604eff
spatiotemporal,east:2020-2024,1,state_plus_weather,next_growth_log1p,1114,65627,0.127982828644,evaluated,a9ccc574c7245d71a3db3f603a1d3a6984c9bdd73c9ecb9379c0db4fbd604eff
spatiotemporal,east:2020-2024,1,state_weather_interactions,next_growth_log1p,1114,65627,0.156212585127,evaluated,a9ccc574c7245d71a3db3f603a1d3a6984c9bdd73c9ecb9379c0db4fbd604eff
spatiotemporal,intermountain:2000-2004,1,mean_only,next_growth_log1p,3628,55016,-0.0117094777099,evaluated,a9ccc574c7245d71a3db3f603a1d3a6984c9bdd73c9ecb9379c0db4fbd604eff
spatiotemporal,intermountain:2000-2004,1,persistence,next_growth_log1p,3628,55016,0.255338576354,evaluated,a9ccc574c7245d71a3db3f603a1d3a6984c9bdd73c9ecb9379c0db4fbd604eff
spatiotemporal,intermountain:2000-2004,1,autoregressive,next_growth_log1p,3628,55016,0.427143590916,evaluated,a9ccc574c7245d71a3db3f603a1d3a6984c9bdd73c9ecb9379c0db4fbd604eff
spatiotemporal,intermountain:2000-2004,1,weather_only,next_growth_log1p,3628,55016,0.0446176444647,evaluated,a9ccc574c7245d71a3db3f603a1d3a6984c9bdd73c9ecb9379c0db4fbd604eff
spatiotemporal,intermountain:2000-2004,1,state_plus_weather,next_growth_log1p,3628,55016,0.427653785713,evaluated,a9ccc574c7245d71a3db3f603a1d3a6984c9bdd73c9ecb9379c0db4fbd604eff
spatiotemporal,intermountain:2000-2004,1,state_weather_interactions,next_growth_log1p,3628,55016,0.43463247844,evaluated,a9ccc574c7245d71a3db3f603a1d3a6984c9bdd73c9ecb9379c0db4fbd604eff
spatiotemporal,intermountain:2005-2009,1,mean_only,next_growth_log1p,6487,46904,-0.0137894109578,evaluated,a9ccc574c7245d71a3db3f603a1d3a6984c9bdd73c9ecb9379c0db4fbd604eff
spatiotemporal,intermountain:2005-2009,1,persistence,next_growth_log1p,6487,46904,0.106432712851,evaluated,a9ccc574c7245d71a3db3f603a1d3a6984c9bdd73c9ecb9379c0db4fbd604eff
spatiotemporal,intermountain:2005-2009,1,autoregressive,next_growth_log1p,6487,46904,0.342915359103,evaluated,a9ccc574c7245d71a3db3f603a1d3a6984c9bdd73c9ecb9379c0db4fbd604eff
spatiotemporal,intermountain:2005-2009,1,weather_only,next_growth_log1p,6487,46904,0.0186619342375,evaluated,a9ccc574c7245d71a3db3f603a1d3a6984c9bdd73c9ecb9379c0db4fbd604eff
spatiotemporal,intermountain:2005-2009,1,state_plus_weather,next_growth_log1p,6487,46904,0.348638277199,evaluated,a9ccc574c7245d71a3db3f603a1d3a6984c9bdd73c9ecb9379c0db4fbd604eff
spatiotemporal,intermountain:2005-2009,1,state_weather_interactions,next_growth_log1p,6487,46904,0.364466141713,evaluated,a9ccc574c7245d71a3db3f603a1d3a6984c9bdd73c9ecb9379c0db4fbd604eff
spatiotemporal,intermountain:2010-2014,1,mean_only,next_growth_log1p,5656,48890,-0.0595012316667,evaluated,a9ccc574c7245d71a3db3f603a1d3a6984c9bdd73c9ecb9379c0db4fbd604eff
spatiotemporal,intermountain:2010-2014,1,persistence,next_growth_log1p,5656,48890,0.286001209677,evaluated,a9ccc574c7245d71a3db3f603a1d3a6984c9bdd73c9ecb9379c0db4fbd604eff
spatiotemporal,intermountain:2010-2014,1,autoregressive,next_growth_log1p,5656,48890,0.443976176823,evaluated,a9ccc574c7245d71a3db3f603a1d3a6984c9bdd73c9ecb9379c0db4fbd604eff
spatiotemporal,intermountain:2010-2014,1,weather_only,next_growth_log1p,5656,48890,-0.00677566505798,evaluated,a9ccc574c7245d71a3db3f603a1d3a6984c9bdd73c9ecb9379c0db4fbd604eff
spatiotemporal,intermountain:2010-2014,1,state_plus_weather,next_growth_log1p,5656,48890,0.442760008321,evaluated,a9ccc574c7245d71a3db3f603a1d3a6984c9bdd73c9ecb9379c0db4fbd604eff
spatiotemporal,intermountain:2010-2014,1,state_weather_interactions,next_growth_log1p,5656,48890,0.450606991308,evaluated,a9ccc574c7245d71a3db3f603a1d3a6984c9bdd73c9ecb9379c0db4fbd604eff
spatiotemporal,intermountain:2015-2019,1,mean_only,next_growth_log1p,5556,46960,-0.0357660681624,evaluated,a9ccc574c7245d71a3db3f603a1d3a6984c9bdd73c9ecb9379c0db4fbd604eff
spatiotemporal,intermountain:2015-2019,1,persistence,next_growth_log1p,5556,46960,0.180055440154,evaluated,a9ccc574c7245d71a3db3f603a1d3a6984c9bdd73c9ecb9379c0db4fbd604eff
spatiotemporal,intermountain:2015-2019,1,autoregressive,next_growth_log1p,5556,46960,0.372129518923,evaluated,a9ccc574c7245d71a3db3f603a1d3a6984c9bdd73c9ecb9379c0db4fbd604eff
spatiotemporal,intermountain:2015-2019,1,weather_only,next_growth_log1p,5556,46960,0.0153475361571,evaluated,a9ccc574c7245d71a3db3f603a1d3a6984c9bdd73c9ecb9379c0db4fbd604eff
spatiotemporal,intermountain:2015-2019,1,state_plus_weather,next_growth_log1p,5556,46960,0.377055608402,evaluated,a9ccc574c7245d71a3db3f603a1d3a6984c9bdd73c9ecb9379c0db4fbd604eff
spatiotemporal,intermountain:2015-2019,1,state_weather_interactions,next_growth_log1p,5556,46960,0.380023871597,evaluated,a9ccc574c7245d71a3db3f603a1d3a6984c9bdd73c9ecb9379c0db4fbd604eff
spatiotemporal,intermountain:2020-2024,1,mean_only,next_growth_log1p,2072,60410,-0.086326380875,evaluated,a9ccc574c7245d71a3db3f603a1d3a6984c9bdd73c9ecb9379c0db4fbd604eff
spatiotemporal,intermountain:2020-2024,1,persistence,next_growth_log1p,2072,60410,0.208657581622,evaluated,a9ccc574c7245d71a3db3f603a1d3a6984c9bdd73c9ecb9379c0db4fbd604eff
spatiotemporal,intermountain:2020-2024,1,autoregressive,next_growth_log1p,2072,60410,0.386794841391,evaluated,a9ccc574c7245d71a3db3f603a1d3a6984c9bdd73c9ecb9379c0db4fbd604eff
spatiotemporal,intermountain:2020-2024,1,weather_only,next_growth_log1p,2072,60410,0.0116574146182,evaluated,a9ccc574c7245d71a3db3f603a1d3a6984c9bdd73c9ecb9379c0db4fbd604eff
spatiotemporal,intermountain:2020-2024,1,state_plus_weather,next_growth_log1p,2072,60410,0.392107381867,evaluated,a9ccc574c7245d71a3db3f603a1d3a6984c9bdd73c9ecb9379c0db4fbd604eff
spatiotemporal,intermountain:2020-2024,1,state_weather_interactions,next_growth_log1p,2072,60410,0.399434785368,evaluated,a9ccc574c7245d71a3db3f603a1d3a6984c9bdd73c9ecb9379c0db4fbd604eff
spatiotemporal,west:2000-2004,1,mean_only,next_growth_log1p,3490,55279,-0.0736768757442,evaluated,a9ccc574c7245d71a3db3f603a1d3a6984c9bdd73c9ecb9379c0db4fbd604eff
spatiotemporal,west:2000-2004,1,persistence,next_growth_log1p,3490,55279,0.39580728049,evaluated,a9ccc574c7245d71a3db3f603a1d3a6984c9bdd73c9ecb9379c0db4fbd604eff
spatiotemporal,west:2000-2004,1,autoregressive,next_growth_log1p,3490,55279,0.482294639652,evaluated,a9ccc574c7245d71a3db3f603a1d3a6984c9bdd73c9ecb9379c0db4fbd604eff
spatiotemporal,west:2000-2004,1,weather_only,next_growth_log1p,3490,55279,0.00653069078117,evaluated,a9ccc574c7245d71a3db3f603a1d3a6984c9bdd73c9ecb9379c0db4fbd604eff
spatiotemporal,west:2000-2004,1,state_plus_weather,next_growth_log1p,3490,55279,0.486347976824,evaluated,a9ccc574c7245d71a3db3f603a1d3a6984c9bdd73c9ecb9379c0db4fbd604eff
spatiotemporal,west:2000-2004,1,state_weather_interactions,next_growth_log1p,3490,55279,0.503070209632,evaluated,a9ccc574c7245d71a3db3f603a1d3a6984c9bdd73c9ecb9379c0db4fbd604eff
spatiotemporal,west:2005-2009,1,mean_only,next_growth_log1p,7145,47963,-0.122770767257,evaluated,a9ccc574c7245d71a3db3f603a1d3a6984c9bdd73c9ecb9379c0db4fbd604eff
spatiotemporal,west:2005-2009,1,persistence,next_growth_log1p,7145,47963,0.356015117537,evaluated,a9ccc574c7245d71a3db3f603a1d3a6984c9bdd73c9ecb9379c0db4fbd604eff
spatiotemporal,west:2005-2009,1,autoregressive,next_growth_log1p,7145,47963,0.469726859274,evaluated,a9ccc574c7245d71a3db3f603a1d3a6984c9bdd73c9ecb9379c0db4fbd604eff
spatiotemporal,west:2005-2009,1,weather_only,next_growth_log1p,7145,47963,0.00333927530657,evaluated,a9ccc574c7245d71a3db3f603a1d3a6984c9bdd73c9ecb9379c0db4fbd604eff
spatiotemporal,west:2005-2009,1,state_plus_weather,next_growth_log1p,7145,47963,0.47701121342,evaluated,a9ccc574c7245d71a3db3f603a1d3a6984c9bdd73c9ecb9379c0db4fbd604eff
spatiotemporal,west:2005-2009,1,state_weather_interactions,next_growth_log1p,7145,47963,0.491433273375,evaluated,a9ccc574c7245d71a3db3f603a1d3a6984c9bdd73c9ecb9379c0db4fbd604eff
spatiotemporal,west:2010-2014,1,mean_only,next_growth_log1p,4577,48212,-0.139669986427,evaluated,a9ccc574c7245d71a3db3f603a1d3a6984c9bdd73c9ecb9379c0db4fbd604eff
spatiotemporal,west:2010-2014,1,persistence,next_growth_log1p,4577,48212,0.390526629698,evaluated,a9ccc574c7245d71a3db3f603a1d3a6984c9bdd73c9ecb9379c0db4fbd604eff
spatiotemporal,west:2010-2014,1,autoregressive,next_growth_log1p,4577,48212,0.468461341863,evaluated,a9ccc574c7245d71a3db3f603a1d3a6984c9bdd73c9ecb9379c0db4fbd604eff
spatiotemporal,west:2010-2014,1,weather_only,next_growth_log1p,4577,48212,-0.0183358214527,evaluated,a9ccc574c7245d71a3db3f603a1d3a6984c9bdd73c9ecb9379c0db4fbd604eff
spatiotemporal,west:2010-2014,1,state_plus_weather,next_growth_log1p,4577,48212,0.474612659983,evaluated,a9ccc574c7245d71a3db3f603a1d3a6984c9bdd73c9ecb9379c0db4fbd604eff
spatiotemporal,west:2010-2014,1,state_weather_interactions,next_growth_log1p,4577,48212,0.49643598947,evaluated,a9ccc574c7245d71a3db3f603a1d3a6984c9bdd73c9ecb9379c0db4fbd604eff
spatiotemporal,west:2015-2019,1,mean_only,next_growth_log1p,6118,47923,-0.184831617124,evaluated,a9ccc574c7245d71a3db3f603a1d3a6984c9bdd73c9ecb9379c0db4fbd604eff
spatiotemporal,west:2015-2019,1,persistence,next_growth_log1p,6118,47923,0.386454456226,evaluated,a9ccc574c7245d71a3db3f603a1d3a6984c9bdd73c9ecb9379c0db4fbd604eff
spatiotemporal,west:2015-2019,1,autoregressive,next_growth_log1p,6118,47923,0.467234196425,evaluated,a9ccc574c7245d71a3db3f603a1d3a6984c9bdd73c9ecb9379c0db4fbd604eff
spatiotemporal,west:2015-2019,1,weather_only,next_growth_log1p,6118,47923,-0.0746217104474,evaluated,a9ccc574c7245d71a3db3f603a1d3a6984c9bdd73c9ecb9379c0db4fbd604eff
spatiotemporal,west:2015-2019,1,state_plus_weather,next_growth_log1p,6118,47923,0.474286967296,evaluated,a9ccc574c7245d71a3db3f603a1d3a6984c9bdd73c9ecb9379c0db4fbd604eff
spatiotemporal,west:2015-2019,1,state_weather_interactions,next_growth_log1p,6118,47923,0.488075836295,evaluated,a9ccc574c7245d71a3db3f603a1d3a6984c9bdd73c9ecb9379c0db4fbd604eff
spatiotemporal,west:2020-2024,1,mean_only,next_growth_log1p,1668,60407,-0.314174340113,evaluated,a9ccc574c7245d71a3db3f603a1d3a6984c9bdd73c9ecb9379c0db4fbd604eff
spatiotemporal,west:2020-2024,1,persistence,next_growth_log1p,1668,60407,0.535429290232,evaluated,a9ccc574c7245d71a3db3f603a1d3a6984c9bdd73c9ecb9379c0db4fbd604eff
spatiotemporal,west:2020-2024,1,autoregressive,next_growth_log1p,1668,60407,0.543327029296,evaluated,a9ccc574c7245d71a3db3f603a1d3a6984c9bdd73c9ecb9379c0db4fbd604eff
spatiotemporal,west:2020-2024,1,weather_only,next_growth_log1p,1668,60407,-0.189143681976,evaluated,a9ccc574c7245d71a3db3f603a1d3a6984c9bdd73c9ecb9379c0db4fbd604eff
spatiotemporal,west:2020-2024,1,state_plus_weather,next_growth_log1p,1668,60407,0.547719046602,evaluated,a9ccc574c7245d71a3db3f603a1d3a6984c9bdd73c9ecb9379c0db4fbd604eff
spatiotemporal,west:2020-2024,1,state_weather_interactions,next_growth_log1p,1668,60407,0.558556804718,evaluated,a9ccc574c7245d71a3db3f603a1d3a6984c9bdd73c9ecb9379c0db4fbd604eff
spatiotemporal,central:2000-2004,100,mean_only,next_growth_log1p,3050,53514,-0.478801651015,evaluated,a9ccc574c7245d71a3db3f603a1d3a6984c9bdd73c9ecb9379c0db4fbd604eff
spatiotemporal,central:2000-2004,100,persistence,next_growth_log1p,3050,53514,-0.189134844626,evaluated,a9ccc574c7245d71a3db3f603a1d3a6984c9bdd73c9ecb9379c0db4fbd604eff
spatiotemporal,central:2000-2004,100,autoregressive,next_growth_log1p,3050,53514,0.129801544396,evaluated,a9ccc574c7245d71a3db3f603a1d3a6984c9bdd73c9ecb9379c0db4fbd604eff
spatiotemporal,central:2000-2004,100,weather_only,next_growth_log1p,3050,53514,-0.138092570896,evaluated,a9ccc574c7245d71a3db3f603a1d3a6984c9bdd73c9ecb9379c0db4fbd604eff
spatiotemporal,central:2000-2004,100,state_plus_weather,next_growth_log1p,3050,53514,0.136621955244,evaluated,a9ccc574c7245d71a3db3f603a1d3a6984c9bdd73c9ecb9379c0db4fbd604eff
spatiotemporal,central:2000-2004,100,state_weather_interactions,next_growth_log1p,3050,53514,0.157752887014,evaluated,a9ccc574c7245d71a3db3f603a1d3a6984c9bdd73c9ecb9379c0db4fbd604eff
spatiotemporal,central:2005-2009,100,mean_only,next_growth_log1p,5800,45293,-0.341353734354,evaluated,a9ccc574c7245d71a3db3f603a1d3a6984c9bdd73c9ecb9379c0db4fbd604eff
spatiotemporal,central:2005-2009,100,persistence,next_growth_log1p,5800,45293,-0.178201628263,evaluated,a9ccc574c7245d71a3db3f603a1d3a6984c9bdd73c9ecb9379c0db4fbd604eff
spatiotemporal,central:2005-2009,100,autoregressive,next_growth_log1p,5800,45293,0.139879027236,evaluated,a9ccc574c7245d71a3db3f603a1d3a6984c9bdd73c9ecb9379c0db4fbd604eff
spatiotemporal,central:2005-2009,100,weather_only,next_growth_log1p,5800,45293,-0.10431604587,evaluated,a9ccc574c7245d71a3db3f603a1d3a6984c9bdd73c9ecb9379c0db4fbd604eff
spatiotemporal,central:2005-2009,100,state_plus_weather,next_growth_log1p,5800,45293,0.150045147473,evaluated,a9ccc574c7245d71a3db3f603a1d3a6984c9bdd73c9ecb9379c0db4fbd604eff
spatiotemporal,central:2005-2009,100,state_weather_interactions,next_growth_log1p,5800,45293,0.173726743505,evaluated,a9ccc574c7245d71a3db3f603a1d3a6984c9bdd73c9ecb9379c0db4fbd604eff
spatiotemporal,central:2010-2014,100,mean_only,next_growth_log1p,6840,49150,-0.367852975701,evaluated,a9ccc574c7245d71a3db3f603a1d3a6984c9bdd73c9ecb9379c0db4fbd604eff
spatiotemporal,central:2010-2014,100,persistence,next_growth_log1p,6840,49150,-0.165776736663,evaluated,a9ccc574c7245d71a3db3f603a1d3a6984c9bdd73c9ecb9379c0db4fbd604eff
spatiotemporal,central:2010-2014,100,autoregressive,next_growth_log1p,6840,49150,0.160980953297,evaluated,a9ccc574c7245d71a3db3f603a1d3a6984c9bdd73c9ecb9379c0db4fbd604eff
spatiotemporal,central:2010-2014,100,weather_only,next_growth_log1p,6840,49150,-0.38414641066,evaluated,a9ccc574c7245d71a3db3f603a1d3a6984c9bdd73c9ecb9379c0db4fbd604eff
spatiotemporal,central:2010-2014,100,state_plus_weather,next_growth_log1p,6840,49150,0.159466846084,evaluated,a9ccc574c7245d71a3db3f603a1d3a6984c9bdd73c9ecb9379c0db4fbd604eff
spatiotemporal,central:2010-2014,100,state_weather_interactions,next_growth_log1p,6840,49150,0.179641048702,evaluated,a9ccc574c7245d71a3db3f603a1d3a6984c9bdd73c9ecb9379c0db4fbd604eff
spatiotemporal,central:2015-2019,100,mean_only,next_growth_log1p,7280,47760,-0.374260870221,evaluated,a9ccc574c7245d71a3db3f603a1d3a6984c9bdd73c9ecb9379c0db4fbd604eff
spatiotemporal,central:2015-2019,100,persistence,next_growth_log1p,7280,47760,-0.23811209288,evaluated,a9ccc574c7245d71a3db3f603a1d3a6984c9bdd73c9ecb9379c0db4fbd604eff
spatiotemporal,central:2015-2019,100,autoregressive,next_growth_log1p,7280,47760,0.120717648429,evaluated,a9ccc574c7245d71a3db3f603a1d3a6984c9bdd73c9ecb9379c0db4fbd604eff
spatiotemporal,central:2015-2019,100,weather_only,next_growth_log1p,7280,47760,-0.135837296611,evaluated,a9ccc574c7245d71a3db3f603a1d3a6984c9bdd73c9ecb9379c0db4fbd604eff
spatiotemporal,central:2015-2019,100,state_plus_weather,next_growth_log1p,7280,47760,0.127636763611,evaluated,a9ccc574c7245d71a3db3f603a1d3a6984c9bdd73c9ecb9379c0db4fbd604eff
spatiotemporal,central:2015-2019,100,state_weather_interactions,next_growth_log1p,7280,47760,0.161134537426,evaluated,a9ccc574c7245d71a3db3f603a1d3a6984c9bdd73c9ecb9379c0db4fbd604eff
spatiotemporal,central:2020-2024,100,mean_only,next_growth_log1p,1353,58767,-0.207564635335,evaluated,a9ccc574c7245d71a3db3f603a1d3a6984c9bdd73c9ecb9379c0db4fbd604eff
spatiotemporal,central:2020-2024,100,persistence,next_growth_log1p,1353,58767,-0.132936304641,evaluated,a9ccc574c7245d71a3db3f603a1d3a6984c9bdd73c9ecb9379c0db4fbd604eff
spatiotemporal,central:2020-2024,100,autoregressive,next_growth_log1p,1353,58767,0.201062979695,evaluated,a9ccc574c7245d71a3db3f603a1d3a6984c9bdd73c9ecb9379c0db4fbd604eff
spatiotemporal,central:2020-2024,100,weather_only,next_growth_log1p,1353,58767,-0.0271059626764,evaluated,a9ccc574c7245d71a3db3f603a1d3a6984c9bdd73c9ecb9379c0db4fbd604eff
spatiotemporal,central:2020-2024,100,state_plus_weather,next_growth_log1p,1353,58767,0.210187863429,evaluated,a9ccc574c7245d71a3db3f603a1d3a6984c9bdd73c9ecb9379c0db4fbd604eff
spatiotemporal,central:2020-2024,100,state_weather_interactions,next_growth_log1p,1353,58767,0.230734983232,evaluated,a9ccc574c7245d71a3db3f603a1d3a6984c9bdd73c9ecb9379c0db4fbd604eff
spatiotemporal,east:2000-2004,100,mean_only,next_growth_log1p,2989,60552,-0.54136620189,evaluated,a9ccc574c7245d71a3db3f603a1d3a6984c9bdd73c9ecb9379c0db4fbd604eff
spatiotemporal,east:2000-2004,100,persistence,next_growth_log1p,2989,60552,-0.0287611833826,evaluated,a9ccc574c7245d71a3db3f603a1d3a6984c9bdd73c9ecb9379c0db4fbd604eff
spatiotemporal,east:2000-2004,100,autoregressive,next_growth_log1p,2989,60552,0.242906630371,evaluated,a9ccc574c7245d71a3db3f603a1d3a6984c9bdd73c9ecb9379c0db4fbd604eff
spatiotemporal,east:2000-2004,100,weather_only,next_growth_log1p,2989,60552,-0.0626519867931,evaluated,a9ccc574c7245d71a3db3f603a1d3a6984c9bdd73c9ecb9379c0db4fbd604eff
spatiotemporal,east:2000-2004,100,state_plus_weather,next_growth_log1p,2989,60552,0.260933778023,evaluated,a9ccc574c7245d71a3db3f603a1d3a6984c9bdd73c9ecb9379c0db4fbd604eff
spatiotemporal,east:2000-2004,100,state_weather_interactions,next_growth_log1p,2989,60552,0.279562027285,evaluated,a9ccc574c7245d71a3db3f603a1d3a6984c9bdd73c9ecb9379c0db4fbd604eff
spatiotemporal,east:2005-2009,100,mean_only,next_growth_log1p,4696,51288,-0.226899868443,evaluated,a9ccc574c7245d71a3db3f603a1d3a6984c9bdd73c9ecb9379c0db4fbd604eff
spatiotemporal,east:2005-2009,100,persistence,next_growth_log1p,4696,51288,0.164140872375,evaluated,a9ccc574c7245d71a3db3f603a1d3a6984c9bdd73c9ecb9379c0db4fbd604eff
spatiotemporal,east:2005-2009,100,autoregressive,next_growth_log1p,4696,51288,0.370889546025,evaluated,a9ccc574c7245d71a3db3f603a1d3a6984c9bdd73c9ecb9379c0db4fbd604eff
spatiotemporal,east:2005-2009,100,weather_only,next_growth_log1p,4696,51288,-0.000481409963393,evaluated,a9ccc574c7245d71a3db3f603a1d3a6984c9bdd73c9ecb9379c0db4fbd604eff
spatiotemporal,east:2005-2009,100,state_plus_weather,next_growth_log1p,4696,51288,0.379621535762,evaluated,a9ccc574c7245d71a3db3f603a1d3a6984c9bdd73c9ecb9379c0db4fbd604eff
spatiotemporal,east:2005-2009,100,state_weather_interactions,next_growth_log1p,4696,51288,0.387847484174,evaluated,a9ccc574c7245d71a3db3f603a1d3a6984c9bdd73c9ecb9379c0db4fbd604eff
spatiotemporal,east:2010-2014,100,mean_only,next_growth_log1p,4238,53647,-0.279185187646,evaluated,a9ccc574c7245d71a3db3f603a1d3a6984c9bdd73c9ecb9379c0db4fbd604eff
spatiotemporal,east:2010-2014,100,persistence,next_growth_log1p,4238,53647,0.0793674414361,evaluated,a9ccc574c7245d71a3db3f603a1d3a6984c9bdd73c9ecb9379c0db4fbd604eff
spatiotemporal,east:2010-2014,100,autoregressive,next_growth_log1p,4238,53647,0.310575897347,evaluated,a9ccc574c7245d71a3db3f603a1d3a6984c9bdd73c9ecb9379c0db4fbd604eff
spatiotemporal,east:2010-2014,100,weather_only,next_growth_log1p,4238,53647,-0.0049030329686,evaluated,a9ccc574c7245d71a3db3f603a1d3a6984c9bdd73c9ecb9379c0db4fbd604eff
spatiotemporal,east:2010-2014,100,state_plus_weather,next_growth_log1p,4238,53647,0.322010281279,evaluated,a9ccc574c7245d71a3db3f603a1d3a6984c9bdd73c9ecb9379c0db4fbd604eff
spatiotemporal,east:2010-2014,100,state_weather_interactions,next_growth_log1p,4238,53647,0.339856941069,evaluated,a9ccc574c7245d71a3db3f603a1d3a6984c9bdd73c9ecb9379c0db4fbd604eff
spatiotemporal,east:2015-2019,100,mean_only,next_growth_log1p,4187,51766,-0.526880024377,evaluated,a9ccc574c7245d71a3db3f603a1d3a6984c9bdd73c9ecb9379c0db4fbd604eff
spatiotemporal,east:2015-2019,100,persistence,next_growth_log1p,4187,51766,-0.00438236966073,evaluated,a9ccc574c7245d71a3db3f603a1d3a6984c9bdd73c9ecb9379c0db4fbd604eff
spatiotemporal,east:2015-2019,100,autoregressive,next_growth_log1p,4187,51766,0.260833139308,evaluated,a9ccc574c7245d71a3db3f603a1d3a6984c9bdd73c9ecb9379c0db4fbd604eff
spatiotemporal,east:2015-2019,100,weather_only,next_growth_log1p,4187,51766,-0.0841523649105,evaluated,a9ccc574c7245d71a3db3f603a1d3a6984c9bdd73c9ecb9379c0db4fbd604eff
spatiotemporal,east:2015-2019,100,state_plus_weather,next_growth_log1p,4187,51766,0.268765548281,evaluated,a9ccc574c7245d71a3db3f603a1d3a6984c9bdd73c9ecb9379c0db4fbd604eff
spatiotemporal,east:2015-2019,100,state_weather_interactions,next_growth_log1p,4187,51766,0.291451653878,evaluated,a9ccc574c7245d71a3db3f603a1d3a6984c9bdd73c9ecb9379c0db4fbd604eff
spatiotemporal,east:2020-2024,100,mean_only,next_growth_log1p,1114,65627,-0.758218437143,evaluated,a9ccc574c7245d71a3db3f603a1d3a6984c9bdd73c9ecb9379c0db4fbd604eff
spatiotemporal,east:2020-2024,100,persistence,next_growth_log1p,1114,65627,-0.242038957582,evaluated,a9ccc574c7245d71a3db3f603a1d3a6984c9bdd73c9ecb9379c0db4fbd604eff
spatiotemporal,east:2020-2024,100,autoregressive,next_growth_log1p,1114,65627,0.0907337704469,evaluated,a9ccc574c7245d71a3db3f603a1d3a6984c9bdd73c9ecb9379c0db4fbd604eff
spatiotemporal,east:2020-2024,100,weather_only,next_growth_log1p,1114,65627,-0.13301486618,evaluated,a9ccc574c7245d71a3db3f603a1d3a6984c9bdd73c9ecb9379c0db4fbd604eff
spatiotemporal,east:2020-2024,100,state_plus_weather,next_growth_log1p,1114,65627,0.12833309231,evaluated,a9ccc574c7245d71a3db3f603a1d3a6984c9bdd73c9ecb9379c0db4fbd604eff
spatiotemporal,east:2020-2024,100,state_weather_interactions,next_growth_log1p,1114,65627,0.156987926855,evaluated,a9ccc574c7245d71a3db3f603a1d3a6984c9bdd73c9ecb9379c0db4fbd604eff
spatiotemporal,intermountain:2000-2004,100,mean_only,next_growth_log1p,3628,55016,-0.0117094777099,evaluated,a9ccc574c7245d71a3db3f603a1d3a6984c9bdd73c9ecb9379c0db4fbd604eff
spatiotemporal,intermountain:2000-2004,100,persistence,next_growth_log1p,3628,55016,0.255338576354,evaluated,a9ccc574c7245d71a3db3f603a1d3a6984c9bdd73c9ecb9379c0db4fbd604eff
spatiotemporal,intermountain:2000-2004,100,autoregressive,next_growth_log1p,3628,55016,0.427215349124,evaluated,a9ccc574c7245d71a3db3f603a1d3a6984c9bdd73c9ecb9379c0db4fbd604eff
spatiotemporal,intermountain:2000-2004,100,weather_only,next_growth_log1p,3628,55016,0.0449531417026,evaluated,a9ccc574c7245d71a3db3f603a1d3a6984c9bdd73c9ecb9379c0db4fbd604eff
spatiotemporal,intermountain:2000-2004,100,state_plus_weather,next_growth_log1p,3628,55016,0.427704523178,evaluated,a9ccc574c7245d71a3db3f603a1d3a6984c9bdd73c9ecb9379c0db4fbd604eff
spatiotemporal,intermountain:2000-2004,100,state_weather_interactions,next_growth_log1p,3628,55016,0.434655775671,evaluated,a9ccc574c7245d71a3db3f603a1d3a6984c9bdd73c9ecb9379c0db4fbd604eff
spatiotemporal,intermountain:2005-2009,100,mean_only,next_growth_log1p,6487,46904,-0.0137894109578,evaluated,a9ccc574c7245d71a3db3f603a1d3a6984c9bdd73c9ecb9379c0db4fbd604eff
spatiotemporal,intermountain:2005-2009,100,persistence,next_growth_log1p,6487,46904,0.106432712851,evaluated,a9ccc574c7245d71a3db3f603a1d3a6984c9bdd73c9ecb9379c0db4fbd604eff
spatiotemporal,intermountain:2005-2009,100,autoregressive,next_growth_log1p,6487,46904,0.343195000847,evaluated,a9ccc574c7245d71a3db3f603a1d3a6984c9bdd73c9ecb9379c0db4fbd604eff
spatiotemporal,intermountain:2005-2009,100,weather_only,next_growth_log1p,6487,46904,0.0192447896975,evaluated,a9ccc574c7245d71a3db3f603a1d3a6984c9bdd73c9ecb9379c0db4fbd604eff
spatiotemporal,intermountain:2005-2009,100,state_plus_weather,next_growth_log1p,6487,46904,0.348867052424,evaluated,a9ccc574c7245d71a3db3f603a1d3a6984c9bdd73c9ecb9379c0db4fbd604eff
spatiotemporal,intermountain:2005-2009,100,state_weather_interactions,next_growth_log1p,6487,46904,0.363183672287,evaluated,a9ccc574c7245d71a3db3f603a1d3a6984c9bdd73c9ecb9379c0db4fbd604eff
spatiotemporal,intermountain:2010-2014,100,mean_only,next_growth_log1p,5656,48890,-0.0595012316667,evaluated,a9ccc574c7245d71a3db3f603a1d3a6984c9bdd73c9ecb9379c0db4fbd604eff
spatiotemporal,intermountain:2010-2014,100,persistence,next_growth_log1p,5656,48890,0.286001209677,evaluated,a9ccc574c7245d71a3db3f603a1d3a6984c9bdd73c9ecb9379c0db4fbd604eff
spatiotemporal,intermountain:2010-2014,100,autoregressive,next_growth_log1p,5656,48890,0.443958984128,evaluated,a9ccc574c7245d71a3db3f603a1d3a6984c9bdd73c9ecb9379c0db4fbd604eff
spatiotemporal,intermountain:2010-2014,100,weather_only,next_growth_log1p,5656,48890,-0.00586189334801,evaluated,a9ccc574c7245d71a3db3f603a1d3a6984c9bdd73c9ecb9379c0db4fbd604eff
spatiotemporal,intermountain:2010-2014,100,state_plus_weather,next_growth_log1p,5656,48890,0.442764505181,evaluated,a9ccc574c7245d71a3db3f603a1d3a6984c9bdd73c9ecb9379c0db4fbd604eff
spatiotemporal,intermountain:2010-2014,100,state_weather_interactions,next_growth_log1p,5656,48890,0.450270268648,evaluated,a9ccc574c7245d71a3db3f603a1d3a6984c9bdd73c9ecb9379c0db4fbd604eff
spatiotemporal,intermountain:2015-2019,100,mean_only,next_growth_log1p,5556,46960,-0.0357660681624,evaluated,a9ccc574c7245d71a3db3f603a1d3a6984c9bdd73c9ecb9379c0db4fbd604eff
spatiotemporal,intermountain:2015-2019,100,persistence,next_growth_log1p,5556,46960,0.180055440154,evaluated,a9ccc574c7245d71a3db3f603a1d3a6984c9bdd73c9ecb9379c0db4fbd604eff
spatiotemporal,intermountain:2015-2019,100,autoregressive,next_growth_log1p,5556,46960,0.372235548319,evaluated,a9ccc574c7245d71a3db3f603a1d3a6984c9bdd73c9ecb9379c0db4fbd604eff
spatiotemporal,intermountain:2015-2019,100,weather_only,next_growth_log1p,5556,46960,0.0162125588384,evaluated,a9ccc574c7245d71a3db3f603a1d3a6984c9bdd73c9ecb9379c0db4fbd604eff
spatiotemporal,intermountain:2015-2019,100,state_plus_weather,next_growth_log1p,5556,46960,0.377230944533,evaluated,a9ccc574c7245d71a3db3f603a1d3a6984c9bdd73c9ecb9379c0db4fbd604eff
spatiotemporal,intermountain:2015-2019,100,state_weather_interactions,next_growth_log1p,5556,46960,0.380709999345,evaluated,a9ccc574c7245d71a3db3f603a1d3a6984c9bdd73c9ecb9379c0db4fbd604eff
spatiotemporal,intermountain:2020-2024,100,mean_only,next_growth_log1p,2072,60410,-0.086326380875,evaluated,a9ccc574c7245d71a3db3f603a1d3a6984c9bdd73c9ecb9379c0db4fbd604eff
spatiotemporal,intermountain:2020-2024,100,persistence,next_growth_log1p,2072,60410,0.208657581622,evaluated,a9ccc574c7245d71a3db3f603a1d3a6984c9bdd73c9ecb9379c0db4fbd604eff
spatiotemporal,intermountain:2020-2024,100,autoregressive,next_growth_log1p,2072,60410,0.386865964227,evaluated,a9ccc574c7245d71a3db3f603a1d3a6984c9bdd73c9ecb9379c0db4fbd604eff
spatiotemporal,intermountain:2020-2024,100,weather_only,next_growth_log1p,2072,60410,0.0114041360079,evaluated,a9ccc574c7245d71a3db3f603a1d3a6984c9bdd73c9ecb9379c0db4fbd604eff
spatiotemporal,intermountain:2020-2024,100,state_plus_weather,next_growth_log1p,2072,60410,0.392077214944,evaluated,a9ccc574c7245d71a3db3f603a1d3a6984c9bdd73c9ecb9379c0db4fbd604eff
spatiotemporal,intermountain:2020-2024,100,state_weather_interactions,next_growth_log1p,2072,60410,0.398319782324,evaluated,a9ccc574c7245d71a3db3f603a1d3a6984c9bdd73c9ecb9379c0db4fbd604eff
spatiotemporal,west:2000-2004,100,mean_only,next_growth_log1p,3490,55279,-0.0736768757442,evaluated,a9ccc574c7245d71a3db3f603a1d3a6984c9bdd73c9ecb9379c0db4fbd604eff
spatiotemporal,west:2000-2004,100,persistence,next_growth_log1p,3490,55279,0.39580728049,evaluated,a9ccc574c7245d71a3db3f603a1d3a6984c9bdd73c9ecb9379c0db4fbd604eff
spatiotemporal,west:2000-2004,100,autoregressive,next_growth_log1p,3490,55279,0.482038455701,evaluated,a9ccc574c7245d71a3db3f603a1d3a6984c9bdd73c9ecb9379c0db4fbd604eff
spatiotemporal,west:2000-2004,100,weather_only,next_growth_log1p,3490,55279,0.00605315453765,evaluated,a9ccc574c7245d71a3db3f603a1d3a6984c9bdd73c9ecb9379c0db4fbd604eff
spatiotemporal,west:2000-2004,100,state_plus_weather,next_growth_log1p,3490,55279,0.486025664732,evaluated,a9ccc574c7245d71a3db3f603a1d3a6984c9bdd73c9ecb9379c0db4fbd604eff
spatiotemporal,west:2000-2004,100,state_weather_interactions,next_growth_log1p,3490,55279,0.502319861067,evaluated,a9ccc574c7245d71a3db3f603a1d3a6984c9bdd73c9ecb9379c0db4fbd604eff
spatiotemporal,west:2005-2009,100,mean_only,next_growth_log1p,7145,47963,-0.122770767257,evaluated,a9ccc574c7245d71a3db3f603a1d3a6984c9bdd73c9ecb9379c0db4fbd604eff
spatiotemporal,west:2005-2009,100,persistence,next_growth_log1p,7145,47963,0.356015117537,evaluated,a9ccc574c7245d71a3db3f603a1d3a6984c9bdd73c9ecb9379c0db4fbd604eff
spatiotemporal,west:2005-2009,100,autoregressive,next_growth_log1p,7145,47963,0.469449097483,evaluated,a9ccc574c7245d71a3db3f603a1d3a6984c9bdd73c9ecb9379c0db4fbd604eff
spatiotemporal,west:2005-2009,100,weather_only,next_growth_log1p,7145,47963,0.00263293520812,evaluated,a9ccc574c7245d71a3db3f603a1d3a6984c9bdd73c9ecb9379c0db4fbd604eff
spatiotemporal,west:2005-2009,100,state_plus_weather,next_growth_log1p,7145,47963,0.476656629729,evaluated,a9ccc574c7245d71a3db3f603a1d3a6984c9bdd73c9ecb9379c0db4fbd604eff
spatiotemporal,west:2005-2009,100,state_weather_interactions,next_growth_log1p,7145,47963,0.490761549028,evaluated,a9ccc574c7245d71a3db3f603a1d3a6984c9bdd73c9ecb9379c0db4fbd604eff
spatiotemporal,west:2010-2014,100,mean_only,next_growth_log1p,4577,48212,-0.139669986427,evaluated,a9ccc574c7245d71a3db3f603a1d3a6984c9bdd73c9ecb9379c0db4fbd604eff
spatiotemporal,west:2010-2014,100,persistence,next_growth_log1p,4577,48212,0.390526629698,evaluated,a9ccc574c7245d71a3db3f603a1d3a6984c9bdd73c9ecb9379c0db4fbd604eff
spatiotemporal,west:2010-2014,100,autoregressive,next_growth_log1p,4577,48212,0.468098692906,evaluated,a9ccc574c7245d71a3db3f603a1d3a6984c9bdd73c9ecb9379c0db4fbd604eff
spatiotemporal,west:2010-2014,100,weather_only,next_growth_log1p,4577,48212,-0.0188226590936,evaluated,a9ccc574c7245d71a3db3f603a1d3a6984c9bdd73c9ecb9379c0db4fbd604eff
spatiotemporal,west:2010-2014,100,state_plus_weather,next_growth_log1p,4577,48212,0.474188755893,evaluated,a9ccc574c7245d71a3db3f603a1d3a6984c9bdd73c9ecb9379c0db4fbd604eff
spatiotemporal,west:2010-2014,100,state_weather_interactions,next_growth_log1p,4577,48212,0.495752885685,evaluated,a9ccc574c7245d71a3db3f603a1d3a6984c9bdd73c9ecb9379c0db4fbd604eff
spatiotemporal,west:2015-2019,100,mean_only,next_growth_log1p,6118,47923,-0.184831617124,evaluated,a9ccc574c7245d71a3db3f603a1d3a6984c9bdd73c9ecb9379c0db4fbd604eff
spatiotemporal,west:2015-2019,100,persistence,next_growth_log1p,6118,47923,0.386454456226,evaluated,a9ccc574c7245d71a3db3f603a1d3a6984c9bdd73c9ecb9379c0db4fbd604eff
spatiotemporal,west:2015-2019,100,autoregressive,next_growth_log1p,6118,47923,0.466893180551,evaluated,a9ccc574c7245d71a3db3f603a1d3a6984c9bdd73c9ecb9379c0db4fbd604eff
spatiotemporal,west:2015-2019,100,weather_only,next_growth_log1p,6118,47923,-0.0756124585757,evaluated,a9ccc574c7245d71a3db3f603a1d3a6984c9bdd73c9ecb9379c0db4fbd604eff
spatiotemporal,west:2015-2019,100,state_plus_weather,next_growth_log1p,6118,47923,0.473804884137,evaluated,a9ccc574c7245d71a3db3f603a1d3a6984c9bdd73c9ecb9379c0db4fbd604eff
spatiotemporal,west:2015-2019,100,state_weather_interactions,next_growth_log1p,6118,47923,0.486655894658,evaluated,a9ccc574c7245d71a3db3f603a1d3a6984c9bdd73c9ecb9379c0db4fbd604eff
spatiotemporal,west:2020-2024,100,mean_only,next_growth_log1p,1668,60407,-0.314174340113,evaluated,a9ccc574c7245d71a3db3f603a1d3a6984c9bdd73c9ecb9379c0db4fbd604eff
spatiotemporal,west:2020-2024,100,persistence,next_growth_log1p,1668,60407,0.535429290232,evaluated,a9ccc574c7245d71a3db3f603a1d3a6984c9bdd73c9ecb9379c0db4fbd604eff
spatiotemporal,west:2020-2024,100,autoregressive,next_growth_log1p,1668,60407,0.542936201418,evaluated,a9ccc574c7245d71a3db3f603a1d3a6984c9bdd73c9ecb9379c0db4fbd604eff
spatiotemporal,west:2020-2024,100,weather_only,next_growth_log1p,1668,60407,-0.190352374467,evaluated,a9ccc574c7245d71a3db3f603a1d3a6984c9bdd73c9ecb9379c0db4fbd604eff
spatiotemporal,west:2020-2024,100,state_plus_weather,next_growth_log1p,1668,60407,0.547155704304,evaluated,a9ccc574c7245d71a3db3f603a1d3a6984c9bdd73c9ecb9379c0db4fbd604eff
spatiotemporal,west:2020-2024,100,state_weather_interactions,next_growth_log1p,1668,60407,0.555787584373,evaluated,a9ccc574c7245d71a3db3f603a1d3a6984c9bdd73c9ecb9379c0db4fbd604eff
